y_true,y_pred,y_score
0.0,0,0.24911527335643768
1.0,1,0.9365466237068176
1.0,0,0.39196866750717163
1.0,1,0.5093767046928406
1.0,1,0.9972752928733826
0.0,0,0.3267914950847626
1.0,1,0.9836782217025757
0.0,0,0.10081712156534195
1.0,1,0.9957963228225708
1.0,1,0.9722013473510742
1.0,0,0.13427360355854034
0.0,1,0.8452801704406738
0.0,1,0.6139593720436096
0.0,0,0.10719678550958633
1.0,1,0.9815442562103271
1.0,1,0.9867119789123535
0.0,0,0.10524296760559082
0.0,0,0.3381947875022888
0.0,0,0.3462584912776947
0.0,0,0.3688911199569702
0.0,0,0.2392091155052185
0.0,0,0.23233778774738312
0.0,0,0.17662860453128815
0.0,1,0.5153815150260925
1.0,1,0.9877442717552185
0.0,0,0.03124873712658882
1.0,0,0.0814816802740097
0.0,0,0.3752231001853943
1.0,0,0.22827480733394623
0.0,0,0.19789396226406097
1.0,1,0.9875807762145996
1.0,1,0.999500036239624
1.0,1,0.9991698265075684
0.0,1,0.6615031957626343
1.0,1,0.5364214777946472
1.0,1,0.968376874923706
0.0,0,0.0025812219828367233
1.0,1,0.9928094148635864
1.0,1,0.9915689826011658
1.0,1,0.8657163381576538
1.0,1,0.9922987818717957
1.0,1,0.8142902255058289
0.0,0,0.008560393936932087
1.0,1,0.9809097647666931
0.0,0,0.056352123618125916
1.0,0,0.006290131714195013
0.0,0,0.053617093712091446
1.0,1,0.9681461453437805
0.0,0,0.058080561459064484
0.0,1,0.5599337816238403
0.0,0,0.18027418851852417
0.0,0,0.2819076180458069
0.0,0,0.3321101665496826
1.0,1,0.9990591406822205
1.0,1,0.7462380528450012
1.0,1,0.977555513381958
0.0,0,0.007366832811385393
0.0,0,0.10475930571556091
0.0,0,0.452070027589798
1.0,1,0.9753461480140686
0.0,0,0.005651804152876139
1.0,1,0.974320113658905
1.0,1,0.8650436997413635
0.0,0,0.04980235919356346
0.0,0,0.010302430018782616
1.0,1,0.9921640157699585
1.0,1,0.9489535689353943
1.0,1,0.974570095539093
0.0,0,0.3496406078338623
0.0,0,0.1648353487253189
0.0,1,0.7822613716125488
0.0,0,0.352550745010376
1.0,1,0.9606184363365173
0.0,0,0.02712479792535305
0.0,0,0.13774292171001434
1.0,1,0.9527085423469543
1.0,1,0.7695930600166321
1.0,1,0.9928143620491028
0.0,0,0.12956175208091736
1.0,0,0.14296852052211761
1.0,1,0.8845100998878479
1.0,1,0.46058788895606995
1.0,1,0.9533213376998901
0.0,1,0.6946489214897156
0.0,1,0.8593937158584595
0.0,1,0.761139988899231
1.0,1,0.9252808094024658
0.0,1,0.5403000116348267
1.0,0,0.3831322193145752
0.0,1,0.5723247528076172
0.0,0,0.35217809677124023
0.0,0,0.07376750558614731
0.0,1,0.6879935264587402
1.0,0,0.4566636085510254
1.0,1,0.9740102887153625
1.0,1,0.9994379878044128
0.0,0,0.030040554702281952
1.0,1,0.9915143251419067
0.0,0,0.11806747317314148
0.0,0,0.05520341917872429
0.0,0,0.3945375978946686
0.0,0,0.17555232346057892
0.0,0,0.04685836285352707
1.0,1,0.5877310037612915
0.0,0,0.03284784406423569
1.0,1,0.9999265670776367
0.0,0,0.0008227182552218437
1.0,0,0.021608375012874603
0.0,0,0.0074290623888373375
0.0,0,0.10002916306257248
0.0,0,0.25270992517471313
0.0,0,0.2479393631219864
0.0,0,0.0010814715642482042
1.0,1,0.871036171913147
0.0,0,0.020035993307828903
0.0,0,0.3037186861038208
0.0,0,0.08661752194166183
1.0,1,0.9448004364967346
1.0,1,0.9625135660171509
1.0,1,0.9471554160118103
0.0,1,0.9284303784370422
0.0,1,0.6373960971832275
0.0,0,0.2650549113750458
1.0,0,0.3242003321647644
0.0,0,0.15248820185661316
0.0,0,0.02740045264363289
1.0,1,0.9088383316993713
1.0,1,0.957137405872345
0.0,0,0.3713577091693878
1.0,1,0.9587544798851013
1.0,1,0.7676123380661011
1.0,1,0.9268794059753418
1.0,1,0.5710208415985107
0.0,0,0.42968305945396423
1.0,1,0.9822136163711548
1.0,1,0.959770143032074
1.0,1,0.9849344491958618
1.0,1,0.531211256980896
0.0,0,0.15656708180904388
0.0,0,0.02250160649418831
1.0,0,0.4361587464809418
0.0,0,0.009862374514341354
1.0,1,0.7408044934272766
1.0,1,0.9991672039031982
1.0,1,0.8609139919281006
1.0,0,0.3858599066734314
0.0,0,0.10109063982963562
1.0,0,0.30024999380111694
0.0,0,0.005070319399237633
0.0,0,0.185795858502388
0.0,0,0.2188151776790619
0.0,0,0.22857722640037537
0.0,0,0.08780650049448013
0.0,0,0.07479003071784973
0.0,0,0.007162435911595821
0.0,0,0.007147680036723614
0.0,0,0.07227830588817596
0.0,0,0.4522102177143097
0.0,0,0.1027594804763794
1.0,1,0.894736647605896
1.0,1,0.9078395366668701
1.0,1,0.9980702996253967
0.0,1,0.5928647518157959
0.0,0,0.06809433549642563
0.0,0,0.440761536359787
0.0,0,0.20895805954933167
0.0,1,0.6927833557128906
0.0,1,0.528066873550415
1.0,1,0.9886724352836609
0.0,0,0.06308215856552124
0.0,0,0.010893795639276505
0.0,0,0.13280580937862396
0.0,0,0.014569941908121109
1.0,0,0.31530389189720154
0.0,0,0.14664091169834137
0.0,1,0.8809704184532166
1.0,1,0.5330536961555481
1.0,1,0.8406429886817932
1.0,1,0.9027658104896545
1.0,0,0.06408906728029251
1.0,0,0.4286344647407532
0.0,1,0.8168242573738098
0.0,0,0.10537159442901611
1.0,1,0.6070416569709778
1.0,1,0.9768449068069458
0.0,1,0.6417756080627441
0.0,1,0.7790471315383911
0.0,0,0.02007877267897129
0.0,0,0.005598341580480337
0.0,0,0.005770200863480568
0.0,0,0.17904293537139893
0.0,1,0.8229150176048279
1.0,1,0.9194875359535217
1.0,1,0.9029297232627869
1.0,1,0.9786004424095154
1.0,1,0.945734441280365
0.0,0,0.06104370206594467
0.0,0,0.0037307417951524258
0.0,1,0.6025692224502563
0.0,0,0.08230523020029068
1.0,1,0.8878410458564758
0.0,0,0.4562947154045105
0.0,1,0.9760897159576416
1.0,1,0.6934878826141357
1.0,1,0.9961637258529663
0.0,0,0.004538931418210268
1.0,1,0.6030381321907043
1.0,1,0.9477128982543945
0.0,0,0.027513418346643448
0.0,0,0.12055808305740356
0.0,0,0.010009728372097015
1.0,1,0.8472921848297119
0.0,0,0.3441740572452545
1.0,1,0.9236539006233215
0.0,0,0.03183126449584961
0.0,0,0.27139508724212646
0.0,0,0.0770055428147316
1.0,1,0.991355836391449
1.0,0,0.27899274230003357
0.0,0,0.3211338520050049
0.0,0,0.003281212178990245
0.0,1,0.4840746521949768
1.0,1,0.9942007064819336
0.0,1,0.8661289811134338
1.0,1,0.9915308952331543
0.0,0,0.016553061082959175
0.0,0,0.3993862569332123
0.0,0,0.01593852788209915
0.0,0,0.20206575095653534
0.0,1,0.8696403503417969
0.0,0,0.14415954053401947
1.0,0,0.08291798084974289
0.0,0,0.4388471841812134
1.0,1,0.8291969299316406
0.0,1,0.8750144839286804
0.0,0,0.09879112988710403
0.0,0,0.18711547553539276
0.0,0,0.17388080060482025
1.0,1,0.9593929648399353
0.0,0,0.016183098778128624
1.0,1,0.9964563250541687
0.0,1,0.6312009692192078
0.0,0,0.05437132343649864
0.0,0,0.003858514130115509
1.0,0,0.2660718262195587
1.0,1,0.9995977282524109
0.0,0,0.16436494886875153
0.0,0,0.1724531501531601
1.0,1,0.7381828427314758
1.0,1,0.9943714737892151
0.0,0,0.2373947650194168
1.0,1,0.8250370621681213
1.0,1,0.894742488861084
0.0,0,0.05409441515803337
1.0,1,0.9639443159103394
0.0,0,0.15864405035972595
0.0,0,0.04645107313990593
0.0,0,0.14103060960769653
0.0,0,0.006087277550250292
1.0,1,0.9956079125404358
1.0,0,0.10573247075080872
1.0,1,0.9923962950706482
0.0,0,0.07569409906864166
1.0,1,0.5724532008171082
1.0,0,0.2322295606136322
1.0,0,0.25452902913093567
0.0,0,0.03626980632543564
1.0,0,0.1477900743484497
0.0,0,0.2564277946949005
1.0,1,0.9943467974662781
1.0,0,0.3640024960041046
0.0,0,0.020374726504087448
1.0,1,0.9964056015014648
0.0,0,0.059317782521247864
1.0,0,0.40625008940696716
1.0,1,0.9947385191917419
0.0,1,0.5577523708343506
0.0,1,0.7006689310073853
1.0,1,0.9874275922775269
1.0,1,0.876518189907074
0.0,0,0.1813611090183258
0.0,0,0.05300174281001091
1.0,1,0.9957385063171387
1.0,1,0.7085391283035278
0.0,1,0.6653377413749695
0.0,0,0.20390601456165314
0.0,0,0.0538947656750679
0.0,0,0.13027022778987885
0.0,1,0.5947664380073547
1.0,1,0.6255059838294983
1.0,1,0.9949246644973755
1.0,0,0.3967570960521698
0.0,0,0.03983515501022339
1.0,1,0.8689424395561218
0.0,0,0.005086743272840977
1.0,0,0.014463238418102264
1.0,1,0.9709048271179199
1.0,1,0.9874858260154724
1.0,1,0.9414435029029846
1.0,0,0.026924651116132736
1.0,1,0.9991138577461243
0.0,0,0.010990574955940247
1.0,1,0.9393360614776611
1.0,1,0.9599000811576843
0.0,0,0.0010461969068273902
1.0,1,0.923882782459259
0.0,0,0.015524426475167274
1.0,1,0.9219037890434265
1.0,1,0.9876272678375244
0.0,0,0.10256703197956085
0.0,0,0.1467261016368866
1.0,1,0.9636853337287903
1.0,1,0.5566865801811218
0.0,1,0.8892889022827148
0.0,0,0.039062052965164185
0.0,0,0.03307020291686058
1.0,1,0.9863618612289429
1.0,1,0.9284600019454956
0.0,0,0.36790525913238525
1.0,1,0.9988960027694702
1.0,1,0.4852132797241211
1.0,0,0.25871962308883667
1.0,0,0.09940873086452484
0.0,0,0.22742748260498047
1.0,0,0.3394322395324707
0.0,0,0.04411239176988602
0.0,0,0.266627699136734
0.0,0,0.005265657790005207
1.0,1,0.6566843390464783
0.0,0,0.010785768739879131
1.0,1,0.8632616400718689
1.0,1,0.9987126588821411
1.0,1,0.8380480408668518
0.0,1,0.5742300152778625
1.0,1,0.7928947806358337
1.0,1,0.8643373847007751
0.0,0,0.02688632346689701
1.0,1,0.8877207040786743
0.0,0,0.04503026604652405
1.0,0,0.005312222987413406
1.0,1,0.9815888404846191
1.0,1,0.9930905699729919
1.0,0,0.3741985559463501
0.0,0,0.006727240979671478
0.0,0,0.04824395477771759
1.0,1,0.9723663926124573
1.0,0,0.12490209937095642
1.0,1,0.6146915555000305
0.0,1,0.47693026065826416
0.0,0,0.3444530963897705
1.0,1,0.7266637682914734
0.0,0,0.2035616934299469
0.0,1,0.7521413564682007
1.0,1,0.9898732900619507
0.0,0,0.021835140883922577
1.0,1,0.9927051663398743
1.0,1,0.9981497526168823
0.0,0,0.102262943983078
0.0,1,0.9473901987075806
1.0,1,0.7801118493080139
1.0,0,0.10043908655643463
0.0,0,0.22268985211849213
1.0,1,0.9907525777816772
0.0,1,0.6326726675033569
0.0,1,0.9917365908622742
1.0,1,0.9764160513877869
0.0,0,0.05130946263670921
0.0,0,0.007242703344672918
1.0,1,0.9863714575767517
1.0,1,0.9958051443099976
1.0,1,0.6034769415855408
0.0,0,0.017663341015577316
0.0,0,0.08003880828619003
0.0,0,0.44829005002975464
1.0,1,0.7873398065567017
0.0,0,0.01862574927508831
1.0,1,0.9791202545166016
0.0,0,0.010489215143024921
0.0,0,0.010267148725688457
1.0,0,0.05485909804701805
0.0,0,0.08364519476890564
1.0,1,0.8819304704666138
1.0,1,0.9480797648429871
0.0,1,0.5904325246810913
1.0,1,0.9757776260375977
0.0,0,0.0503542497754097
1.0,0,0.2036425769329071
0.0,0,0.2690192461013794
0.0,0,0.1300632804632187
0.0,0,0.014714234508574009
1.0,0,0.0058455499820411205
1.0,1,0.6618533730506897
1.0,1,0.9920616149902344
0.0,0,0.0015139017486944795
1.0,1,0.8068508505821228
0.0,0,0.07290386408567429
1.0,1,0.967990517616272
1.0,0,0.10134173929691315
1.0,1,0.9630220532417297
0.0,0,0.08814039826393127
1.0,1,0.9881902933120728
1.0,1,0.8104365468025208
0.0,1,0.7636358737945557
1.0,1,0.9922163486480713
0.0,1,0.6439071297645569
0.0,1,0.4926571846008301
0.0,0,0.14305748045444489
0.0,1,0.7154032588005066
1.0,1,0.9958176016807556
1.0,1,0.9822344183921814
0.0,0,0.005192195065319538
1.0,1,0.8501587510108948
1.0,1,0.9974451065063477
1.0,0,0.19031909108161926
0.0,1,0.7505719065666199
0.0,0,0.008572442457079887
0.0,0,0.40884047746658325
1.0,1,0.6245741844177246
1.0,1,0.9481039047241211
1.0,0,0.2324361801147461
1.0,1,0.7977829575538635
1.0,1,0.9835000038146973
1.0,1,0.9833707809448242
0.0,0,0.19539538025856018
1.0,1,0.9736335873603821
0.0,0,0.4083786904811859
1.0,1,0.9915976524353027
1.0,1,0.9968024492263794
0.0,1,0.5255368947982788
1.0,1,0.943537712097168
0.0,0,0.0009407050092704594
1.0,1,0.9583773612976074
1.0,1,0.9551255702972412
0.0,0,0.016370553523302078
0.0,0,0.19700740277767181
1.0,1,0.9206780791282654
1.0,1,0.5330410599708557
0.0,0,0.009998597204685211
0.0,0,0.3582545518875122
0.0,0,0.013575316406786442
0.0,0,0.04087211191654205
0.0,0,0.13799898326396942
0.0,0,0.1411581188440323
0.0,0,0.20967422425746918
1.0,0,0.361724853515625
1.0,1,0.9838367104530334
0.0,0,0.016376664862036705
1.0,1,0.9657877087593079
0.0,0,0.05795414745807648
1.0,1,0.6958160400390625
1.0,0,0.4334712326526642
1.0,1,0.9568704962730408
0.0,0,0.06627178192138672
1.0,1,0.922580361366272
1.0,1,0.9985576272010803
0.0,0,0.008953440003097057
0.0,0,0.1390877515077591
1.0,1,0.998190701007843
0.0,0,0.003525247098878026
1.0,1,0.9920627474784851
0.0,1,0.5597953200340271
1.0,0,0.23070445656776428
1.0,1,0.4588123857975006
1.0,1,0.9726976752281189
1.0,1,0.778024435043335
0.0,0,0.029178569093346596
0.0,0,0.2966403067111969
1.0,1,0.6430829167366028
1.0,1,0.9979702830314636
1.0,1,0.9943699240684509
1.0,0,0.24342750012874603
1.0,1,0.910865068435669
1.0,0,0.3520917296409607
1.0,0,0.36129266023635864
0.0,0,0.07223767787218094
0.0,0,0.15636152029037476
1.0,1,0.9872593879699707
0.0,0,0.16832567751407623
1.0,1,0.9970681071281433
0.0,0,0.02201266586780548
1.0,1,0.9038040041923523
0.0,1,0.7152057886123657
1.0,1,0.8767378926277161
0.0,0,0.15334118902683258
0.0,0,0.007549205794930458
0.0,0,0.05883830413222313
0.0,1,0.861977756023407
1.0,1,0.8090951442718506
0.0,0,0.001362294889986515
1.0,1,0.9515174031257629
0.0,1,0.51694256067276
1.0,0,0.28556427359580994
0.0,1,0.6166789531707764
1.0,1,0.5769282579421997
1.0,1,0.9485841989517212
1.0,1,0.6156946420669556
1.0,0,0.27824562788009644
1.0,1,0.9981285929679871
1.0,1,0.6529390811920166
0.0,0,0.009300912730395794
1.0,0,0.037958983331918716
1.0,1,0.9915897250175476
0.0,0,0.044850967824459076
1.0,1,0.8556219339370728
0.0,0,0.184332475066185
0.0,0,0.37398508191108704
0.0,0,0.04885725677013397
0.0,0,0.19140245020389557
1.0,1,0.6133370399475098
0.0,0,0.043054912239313126
0.0,0,0.21489186584949493
0.0,0,0.10527961701154709
1.0,0,0.3267918527126312
0.0,0,0.29168182611465454
0.0,0,0.06731285154819489
0.0,0,0.04041934013366699
1.0,1,0.932997465133667
0.0,0,0.11000193655490875
1.0,1,0.963879406452179
0.0,0,0.3133181035518646
0.0,0,0.3243841528892517
0.0,1,0.9433590173721313
0.0,0,0.07734885066747665
0.0,0,0.028331637382507324
1.0,1,0.9836867451667786
1.0,1,0.8572390675544739
1.0,1,0.9271942377090454
0.0,0,0.10799405723810196
0.0,0,0.0014210572699084878
1.0,1,0.9918035268783569
1.0,1,0.8727434277534485
1.0,1,0.9691449999809265
1.0,0,0.2685515582561493
1.0,1,0.7710168957710266
1.0,1,0.9948594570159912
0.0,0,0.11136494576931
0.0,0,0.3463706374168396
1.0,1,0.8423792719841003
0.0,0,0.09800936281681061
0.0,1,0.598971962928772
0.0,0,0.009779936634004116
0.0,0,0.16241122782230377
1.0,1,0.996737539768219
0.0,0,0.30590930581092834
1.0,0,0.3636528253555298
0.0,0,0.23780646920204163
0.0,1,0.8396204113960266
1.0,1,0.8346387147903442
1.0,1,0.9550671577453613
1.0,1,0.716795802116394
0.0,0,0.013653193600475788
0.0,0,0.08782628923654556
1.0,0,0.14693424105644226
1.0,1,0.9843642115592957
1.0,1,0.7588827610015869
0.0,0,0.0052596768364310265
1.0,1,0.9933279752731323
1.0,1,0.9887957572937012
1.0,1,0.9815327525138855
0.0,0,0.0075355707667768
0.0,0,0.06669939309358597
0.0,1,0.9127960801124573
1.0,0,0.40320441126823425
1.0,1,0.9301369190216064
0.0,1,0.8977924585342407
0.0,1,0.8956149220466614
0.0,0,0.041487980633974075
0.0,0,0.05347399041056633
1.0,1,0.8754478693008423
0.0,0,0.043504562228918076
0.0,0,0.11529723554849625
1.0,0,0.3731415569782257
1.0,1,0.6763896346092224
0.0,0,0.007042702287435532
1.0,1,0.8316565155982971
0.0,0,0.04951825737953186
0.0,1,0.9632224440574646
0.0,1,0.5206698775291443
1.0,1,0.9562392830848694
0.0,0,0.19860313832759857
1.0,1,0.9573220014572144
0.0,0,0.24473118782043457
0.0,0,0.13471713662147522
1.0,1,0.9945698380470276
1.0,1,0.9609156250953674
0.0,1,0.6029967665672302
1.0,1,0.8405870199203491
0.0,0,0.09492913633584976
1.0,1,0.923238217830658
0.0,1,0.47598332166671753
0.0,0,0.0014664646005257964
1.0,1,0.5993413329124451
0.0,0,0.1422666758298874
0.0,0,0.09927777200937271
1.0,1,0.9920518398284912
0.0,0,0.2715635597705841
0.0,0,0.1426362693309784
0.0,0,0.2917410433292389
1.0,1,0.8905240297317505
0.0,0,0.1346016675233841
0.0,0,0.33025774359703064
0.0,0,0.04261665418744087
1.0,1,0.9718100428581238
0.0,0,0.018176842480897903
1.0,1,0.7873254418373108
1.0,1,0.9708389639854431
0.0,0,0.07430396229028702
1.0,0,0.3911002278327942
0.0,0,0.3119949698448181
0.0,0,0.02069772593677044
1.0,1,0.9841698408126831
0.0,1,0.5646383762359619
1.0,1,0.7162914276123047
0.0,1,0.9887967109680176
0.0,1,0.6691348552703857
1.0,1,0.9976746439933777
1.0,1,0.9433920383453369
0.0,0,0.00846616830676794
0.0,0,0.03798912093043327
1.0,0,0.08627108484506607
1.0,1,0.6611824631690979
1.0,1,0.9024761915206909
1.0,1,0.7245596051216125
0.0,0,0.08929426223039627
0.0,0,0.06177739426493645
0.0,0,0.111579030752182
1.0,1,0.9106215834617615
0.0,0,0.02273716777563095
0.0,0,0.006277501117438078
0.0,0,0.09330138564109802
0.0,0,0.3895084261894226
0.0,0,0.010232290253043175
1.0,1,0.9937388896942139
0.0,1,0.9788231253623962
1.0,1,0.9970356225967407
0.0,0,0.07762941718101501
1.0,1,0.862852931022644
0.0,0,0.09405902773141861
0.0,0,0.18125349283218384
0.0,0,0.010755889117717743
1.0,1,0.9962806105613708
1.0,0,0.37373051047325134
1.0,1,0.967720091342926
0.0,0,0.003715617349371314
0.0,0,0.028096051886677742
1.0,1,0.8273134827613831
1.0,1,0.5367627739906311
0.0,1,0.8594127297401428
1.0,1,0.9185107350349426
1.0,1,0.9970682263374329
1.0,1,0.9998457431793213
0.0,0,0.31023216247558594
0.0,0,0.2419658601284027
0.0,0,0.40241238474845886
1.0,1,0.5392820835113525
1.0,1,0.842317521572113
0.0,1,0.7679124474525452
1.0,1,0.9861893057823181
1.0,1,0.8372734785079956
0.0,0,0.02074604667723179
0.0,0,0.24379710853099823
1.0,1,0.9967748522758484
0.0,0,0.023452000692486763
0.0,0,0.4080341160297394
0.0,0,0.3477003574371338
1.0,1,0.8966290950775146
1.0,1,0.9616977572441101
0.0,0,0.03953484818339348
1.0,1,0.9372503161430359
1.0,1,0.8760164380073547
0.0,0,0.18899939954280853
0.0,0,0.0030641029588878155
1.0,1,0.967564582824707
1.0,0,0.04913259297609329
1.0,0,0.18614418804645538
0.0,0,0.0693901851773262
0.0,0,0.009825702756643295
1.0,1,0.9853228330612183
1.0,1,0.9531102180480957
1.0,1,0.9900029897689819
0.0,0,0.1594918966293335
0.0,0,0.04254187270998955
1.0,1,0.9754483699798584
1.0,1,0.8122746348381042
1.0,0,0.11991412192583084
1.0,1,0.9705601930618286
1.0,1,0.9856122732162476
1.0,0,0.23923607170581818
0.0,0,0.12671424448490143
0.0,0,0.029757913202047348
1.0,1,0.9920912981033325
1.0,1,0.7631271481513977
0.0,0,0.0771770179271698
1.0,1,0.9904623627662659
0.0,0,0.007948225364089012
1.0,1,0.9231674075126648
1.0,0,0.20271645486354828
0.0,1,0.8743855357170105
0.0,0,0.04401377588510513
0.0,0,0.029037700966000557
1.0,1,0.9502755999565125
1.0,1,0.9020543098449707
1.0,0,0.1660347282886505
1.0,1,0.9932864308357239
0.0,0,0.03945566713809967
0.0,1,0.72630375623703
0.0,0,0.03935183957219124
0.0,1,0.9693912863731384
0.0,0,0.0027384909335523844
0.0,0,0.10353079438209534
0.0,0,0.01359022781252861
1.0,1,0.9775066375732422
1.0,0,0.37892377376556396
1.0,1,0.9733713865280151
0.0,1,0.5353612303733826
1.0,1,0.9837391972541809
0.0,0,0.12486998736858368
0.0,0,0.11163933575153351
1.0,1,0.9150610566139221
0.0,0,0.0017377258045598865
0.0,0,0.02329891547560692
0.0,0,0.15232892334461212
0.0,0,0.14818595349788666
1.0,0,0.30692845582962036
1.0,1,0.9965980648994446
0.0,0,0.03463861346244812
1.0,1,0.5896629095077515
1.0,1,0.9730409979820251
0.0,0,0.03890493884682655
0.0,0,0.13839441537857056
0.0,0,0.12127144634723663
1.0,1,0.9549986720085144
0.0,1,0.6642098426818848
0.0,1,0.9980089068412781
1.0,1,0.6641794443130493
1.0,1,0.8348326683044434
0.0,1,0.5789506435394287
1.0,0,0.383228063583374
0.0,1,0.7893165946006775
1.0,1,0.93888258934021
1.0,1,0.9841877222061157
1.0,1,0.9464240670204163
1.0,1,0.95480877161026
1.0,1,0.9612700939178467
0.0,1,0.5785568356513977
1.0,1,0.9899677038192749
0.0,0,0.309401273727417
1.0,0,0.20227795839309692
0.0,0,0.10128214955329895
0.0,0,0.22628198564052582
1.0,1,0.9947761297225952
0.0,1,0.6851336359977722
1.0,1,0.9897564053535461
1.0,1,0.5064350366592407
1.0,1,0.9070989489555359
1.0,0,0.13492248952388763
1.0,0,0.07410513609647751
1.0,1,0.9267250895500183
0.0,1,0.4718305766582489
1.0,1,0.9421542882919312
1.0,1,0.9325922131538391
0.0,0,0.08986202627420425
0.0,0,0.024036400020122528
0.0,0,0.05598647892475128
0.0,1,0.6989763379096985
0.0,0,0.3638099133968353
0.0,0,0.03116525709629059
1.0,1,0.7262616157531738
1.0,1,0.9987867474555969
0.0,0,0.02494138851761818
0.0,1,0.5023900270462036
0.0,1,0.5844793915748596
1.0,0,0.30344462394714355
0.0,0,0.3550354540348053
0.0,1,0.6362626552581787
0.0,1,0.6229448914527893
0.0,0,0.011322477832436562
1.0,0,0.21456453204154968
0.0,1,0.7974990606307983
1.0,1,0.9959638118743896
0.0,0,0.012194683775305748
0.0,0,0.2630276679992676
1.0,1,0.9375714063644409
0.0,0,0.0014388429699465632
1.0,1,0.9935251474380493
0.0,0,0.2614997923374176
1.0,1,0.9481349587440491
0.0,0,0.002183253411203623
0.0,0,0.004844154696911573
0.0,0,0.010950540192425251
0.0,0,0.19413071870803833
1.0,1,0.9985577464103699
1.0,0,0.22271238267421722
0.0,0,0.07203764468431473
1.0,1,0.523350715637207
1.0,1,0.9928411245346069
1.0,0,0.40337541699409485
0.0,0,0.012505954131484032
0.0,0,0.019736837595701218
1.0,0,0.01279746275395155
1.0,1,0.46209168434143066
0.0,0,0.06502371281385422
1.0,1,0.6927327513694763
1.0,0,0.04834859445691109
1.0,1,0.917199432849884
0.0,0,0.011347047053277493
1.0,1,0.986122727394104
1.0,1,0.9433165788650513
0.0,0,0.021758917719125748
0.0,0,0.09039805829524994
1.0,1,0.9940620064735413
0.0,0,0.10207339376211166
0.0,0,0.450972318649292
0.0,0,0.024094000458717346
0.0,0,0.08196710050106049
0.0,0,0.04973819851875305
1.0,1,0.9892470240592957
1.0,1,0.9977520108222961
0.0,0,0.008360275998711586
1.0,1,0.5067026615142822
1.0,1,0.6642006039619446
0.0,1,0.6518276333808899
1.0,0,0.40345484018325806
0.0,0,0.13698254525661469
1.0,1,0.760386049747467
1.0,0,0.11378565430641174
1.0,1,0.6043580174446106
0.0,0,0.15634721517562866
0.0,1,0.8224620819091797
0.0,1,0.9093677401542664
0.0,0,0.2304106056690216
1.0,1,0.8541317582130432
1.0,1,0.9502602815628052
0.0,0,0.10926715284585953
1.0,1,0.9771403074264526
1.0,1,0.9521623253822327
0.0,0,0.01626231148838997
1.0,1,0.861498236656189
0.0,0,0.051599156111478806
0.0,0,0.06846485286951065
0.0,0,0.04163650423288345
1.0,1,0.8909023404121399
1.0,1,0.5367717146873474
1.0,0,0.1046614721417427
0.0,1,0.5979406237602234
1.0,0,0.2162185162305832
1.0,1,0.9189689755439758
0.0,0,0.0075133079662919044
1.0,0,0.30583444237709045
0.0,0,0.020254315808415413
0.0,0,0.019934872165322304
1.0,0,0.10016477853059769
1.0,1,0.9771069884300232
1.0,1,0.9842503070831299
1.0,1,0.9527978897094727
1.0,1,0.9773708581924438
1.0,1,0.9809365272521973
1.0,0,0.17675410211086273
0.0,0,0.02657797932624817
0.0,0,0.152495339512825
1.0,1,0.7223533987998962
0.0,0,0.14397914707660675
0.0,0,0.10945964604616165
1.0,1,0.9906654357910156
0.0,0,0.05461566150188446
0.0,1,0.6514970064163208
0.0,1,0.7947779893875122
1.0,1,0.89203280210495
0.0,1,0.6387201547622681
0.0,0,0.35485875606536865
0.0,0,0.05697057396173477
1.0,1,0.96844482421875
1.0,1,0.9951735138893127
1.0,1,0.9768002033233643
1.0,1,0.9980955719947815
0.0,1,0.47577792406082153
1.0,0,0.17582252621650696
1.0,1,0.6774829030036926
1.0,0,0.07548230141401291
1.0,1,0.9739712476730347
0.0,0,0.08007869869470596
1.0,1,0.9798907041549683
1.0,0,0.45204660296440125
0.0,0,0.10889603197574615
0.0,0,0.05455249175429344
1.0,1,0.6447959542274475
0.0,0,0.018627436831593513
0.0,0,0.050751715898513794
0.0,1,0.7576706409454346
0.0,1,0.5932037830352783
1.0,1,0.497490793466568
1.0,1,0.8533704876899719
0.0,0,0.03981030359864235
1.0,1,0.9757694602012634
1.0,0,0.017842043191194534
0.0,1,0.7619113326072693
1.0,1,0.740947425365448
0.0,0,0.0691399797797203
1.0,1,0.9986097812652588
0.0,0,0.007613626308739185
1.0,1,0.9996678829193115
1.0,1,0.9280642867088318
1.0,1,0.8863686323165894
1.0,1,0.9964727759361267
1.0,1,0.9768435955047607
1.0,1,0.47559353709220886
1.0,1,0.973002552986145
0.0,0,0.041416916996240616
0.0,0,0.22144721448421478
1.0,1,0.9798517823219299
0.0,0,0.2897878885269165
1.0,1,0.9532715082168579
0.0,0,0.3367888331413269
1.0,1,0.6661437153816223
0.0,0,0.4111703932285309
0.0,0,0.06800083070993423
1.0,1,0.9724015593528748
0.0,0,0.06648975610733032
1.0,1,0.5323718786239624
1.0,1,0.7888873219490051
1.0,0,0.3808577358722687
0.0,1,0.9283384084701538
1.0,1,0.679719865322113
0.0,0,0.02341681905090809
1.0,1,0.753190815448761
0.0,0,0.016828078776597977
1.0,1,0.8914597630500793
0.0,0,0.0945870503783226
0.0,0,0.3428337872028351
1.0,1,0.9969999194145203
0.0,1,0.6639639735221863
1.0,1,0.8232861161231995
0.0,0,0.07765520364046097
1.0,1,0.9742814302444458
0.0,0,0.11423078179359436
0.0,1,0.6997736692428589
1.0,1,0.9607793688774109
0.0,0,0.08911523222923279
1.0,1,0.9491251111030579
1.0,1,0.9482990503311157
0.0,1,0.9268604516983032
1.0,1,0.7545568943023682
0.0,0,0.14176121354103088
0.0,0,0.13058403134346008
1.0,0,0.11082898825407028
1.0,0,0.3818332552909851
0.0,0,0.002238355576992035
0.0,0,0.010395674034953117
1.0,1,0.4589548110961914
1.0,1,0.970981240272522
0.0,0,0.008991694077849388
0.0,0,0.10600537061691284
0.0,1,0.9908213019371033
1.0,1,0.9289395809173584
1.0,0,0.07257246971130371
0.0,0,0.18139156699180603
0.0,0,0.44269266724586487
0.0,0,0.2826358675956726
0.0,0,0.06572765111923218
0.0,0,0.05017665773630142
1.0,1,0.9904443621635437
1.0,1,0.5780419707298279
0.0,1,0.7072035074234009
1.0,1,0.9904842376708984
1.0,1,0.9834663271903992
0.0,0,0.16478003561496735
0.0,1,0.9913148283958435
0.0,1,0.6115933060646057
1.0,1,0.976603627204895
1.0,0,0.028973739594221115
1.0,1,0.9950017333030701
0.0,0,0.011879554949700832
1.0,1,0.9965848922729492
1.0,1,0.9926356673240662
0.0,0,0.20458586513996124
1.0,0,0.25635454058647156
0.0,0,0.06973936408758163
1.0,1,0.9713214635848999
0.0,0,0.15835247933864594
1.0,1,0.7207792401313782
1.0,1,0.9884097576141357
1.0,1,0.9853861331939697
1.0,1,0.9536625146865845
0.0,0,0.10149995982646942
0.0,1,0.5252490043640137
0.0,1,0.5337217450141907
0.0,0,0.18387505412101746
0.0,0,0.29246121644973755
1.0,0,0.2472769320011139
1.0,0,0.32660001516342163
0.0,0,0.36323806643486023
1.0,1,0.8029137253761292
0.0,0,0.012987851165235043
1.0,1,0.9725537896156311
1.0,1,0.8908895254135132
0.0,0,0.29653385281562805
1.0,1,0.9980717301368713
1.0,1,0.9314194917678833
0.0,0,0.07129354774951935
0.0,0,0.017471445724368095
0.0,0,0.1317022293806076
0.0,0,0.09762506932020187
1.0,1,0.810630202293396
0.0,1,0.9478265643119812
0.0,0,0.31363606452941895
1.0,1,0.4640580117702484
0.0,0,0.161215141415596
1.0,0,0.17595355212688446
0.0,0,0.0845966786146164
1.0,1,0.9859679937362671
0.0,0,0.04503565654158592
1.0,1,0.8717008829116821
0.0,1,0.5954321622848511
1.0,1,0.7277656197547913
1.0,1,0.9227073788642883
1.0,1,0.9995748400688171
0.0,0,0.32665836811065674
0.0,0,0.34775179624557495
0.0,0,0.04945295304059982
1.0,1,0.9966097474098206
0.0,0,0.009349413216114044
0.0,1,0.6123659610748291
1.0,1,0.8082157373428345
1.0,1,0.6903343796730042
0.0,0,0.23812541365623474
1.0,1,0.9955358505249023
1.0,1,0.9971923232078552
1.0,1,0.9495638012886047
1.0,1,0.9597431421279907
0.0,0,0.18211372196674347
1.0,1,0.9994564652442932
0.0,0,0.047845885157585144
0.0,0,0.023481857031583786
1.0,1,0.9950816631317139
1.0,1,0.9083706736564636
1.0,1,0.9933323264122009
0.0,0,0.013263855129480362
0.0,1,0.5692664384841919
1.0,1,0.9205209612846375
1.0,1,0.5505227446556091
1.0,1,0.771308183670044
1.0,1,0.9741036891937256
1.0,1,0.9822612404823303
0.0,0,0.06779960542917252
0.0,1,0.7482092380523682
0.0,0,0.1444443166255951
1.0,1,0.9990222454071045
0.0,0,0.005594239104539156
0.0,0,0.13759048283100128
0.0,1,0.604998767375946
1.0,0,0.30180758237838745
0.0,1,0.8598409295082092
1.0,1,0.9841338396072388
0.0,0,0.15207509696483612
0.0,1,0.8504804968833923
1.0,1,0.6003537774085999
0.0,0,0.11515148729085922
0.0,0,0.3931939899921417
0.0,0,0.4161979556083679
0.0,0,0.08440292626619339
0.0,1,0.6829090714454651
1.0,0,0.2422735095024109
1.0,0,0.05738725885748863
1.0,1,0.8511866927146912
1.0,1,0.9949051141738892
0.0,1,0.9831265807151794
0.0,1,0.9520627856254578
1.0,1,0.9973020553588867
0.0,0,0.09138394892215729
0.0,0,0.38561493158340454
0.0,0,0.01529215183109045
1.0,1,0.9960048794746399
0.0,1,0.8702775835990906
0.0,0,0.0438862219452858
0.0,0,0.06006915867328644
1.0,1,0.9480460286140442
1.0,1,0.646495521068573
0.0,0,0.2730625569820404
1.0,1,0.8240874409675598
1.0,1,0.9548738598823547
1.0,1,0.5833770036697388
1.0,1,0.8691134452819824
1.0,1,0.7317748069763184
1.0,1,0.8207213282585144
0.0,1,0.46504878997802734
0.0,1,0.4864885210990906
0.0,0,0.03899054601788521
1.0,1,0.9284580945968628
0.0,1,0.7692248821258545
1.0,1,0.9129176735877991
0.0,0,0.37005969882011414
0.0,0,0.1428450495004654
1.0,1,0.9397656917572021
1.0,1,0.5395731925964355
0.0,0,0.015777798369526863
1.0,1,0.9302326440811157
0.0,0,0.17159387469291687
1.0,1,0.9910823106765747
1.0,1,0.9975178241729736
1.0,1,0.5356904864311218
0.0,1,0.5137768983840942
0.0,0,0.0029121823608875275
1.0,1,0.9412989616394043
1.0,1,0.6459087133407593
1.0,0,0.2970122992992401
1.0,1,0.7547261714935303
1.0,1,0.7643923759460449
0.0,0,0.2636066675186157
0.0,0,0.07134371995925903
1.0,1,0.9149894714355469
0.0,0,0.16455402970314026
0.0,0,0.24251268804073334
0.0,0,0.13057318329811096
1.0,1,0.990395724773407
0.0,0,0.010173579677939415
1.0,1,0.7830427885055542
0.0,0,0.010677012614905834
1.0,1,0.967944324016571
1.0,1,0.9590878486633301
1.0,1,0.9349119663238525
1.0,0,0.011942329816520214
0.0,0,0.03947380557656288
0.0,0,0.08691947162151337
0.0,1,0.7334381937980652
1.0,0,0.3794146180152893
1.0,1,0.6606857180595398
0.0,0,0.003911126870661974
0.0,0,0.17679104208946228
0.0,0,0.03228730335831642
0.0,0,0.003208985086530447
1.0,1,0.8096239566802979
1.0,1,0.996444046497345
1.0,0,0.2342146337032318
1.0,1,0.86976557970047
0.0,0,0.1434260606765747
1.0,1,0.9762066006660461
0.0,0,0.1590501070022583
1.0,1,0.9576262831687927
1.0,1,0.6389850974082947
1.0,1,0.937309741973877
0.0,0,0.20620636641979218
0.0,0,0.023420358076691628
1.0,0,0.3553091883659363
0.0,0,0.03853790462017059
1.0,1,0.9506767392158508
0.0,0,0.04755139350891113
0.0,0,0.015071175992488861
0.0,0,0.20722275972366333
1.0,1,0.9257621169090271
0.0,0,0.14124539494514465
1.0,1,0.7800393104553223
1.0,1,0.8104365468025208
1.0,1,0.9994939565658569
1.0,1,0.9924280047416687
0.0,0,0.0034960382618010044
1.0,1,0.88249671459198
0.0,0,0.030922038480639458
1.0,1,0.5072900652885437
1.0,1,0.9624519348144531
0.0,0,0.013724256306886673
1.0,1,0.9085182547569275
1.0,1,0.69242924451828
1.0,1,0.9216066002845764
0.0,0,0.13483354449272156
0.0,0,0.060339946299791336
1.0,1,0.9801180362701416
1.0,1,0.8555324077606201
1.0,1,0.9384444952011108
1.0,1,0.8969678282737732
0.0,0,0.13479594886302948
0.0,0,0.034446362406015396
1.0,1,0.9746108055114746
1.0,1,0.9759829044342041
1.0,0,0.1324196457862854
1.0,0,0.05710330605506897
0.0,0,0.059750139713287354
1.0,1,0.8735067844390869
1.0,1,0.5893416404724121
0.0,0,0.13411709666252136
0.0,0,0.00291723501868546
1.0,0,0.23596923053264618
1.0,0,0.08928899466991425
1.0,1,0.6331749558448792
1.0,1,0.9680918455123901
1.0,1,0.9416391253471375
0.0,0,0.010629394091665745
0.0,0,0.060632575303316116
0.0,0,0.03745972365140915
0.0,0,0.026754867285490036
0.0,0,0.20381246507167816
1.0,0,0.13745836913585663
1.0,1,0.998333752155304
0.0,0,0.03291579335927963
1.0,1,0.9861131310462952
0.0,0,0.28293082118034363
1.0,1,0.9305686950683594
0.0,1,0.5305017828941345
1.0,1,0.460226833820343
0.0,0,0.17545165121555328
1.0,0,0.3870437443256378
0.0,0,0.24782352149486542
1.0,1,0.8739766478538513
0.0,0,0.10606977343559265
1.0,1,0.9860877394676208
1.0,1,0.9230254888534546
1.0,1,0.993751585483551
1.0,0,0.36669009923934937
1.0,1,0.9493699073791504
1.0,0,0.21860888600349426
0.0,1,0.5987350344657898
0.0,1,0.5775156617164612
1.0,1,0.6690996289253235
0.0,0,0.10968492925167084
1.0,1,0.7305695414543152
1.0,1,0.9488338828086853
0.0,0,0.11106967180967331
1.0,1,0.807220995426178
0.0,0,0.26224789023399353
1.0,1,0.9967854022979736
0.0,0,0.01961049623787403
0.0,1,0.6031168103218079
0.0,0,0.03889668732881546
0.0,1,0.5972546935081482
1.0,1,0.991277813911438
0.0,0,0.10354088246822357
0.0,0,0.09895054250955582
1.0,1,0.6722524166107178
1.0,1,0.991195797920227
1.0,1,0.9902113080024719
1.0,1,0.9968189001083374
1.0,1,0.7541730403900146
0.0,1,0.571340799331665
1.0,1,0.6780059933662415
0.0,0,0.03639344125986099
0.0,0,0.34333640336990356
1.0,1,0.8727777004241943
0.0,0,0.017636043950915337
1.0,1,0.9365032315254211
0.0,0,0.10917788743972778
1.0,1,0.9571772813796997
0.0,0,0.44324779510498047
1.0,0,0.15239675343036652
1.0,1,0.9956108927726746
0.0,0,0.3665000796318054
1.0,1,0.9490150809288025
0.0,1,0.763606607913971
0.0,0,0.16202469170093536
1.0,1,0.9986158609390259
0.0,0,0.4554942548274994
1.0,1,0.6321250796318054
1.0,0,0.1896815299987793
0.0,1,0.6473106741905212
1.0,0,0.08005862683057785
1.0,1,0.9668428301811218
1.0,1,0.8341338634490967
0.0,0,0.1443338394165039
1.0,1,0.8894593119621277
1.0,1,0.8957348465919495
1.0,1,0.9976931214332581
0.0,0,0.1941828429698944
0.0,0,0.03900138661265373
1.0,1,0.5281890034675598
1.0,1,0.9938334226608276
0.0,0,0.15972788631916046
1.0,1,0.9947816729545593
1.0,1,0.9951763153076172
1.0,1,0.9907405376434326
1.0,1,0.8688718676567078
0.0,0,0.031018394976854324
0.0,1,0.920690655708313
1.0,1,0.9842061996459961
1.0,1,0.736973226070404
0.0,0,0.276976615190506
0.0,0,0.23726338148117065
1.0,1,0.9954202771186829
1.0,1,0.8132990002632141
1.0,0,0.4168448746204376
0.0,1,0.6504984498023987
1.0,1,0.8968002796173096
0.0,1,0.8427784442901611
1.0,1,0.7382549047470093
1.0,1,0.9657669067382812
1.0,1,0.924313485622406
1.0,0,0.3682123124599457
0.0,0,0.0303630493581295
0.0,0,0.003839017590507865
1.0,1,0.48063746094703674
0.0,0,0.23773157596588135
0.0,1,0.5928031802177429
0.0,1,0.6218498945236206
1.0,1,0.6146066188812256
1.0,1,0.995071291923523
1.0,0,0.22904549539089203
1.0,1,0.5161222219467163
1.0,1,0.7938185930252075
0.0,1,0.8151003122329712
0.0,0,0.20580381155014038
1.0,1,0.7696204781532288
1.0,1,0.9226169586181641
0.0,1,0.5769372582435608
0.0,0,0.30606430768966675
0.0,0,0.03016931749880314
1.0,1,0.985186755657196
0.0,0,0.05505778267979622
0.0,0,0.06415456533432007
1.0,0,0.3542211353778839
1.0,1,0.9017288088798523
0.0,0,0.022906925529241562
1.0,1,0.9843754172325134
0.0,1,0.49006402492523193
1.0,1,0.6741583943367004
1.0,1,0.9949823021888733
1.0,1,0.9601668119430542
1.0,1,0.9246992468833923
1.0,1,0.8894813656806946
1.0,1,0.838061511516571
1.0,1,0.9596019387245178
1.0,1,0.7599372267723083
0.0,0,0.32067593932151794
0.0,0,0.10316623747348785
1.0,1,0.7967663407325745
0.0,0,0.010628802701830864
1.0,1,0.8748553991317749
1.0,1,0.4762173295021057
0.0,0,0.010600613430142403
0.0,1,0.8463534116744995
0.0,1,0.5599600076675415
1.0,1,0.9566637277603149
1.0,1,0.5499359369277954
0.0,0,0.3664817214012146
0.0,0,0.3582398593425751
0.0,1,0.629375159740448
0.0,0,0.019517559558153152
1.0,1,0.9966543912887573
0.0,1,0.6579020619392395
0.0,0,0.03273430094122887
0.0,0,0.019844945520162582
1.0,1,0.9068381786346436
0.0,0,0.04237857833504677
0.0,0,0.2422100454568863
1.0,0,0.4327097535133362
1.0,0,0.2099526971578598
1.0,1,0.6825082302093506
0.0,0,0.01706249639391899
0.0,0,0.06387487053871155
1.0,1,0.8155508637428284
1.0,1,0.9865720272064209
0.0,0,0.14507199823856354
0.0,0,0.041586246341466904
0.0,0,0.15028218924999237
0.0,0,0.05588254705071449
0.0,0,0.011911670677363873
1.0,1,0.9537431597709656
1.0,1,0.8679276704788208
0.0,0,0.0038465706165879965
1.0,1,0.8446916341781616
1.0,1,0.980058491230011
0.0,0,0.008399952203035355
0.0,0,0.061365608125925064
1.0,1,0.8853947520256042
1.0,1,0.9392586350440979
1.0,0,0.029233764857053757
1.0,1,0.9722342491149902
0.0,0,0.2675420939922333
0.0,0,0.013293174095451832
0.0,0,0.1492711305618286
0.0,0,0.1269163191318512
0.0,1,0.9783799052238464
0.0,0,0.0054636672139167786
0.0,0,0.20140965282917023
0.0,0,0.030157024040818214
0.0,0,0.0012103959452360868
0.0,0,0.004699639044702053
0.0,0,0.00626353919506073
1.0,1,0.9900323152542114
0.0,0,0.02731727436184883
1.0,1,0.9516124129295349
1.0,1,0.9945287108421326
1.0,1,0.884495735168457
1.0,0,0.12415968626737595
1.0,0,0.04270011559128761
1.0,1,0.9735082983970642
1.0,1,0.8386144042015076
0.0,0,0.05180421844124794
1.0,1,0.991732120513916
0.0,1,0.8522872924804688
0.0,0,0.0709596499800682
1.0,1,0.899850606918335
0.0,0,0.012065397575497627
0.0,1,0.6408833265304565
1.0,1,0.7594821453094482
1.0,1,0.9558799266815186
0.0,1,0.725273847579956
1.0,1,0.8303962349891663
1.0,0,0.009821065701544285
1.0,1,0.9289630651473999
1.0,1,0.8822354674339294
1.0,1,0.9961821436882019
0.0,0,0.17798671126365662
0.0,1,0.9113354086875916
0.0,0,0.11498817056417465
0.0,0,0.048243001103401184
0.0,0,0.355744332075119
1.0,1,0.710828423500061
1.0,1,0.9485389590263367
1.0,1,0.9952020645141602
0.0,0,0.034524399787187576
0.0,1,0.4995022118091583
1.0,1,0.6724905371665955
0.0,0,0.018190719187259674
1.0,0,0.3216308355331421
1.0,1,0.9889292120933533
0.0,0,0.04122961312532425
0.0,0,0.008489701896905899
0.0,0,0.031919293105602264
0.0,0,0.038592271506786346
1.0,1,0.8215014338493347
1.0,1,0.7519072890281677
0.0,0,0.05231482535600662
1.0,1,0.9970303773880005
0.0,1,0.6423003077507019
0.0,0,0.0052986363880336285
0.0,0,0.188466414809227
0.0,1,0.9986326098442078
0.0,0,0.21802373230457306
0.0,1,0.7526943683624268
0.0,0,0.0014120812993496656
1.0,1,0.9339752793312073
0.0,0,0.12895041704177856
1.0,1,0.8882864713668823
1.0,0,0.3509901762008667
1.0,1,0.9793786406517029
0.0,0,0.01308472454547882
0.0,1,0.8919617533683777
0.0,0,0.3549901247024536
1.0,1,0.9898805618286133
0.0,0,0.0976848155260086
1.0,1,0.9543154239654541
1.0,1,0.9937096834182739
1.0,1,0.9773792028427124
1.0,1,0.5114469528198242
1.0,1,0.9708969593048096
0.0,1,0.5404040813446045
0.0,0,0.08007585257291794
0.0,0,0.3757178783416748
1.0,1,0.9465555548667908
1.0,1,0.6514551639556885
0.0,0,0.07818042486906052
1.0,1,0.9660173654556274
1.0,0,0.26403456926345825
0.0,0,0.13069070875644684
1.0,1,0.7321003079414368
0.0,0,0.01083208154886961
0.0,1,0.7152142524719238
1.0,1,0.921052098274231
0.0,0,0.29033002257347107
0.0,0,0.20352986454963684
1.0,1,0.6899269819259644
0.0,0,0.3308938443660736
0.0,0,0.1819085031747818
0.0,0,0.041966762393713
1.0,1,0.9557160139083862
1.0,1,0.998320996761322
1.0,0,0.19734925031661987
0.0,0,0.03697628900408745
0.0,1,0.8009213805198669
1.0,1,0.886395275592804
1.0,1,0.8783827424049377
1.0,1,0.888138473033905
1.0,1,0.9818637371063232
1.0,1,0.9287849068641663
1.0,1,0.998187243938446
1.0,1,0.9117504358291626
0.0,1,0.9771535396575928
1.0,1,0.9884281754493713
0.0,1,0.7692039012908936
0.0,0,0.44150587916374207
1.0,0,0.3137205243110657
1.0,1,0.9650422930717468
0.0,1,0.6602980494499207
1.0,0,0.20980462431907654
1.0,1,0.5423755049705505
0.0,0,0.10556688159704208
0.0,0,0.12052778154611588
0.0,0,0.36372795701026917
1.0,0,0.05595554783940315
0.0,0,0.4173698425292969
0.0,1,0.6971850991249084
1.0,1,0.9547310471534729
0.0,1,0.7062747478485107
1.0,1,0.869706392288208
1.0,1,0.7065621018409729
1.0,1,0.6889888644218445
0.0,0,0.04788094758987427
1.0,1,0.9643620252609253
0.0,0,0.07792235910892487
0.0,0,0.377886027097702
1.0,1,0.9409916996955872
0.0,0,0.013225497677922249
1.0,1,0.9308212995529175
0.0,0,0.0632869303226471
1.0,1,0.980981707572937
1.0,0,0.29565006494522095
1.0,1,0.9292635321617126
0.0,0,0.060764919966459274
0.0,0,0.234731525182724
1.0,1,0.7706125974655151
1.0,1,0.9994561076164246
0.0,1,0.7607575058937073
1.0,1,0.4581172466278076
0.0,1,0.7020102143287659
1.0,1,0.9427866339683533
1.0,1,0.9815260171890259
1.0,1,0.9923088550567627
1.0,0,0.1340692937374115
0.0,0,0.18181607127189636
1.0,1,0.8117895722389221
0.0,0,0.0363692007958889
1.0,1,0.9865791201591492
0.0,0,0.053467847406864166
1.0,1,0.8810443878173828
0.0,0,0.005710288416594267
0.0,0,0.01780049502849579
0.0,1,0.6446625590324402
1.0,1,0.9220744371414185
1.0,1,0.9527231454849243
0.0,0,0.0189063623547554
0.0,0,0.0033024491276592016
1.0,1,0.9653053879737854
1.0,1,0.7344260215759277
1.0,1,0.8993337154388428
0.0,0,0.11561737209558487
1.0,1,0.9900779724121094
0.0,1,0.6283006072044373
0.0,0,0.12545062601566315
1.0,1,0.9482285380363464
0.0,0,0.0014866514829918742
0.0,0,0.3116547465324402
1.0,1,0.8238964676856995
1.0,1,0.6172664165496826
1.0,0,0.06814555078744888
1.0,1,0.646332323551178
0.0,0,0.22288811206817627
1.0,1,0.9428808093070984
0.0,0,0.022228525951504707
1.0,1,0.9331835508346558
1.0,0,0.011412667110562325
0.0,0,0.11754917353391647
1.0,0,0.2438908964395523
0.0,0,0.008705905638635159
0.0,0,0.1403278261423111
0.0,0,0.33445966243743896
0.0,0,0.012343602254986763
0.0,0,0.015887705609202385
1.0,1,0.9975844621658325
1.0,1,0.9877661466598511
0.0,1,0.8878100514411926
1.0,1,0.9935322999954224
0.0,1,0.6582933068275452
0.0,0,0.0675644502043724
1.0,1,0.8143936991691589
0.0,0,0.33207178115844727
1.0,1,0.996537446975708
0.0,1,0.5203185081481934
1.0,1,0.9917187690734863
1.0,1,0.6951876878738403
0.0,0,0.005595067050307989
1.0,0,0.18813493847846985
0.0,0,0.009566359221935272
1.0,1,0.6765739917755127
1.0,1,0.9757065773010254
0.0,0,0.034277498722076416
1.0,0,0.12553222477436066
0.0,1,0.7772335410118103
0.0,1,0.5100307464599609
1.0,1,0.899764895439148
0.0,0,0.14343483746051788
1.0,1,0.7900857925415039
0.0,1,0.7731779217720032
0.0,0,0.0032870157156139612
0.0,0,0.27383220195770264
0.0,1,0.7719359397888184
1.0,1,0.8861514329910278
1.0,1,0.5414524674415588
1.0,1,0.8811687231063843
0.0,1,0.9357941150665283
1.0,1,0.9281784892082214
0.0,0,0.3639373183250427
1.0,1,0.9941713213920593
1.0,0,0.04000524431467056
1.0,1,0.599233090877533
1.0,1,0.9546638131141663
1.0,1,0.9711768627166748
0.0,0,0.15105807781219482
0.0,0,0.015216669999063015
1.0,1,0.8743769526481628
0.0,0,0.033092789351940155
1.0,0,0.0344000905752182
1.0,1,0.8882244825363159
0.0,0,0.25507745146751404
1.0,1,0.9603323936462402
1.0,1,0.646161675453186
0.0,0,0.041294850409030914
0.0,0,0.01318995002657175
1.0,1,0.932744026184082
0.0,1,0.6709941625595093
1.0,1,0.880850613117218
0.0,0,0.03392766788601875
1.0,1,0.8339134454727173
1.0,1,0.9888272285461426
1.0,0,0.16001662611961365
1.0,1,0.9988687634468079
0.0,0,0.2874850034713745
1.0,1,0.485948383808136
0.0,0,0.06353965401649475
0.0,0,0.02517790161073208
0.0,0,0.02137039788067341
0.0,0,0.2671659588813782
1.0,1,0.621314287185669
0.0,0,0.08053731173276901
0.0,0,0.0771089419722557
1.0,1,0.7725052237510681
1.0,1,0.8898468017578125
1.0,0,0.16501881182193756
0.0,0,0.00804753229022026
1.0,1,0.9251649975776672
1.0,1,0.9949290752410889
1.0,1,0.9007163047790527
0.0,0,0.003592719789594412
1.0,1,0.7983080148696899
1.0,1,0.9694181680679321
1.0,1,0.972265899181366
0.0,0,0.26064518094062805
1.0,1,0.9864830374717712
0.0,0,0.4380596876144409
1.0,0,0.3189757168292999
0.0,0,0.2959219813346863
0.0,0,0.1281343400478363
0.0,1,0.6975244879722595
1.0,1,0.998100221157074
0.0,0,0.1086004376411438
1.0,1,0.99650639295578
0.0,0,0.0259868074208498
1.0,1,0.7543897032737732
1.0,1,0.6764711737632751
0.0,0,0.002718136180192232
1.0,1,0.9427907466888428
0.0,0,0.16998158395290375
0.0,0,0.09117714315652847
0.0,1,0.8568131923675537
0.0,1,0.5747189521789551
0.0,1,0.6179662942886353
1.0,1,0.9970877766609192
1.0,1,0.7579034566879272
0.0,1,0.6375796794891357
1.0,1,0.854374885559082
1.0,1,0.9354111552238464
1.0,0,0.04370734840631485
1.0,1,0.9930701851844788
0.0,0,0.17090751230716705
1.0,1,0.9611662030220032
0.0,1,0.6247475743293762
1.0,1,0.6643150448799133
1.0,1,0.9361786246299744
0.0,0,0.07242853194475174
0.0,0,0.09957077354192734
0.0,1,0.5271815061569214
0.0,0,0.013580527156591415
0.0,0,0.005628540180623531
0.0,0,0.004435076378285885
0.0,1,0.8684948086738586
0.0,0,0.01859251596033573
0.0,0,0.17496320605278015
0.0,0,0.06319791823625565
0.0,0,0.008634086698293686
1.0,1,0.9735331535339355
1.0,0,0.3960743844509125
0.0,0,0.007692024111747742
0.0,0,0.08149514347314835
1.0,1,0.9784331321716309
1.0,0,0.3487938642501831
0.0,0,0.0015492559177801013
0.0,0,0.1151622012257576
0.0,0,0.019486358389258385
1.0,1,0.993466317653656
1.0,1,0.9928175210952759
1.0,1,0.8296694159507751
1.0,1,0.637534499168396
0.0,0,0.44896310567855835
1.0,0,0.378749281167984
0.0,0,0.025844307616353035
1.0,1,0.8071533441543579
0.0,0,0.011156490072607994
0.0,0,0.2717200517654419
0.0,0,0.06026848033070564
0.0,0,0.010381991975009441
0.0,1,0.5296183228492737
0.0,0,0.10088203847408295
0.0,0,0.03242237865924835
1.0,1,0.9968308806419373
0.0,0,0.22780553996562958
1.0,0,0.21769756078720093
0.0,1,0.6661006212234497
1.0,1,0.960197925567627
1.0,1,0.9987678527832031
0.0,0,0.02584003657102585
1.0,1,0.6017946004867554
0.0,1,0.9725136160850525
0.0,0,0.2437756210565567
1.0,1,0.9931080341339111
1.0,1,0.9356610178947449
0.0,0,0.4370211064815521
1.0,1,0.9953545331954956
1.0,1,0.6899114847183228
1.0,1,0.9971475005149841
1.0,1,0.8734320998191833
0.0,0,0.009795062243938446
1.0,1,0.9963418841362
0.0,0,0.29810813069343567
0.0,0,0.3757406175136566
0.0,1,0.6683159470558167
0.0,1,0.6440712213516235
0.0,0,0.1767202764749527
1.0,1,0.9628157019615173
0.0,0,0.0612911581993103
0.0,0,0.12818090617656708
1.0,1,0.995701253414154
1.0,1,0.7910608053207397
1.0,0,0.12354830652475357
0.0,0,0.35290491580963135
1.0,1,0.9817944765090942
0.0,0,0.13416601717472076
1.0,0,0.22291140258312225
0.0,0,0.3832452893257141
1.0,1,0.8395707607269287
0.0,0,0.1830316036939621
0.0,0,0.04017926752567291
0.0,0,0.028752431273460388
0.0,0,0.018252640962600708
1.0,1,0.5513877272605896
1.0,0,0.3872842490673065
0.0,0,0.1807004064321518
1.0,1,0.5922845602035522
1.0,0,0.27212822437286377
1.0,1,0.9624996781349182
1.0,0,0.0837177187204361
0.0,0,0.19813498854637146
1.0,1,0.540172278881073
0.0,0,0.06763654947280884
1.0,1,0.49378249049186707
0.0,0,0.11542482674121857
1.0,0,0.17521104216575623
1.0,1,0.8883019089698792
1.0,1,0.9734575748443604
0.0,0,0.02354433760046959
1.0,1,0.9818111062049866
1.0,1,0.7329076528549194
0.0,0,0.29923543334007263
0.0,0,0.043578047305345535
0.0,1,0.6419099569320679
1.0,0,0.41963067650794983
0.0,1,0.4677155911922455
1.0,1,0.9937599301338196
1.0,1,0.9896520972251892
0.0,0,0.025398215278983116
0.0,0,0.14410048723220825
0.0,1,0.5192131996154785
1.0,1,0.8686162233352661
1.0,1,0.6370471119880676
0.0,0,0.263943612575531
0.0,0,0.014265891164541245
1.0,1,0.8675042390823364
0.0,0,0.0048135933466255665
0.0,0,0.2610117197036743
0.0,0,0.017694910988211632
1.0,1,0.9656708836555481
1.0,1,0.9697360992431641
0.0,0,0.11119884997606277
1.0,1,0.5224848985671997
0.0,0,0.37186554074287415
1.0,1,0.9853596091270447
1.0,1,0.7754776477813721
0.0,0,0.059989217668771744
0.0,0,0.32726505398750305
0.0,0,0.2517896592617035
0.0,0,0.15612876415252686
1.0,1,0.9869815707206726
1.0,1,0.49081549048423767
0.0,0,0.3333958387374878
1.0,1,0.92042076587677
1.0,1,0.9814598560333252
1.0,0,0.03662876412272453
1.0,1,0.9948309063911438
0.0,0,0.07958540320396423
0.0,0,0.029244855046272278
0.0,0,0.16996817290782928
0.0,0,0.003270193003118038
1.0,0,0.024793311953544617
0.0,1,0.7777076363563538
1.0,1,0.8701030015945435
0.0,0,0.014486849308013916
0.0,1,0.6269636154174805
1.0,1,0.9756489396095276
0.0,0,0.06707712262868881
1.0,0,0.3424401879310608
1.0,1,0.9908329844474792
1.0,1,0.7705873847007751
1.0,0,0.4188586175441742
1.0,1,0.9742797613143921
1.0,1,0.8444031476974487
1.0,1,0.975371241569519
1.0,1,0.9310569167137146
1.0,1,0.9742727279663086
0.0,0,0.018041860312223434
1.0,1,0.923035740852356
1.0,1,0.9988202452659607
1.0,1,0.889797031879425
0.0,0,0.07215830683708191
0.0,0,0.14706756174564362
0.0,0,0.16974687576293945
0.0,0,0.17680256068706512
0.0,0,0.24503092467784882
1.0,1,0.9483404159545898
1.0,1,0.8367162942886353
0.0,0,0.021030860021710396
1.0,1,0.9481331706047058
0.0,1,0.8598182797431946
0.0,0,0.004168514162302017
0.0,0,0.21055544912815094
0.0,0,0.4563019275665283
0.0,0,0.06673463433980942
0.0,1,0.7953239679336548
1.0,1,0.9697620868682861
1.0,0,0.3474574685096741
0.0,0,0.06100143492221832
1.0,1,0.5933157205581665
1.0,1,0.9915059208869934
0.0,0,0.03874653950333595
1.0,0,0.08881348371505737
1.0,1,0.6445003747940063
0.0,0,0.0393211729824543
0.0,0,0.08189228177070618
0.0,0,0.13942837715148926
0.0,0,0.01398372370749712
1.0,1,0.7923737168312073
0.0,0,0.10472892224788666
0.0,0,0.04156059771776199
1.0,0,0.08315519988536835
1.0,1,0.6915389895439148
0.0,1,0.5752291679382324
0.0,0,0.08287529647350311
1.0,1,0.9557213187217712
1.0,1,0.9528216123580933
1.0,1,0.996417760848999
0.0,0,0.19704703986644745
0.0,0,0.39344656467437744
0.0,0,0.009596241638064384
0.0,0,0.0033686610404402018
0.0,0,0.2258175015449524
1.0,1,0.9859043955802917
0.0,0,0.008420458994805813
1.0,1,0.73613440990448
0.0,0,0.05159330368041992
0.0,0,0.2992134690284729
0.0,1,0.8123112320899963
1.0,1,0.6357881426811218
0.0,0,0.4244120121002197
0.0,0,0.031458187848329544
0.0,1,0.8258626461029053
0.0,0,0.013891244307160378
1.0,1,0.6688408255577087
1.0,1,0.9981268048286438
0.0,0,0.07887452840805054
0.0,0,0.04254428297281265
1.0,0,0.3074395954608917
0.0,0,0.0952499732375145
1.0,1,0.7767369151115417
1.0,1,0.9716691374778748
1.0,1,0.9822636246681213
0.0,0,0.308755487203598
1.0,1,0.9443785548210144
0.0,0,0.1882353127002716
0.0,0,0.20992495119571686
1.0,1,0.8160720467567444
1.0,1,0.9379445314407349
0.0,0,0.30541762709617615
1.0,1,0.9935199618339539
0.0,0,0.3948865532875061
1.0,1,0.981573760509491
0.0,0,0.22208727896213531
0.0,0,0.32206881046295166
0.0,1,0.7295685410499573
1.0,1,0.9955275654792786
0.0,0,0.17381197214126587
0.0,0,0.05316660925745964
1.0,1,0.9550777077674866
0.0,0,0.005100551526993513
0.0,0,0.15974386036396027
1.0,1,0.993565022945404
0.0,0,0.2134549766778946
1.0,1,0.9853708744049072
1.0,1,0.9517456293106079
1.0,1,0.8233574032783508
1.0,1,0.5018417239189148
1.0,1,0.8744553327560425
1.0,1,0.9526757597923279
1.0,1,0.960247278213501
0.0,0,0.014739252626895905
0.0,0,0.12562483549118042
0.0,0,0.00564202107489109
0.0,1,0.8002528548240662
1.0,0,0.14465315639972687
1.0,0,0.2944287955760956
0.0,0,0.01142028160393238
1.0,1,0.9987545013427734
0.0,1,0.6733548045158386
0.0,0,0.20619501173496246
1.0,1,0.5634682178497314
0.0,0,0.018434252589941025
0.0,0,0.03709482029080391
0.0,0,0.02007991634309292
1.0,1,0.8647350668907166
1.0,1,0.9936110377311707
0.0,0,0.006138138938695192
0.0,0,0.06289002299308777
0.0,0,0.2570520043373108
1.0,1,0.9976361989974976
0.0,1,0.8739762902259827
1.0,1,0.7904549241065979
1.0,1,0.9946558475494385
0.0,0,0.011906441301107407
1.0,0,0.15119455754756927
1.0,1,0.9596880078315735
1.0,1,0.9907798767089844
1.0,1,0.9759565591812134
1.0,1,0.9834586381912231
1.0,1,0.9921784400939941
0.0,0,0.01057172566652298
1.0,0,0.30808404088020325
0.0,1,0.877708911895752
0.0,0,0.2623128592967987
0.0,0,0.20905454456806183
0.0,0,0.13957001268863678
0.0,0,0.010961825959384441
1.0,1,0.9684090614318848
1.0,1,0.9163489937782288
1.0,1,0.9014522433280945
1.0,1,0.999294638633728
0.0,0,0.10925912857055664
1.0,1,0.6511885523796082
1.0,1,0.9274285435676575
1.0,0,0.17220033705234528
0.0,0,0.13867461681365967
1.0,1,0.859876811504364
1.0,1,0.936030924320221
0.0,0,0.2877967655658722
0.0,1,0.7725855112075806
1.0,1,0.9416298866271973
1.0,1,0.9757311940193176
1.0,1,0.9491441249847412
1.0,0,0.11107891798019409
1.0,1,0.7551641464233398
1.0,1,0.8076364994049072
0.0,1,0.9421893954277039
1.0,1,0.7465529441833496
0.0,0,0.3033630847930908
0.0,0,0.32692044973373413
1.0,1,0.9301156401634216
0.0,0,0.44935059547424316
0.0,0,0.01071850024163723
1.0,0,0.1010918989777565
1.0,1,0.8090153336524963
0.0,0,0.09121453016996384
0.0,0,0.015594198368489742
1.0,1,0.992966890335083
1.0,1,0.9989078044891357
1.0,1,0.9694675803184509
0.0,0,0.17573711276054382
0.0,0,0.29116398096084595
0.0,0,0.3876608908176422
0.0,1,0.6764705777168274
1.0,1,0.9784162044525146
1.0,1,0.7075756788253784
0.0,0,0.4379752278327942
1.0,1,0.9766075611114502
1.0,1,0.5916666984558105
0.0,0,0.014796413481235504
0.0,0,0.01622849330306053
0.0,1,0.9461900591850281
0.0,0,0.08545001596212387
0.0,1,0.4717252552509308
1.0,1,0.5175836086273193
1.0,1,0.7708815932273865
1.0,1,0.9889960289001465
0.0,0,0.12477477639913559
1.0,1,0.7000530958175659
1.0,1,0.9968157410621643
0.0,0,0.2546917200088501
0.0,1,0.8835667371749878
1.0,1,0.6917775273323059
1.0,1,0.9138641953468323
1.0,1,0.77801114320755
1.0,1,0.989130973815918
0.0,1,0.6770854592323303
1.0,1,0.9949895739555359
1.0,1,0.7278779149055481
0.0,0,0.00818114448338747
0.0,0,0.00725706247612834
1.0,1,0.7574528455734253
1.0,1,0.9981677532196045
1.0,1,0.9823744297027588
1.0,1,0.9705824255943298
0.0,0,0.082496277987957
0.0,0,0.29170507192611694
1.0,1,0.8302478790283203
1.0,1,0.5380794405937195
0.0,1,0.7985628247261047
1.0,1,0.9765737056732178
1.0,0,0.13732516765594482
0.0,0,0.11380578577518463
0.0,0,0.20590007305145264
0.0,0,0.03772566094994545
1.0,1,0.8029348254203796
0.0,1,0.6569963693618774
1.0,1,0.5211517214775085
0.0,0,0.01278268825262785
1.0,1,0.9879447221755981
1.0,1,0.9113953113555908
0.0,1,0.46977221965789795
0.0,0,0.4052654802799225
1.0,1,0.9887579083442688
0.0,0,0.007433803286403418
1.0,1,0.6302359104156494
1.0,0,0.11032965034246445
1.0,0,0.14046914875507355
0.0,0,0.01377770397812128
0.0,0,0.20960108935832977
0.0,0,0.18558794260025024
1.0,1,0.7956058382987976
0.0,0,0.016614004969596863
1.0,1,0.4613245725631714
0.0,1,0.7575194835662842
1.0,1,0.9989277720451355
1.0,1,0.9891548752784729
1.0,1,0.9754360914230347
0.0,0,0.0037494865246117115
1.0,1,0.6266658306121826
0.0,0,0.1070626825094223
0.0,0,0.03222285211086273
1.0,1,0.9827017188072205
1.0,0,0.32906657457351685
1.0,1,0.9370320439338684
0.0,0,0.022426800802350044
0.0,0,0.42627814412117004
1.0,1,0.9988190531730652
0.0,0,0.04022055119276047
1.0,1,0.6758327484130859
0.0,0,0.17405126988887787
1.0,0,0.4460611343383789
1.0,1,0.9919576644897461
1.0,0,0.005460056476294994
1.0,1,0.7586879730224609
0.0,0,0.20282743871212006
1.0,1,0.6301724910736084
0.0,0,0.0222204327583313
0.0,1,0.6968117356300354
1.0,1,0.5131106972694397
1.0,1,0.8206617832183838
0.0,0,0.11310884356498718
1.0,1,0.9975433945655823
0.0,0,0.1228240430355072
0.0,0,0.006247443612664938
0.0,0,0.024492565542459488
1.0,1,0.9765155911445618
0.0,0,0.004417308606207371
1.0,1,0.9874890446662903
1.0,1,0.9696341753005981
1.0,1,0.9243707060813904
0.0,1,0.7315025925636292
0.0,0,0.04261358454823494
0.0,0,0.01679692044854164
1.0,0,0.30020788311958313
1.0,1,0.9872304797172546
1.0,1,0.9226681590080261
0.0,0,0.05868569761514664
1.0,1,0.9058577418327332
0.0,0,0.38692569732666016
1.0,0,0.1265164613723755
0.0,0,0.1627705693244934
0.0,0,0.2053106129169464
0.0,1,0.9297677278518677
1.0,1,0.9976746439933777
1.0,1,0.6723120212554932
0.0,0,0.05612866207957268
1.0,1,0.9966771602630615
0.0,0,0.06500700861215591
0.0,0,0.02217656932771206
0.0,0,0.16813163459300995
0.0,0,0.19007879495620728
0.0,0,0.047781944274902344
1.0,1,0.9115728735923767
1.0,1,0.5205833911895752
1.0,1,0.9595723152160645
1.0,1,0.9823675155639648
0.0,0,0.0014167946064844728
0.0,1,0.5176473259925842
1.0,1,0.9557957053184509
0.0,0,0.0011903118574991822
1.0,0,0.430039644241333
1.0,1,0.9985137581825256
0.0,1,0.9902973771095276
1.0,0,0.4033656120300293
0.0,0,0.018754834309220314
0.0,0,0.05232401192188263
1.0,1,0.9348463416099548
1.0,1,0.677510678768158
0.0,0,0.031848326325416565
1.0,0,0.42489591240882874
1.0,1,0.99564528465271
1.0,1,0.994016170501709
1.0,1,0.9752005934715271
0.0,0,0.06547360867261887
0.0,0,0.378374844789505
1.0,1,0.9674994349479675
0.0,0,0.01525525376200676
1.0,1,0.7239736914634705
0.0,1,0.8339261412620544
1.0,1,0.7445968985557556
1.0,1,0.8481299877166748
1.0,1,0.9870376586914062
0.0,0,0.01563810557126999
0.0,0,0.04468301683664322
0.0,0,0.042241744697093964
0.0,1,0.5223087072372437
1.0,0,0.011263704858720303
1.0,1,0.9952056407928467
0.0,0,0.213032066822052
1.0,0,0.22548380494117737
0.0,0,0.0050537316128611565
0.0,0,0.13534089922904968
1.0,1,0.997376561164856
1.0,0,0.3896758556365967
1.0,0,0.028076302260160446
0.0,0,0.25001850724220276
0.0,0,0.11016514897346497
1.0,1,0.5646457076072693
1.0,1,0.9950211048126221
0.0,0,0.0023808821570128202
0.0,1,0.8424959182739258
0.0,0,0.03957488387823105
0.0,1,0.6828645467758179
0.0,1,0.5526281595230103
0.0,0,0.4423883259296417
0.0,0,0.05355354771018028
1.0,1,0.7952055931091309
1.0,1,0.668639600276947
0.0,0,0.2592613101005554
0.0,0,0.21296028792858124
1.0,1,0.9986171722412109
1.0,1,0.999907374382019
1.0,0,0.06564956903457642
0.0,0,0.22670340538024902
1.0,0,0.42688944935798645
1.0,1,0.9990507960319519
0.0,0,0.21788211166858673
1.0,1,0.9965072274208069
1.0,1,0.9131852388381958
1.0,1,0.8708548545837402
1.0,1,0.9872401356697083
0.0,0,0.036621659994125366
1.0,1,0.9749107956886292
1.0,1,0.9403307437896729
0.0,0,0.01592143252491951
1.0,1,0.9755597710609436
0.0,1,0.6544715762138367
0.0,1,0.7236588001251221
1.0,1,0.8968226313591003
0.0,1,0.4806786775588989
0.0,0,0.04986564442515373
0.0,0,0.10896711051464081
1.0,1,0.6002371907234192
1.0,1,0.9998149275779724
1.0,1,0.5941550731658936
0.0,0,0.15700463950634003
1.0,0,0.29576921463012695
0.0,0,0.328432559967041
0.0,1,0.9476110935211182
0.0,0,0.012266421690583229
0.0,0,0.04681001976132393
0.0,0,0.15054582059383392
1.0,1,0.8592758774757385
1.0,1,0.9694501161575317
0.0,0,0.10721652209758759
0.0,1,0.9695751667022705
0.0,0,0.09312360733747482
0.0,0,0.3305371105670929
1.0,1,0.9952774047851562
0.0,0,0.2323840856552124
1.0,1,0.6578754186630249
1.0,1,0.9935674071311951
1.0,1,0.8650615215301514
1.0,1,0.7469183206558228
1.0,1,0.9211395382881165
1.0,1,0.9768720269203186
1.0,1,0.6006739139556885
0.0,0,0.44814401865005493
0.0,1,0.6582129001617432
0.0,0,0.42689040303230286
0.0,1,0.5443502068519592
0.0,0,0.018665332347154617
1.0,1,0.6438530087471008
1.0,1,0.5182113647460938
1.0,1,0.8557397723197937
0.0,0,0.17462590336799622
1.0,1,0.9979933500289917
1.0,1,0.9886117577552795
1.0,1,0.9950031638145447
1.0,1,0.9812183976173401
1.0,1,0.9344276189804077
1.0,1,0.834030032157898
0.0,0,0.3590196669101715
0.0,0,0.12273707985877991
1.0,0,0.1207246333360672
0.0,0,0.39707696437835693
0.0,1,0.532270610332489
0.0,0,0.05688004940748215
1.0,1,0.8985877633094788
0.0,0,0.09967921674251556
0.0,0,0.06590072810649872
1.0,1,0.9735472798347473
0.0,0,0.016307702288031578
0.0,1,0.7638803720474243
0.0,0,0.0054525756277143955
1.0,1,0.9977954626083374
1.0,1,0.8115354180335999
1.0,1,0.897679328918457
0.0,1,0.5275862812995911
1.0,1,0.868980348110199
1.0,0,0.1360161304473877
1.0,1,0.9887163639068604
0.0,0,0.08671265840530396
0.0,0,0.025230074301362038
0.0,0,0.010173148475587368
1.0,1,0.9475969672203064
0.0,1,0.720210611820221
1.0,0,0.15911206603050232
1.0,0,0.4160518944263458
0.0,0,0.003957479726523161
0.0,0,0.02574717067182064
1.0,1,0.8608174920082092
1.0,1,0.9833411574363708
1.0,0,0.027988513931632042
0.0,0,0.23623685538768768
1.0,1,0.5788016319274902
0.0,1,0.7518429756164551
0.0,0,0.0072183432057499886
0.0,0,0.025359489023685455
0.0,0,0.16034862399101257
1.0,1,0.9477392435073853
1.0,1,0.9963563680648804
1.0,1,0.8682422637939453
0.0,0,0.27236366271972656
0.0,0,0.18879297375679016
0.0,0,0.1922280490398407
1.0,1,0.9982616305351257
1.0,1,0.5325762629508972
1.0,1,0.9736811518669128
1.0,1,0.9957101345062256
0.0,0,0.011007162742316723
0.0,1,0.9191049337387085
1.0,1,0.912325918674469
1.0,1,0.8209798336029053
0.0,0,0.05276786908507347
1.0,1,0.9976633787155151
0.0,1,0.6648867130279541
1.0,1,0.9987282156944275
1.0,1,0.9221828579902649
1.0,1,0.9690993428230286
0.0,0,0.295865923166275
1.0,1,0.6378156542778015
1.0,0,0.26594722270965576
0.0,0,0.05549667775630951
0.0,0,0.012364036403596401
1.0,0,0.4498809576034546
1.0,1,0.9973976612091064
0.0,0,0.08541332930326462
1.0,1,0.9603682160377502
0.0,0,0.05597605183720589
1.0,0,0.3635757863521576
0.0,0,0.1546330749988556
1.0,1,0.9983483552932739
1.0,1,0.8255423903465271
1.0,1,0.7973132133483887
0.0,0,0.003123567206785083
0.0,1,0.4664762616157532
1.0,1,0.8778119683265686
1.0,1,0.9206926822662354
1.0,1,0.9964925646781921
1.0,1,0.9900344014167786
1.0,1,0.9240466356277466
1.0,1,0.962626576423645
0.0,0,0.154462993144989
1.0,0,0.39359793066978455
0.0,1,0.5159590840339661
1.0,1,0.9954531192779541
0.0,0,0.016759421676397324
0.0,1,0.47051191329956055
1.0,1,0.9370187520980835
1.0,1,0.9933834671974182
0.0,0,0.2592029273509979
0.0,0,0.4098129868507385
0.0,0,0.0120010394603014
0.0,0,0.12730522453784943
0.0,0,0.018414098769426346
1.0,1,0.8061477541923523
0.0,0,0.24440832436084747
0.0,0,0.3985775411128998
0.0,0,0.4053030014038086
0.0,0,0.0010825240751728415
1.0,1,0.7989104986190796
1.0,1,0.5568936467170715
1.0,0,0.17118479311466217
1.0,1,0.9258844256401062
0.0,0,0.3995521664619446
0.0,0,0.07965432852506638
0.0,0,0.06732019037008286
1.0,1,0.9923223853111267
1.0,1,0.9879702925682068
1.0,1,0.9931507110595703
0.0,0,0.1532427817583084
0.0,1,0.5653448104858398
0.0,0,0.030175022780895233
1.0,1,0.962432861328125
0.0,0,0.165077805519104
0.0,0,0.04279700294137001
1.0,1,0.9938900470733643
1.0,1,0.9923457503318787
0.0,0,0.01381108071655035
1.0,1,0.9941494464874268
1.0,1,0.9963831901550293
0.0,0,0.1714419573545456
0.0,1,0.9576713442802429
1.0,1,0.9990401864051819
0.0,1,0.7962011098861694
1.0,1,0.6825349926948547
1.0,1,0.99945467710495
0.0,0,0.05175626277923584
1.0,1,0.7980348467826843
1.0,1,0.993293285369873
0.0,0,0.01421644352376461
0.0,0,0.38854727149009705
0.0,0,0.1277424544095993
0.0,0,0.11374972015619278
1.0,1,0.970418393611908
0.0,0,0.013582712039351463
1.0,0,0.3957997262477875
1.0,1,0.7280248403549194
1.0,1,0.9414418339729309
1.0,0,0.38929814100265503
1.0,1,0.9859738349914551
0.0,0,0.07051770389080048
0.0,0,0.0020386113319545984
0.0,0,0.3033563196659088
1.0,1,0.9974627494812012
1.0,1,0.9877492785453796
0.0,0,0.13463139533996582
1.0,1,0.5437712073326111
1.0,1,0.5792938470840454
1.0,0,0.2625397741794586
1.0,1,0.846534013748169
0.0,0,0.16516777873039246
1.0,1,0.9864943027496338
1.0,1,0.9560519456863403
1.0,1,0.949890673160553
0.0,1,0.9932221174240112
0.0,0,0.014587300829589367
0.0,0,0.03901687264442444
0.0,0,0.1713360846042633
0.0,0,0.11295094341039658
0.0,0,0.3345528244972229
1.0,1,0.9193375706672668
1.0,1,0.7366586327552795
1.0,1,0.9877199530601501
1.0,1,0.7307665348052979
0.0,0,0.15594017505645752
1.0,1,0.989362895488739
0.0,0,0.14983828365802765
1.0,1,0.9187670946121216
0.0,0,0.013796117156744003
1.0,1,0.992371678352356
1.0,1,0.9840734601020813
1.0,1,0.9995874762535095
0.0,0,0.10091165453195572
1.0,1,0.9806967973709106
0.0,0,0.025691520422697067
0.0,0,0.2877984941005707
0.0,0,0.03694666549563408
1.0,1,0.8516530394554138
1.0,1,0.9640408158302307
1.0,1,0.9970532655715942
0.0,1,0.8976305723190308
1.0,0,0.20971517264842987
1.0,1,0.9934804439544678
1.0,1,0.9213207364082336
0.0,0,0.0469052791595459
0.0,0,0.22061766684055328
0.0,0,0.0909174457192421
1.0,1,0.978385865688324
1.0,1,0.8322054743766785
1.0,1,0.9779216647148132
1.0,1,0.9817034602165222
1.0,1,0.9941632151603699
0.0,1,0.4831133484840393
1.0,1,0.9768131971359253
1.0,1,0.7176473140716553
0.0,0,0.07523494958877563
1.0,0,0.24739648401737213
0.0,0,0.2989090383052826
0.0,0,0.029388433322310448
0.0,0,0.005727489944547415
0.0,1,0.8652272820472717
1.0,1,0.9724954962730408
0.0,0,0.42454493045806885
1.0,1,0.8072600364685059
1.0,1,0.9867773652076721
1.0,1,0.8041478395462036
1.0,1,0.9117772579193115
1.0,0,0.3703369200229645
0.0,0,0.15535856783390045
1.0,0,0.2830633223056793
0.0,0,0.1871027946472168
0.0,1,0.5391437411308289
0.0,0,0.3443850576877594
1.0,1,0.9603071212768555
0.0,1,0.9425172209739685
0.0,1,0.492504358291626
1.0,1,0.6771332025527954
0.0,0,0.28805607557296753
1.0,1,0.9385561943054199
0.0,0,0.06578663736581802
1.0,1,0.9786267876625061
0.0,1,0.5372520685195923
0.0,0,0.022332165390253067
1.0,1,0.8913984894752502
0.0,0,0.07602649182081223
0.0,0,0.16045787930488586
0.0,0,0.0048025818541646
1.0,1,0.9948099851608276
0.0,0,0.17231974005699158
1.0,1,0.6535491347312927
0.0,0,0.03476686030626297
0.0,0,0.005860088858753443
0.0,0,0.1160929873585701
0.0,0,0.3475879430770874
1.0,1,0.9988009929656982
0.0,0,0.19127650558948517
0.0,0,0.13544395565986633
1.0,1,0.8317342400550842
0.0,0,0.10473965108394623
0.0,0,0.41271471977233887
1.0,1,0.7167706489562988
1.0,1,0.9590315818786621
0.0,0,0.008674370124936104
1.0,1,0.9602348804473877
0.0,0,0.31005793809890747
0.0,0,0.1284005045890808
0.0,0,0.03316539525985718
0.0,0,0.01003049872815609
0.0,0,0.1424540877342224
1.0,1,0.9150347113609314
0.0,0,0.02568010799586773
0.0,0,0.06041356548666954
1.0,1,0.9984695315361023
1.0,1,0.9855361580848694
0.0,0,0.026876913383603096
0.0,0,0.08308081328868866
0.0,1,0.940095841884613
0.0,0,0.011213853023946285
0.0,0,0.4135018587112427
1.0,1,0.8617116808891296
1.0,1,0.9529175162315369
0.0,0,0.1707143932580948
0.0,0,0.23671095073223114
1.0,1,0.9445256590843201
0.0,0,0.010106535628437996
1.0,1,0.9985254406929016
1.0,1,0.9159463047981262
1.0,1,0.9946796298027039
0.0,0,0.07158000767230988
1.0,1,0.9368507862091064
0.0,0,0.04629134014248848
0.0,0,0.04403050243854523
1.0,1,0.46462759375572205
0.0,0,0.0020472616888582706
1.0,1,0.9689751863479614
0.0,0,0.006602001376450062
0.0,1,0.8030566573143005
0.0,0,0.45064157247543335
1.0,0,0.07587273418903351
0.0,0,0.025685086846351624
1.0,1,0.9145905375480652
0.0,1,0.7885292768478394
1.0,1,0.9316148161888123
0.0,0,0.008549191057682037
1.0,1,0.9034798741340637
1.0,1,0.9913695454597473
0.0,0,0.12106296420097351
1.0,1,0.9780654311180115
0.0,0,0.2597130537033081
1.0,1,0.559247612953186
1.0,1,0.9820395112037659
0.0,0,0.002348799491301179
0.0,0,0.024235937744379044
0.0,0,0.08126343786716461
1.0,0,0.1983328014612198
0.0,1,0.7523072361946106
0.0,0,0.3671852946281433
0.0,0,0.2821056842803955
1.0,1,0.6136078238487244
1.0,1,0.996901273727417
1.0,1,0.9883211255073547
1.0,1,0.9918123483657837
1.0,1,0.8054409027099609
1.0,1,0.48829078674316406
0.0,0,0.08815651386976242
1.0,0,0.33070266246795654
1.0,0,0.1883879154920578
1.0,0,0.22872543334960938
0.0,0,0.006576129235327244
1.0,1,0.8797777891159058
1.0,1,0.984671413898468
0.0,0,0.10882766544818878
0.0,0,0.13426698744297028
0.0,0,0.35881507396698
1.0,1,0.87115877866745
0.0,0,0.02630140818655491
0.0,0,0.027875998988747597
1.0,1,0.8005677461624146
1.0,1,0.9956240057945251
0.0,0,0.3142436742782593
0.0,0,0.08344888687133789
1.0,1,0.9981620907783508
1.0,1,0.9180395007133484
0.0,0,0.10342013090848923
1.0,1,0.9885249733924866
1.0,0,0.2880558967590332
0.0,0,0.09046749025583267
1.0,1,0.5891214609146118
0.0,0,0.013499997556209564
0.0,0,0.014547904953360558
0.0,0,0.04538200795650482
0.0,0,0.0223467368632555
1.0,1,0.8825355172157288
1.0,1,0.9803239107131958
1.0,0,0.07236138731241226
1.0,1,0.852726399898529
0.0,0,0.029724063351750374
0.0,0,0.0027084897737950087
1.0,1,0.8726303577423096
0.0,0,0.1101781576871872
0.0,1,0.5293462872505188
0.0,0,0.004404252860695124
0.0,0,0.1783045530319214
0.0,1,0.9370028376579285
1.0,1,0.8880546689033508
1.0,1,0.9992408752441406
1.0,0,0.09905579686164856
0.0,0,0.0012586070224642754
0.0,0,0.06137172877788544
1.0,0,0.0393393374979496
1.0,1,0.9968909621238708
1.0,1,0.9734709858894348
1.0,0,0.21152165532112122
1.0,1,0.9961005449295044
0.0,0,0.12995195388793945
1.0,1,0.8864672780036926
1.0,0,0.1423920840024948
1.0,1,0.9982091188430786
1.0,1,0.9779557585716248
0.0,1,0.5222909450531006
1.0,1,0.6467593908309937
0.0,0,0.08813049644231796
0.0,1,0.467205673456192
0.0,0,0.18860888481140137
1.0,1,0.78266441822052
0.0,0,0.2494135946035385
0.0,0,0.07483813911676407
1.0,1,0.830194890499115
1.0,0,0.15155029296875
0.0,0,0.2514664828777313
1.0,1,0.9148938655853271
1.0,1,0.9925894737243652
1.0,1,0.864220380783081
1.0,1,0.9844112396240234
0.0,0,0.0420650877058506
0.0,1,0.5464085936546326
0.0,0,0.01691220887005329
0.0,0,0.22568221390247345
1.0,1,0.9292618036270142
1.0,0,0.3668895363807678
0.0,0,0.31749895215034485
1.0,1,0.5001019835472107
1.0,1,0.9921171069145203
0.0,0,0.07904788851737976
0.0,1,0.527966320514679
0.0,0,0.09885434061288834
0.0,0,0.0024766616988927126
1.0,1,0.9066411256790161
1.0,1,0.6846733689308167
1.0,1,0.9809330701828003
1.0,1,0.8428327441215515
1.0,1,0.9109391570091248
0.0,0,0.22491534054279327
1.0,1,0.9733630418777466
0.0,0,0.3947272002696991
0.0,1,0.625857949256897
1.0,1,0.9503105878829956
1.0,1,0.8612350225448608
1.0,0,0.2305305153131485
0.0,0,0.036794260144233704
0.0,0,0.0070404489524662495
0.0,0,0.004700968507677317
1.0,1,0.8821365833282471
1.0,0,0.11318530142307281
1.0,1,0.9891546368598938
0.0,0,0.399095743894577
0.0,0,0.24579258263111115
1.0,1,0.8198544383049011
0.0,0,0.4467209279537201
1.0,1,0.6819607615470886
1.0,1,0.930854320526123
0.0,0,0.08866485953330994
0.0,0,0.4496074318885803
1.0,1,0.816518247127533
0.0,0,0.008821276016533375
0.0,0,0.09873612225055695
1.0,1,0.9717065691947937
1.0,1,0.5056216716766357
0.0,1,0.6623921990394592
0.0,0,0.09297285974025726
1.0,1,0.9953776597976685
1.0,1,0.9800841808319092
1.0,0,0.1899135708808899
0.0,1,0.9835679531097412
1.0,1,0.997769832611084
1.0,1,0.9964519739151001
0.0,0,0.020979316905140877
0.0,0,0.09330609440803528
0.0,0,0.34058550000190735
1.0,1,0.9673007130622864
1.0,1,0.958016037940979
1.0,1,0.9584013223648071
0.0,1,0.7373067736625671
0.0,1,0.47990286350250244
1.0,1,0.9690243005752563
0.0,0,0.07376284897327423
0.0,0,0.24334990978240967
0.0,1,0.9905125498771667
0.0,1,0.558728814125061
0.0,1,0.6666383743286133
1.0,1,0.9252315163612366
0.0,0,0.03096581995487213
1.0,0,0.38019049167633057
1.0,1,0.9950992465019226
1.0,1,0.9873995780944824
1.0,0,0.4370328187942505
0.0,0,0.04449617117643356
1.0,1,0.9967373013496399
1.0,1,0.769644021987915
0.0,0,0.0368635430932045
0.0,1,0.5673375129699707
0.0,0,0.06812329590320587
1.0,0,0.1638115793466568
0.0,0,0.005233938805758953
0.0,0,0.07637486606836319
0.0,0,0.017564067617058754
0.0,0,0.004807518795132637
0.0,0,0.3574756979942322
0.0,0,0.06623738259077072
0.0,0,0.06654070317745209
1.0,1,0.9861618280410767
0.0,0,0.06012973561882973
0.0,0,0.07109015434980392
1.0,1,0.9946585297584534
1.0,0,0.17568592727184296
1.0,1,0.9346437454223633
0.0,0,0.4204636514186859
0.0,1,0.688694417476654
0.0,0,0.07914402335882187
1.0,0,0.0335439033806324
0.0,1,0.9161861538887024
1.0,1,0.9888235926628113
0.0,0,0.0520695298910141
1.0,1,0.7093934416770935
0.0,0,0.008427126333117485
0.0,0,0.026769336313009262
0.0,0,0.3921729624271393
0.0,1,0.981226921081543
0.0,0,0.04842008277773857
0.0,1,0.5318265557289124
0.0,0,0.09454721957445145
1.0,0,0.26075467467308044
1.0,1,0.9905548691749573
0.0,0,0.07824429869651794
1.0,1,0.893567681312561
1.0,1,0.6256468296051025
1.0,1,0.9854936003684998
1.0,1,0.9648839831352234
0.0,1,0.8476654887199402
1.0,0,0.05613546445965767
1.0,1,0.7360361218452454
1.0,0,0.13346527516841888
0.0,0,0.05238884687423706
0.0,1,0.6301906704902649
1.0,1,0.8350360989570618
1.0,1,0.865903913974762
0.0,0,0.11411301046609879
1.0,1,0.9730747938156128
0.0,0,0.10424960404634476
0.0,0,0.26070570945739746
0.0,0,0.2811507284641266
0.0,0,0.09362321346998215
0.0,0,0.020088588818907738
1.0,1,0.930631697177887
0.0,0,0.3985876142978668
0.0,1,0.6674416065216064
1.0,1,0.9937706589698792
0.0,0,0.01009531319141388
1.0,1,0.9963119626045227
0.0,0,0.30931293964385986
0.0,0,0.06135466322302818
0.0,1,0.785070538520813
1.0,1,0.9795148372650146
0.0,0,0.04876590147614479
0.0,0,0.003299430478364229
0.0,0,0.16825532913208008
0.0,0,0.005005004815757275
0.0,0,0.20156647264957428
0.0,1,0.4718799591064453
1.0,1,0.46226364374160767
0.0,0,0.2711559534072876
1.0,1,0.7022607922554016
1.0,1,0.9539797306060791
0.0,1,0.741668701171875
1.0,1,0.9574482440948486
1.0,1,0.9889820218086243
1.0,1,0.9757755994796753
0.0,0,0.3956638276576996
1.0,1,0.666850209236145
0.0,1,0.9230815768241882
0.0,0,0.178644061088562
0.0,0,0.08604711294174194
0.0,0,0.41169270873069763
0.0,0,0.05672413855791092
0.0,0,0.011948768049478531
1.0,1,0.9993516802787781
0.0,0,0.022736867889761925
1.0,1,0.9736011624336243
0.0,0,0.23761707544326782
0.0,0,0.3872232735157013
1.0,1,0.9941662549972534
0.0,0,0.3113468289375305
1.0,1,0.8793894052505493
0.0,0,0.39222463965415955
1.0,0,0.36185556650161743
0.0,0,0.16157445311546326
0.0,0,0.2713770866394043
0.0,0,0.2295086681842804
1.0,1,0.9898281097412109
0.0,1,0.6960550546646118
0.0,0,0.018157653510570526
0.0,0,0.029159575700759888
0.0,0,0.171152725815773
0.0,0,0.03588356450200081
1.0,1,0.9296351075172424
1.0,1,0.9117501974105835
1.0,1,0.9222639799118042
0.0,0,0.06312011927366257
0.0,0,0.11936005204916
1.0,0,0.14599239826202393
0.0,1,0.7244821190834045
0.0,0,0.021732710301876068
1.0,1,0.5308470726013184
1.0,1,0.9462147355079651
0.0,0,0.4198288917541504
1.0,1,0.9944361448287964
0.0,0,0.16923946142196655
1.0,1,0.9966543912887573
1.0,1,0.8598752021789551
1.0,1,0.9299524426460266
1.0,0,0.12560811638832092
1.0,1,0.9719077944755554
1.0,1,0.997296154499054
0.0,0,0.007112890016287565
0.0,0,0.003931276500225067
0.0,0,0.1047358363866806
1.0,1,0.8578372597694397
0.0,0,0.06134602800011635
0.0,0,0.24904054403305054
0.0,0,0.001963883638381958
1.0,0,0.029015356674790382
1.0,1,0.8375062942504883
1.0,1,0.994380533695221
0.0,0,0.16659234464168549
1.0,0,0.044077202677726746
1.0,1,0.9837460517883301
0.0,1,0.5710597038269043
0.0,0,0.1548360139131546
1.0,1,0.9172771573066711
1.0,1,0.9713993072509766
1.0,1,0.8075822591781616
1.0,1,0.8667178153991699
1.0,1,0.8232570290565491
0.0,0,0.3566206991672516
0.0,0,0.04413842782378197
0.0,0,0.08865261822938919
1.0,0,0.32194995880126953
0.0,0,0.09026234596967697
1.0,1,0.8842810988426208
1.0,1,0.9422573447227478
0.0,0,0.31903964281082153
1.0,0,0.08528309315443039
0.0,1,0.4597633183002472
0.0,0,0.1219412237405777
0.0,0,0.005491495598107576
0.0,0,0.2766457796096802
0.0,0,0.051560692489147186
1.0,1,0.9914469718933105
1.0,1,0.9980939030647278
1.0,1,0.9764285683631897
1.0,1,0.994022786617279
0.0,0,0.1912478804588318
0.0,0,0.027055252343416214
1.0,1,0.9085713028907776
0.0,1,0.9596335887908936
0.0,0,0.36195123195648193
1.0,1,0.8152880668640137
1.0,1,0.5085421800613403
1.0,1,0.9893546104431152
0.0,0,0.3731689155101776
1.0,1,0.9586675763130188
0.0,0,0.16073189675807953
0.0,0,0.0383799709379673
0.0,0,0.13500520586967468
0.0,1,0.6983868479728699
1.0,1,0.9479041695594788
1.0,1,0.9713656902313232
1.0,1,0.886044979095459
0.0,0,0.046402644366025925
0.0,0,0.01524202711880207
1.0,1,0.9568228125572205
1.0,0,0.19011236727237701
1.0,1,0.9968315958976746
1.0,1,0.9512261748313904
0.0,0,0.28410840034484863
1.0,1,0.977358341217041
1.0,1,0.9699375629425049
1.0,0,0.19934538006782532
1.0,1,0.5976430177688599
1.0,1,0.9007075428962708
0.0,1,0.6451681852340698
0.0,0,0.32377490401268005
1.0,1,0.9797332286834717
1.0,1,0.8637050986289978
0.0,0,0.1532452255487442
1.0,1,0.9981790781021118
1.0,1,0.9914125204086304
1.0,1,0.9747198820114136
0.0,0,0.04157472029328346
0.0,0,0.07577106356620789
0.0,1,0.86552494764328
1.0,1,0.8212129473686218
0.0,0,0.39574992656707764
1.0,1,0.9987736344337463
0.0,0,0.01592995785176754
1.0,0,0.322752982378006
0.0,0,0.26213306188583374
1.0,1,0.9991136193275452
1.0,1,0.8434955477714539
0.0,0,0.1346987783908844
1.0,1,0.9939570426940918
1.0,1,0.5100934505462646
0.0,0,0.06376228481531143
0.0,1,0.960966169834137
1.0,1,0.9381520748138428
0.0,0,0.05645891651511192
1.0,1,0.8808251619338989
1.0,1,0.8238274455070496
0.0,0,0.05158254876732826
1.0,1,0.9605798125267029
0.0,0,0.33333298563957214
1.0,1,0.9893736243247986
0.0,1,0.8603407740592957
0.0,0,0.11765667051076889
0.0,0,0.37975165247917175
0.0,1,0.7052675485610962
0.0,0,0.021314255893230438
0.0,0,0.009612475521862507
1.0,1,0.927193284034729
0.0,0,4.308153802412562e-05
0.0,0,0.4144447147846222
0.0,1,0.8072330355644226
1.0,1,0.9174124002456665
0.0,0,0.1453830450773239
0.0,0,0.3197121024131775
0.0,0,0.04032409191131592
0.0,0,0.024428406730294228
1.0,1,0.9969344139099121
0.0,0,0.05237843468785286
1.0,1,0.9886704683303833
0.0,0,0.014813162386417389
0.0,0,0.07875190675258636
1.0,1,0.9184934496879578
1.0,1,0.8493654131889343
1.0,1,0.9990715980529785
1.0,1,0.9556296467781067
0.0,0,0.3194829821586609
1.0,1,0.9849687814712524
0.0,0,0.024739084765315056
0.0,1,0.47985607385635376
0.0,0,0.17798876762390137
0.0,0,0.013102581724524498
1.0,1,0.7896199226379395
1.0,1,0.8342177271842957
0.0,0,0.004979119636118412
0.0,1,0.67991703748703
1.0,1,0.9937406182289124
0.0,1,0.8728586435317993
0.0,0,0.08926898241043091
1.0,1,0.7160187363624573
0.0,0,0.012372364290058613
0.0,0,0.04521453380584717
0.0,0,0.28822076320648193
0.0,0,0.004785596393048763
1.0,1,0.7585335969924927
1.0,1,0.9931598901748657
0.0,0,0.3790660500526428
0.0,0,0.010786089114844799
1.0,1,0.9884117245674133
1.0,1,0.9379343390464783
1.0,1,0.9870997667312622
1.0,0,0.07701554149389267
0.0,0,0.3980550765991211
1.0,1,0.814332127571106
1.0,0,0.22875279188156128
0.0,0,0.007583762519061565
1.0,1,0.9710369110107422
1.0,1,0.9974163770675659
1.0,1,0.9589354395866394
1.0,1,0.9802955985069275
1.0,1,0.9881436228752136
0.0,0,0.06075586378574371
1.0,1,0.8934776782989502
1.0,0,0.06634635478258133
0.0,0,0.1689029186964035
0.0,1,0.49899721145629883
1.0,1,0.4748307168483734
1.0,0,0.2170400470495224
0.0,0,0.3988533318042755
0.0,0,0.00263111456297338
0.0,0,0.36261823773384094
1.0,1,0.5911678671836853
1.0,1,0.9957463145256042
0.0,0,0.018960174173116684
0.0,0,0.01886194385588169
0.0,0,0.13469627499580383
0.0,1,0.7936842441558838
1.0,1,0.744183361530304
0.0,1,0.5580382347106934
1.0,1,0.8506070971488953
1.0,1,0.9659757614135742
1.0,1,0.8190571665763855
0.0,0,0.016272597014904022
1.0,1,0.6899310350418091
0.0,0,0.011999721638858318
0.0,0,0.016596391797065735
0.0,0,0.06462500244379044
0.0,0,0.022646987810730934
0.0,1,0.5485687255859375
0.0,0,0.010558750480413437
0.0,0,0.006925176363438368
1.0,1,0.9985302686691284
1.0,1,0.9007035493850708
0.0,0,0.26314520835876465
1.0,1,0.9876888990402222
0.0,0,0.003925542812794447
0.0,0,0.007946399040520191
1.0,1,0.9949353337287903
0.0,0,0.38449326157569885
0.0,0,0.04291607812047005
0.0,0,0.12425738573074341
1.0,1,0.9131208062171936
0.0,0,0.07624206691980362
0.0,0,0.1250782608985901
1.0,1,0.9978964328765869
1.0,0,0.36921826004981995
0.0,0,0.009732155129313469
0.0,0,0.04108442738652229
0.0,0,0.040432680398225784
1.0,1,0.9900904893875122
1.0,1,0.8767918944358826
0.0,0,0.14855708181858063
0.0,0,0.18753451108932495
0.0,0,0.3676653802394867
0.0,0,0.16252265870571136
1.0,0,0.03053208254277706
1.0,1,0.8108038306236267
1.0,1,0.9437804818153381
0.0,0,0.368268221616745
0.0,1,0.5304043292999268
1.0,1,0.8925501704216003
0.0,0,0.09620635956525803
1.0,1,0.8851059079170227
0.0,0,0.04099145159125328
1.0,1,0.4995763301849365
0.0,0,0.22788821160793304
1.0,1,0.9944656491279602
0.0,0,0.15488989651203156
0.0,0,0.010930820368230343
1.0,1,0.7958589196205139
0.0,1,0.4881373345851898
1.0,1,0.9823663234710693
1.0,1,0.980119526386261
1.0,0,0.4479902684688568
1.0,0,0.35371193289756775
0.0,1,0.5241491198539734
0.0,0,0.1541162133216858
1.0,1,0.6033809185028076
0.0,1,0.5772945880889893
1.0,1,0.9850104451179504
0.0,1,0.6118948459625244
0.0,0,0.08018174767494202
1.0,1,0.7130419015884399
1.0,1,0.9720497131347656
1.0,0,0.09053795784711838
0.0,0,0.32655975222587585
1.0,1,0.7963852882385254
0.0,0,0.01940682902932167
0.0,0,0.13129287958145142
1.0,1,0.9830060601234436
0.0,0,0.05185532197356224
1.0,1,0.9868850708007812
0.0,0,0.014635701663792133
1.0,1,0.683106005191803
1.0,1,0.9305233955383301
0.0,0,0.12608882784843445
1.0,1,0.5245974063873291
1.0,0,0.3196452856063843
1.0,1,0.876607358455658
0.0,0,0.3162265419960022
1.0,1,0.9944437146186829
0.0,0,0.01913633570075035
1.0,1,0.9747545719146729
0.0,0,0.09025785326957703
0.0,1,0.4619058668613434
1.0,1,0.9881147146224976
1.0,1,0.9752748608589172
0.0,0,0.15769390761852264
0.0,0,0.06570939719676971
1.0,0,0.3395706117153168
0.0,0,0.036586202681064606
1.0,1,0.9776695370674133
0.0,0,0.02036011964082718
1.0,1,0.9797711968421936
1.0,1,0.9104236364364624
1.0,1,0.7406789064407349
0.0,0,0.1861308068037033
1.0,1,0.6410441398620605
1.0,1,0.9988687634468079
0.0,0,0.2386283129453659
1.0,1,0.9780028462409973
0.0,0,0.07632371783256531
0.0,0,0.010840075090527534
0.0,1,0.7864946722984314
1.0,1,0.9853218793869019
0.0,0,0.2278687208890915
0.0,0,0.08696386218070984
0.0,1,0.4600331485271454
0.0,0,0.07511477917432785
0.0,0,0.009229636751115322
1.0,1,0.983157217502594
1.0,1,0.8039842844009399
0.0,0,0.15922631323337555
0.0,0,0.088941290974617
1.0,0,0.3712010085582733
1.0,0,0.08241558074951172
0.0,0,0.1095380187034607
1.0,0,0.23839610815048218
0.0,0,0.012505995109677315
0.0,0,0.01647132821381092
1.0,1,0.9010512828826904
0.0,0,0.03117491491138935
1.0,1,0.5420879125595093
0.0,0,0.030300067737698555
1.0,1,0.970604419708252
0.0,0,0.004469943232834339
0.0,1,0.8547571301460266
1.0,1,0.8043904304504395
0.0,0,0.028085831552743912
0.0,0,0.021544115617871284
0.0,0,0.012812605127692223
0.0,0,0.024334492161870003
1.0,1,0.9990455508232117
1.0,1,0.9428821802139282
0.0,0,0.11793500930070877
1.0,1,0.9059398770332336
1.0,0,0.3213905394077301
0.0,0,0.014727970585227013
1.0,0,0.18957902491092682
1.0,0,0.3100943863391876
0.0,0,0.11025459319353104
1.0,1,0.990881085395813
0.0,0,0.03090568073093891
0.0,0,0.007109351456165314
1.0,1,0.9891180396080017
0.0,1,0.7249042391777039
0.0,0,0.14173850417137146
1.0,1,0.9774182438850403
1.0,1,0.9890550374984741
0.0,0,0.017384232953190804
1.0,1,0.9792283773422241
0.0,0,0.1743888109922409
0.0,0,0.034066855907440186
0.0,0,0.24022357165813446
1.0,1,0.8920072913169861
1.0,1,0.8962383270263672
1.0,1,0.6954897046089172
0.0,0,0.029802372679114342
0.0,0,0.004562597721815109
1.0,1,0.7253683805465698
0.0,1,0.913995623588562
1.0,1,0.9994040727615356
1.0,1,0.9988573789596558
1.0,1,0.8944958448410034
1.0,1,0.9533538222312927
0.0,0,0.04814707487821579
1.0,1,0.9408463835716248
1.0,0,0.384287029504776
1.0,1,0.9915186762809753
1.0,1,0.9624318480491638
0.0,0,0.011056727729737759
0.0,0,0.02398701384663582
1.0,1,0.9666638970375061
1.0,1,0.6458832621574402
0.0,0,0.011410117149353027
0.0,0,0.057484932243824005
1.0,0,0.36423349380493164
0.0,0,0.005831318907439709
1.0,1,0.9964501857757568
1.0,1,0.9451932311058044
1.0,1,0.9664342999458313
1.0,1,0.9877158999443054
1.0,1,0.9957424998283386
1.0,1,0.9893509745597839
1.0,1,0.9856231212615967
1.0,1,0.47783297300338745
0.0,0,0.1654864102602005
0.0,0,0.3889577090740204
1.0,1,0.9450191259384155
1.0,1,0.997307538986206
1.0,1,0.6698802709579468
0.0,0,0.3448875844478607
0.0,1,0.9665277004241943
0.0,0,0.059868715703487396
0.0,0,0.011037858203053474
0.0,0,0.40764012932777405
1.0,1,0.675723671913147
0.0,0,0.0435459204018116
0.0,0,0.0035960518289357424
0.0,0,0.3483850657939911
0.0,0,0.406100869178772
1.0,1,0.9990127086639404
1.0,1,0.6630908846855164
1.0,1,0.8363947868347168
0.0,1,0.5180544853210449
0.0,1,0.6743150353431702
0.0,1,0.9246013164520264
1.0,1,0.5929198265075684
0.0,0,0.2800227999687195
0.0,0,0.05835481360554695
0.0,0,0.011520115658640862
1.0,1,0.894484281539917
1.0,0,0.09027291089296341
1.0,1,0.9535950422286987
1.0,1,0.761504590511322
1.0,1,0.9976089000701904
0.0,0,0.026907367631793022
1.0,0,0.30536919832229614
1.0,1,0.585729718208313
1.0,1,0.9690626263618469
0.0,1,0.9946910738945007
1.0,1,0.6222333908081055
0.0,1,0.8692182302474976
1.0,1,0.8553754687309265
1.0,0,0.24485048651695251
0.0,0,0.01073995977640152
0.0,0,0.001064957119524479
0.0,0,0.07018586993217468
0.0,1,0.5195642709732056
0.0,0,0.0542483814060688
1.0,1,0.8396534323692322
1.0,0,0.08209937065839767
0.0,0,0.03682941570878029
0.0,0,0.05871880054473877
0.0,1,0.8400678038597107
0.0,0,0.03813553601503372
1.0,1,0.9652239680290222
1.0,1,0.9968871474266052
0.0,0,0.23981602489948273
1.0,1,0.47214367985725403
1.0,0,0.12255226075649261
0.0,0,0.2975248396396637
1.0,1,0.9916567802429199
0.0,1,0.5648366808891296
1.0,1,0.9897269606590271
1.0,1,0.7991642355918884
0.0,0,0.21852080523967743
1.0,1,0.5563123226165771
0.0,1,0.5289538502693176
0.0,0,0.058252524584531784
0.0,0,0.4221339523792267
1.0,1,0.9721451997756958
0.0,1,0.9826566576957703
0.0,1,0.5118229389190674
0.0,0,0.013851286843419075
1.0,1,0.9821966886520386
1.0,1,0.9341238737106323
0.0,1,0.6920352578163147
0.0,0,0.19965805113315582
0.0,0,0.10189127177000046
1.0,0,0.32942092418670654
1.0,1,0.9440670609474182
1.0,1,0.978739857673645
1.0,1,0.8898586630821228
1.0,1,0.9726932644844055
1.0,1,0.9955583810806274
0.0,0,0.07464974373579025
1.0,0,0.03380439057946205
0.0,1,0.9025090932846069
0.0,0,0.14560802280902863
0.0,0,0.05240130051970482
0.0,1,0.9688633680343628
0.0,0,0.02237735688686371
1.0,1,0.6765985488891602
1.0,1,0.8580425977706909
1.0,0,0.2251305878162384
1.0,1,0.9922192096710205
1.0,1,0.9525399804115295
1.0,0,0.2971853017807007
0.0,0,0.09224522113800049
0.0,0,0.026456087827682495
0.0,0,0.048876795917749405
0.0,1,0.7623417973518372
0.0,0,0.02777748554944992
1.0,1,0.9547364711761475
0.0,0,0.059013742953538895
0.0,0,0.002294001402333379
1.0,1,0.9945921301841736
1.0,1,0.9808488488197327
1.0,1,0.9816946387290955
1.0,1,0.9321004748344421
1.0,1,0.9375534057617188
0.0,0,0.022535018622875214
0.0,0,0.014502067118883133
1.0,1,0.6677849888801575
1.0,1,0.9691309928894043
1.0,0,0.049226559698581696
1.0,1,0.8876674175262451
1.0,0,0.21977998316287994
1.0,1,0.5750170946121216
1.0,1,0.9978994131088257
1.0,1,0.6897488832473755
1.0,1,0.9229625463485718
0.0,0,0.042125068604946136
1.0,1,0.8076866865158081
1.0,1,0.9921590089797974
1.0,1,0.8110828399658203
1.0,1,0.939219057559967
1.0,1,0.9648553729057312
0.0,0,0.45016881823539734
1.0,0,0.015347554348409176
1.0,0,0.23731379210948944
0.0,0,0.017153596505522728
0.0,1,0.6620568633079529
0.0,0,0.14378471672534943
0.0,0,0.007937014102935791
1.0,1,0.682977020740509
1.0,1,0.9969255328178406
0.0,1,0.7277562618255615
1.0,1,0.9629810452461243
1.0,1,0.9832148551940918
1.0,1,0.9986373782157898
0.0,0,0.0155369583517313
0.0,1,0.46965402364730835
0.0,0,0.01204393059015274
0.0,0,0.01416387502104044
1.0,1,0.7766489386558533
0.0,0,0.19358305633068085
0.0,1,0.6966421008110046
1.0,1,0.9705570340156555
1.0,1,0.8914444446563721
1.0,1,0.9888878464698792
0.0,0,0.34328097105026245
1.0,1,0.8775120377540588
1.0,1,0.9888184666633606
1.0,1,0.6834702491760254
0.0,0,0.16936710476875305
0.0,0,0.05506541579961777
1.0,1,0.9901974201202393
1.0,1,0.997400164604187
0.0,0,0.004137563984841108
0.0,0,0.215860977768898
0.0,0,0.009723657742142677
0.0,0,0.03739145025610924
0.0,0,0.05516074597835541
1.0,1,0.9689674377441406
1.0,1,0.5028365850448608
0.0,0,0.24744975566864014
1.0,1,0.7849078178405762
1.0,0,0.3967168629169464
0.0,0,0.39670079946517944
1.0,0,0.3933038115501404
0.0,0,0.05182460695505142
0.0,0,0.35532087087631226
0.0,0,0.1086932122707367
1.0,1,0.9984893798828125
0.0,0,0.1530890315771103
0.0,0,0.22681225836277008
1.0,1,0.7612605094909668
0.0,1,0.8588328957557678
0.0,0,0.12379796802997589
1.0,1,0.8812490701675415
1.0,0,0.10523628443479538
1.0,1,0.9944135546684265
0.0,0,0.3592306077480316
0.0,0,0.12594754993915558
1.0,1,0.9669128656387329
0.0,1,0.7399887442588806
0.0,0,0.1792866289615631
0.0,0,0.024771947413682938
1.0,1,0.5145481824874878
1.0,1,0.9853772521018982
1.0,1,0.9511432647705078
1.0,1,0.9693490266799927
0.0,1,0.8869194388389587
1.0,1,0.9884059429168701
0.0,1,0.5611478686332703
0.0,1,0.5477445125579834
1.0,1,0.9459326267242432
0.0,0,0.1783052235841751
1.0,0,0.3176697790622711
0.0,0,0.19184722006320953
0.0,0,0.30722254514694214
0.0,0,0.04852750897407532
0.0,0,0.36528125405311584
0.0,0,0.2629886567592621
1.0,1,0.9980078339576721
1.0,1,0.9656655192375183
1.0,1,0.9681705236434937
1.0,1,0.9943702816963196
1.0,1,0.9915140271186829
1.0,1,0.89960116147995
1.0,1,0.5155232548713684
0.0,0,0.2500469386577606
0.0,0,0.06517032533884048
1.0,1,0.8783667683601379
1.0,1,0.8869185447692871
1.0,0,0.18003614246845245
1.0,0,0.23549909889698029
1.0,1,0.9991849064826965
1.0,1,0.9974379539489746
1.0,1,0.5743899345397949
0.0,0,0.19165098667144775
0.0,1,0.49489647150039673
0.0,0,0.015193251892924309
0.0,0,0.0867076963186264
1.0,0,0.3164440095424652
0.0,0,0.41592928767204285
0.0,1,0.5672862529754639
0.0,0,0.08681639283895493
0.0,1,0.5295227766036987
0.0,0,0.025663020089268684
1.0,1,0.9156541228294373
1.0,0,0.28519657254219055
0.0,0,0.09292944520711899
1.0,1,0.9940518736839294
0.0,1,0.8976982831954956
1.0,1,0.9814341068267822
1.0,1,0.9886356592178345
0.0,0,0.10314708203077316
0.0,0,0.3610551357269287
1.0,1,0.9860338568687439
1.0,1,0.9861881136894226
0.0,0,0.004613562487065792
0.0,0,0.24234098196029663
0.0,1,0.6098963022232056
1.0,1,0.9331651926040649
1.0,0,0.03513887897133827
1.0,1,0.544150173664093
0.0,0,0.0018372893100604415
0.0,1,0.693474292755127
1.0,1,0.9912928938865662
1.0,1,0.9941582679748535
1.0,1,0.8851036429405212
0.0,1,0.7785295248031616
0.0,0,0.3164646327495575
0.0,0,0.03776601329445839
1.0,1,0.48546943068504333
1.0,1,0.9977329969406128
1.0,1,0.9535232186317444
0.0,0,0.05759895592927933
0.0,0,0.017080018296837807
1.0,1,0.5908439755439758
1.0,1,0.4666544198989868
1.0,1,0.9973969459533691
1.0,1,0.588618278503418
0.0,1,0.8228179812431335
0.0,0,0.15317173302173615
1.0,1,0.9944148063659668
0.0,0,0.022786756977438927
0.0,0,0.2940004765987396
1.0,1,0.9986870884895325
0.0,0,0.022478638216853142
1.0,1,0.9712772369384766
1.0,1,0.6667636632919312
1.0,0,0.2425212413072586
1.0,0,0.09628323465585709
1.0,1,0.9935972690582275
1.0,1,0.9921640157699585
0.0,1,0.8427069187164307
0.0,0,0.007272052578628063
0.0,1,0.7374612092971802
0.0,0,0.06518559157848358
0.0,0,0.22118240594863892
0.0,0,0.016206908971071243
1.0,1,0.8445371985435486
1.0,1,0.9597069025039673
1.0,1,0.9718050956726074
0.0,0,0.16629955172538757
0.0,1,0.6668711304664612
1.0,1,0.9996652603149414
0.0,0,0.10281867533922195
1.0,1,0.9860469698905945
1.0,1,0.5775381922721863
0.0,0,0.06872785836458206
1.0,1,0.6570134162902832
1.0,1,0.9834603667259216
0.0,0,0.3045244812965393
0.0,0,0.19294454157352448
0.0,0,0.21998454630374908
1.0,1,0.9849361777305603
1.0,1,0.9666301608085632
0.0,0,0.012518231756985188
0.0,0,0.2433185577392578
0.0,0,0.007919401861727238
1.0,1,0.8445015549659729
0.0,0,0.1921357363462448
0.0,0,0.11644440144300461
0.0,0,0.08532796055078506
0.0,0,0.43548065423965454
1.0,1,0.46363431215286255
0.0,1,0.7888380289077759
0.0,0,0.03487931191921234
0.0,1,0.8488972187042236
1.0,1,0.9938667416572571
0.0,0,0.05062645673751831
1.0,1,0.9688463807106018
1.0,1,0.9496389627456665
1.0,1,0.9372816681861877
1.0,1,0.955355167388916
1.0,1,0.9942882061004639
0.0,0,0.3609864115715027
0.0,0,0.016494564712047577
0.0,1,0.8519854545593262
1.0,1,0.7727308869361877
0.0,0,0.10489199310541153
1.0,1,0.9693183302879333
1.0,1,0.7876259684562683
0.0,0,0.15759389102458954
1.0,1,0.683283269405365
1.0,0,0.16674299538135529
0.0,0,0.008256426081061363
0.0,0,0.01691620610654354
0.0,1,0.5108960270881653
1.0,0,0.10473200678825378
0.0,0,0.09741099923849106
1.0,1,0.9459510445594788
1.0,1,0.9822590351104736
0.0,0,0.0020168963819742203
1.0,1,0.5989079475402832
0.0,0,0.01785745844244957
0.0,0,0.006533177103847265
0.0,0,0.05469037964940071
0.0,1,0.8952085375785828
0.0,0,0.030674919486045837
0.0,0,0.07663824409246445
0.0,0,0.0019911921117454767
0.0,0,0.021539459004998207
0.0,0,0.008985581807792187
0.0,0,0.18858583271503448
0.0,0,0.39236146211624146
0.0,1,0.46345460414886475
0.0,1,0.6404798626899719
0.0,1,0.5537068843841553
1.0,1,0.7204494476318359
1.0,0,0.07682988047599792
0.0,0,0.19210895895957947
0.0,0,0.010814586654305458
0.0,1,0.527703046798706
1.0,1,0.8920413851737976
0.0,0,0.25753793120384216
1.0,1,0.9512511491775513
1.0,1,0.9351997375488281
1.0,1,0.996760904788971
1.0,1,0.9767073392868042
0.0,1,0.668716311454773
1.0,1,0.8577282428741455
1.0,1,0.9604379534721375
0.0,0,0.22894619405269623
0.0,0,0.3706144094467163
1.0,1,0.8186033368110657
1.0,1,0.7192303538322449
0.0,0,0.06775929033756256
1.0,1,0.9909591674804688
0.0,0,0.0957903265953064
0.0,0,0.03890985995531082
1.0,1,0.9997275471687317
0.0,0,0.3075648844242096
0.0,1,0.46442440152168274
1.0,1,0.9467132091522217
1.0,1,0.9124906063079834
1.0,1,0.7998405694961548
1.0,1,0.9925456643104553
1.0,1,0.9867247343063354
0.0,1,0.7674785256385803
1.0,1,0.9638037085533142
1.0,1,0.9890417456626892
1.0,1,0.9642698764801025
0.0,1,0.7824192047119141
1.0,1,0.9298214912414551
0.0,0,0.01094463374465704
0.0,1,0.7993971705436707
0.0,1,0.7950723767280579
1.0,0,0.07663363218307495
0.0,0,0.045342765748500824
1.0,1,0.9705416560173035
1.0,1,0.9887056946754456
0.0,1,0.5785810351371765
0.0,1,0.920074999332428
0.0,0,0.017486300319433212
1.0,1,0.8921845555305481
1.0,0,0.3071073293685913
1.0,1,0.7830929160118103
1.0,1,0.7243787050247192
1.0,1,0.9388592839241028
1.0,0,0.1958121955394745
1.0,0,0.014043389819562435
0.0,1,0.8509396314620972
0.0,1,0.6430880427360535
1.0,1,0.8507099151611328
0.0,0,0.0040547228418290615
0.0,0,0.007801808882504702
0.0,0,0.020312858745455742
1.0,1,0.9073154926300049
1.0,1,0.8897861242294312
0.0,0,0.06352550536394119
1.0,1,0.8504974842071533
0.0,1,0.5849950313568115
1.0,1,0.9579576253890991
0.0,0,0.0007483731023967266
1.0,1,0.9873691201210022
1.0,1,0.9358623623847961
1.0,1,0.9406245350837708
0.0,0,0.00843027513474226
0.0,0,0.18318083882331848
0.0,0,0.029584527015686035
0.0,0,0.16882985830307007
0.0,0,0.08688586205244064
0.0,0,0.011513395234942436
1.0,0,0.29356682300567627
1.0,1,0.6284617781639099
1.0,1,0.9941044449806213
0.0,0,0.003540739882737398
0.0,0,0.11662818491458893
0.0,0,0.05162036418914795
1.0,1,0.9968504309654236
1.0,1,0.8645470142364502
1.0,1,0.9514458775520325
1.0,1,0.8678891062736511
1.0,1,0.9863860607147217
0.0,0,0.18783757090568542
1.0,1,0.9271867275238037
0.0,0,0.020253267139196396
1.0,0,0.18540380895137787
1.0,1,0.9965741634368896
1.0,0,0.37992072105407715
1.0,1,0.8723726272583008
1.0,1,0.8457540273666382
0.0,0,0.40328651666641235
1.0,0,0.21071961522102356
1.0,1,0.9254684448242188
1.0,1,0.9779256582260132
1.0,1,0.9663839340209961
0.0,0,0.021474728360772133
0.0,0,0.13064204156398773
0.0,0,0.17062412202358246
0.0,1,0.8671810030937195
0.0,0,0.19171716272830963
0.0,1,0.6208050847053528
1.0,1,0.9828700423240662
1.0,1,0.8509232997894287
0.0,0,0.004919502884149551
1.0,1,0.7036200761795044
1.0,0,0.2789892852306366
0.0,0,0.08297959715127945
0.0,0,0.39464229345321655
1.0,1,0.9744294881820679
1.0,1,0.889013409614563
1.0,1,0.8044130802154541
0.0,0,0.2912110686302185
0.0,0,0.1538468301296234
0.0,0,0.10821507126092911
0.0,0,0.22026506066322327
0.0,0,0.06122446432709694
0.0,0,0.4173396825790405
1.0,1,0.7625288963317871
1.0,1,0.48766881227493286
0.0,0,0.02934350073337555
1.0,1,0.8038036227226257
0.0,1,0.9641240239143372
0.0,1,0.8495541214942932
0.0,0,0.028338905423879623
1.0,1,0.6181449890136719
1.0,0,0.40821897983551025
1.0,1,0.9393907189369202
0.0,0,0.006676462944597006
0.0,0,0.017935393378138542
0.0,0,0.057550109922885895
0.0,0,0.06817510724067688
0.0,1,0.977042555809021
1.0,1,0.9715242981910706
1.0,0,0.22970354557037354
1.0,1,0.9960507750511169
1.0,0,0.004626684822142124
0.0,1,0.49070754647254944
1.0,1,0.853471040725708
1.0,1,0.9632773995399475
1.0,1,0.5883088707923889
0.0,0,0.21875864267349243
0.0,0,0.025076860561966896
1.0,1,0.5777616500854492
1.0,1,0.9964356422424316
0.0,0,0.4064439535140991
0.0,0,0.14702649414539337
1.0,1,0.9410809278488159
1.0,1,0.999234676361084
1.0,0,0.1441708654165268
0.0,0,0.3548578917980194
0.0,1,0.7758795619010925
1.0,1,0.8720332980155945
1.0,1,0.9898894429206848
1.0,1,0.984852135181427
1.0,1,0.9227034449577332
1.0,1,0.9921444654464722
1.0,1,0.9784714579582214
0.0,0,0.2714194655418396
0.0,0,0.026369396597146988
1.0,1,0.9590915441513062
1.0,1,0.9954581260681152
0.0,0,0.030375869944691658
1.0,1,0.9386566877365112
0.0,0,0.0025099075865000486
0.0,0,0.15485472977161407
0.0,0,0.007529970724135637
1.0,1,0.9660289287567139
0.0,0,0.07089193165302277
0.0,0,0.025486132130026817
0.0,1,0.7378602623939514
0.0,0,0.06803698092699051
0.0,1,0.5834110379219055
0.0,0,0.09179671108722687
0.0,0,0.009917770512402058
0.0,0,0.0009180802735500038
1.0,1,0.8945449590682983
0.0,0,0.003790299640968442
1.0,1,0.7964001893997192
0.0,0,0.37209394574165344
1.0,1,0.8989287614822388
1.0,0,0.28284502029418945
0.0,0,0.0004821947659365833
1.0,0,0.01174668688327074
1.0,1,0.4924992620944977
1.0,1,0.6606833338737488
0.0,0,0.1916743963956833
0.0,1,0.6458428502082825
1.0,1,0.944681704044342
1.0,1,0.9951210618019104
0.0,0,0.4507296085357666
0.0,0,0.06438185274600983
0.0,1,0.553597629070282
1.0,0,0.19087103009223938
1.0,0,0.048169542104005814
0.0,0,0.3404645323753357
0.0,0,0.030385060235857964
1.0,1,0.5643442273139954
0.0,0,0.0014087515883147717
0.0,0,0.30951565504074097
0.0,0,0.14880263805389404
0.0,0,0.010476305149495602
1.0,1,0.9980508089065552
1.0,1,0.8271734714508057
1.0,1,0.9926611185073853
0.0,0,0.1767783910036087
1.0,1,0.9713488221168518
0.0,0,0.253974050283432
0.0,0,0.2467135488986969
0.0,0,0.12350619584321976
1.0,1,0.7917237281799316
0.0,0,0.21579016745090485
1.0,0,0.12081267684698105
1.0,0,0.2608281075954437
0.0,0,0.1058509349822998
0.0,0,0.25703293085098267
1.0,1,0.5341489315032959
0.0,1,0.626459002494812
0.0,0,0.37269431352615356
1.0,0,0.052443910390138626
0.0,1,0.9687345027923584
1.0,1,0.948554515838623
0.0,0,0.14838439226150513
0.0,0,0.15113113820552826
1.0,0,0.07175622135400772
1.0,1,0.9025617837905884
1.0,1,0.6453875303268433
0.0,0,0.04099937528371811
1.0,1,0.758141040802002
0.0,0,0.004584730137139559
1.0,1,0.9735079407691956
1.0,1,0.948162317276001
0.0,1,0.9431461691856384
1.0,1,0.9759732484817505
1.0,1,0.9775474071502686
0.0,0,0.07223378121852875
1.0,1,0.8657568097114563
1.0,1,0.8447754383087158
1.0,1,0.9919905066490173
0.0,0,0.018207797780632973
0.0,1,0.5065440535545349
1.0,1,0.985511839389801
0.0,1,0.5061765313148499
0.0,1,0.8052234649658203
0.0,0,0.1359238177537918
0.0,0,0.3721585273742676
0.0,0,0.007066049613058567
1.0,1,0.7279499173164368
0.0,0,0.3881790041923523
1.0,1,0.6952545642852783
0.0,1,0.8339704871177673
0.0,0,0.12970207631587982
0.0,0,0.15972019731998444
0.0,0,0.13657942414283752
1.0,1,0.7561673521995544
0.0,1,0.7194833755493164
0.0,0,0.006155331153422594
1.0,1,0.9187713265419006
1.0,0,0.24069461226463318
0.0,0,0.24216561019420624
0.0,0,0.23828239738941193
0.0,0,0.16115017235279083
0.0,1,0.7506473064422607
0.0,1,0.7650233507156372
1.0,1,0.8357963562011719
1.0,1,0.9047592878341675
1.0,1,0.9577303528785706
1.0,0,0.1346782147884369
0.0,0,0.19839723408222198
1.0,1,0.9254628419876099
1.0,1,0.7994146943092346
1.0,0,0.11506831645965576
0.0,1,0.7749978303909302
0.0,0,0.2968309223651886
0.0,1,0.6147079467773438
1.0,1,0.5761629939079285
0.0,0,0.43575572967529297
0.0,0,0.01695435866713524
1.0,1,0.6810213327407837
0.0,1,0.9547399878501892
1.0,1,0.9636856317520142
1.0,0,0.3049640357494354
0.0,1,0.9655570387840271
0.0,0,0.016354965046048164
1.0,1,0.8930356502532959
0.0,0,0.16831374168395996
0.0,0,0.008572944439947605
0.0,1,0.9806233644485474
0.0,0,0.3958985209465027
1.0,1,0.9899911880493164
0.0,0,0.09245471656322479
1.0,1,0.5481894016265869
0.0,0,0.03773871436715126
0.0,0,0.13033972680568695
1.0,1,0.7396419048309326
0.0,0,0.06207134202122688
0.0,1,0.9394577741622925
1.0,1,0.9444006681442261
0.0,0,0.16872219741344452
0.0,1,0.8852860927581787
0.0,1,0.7813829183578491
1.0,1,0.9945186972618103
0.0,0,0.0952998548746109
1.0,0,0.27218097448349
0.0,0,0.14553479850292206
1.0,1,0.9871149063110352
0.0,0,0.2539864778518677
1.0,0,0.15101273357868195
1.0,1,0.997241735458374
1.0,1,0.8144234418869019
1.0,1,0.9974103569984436
1.0,1,0.9895514845848083
1.0,1,0.9881858825683594
0.0,0,0.05254567787051201
1.0,1,0.9979573488235474
1.0,1,0.902333676815033
1.0,1,0.9834923148155212
1.0,1,0.9943963289260864
1.0,1,0.9607252478599548
0.0,1,0.6307200193405151
1.0,1,0.8618742823600769
1.0,1,0.8848663568496704
1.0,1,0.984372615814209
0.0,0,0.05722368136048317
1.0,1,0.8710095286369324
1.0,1,0.9155622124671936
1.0,1,0.885779082775116
1.0,1,0.9824600219726562
0.0,0,0.109032042324543
0.0,0,0.021881110966205597
0.0,0,0.00037044502096250653
0.0,0,0.4452840983867645
1.0,1,0.9597563147544861
1.0,1,0.9246893525123596
0.0,0,0.027961546555161476
1.0,1,0.9276403188705444
0.0,0,0.11259755492210388
0.0,0,0.02805742248892784
0.0,0,0.08040974289178848
1.0,1,0.751578152179718
0.0,0,0.06039372459053993
0.0,0,0.027840441092848778
1.0,0,0.29813989996910095
1.0,1,0.9971691966056824
1.0,0,0.17304754257202148
0.0,1,0.5687792897224426
0.0,0,0.15940935909748077
1.0,1,0.9559723734855652
0.0,0,0.10707592219114304
0.0,0,0.03921894356608391
0.0,1,0.9102109670639038
0.0,0,0.06776615232229233
0.0,0,0.09422561526298523
1.0,0,0.3577483594417572
0.0,0,0.0619012787938118
1.0,1,0.4797653555870056
1.0,1,0.9587513208389282
1.0,1,0.939121425151825
1.0,1,0.9870312809944153
1.0,1,0.9969612956047058
1.0,1,0.6491018533706665
0.0,1,0.8025277256965637
0.0,0,0.4358069896697998
1.0,1,0.821286678314209
0.0,0,0.016834547743201256
1.0,0,0.11238408833742142
1.0,1,0.5504989624023438
1.0,0,0.34139174222946167
0.0,0,0.09520725905895233
0.0,0,0.025949401780962944
1.0,1,0.9971936941146851
1.0,1,0.9497009515762329
0.0,0,0.02534438855946064
1.0,0,0.3684738874435425
1.0,1,0.8328637480735779
1.0,1,0.813923180103302
0.0,0,0.03992115333676338
0.0,0,0.1484011709690094
1.0,1,0.9881995916366577
0.0,0,0.0027002706192433834
0.0,0,0.10135447233915329
1.0,1,0.7888138890266418
0.0,0,0.047275885939598083
0.0,0,0.005225266329944134
0.0,1,0.5624152421951294
1.0,1,0.9772815704345703
0.0,0,0.31848374009132385
0.0,0,0.0764044001698494
0.0,0,0.2124907523393631
0.0,0,0.013532728888094425
1.0,1,0.8105539679527283
0.0,0,0.029029440134763718
1.0,1,0.9644931554794312
1.0,1,0.5231083035469055
0.0,0,0.052138544619083405
1.0,1,0.5303442478179932
1.0,0,0.26742780208587646
1.0,1,0.670852780342102
0.0,0,0.21650363504886627
1.0,1,0.46270114183425903
1.0,1,0.8847311735153198
1.0,1,0.9612130522727966
1.0,0,0.18241500854492188
1.0,1,0.7555371522903442
1.0,1,0.9886088371276855
0.0,0,0.031038803979754448
1.0,1,0.8431625962257385
0.0,0,0.018305474892258644
0.0,1,0.5212137699127197
0.0,0,0.02300432324409485
1.0,1,0.5844808220863342
0.0,0,0.08732588589191437
1.0,1,0.9967149496078491
0.0,0,0.2175842672586441
1.0,1,0.8124690651893616
0.0,0,0.12587909400463104
0.0,0,0.019809819757938385
1.0,1,0.9739757776260376
0.0,0,0.13403938710689545
1.0,1,0.9961888194084167
0.0,0,0.297014981508255
1.0,1,0.9984527826309204
1.0,1,0.7818237543106079
0.0,0,0.005793571472167969
1.0,0,0.44090133905410767
0.0,0,0.05422153323888779
1.0,1,0.8560341000556946
0.0,0,0.011506820097565651
0.0,1,0.9860337376594543
0.0,0,0.003224502084776759
1.0,1,0.9307374358177185
0.0,0,0.009628553874790668
1.0,1,0.8702850341796875
0.0,0,0.02270429953932762
1.0,1,0.9087772965431213
1.0,1,0.7408799529075623
1.0,1,0.8768914341926575
0.0,0,0.09854047745466232
1.0,1,0.9786019325256348
1.0,1,0.9895175099372864
0.0,0,0.24348227679729462
1.0,1,0.9913330674171448
0.0,0,0.16430148482322693
0.0,0,0.0688323900103569
0.0,0,0.0391031950712204
1.0,1,0.9806485772132874
0.0,0,0.3305619955062866
1.0,1,0.9848784804344177
1.0,1,0.9603772163391113
0.0,0,0.3521730899810791
1.0,0,0.15472623705863953
1.0,1,0.9861089587211609
0.0,0,0.0006546195945702493
1.0,1,0.565811812877655
0.0,0,0.3021707236766815
1.0,1,0.9560514688491821
1.0,1,0.9255027770996094
1.0,0,0.3950049877166748
0.0,0,0.15137667953968048
0.0,0,0.4305194914340973
1.0,1,0.9447564482688904
0.0,0,0.24679559469223022
0.0,0,0.32872694730758667
1.0,0,0.21322102844715118
1.0,1,0.9409942626953125
1.0,1,0.973199725151062
1.0,1,0.7716663479804993
0.0,0,0.4373677372932434
1.0,1,0.9803441762924194
1.0,1,0.971834123134613
1.0,1,0.9869914650917053
1.0,1,0.9224614500999451
0.0,0,0.38268518447875977
1.0,1,0.9962669014930725
0.0,1,0.6532331109046936
1.0,1,0.9915304183959961
0.0,0,0.017040420323610306
0.0,0,0.16070696711540222
1.0,1,0.5735911130905151
1.0,1,0.9738216996192932
0.0,0,0.22232234477996826
0.0,0,0.06856425106525421
1.0,1,0.5202333927154541
0.0,0,0.021804220974445343
1.0,0,0.30039170384407043
0.0,0,0.015657614916563034
0.0,0,0.012439819984138012
0.0,0,0.25499287247657776
0.0,0,0.36911460757255554
0.0,0,0.009599613957107067
0.0,0,0.14416752755641937
1.0,1,0.6605303287506104
0.0,0,0.31178370118141174
1.0,1,0.8180249929428101
0.0,0,0.020219836384058
1.0,1,0.5411627292633057
1.0,1,0.9809960126876831
0.0,0,0.16842281818389893
0.0,0,0.03447373956441879
0.0,0,0.026151467114686966
1.0,1,0.6885834336280823
0.0,0,0.13379733264446259
0.0,1,0.5414873957633972
0.0,0,0.019592490047216415
1.0,1,0.8033508658409119
0.0,0,0.13446848094463348
0.0,0,0.457487016916275
0.0,0,0.2983131408691406
0.0,0,0.3937426209449768
1.0,1,0.9984856247901917
1.0,1,0.9704773426055908
0.0,1,0.5103065371513367
0.0,0,0.03237309679389
1.0,0,0.045612867921590805
1.0,1,0.9983193278312683
0.0,0,0.020078161731362343
1.0,1,0.7826855182647705
0.0,0,0.14460095763206482
1.0,0,0.4528404176235199
0.0,1,0.6672906279563904
1.0,1,0.5781100988388062
1.0,1,0.9934413433074951
1.0,1,0.9966914653778076
0.0,0,0.009133893065154552
1.0,1,0.7112473845481873
1.0,1,0.967719316482544
1.0,1,0.8704750537872314
0.0,1,0.9993439316749573
1.0,0,0.04669492319226265
0.0,0,0.01658000983297825
0.0,0,0.3892713189125061
0.0,0,0.3525099754333496
1.0,1,0.9783738851547241
0.0,0,0.12908464670181274
1.0,1,0.9838848114013672
0.0,1,0.8802398443222046
1.0,1,0.959609866142273
1.0,1,0.9973209500312805
0.0,1,0.9538602828979492
0.0,0,0.049768973141908646
1.0,1,0.9936550855636597
0.0,0,0.07560161501169205
1.0,1,0.9730696678161621
0.0,1,0.8303912281990051
1.0,1,0.6111932396888733
0.0,0,0.16084128618240356
1.0,0,0.07640742510557175
0.0,1,0.5802907347679138
0.0,0,0.12025848031044006
1.0,1,0.9931125044822693
1.0,0,0.020341934636235237
0.0,0,0.10250450670719147
0.0,0,0.0860956534743309
1.0,0,0.04831691458821297
0.0,1,0.5518123507499695
0.0,0,0.002668168395757675
0.0,0,0.007519746199250221
0.0,0,0.28648924827575684
1.0,1,0.8329333066940308
1.0,1,0.9508388042449951
1.0,0,0.07837911695241928
1.0,0,0.010642369277775288
0.0,1,0.551783561706543
0.0,0,0.11120925098657608
0.0,0,0.05784757807850838
1.0,1,0.8975861668586731
0.0,0,0.06389017403125763
1.0,1,0.9606204032897949
1.0,1,0.9450917840003967
0.0,0,0.013917212374508381
1.0,0,0.2189580351114273
1.0,1,0.9849045276641846
1.0,1,0.9906507730484009
1.0,0,0.2785249650478363
1.0,1,0.9680822491645813
1.0,1,0.9413437843322754
1.0,1,0.9967790246009827
1.0,1,0.9480652213096619
0.0,0,0.007559230085462332
1.0,1,0.9842462539672852
0.0,0,0.1415577530860901
1.0,1,0.9473584294319153
0.0,0,0.005577452015131712
0.0,0,0.010611891746520996
0.0,0,0.021983221173286438
1.0,1,0.9982302784919739
0.0,0,0.10529454797506332
1.0,1,0.993867814540863
0.0,0,0.12195359170436859
0.0,1,0.9632877111434937
1.0,1,0.458236962556839
0.0,0,0.41988319158554077
0.0,0,0.01787971705198288
1.0,0,0.4248877465724945
1.0,1,0.9832793474197388
0.0,1,0.6287145614624023
1.0,1,0.673270046710968
0.0,0,0.10757183283567429
0.0,1,0.5486758351325989
0.0,0,0.11595677584409714
0.0,0,0.26041334867477417
0.0,0,0.2960514426231384
1.0,1,0.5138280391693115
1.0,1,0.9842320680618286
0.0,1,0.5045667886734009
0.0,0,2.274585494888015e-05
1.0,1,0.9805168509483337
1.0,1,0.9929754734039307
0.0,0,0.02813504822552204
1.0,1,0.9919169545173645
0.0,0,0.443512886762619
0.0,0,0.30256959795951843
1.0,1,0.9905946254730225
1.0,1,0.9729645252227783
0.0,0,0.008981823921203613
0.0,0,0.10622593760490417
1.0,1,0.9183854460716248
1.0,0,0.19119083881378174
0.0,0,0.010396568104624748
1.0,1,0.9683861136436462
1.0,1,0.9787929654121399
0.0,0,0.30385276675224304
1.0,0,0.35226720571517944
0.0,0,0.0025879067834466696
0.0,0,0.02275947295129299
1.0,1,0.5505020618438721
0.0,0,0.007088385988026857
1.0,1,0.9882208108901978
1.0,0,0.3170273005962372
0.0,0,0.03621537238359451
0.0,0,0.06662817299365997
0.0,0,0.019487159326672554
1.0,1,0.9961667656898499
0.0,0,0.04817457124590874
1.0,0,0.06264648586511612
0.0,0,0.023274097591638565
0.0,0,0.0013537489576265216
0.0,0,0.04703091084957123
1.0,0,0.04969582334160805
1.0,0,0.2058747261762619
0.0,0,0.006344808265566826
0.0,0,0.24694810807704926
0.0,0,0.09185021370649338
1.0,1,0.8897238373756409
1.0,1,0.9565843939781189
1.0,1,0.986467182636261
0.0,1,0.6616630554199219
1.0,0,0.19039729237556458
1.0,1,0.8107194900512695
0.0,0,0.00520278187468648
1.0,1,0.9563519954681396
0.0,0,0.09931871294975281
1.0,1,0.9892082810401917
1.0,1,0.8655776381492615
0.0,0,0.11567050218582153
1.0,1,0.6345351338386536
0.0,0,0.056368760764598846
0.0,0,0.17078571021556854
0.0,0,0.03293431177735329
1.0,0,0.3895648419857025
1.0,1,0.8473389148712158
0.0,0,0.239090695977211
0.0,0,0.02981492131948471
0.0,0,0.28601956367492676
1.0,1,0.7455257773399353
0.0,1,0.4947413206100464
0.0,0,0.003503733314573765
0.0,1,0.7765651941299438
0.0,0,0.07709579914808273
1.0,0,0.02700747735798359
0.0,0,0.011118441820144653
1.0,1,0.6379575133323669
1.0,1,0.9935799837112427
1.0,0,0.018915558233857155
0.0,0,0.23900508880615234
0.0,1,0.7587493062019348
1.0,1,0.9299324154853821
1.0,1,0.9963563680648804
0.0,0,0.023614753037691116
0.0,1,0.7412062287330627
0.0,0,0.19647088646888733
1.0,1,0.9925867915153503
1.0,1,0.9978589415550232
0.0,0,0.26349055767059326
0.0,0,0.11765848845243454
0.0,0,0.08651405572891235
1.0,1,0.894597053527832
1.0,1,0.9796106815338135
1.0,1,0.9988825917243958
0.0,0,0.015120216645300388
0.0,0,0.11418624967336655
1.0,1,0.9888133406639099
0.0,1,0.6517640948295593
0.0,0,0.05039440840482712
1.0,1,0.9839131236076355
1.0,1,0.9928458333015442
0.0,0,0.18812228739261627
0.0,0,0.03752204030752182
1.0,1,0.9838179349899292
0.0,0,0.16083870828151703
0.0,0,0.04663706570863724
1.0,1,0.9135007262229919
0.0,0,0.11099349707365036
1.0,1,0.9970020651817322
0.0,0,0.26931843161582947
1.0,1,0.9846241474151611
0.0,0,0.2208944410085678
1.0,0,0.4507864713668823
1.0,1,0.9590311646461487
0.0,1,0.6720765233039856
1.0,0,0.1801626831293106
0.0,1,0.8604074716567993
1.0,0,0.4094083607196808
1.0,0,0.4120844304561615
0.0,0,0.39643001556396484
1.0,0,0.2597939670085907
0.0,0,0.00406680116429925
0.0,0,0.005875793751329184
1.0,1,0.9971229434013367
1.0,1,0.9895192384719849
0.0,1,0.8192925453186035
0.0,0,0.04310773313045502
0.0,0,0.1310742050409317
1.0,0,0.4069491922855377
1.0,1,0.9830203652381897
0.0,0,0.40475478768348694
1.0,1,0.9766287207603455
1.0,1,0.9705455899238586
1.0,1,0.5555486679077148
0.0,0,0.008815839886665344
0.0,0,0.11466268450021744
0.0,0,0.23240679502487183
0.0,1,0.6681580543518066
0.0,1,0.5050505995750427
0.0,0,0.020143460482358932
1.0,1,0.9991893172264099
0.0,0,0.07621151953935623
1.0,1,0.9656796455383301
1.0,1,0.9990478157997131
1.0,1,0.9920319318771362
0.0,1,0.6497389674186707
0.0,0,0.05759958550333977
0.0,0,0.033127594739198685
1.0,1,0.9411261081695557
0.0,0,0.07531354576349258
1.0,1,0.9908185601234436
0.0,0,0.2578551173210144
1.0,1,0.9909940361976624
1.0,1,0.997209370136261
1.0,0,0.10666091740131378
1.0,1,0.9984766840934753
1.0,0,0.15145933628082275
0.0,1,0.8104974627494812
1.0,0,0.37456080317497253
0.0,0,0.06407707929611206
0.0,1,0.9417762160301208
1.0,1,0.9713957905769348
0.0,1,0.4688977003097534
1.0,1,0.9485935568809509
0.0,1,0.9716718196868896
0.0,0,0.3777797222137451
1.0,0,0.17290239036083221
1.0,1,0.8231292963027954
1.0,0,0.39606788754463196
1.0,0,0.24844443798065186
0.0,0,0.04400952160358429
1.0,1,0.49241358041763306
1.0,1,0.9642225503921509
1.0,1,0.9920554757118225
1.0,1,0.7294479608535767
0.0,0,0.01064540259540081
1.0,1,0.9917600750923157
0.0,0,0.08867296576499939
0.0,0,0.11256939172744751
0.0,1,0.4767773151397705
0.0,0,0.007005235180258751
1.0,0,0.35275641083717346
1.0,1,0.6429084539413452
0.0,1,0.8638572096824646
0.0,0,0.022166986018419266
0.0,0,0.35222169756889343
0.0,0,0.028035396710038185
1.0,1,0.9950110912322998
0.0,0,0.3738500773906708
0.0,0,0.1229659914970398
1.0,1,0.7322969436645508
0.0,0,0.05601194500923157
1.0,1,0.9347683191299438
0.0,1,0.7654222846031189
0.0,0,0.36536702513694763
1.0,1,0.7937190532684326
0.0,0,0.012395366095006466
0.0,0,0.39885058999061584
0.0,0,0.32272103428840637
0.0,0,0.15464353561401367
1.0,1,0.7180113196372986
1.0,1,0.8430777192115784
1.0,1,0.9558753371238708
0.0,0,0.00264570489525795
0.0,0,0.01436912827193737
0.0,0,0.04970156401395798
0.0,0,0.028034482151269913
1.0,1,0.8176659345626831
0.0,0,0.1955787092447281
1.0,1,0.9580159783363342
0.0,0,0.07688812166452408
0.0,0,0.3751452565193176
0.0,0,0.05445713922381401
0.0,1,0.7967708706855774
1.0,1,0.9478545188903809
1.0,1,0.9627295136451721
0.0,0,0.1788676530122757
1.0,0,0.40380656719207764
0.0,0,0.3241141140460968
0.0,0,0.09057129919528961
1.0,1,0.9929465651512146
0.0,0,0.009617256000638008
1.0,1,0.9818124771118164
0.0,0,0.01082718838006258
0.0,1,0.8500094413757324
0.0,1,0.7049549221992493
1.0,0,0.3195165991783142
0.0,0,0.039043981581926346
1.0,0,0.41799357533454895
1.0,1,0.96234530210495
0.0,1,0.47837886214256287
1.0,0,0.00354718416929245
1.0,1,0.7993935942649841
1.0,1,0.9785382151603699
0.0,0,0.035060200840234756
1.0,1,0.9525961875915527
0.0,0,0.006693164352327585
1.0,0,0.2466050684452057
0.0,0,0.006662891246378422
1.0,1,0.9961903095245361
0.0,0,0.060857489705085754
0.0,1,0.6848411560058594
0.0,0,0.004217201378196478
0.0,0,0.01636776514351368
0.0,0,0.017359022051095963
1.0,0,0.23377227783203125
1.0,1,0.9334414005279541
0.0,1,0.4655793607234955
1.0,1,0.9672256708145142
0.0,0,0.3720274865627289
0.0,1,0.8855636715888977
1.0,1,0.9403527975082397
0.0,0,0.00932666938751936
1.0,1,0.7894247174263
1.0,1,0.9974104762077332
1.0,1,0.5316659212112427
1.0,1,0.960316002368927
0.0,0,0.03874218836426735
0.0,0,0.3433384299278259
0.0,0,0.43689218163490295
0.0,0,0.044236041605472565
1.0,0,0.2509523928165436
1.0,1,0.9222201704978943
1.0,1,0.9587534070014954
1.0,1,0.7995785474777222
0.0,1,0.8633350729942322
1.0,1,0.9829086065292358
1.0,1,0.9967972636222839
1.0,0,0.3959188461303711
1.0,1,0.8104504346847534
0.0,0,0.11923873424530029
1.0,1,0.8246064186096191
1.0,1,0.7433534264564514
0.0,0,0.01658591255545616
1.0,1,0.7371134161949158
0.0,0,0.0035714013502001762
1.0,1,0.9304617643356323
0.0,0,0.11284744739532471
0.0,0,0.00926201231777668
1.0,1,0.8195179104804993
0.0,0,0.28963562846183777
0.0,1,0.47259247303009033
1.0,0,0.08799368888139725
0.0,0,0.3236055076122284
0.0,0,0.0875248908996582
1.0,1,0.6298894882202148
0.0,0,0.4522976875305176
0.0,0,0.059481631964445114
0.0,0,0.06507349014282227
0.0,0,0.29047834873199463
0.0,0,0.05240391194820404
1.0,0,0.057713624089956284
0.0,0,0.4240863621234894
0.0,0,0.4027228057384491
0.0,1,0.7143350839614868
0.0,0,0.029132435098290443
1.0,1,0.9974114298820496
0.0,0,0.010934717953205109
0.0,1,0.7274081707000732
1.0,1,0.9995692372322083
1.0,1,0.8699000477790833
1.0,1,0.8829991221427917
1.0,0,0.41367533802986145
0.0,0,0.08570776134729385
1.0,1,0.46042659878730774
1.0,1,0.8711027503013611
1.0,1,0.7363089919090271
0.0,0,0.13404196500778198
0.0,1,0.6585822105407715
0.0,1,0.6580621600151062
1.0,0,0.4003642499446869
0.0,0,0.04850924015045166
1.0,1,0.9774772524833679
1.0,1,0.6640846729278564
1.0,1,0.9433794021606445
0.0,0,0.011959424242377281
1.0,1,0.9912720322608948
1.0,1,0.9923740029335022
1.0,1,0.8692754507064819
1.0,1,0.7916843295097351
0.0,1,0.6760801076889038
0.0,0,0.25423774123191833
0.0,0,0.09666810929775238
1.0,1,0.7062105536460876
0.0,1,0.5696125626564026
1.0,0,0.3080824315547943
1.0,1,0.9994210004806519
0.0,1,0.5298471450805664
0.0,0,0.015827754512429237
0.0,1,0.7762845754623413
1.0,0,0.3407878875732422
0.0,0,0.003975731320679188
1.0,1,0.9954003691673279
0.0,0,0.007781555876135826
1.0,0,0.03468863293528557
1.0,0,0.3272479474544525
1.0,1,0.8903407454490662
1.0,1,0.9381377100944519
0.0,0,0.10212195664644241
0.0,0,0.002407344523817301
1.0,1,0.9933712482452393
1.0,1,0.9876077771186829
1.0,1,0.9199624061584473
1.0,1,0.871317982673645
1.0,1,0.9941605925559998
1.0,1,0.8763521313667297
1.0,1,0.9965584874153137
1.0,1,0.9155080318450928
1.0,1,0.5603139996528625
0.0,0,0.05802179500460625
0.0,0,0.004373594652861357
0.0,0,0.003985380753874779
0.0,0,0.07557371258735657
0.0,0,0.012886066921055317
1.0,1,0.9944361448287964
0.0,0,0.03947941213846207
0.0,0,0.05362353101372719
1.0,1,0.9436149001121521
1.0,1,0.8789191246032715
1.0,1,0.9949899315834045
0.0,0,0.0066372668370604515
0.0,0,0.002674029441550374
0.0,0,0.02519424445927143
0.0,0,0.0446329303085804
1.0,1,0.8959631323814392
1.0,1,0.9936700463294983
1.0,1,0.4645266532897949
0.0,0,0.15861912071704865
1.0,1,0.9875941872596741
1.0,1,0.816459596157074
1.0,1,0.855804443359375
1.0,1,0.9540303945541382
1.0,0,0.37589067220687866
0.0,0,0.04962167516350746
0.0,0,0.30349764227867126
1.0,1,0.998856782913208
1.0,1,0.6334241032600403
0.0,0,0.004628498572856188
0.0,1,0.7771744728088379
0.0,0,0.06580990552902222
1.0,1,0.9831299185752869
0.0,0,0.006598080508410931
0.0,0,0.20869974792003632
0.0,1,0.4712149500846863
1.0,1,0.9324396252632141
0.0,1,0.7075427174568176
0.0,1,0.7720698714256287
1.0,1,0.9732282161712646
1.0,1,0.48761382699012756
0.0,0,0.31314489245414734
1.0,0,0.03258034214377403
1.0,1,0.6551623344421387
1.0,1,0.566953182220459
1.0,1,0.9760143160820007
1.0,1,0.9900084733963013
0.0,0,0.0203475970774889
0.0,0,0.1094595268368721
0.0,0,0.2167583554983139
0.0,0,0.050872087478637695
0.0,0,0.05330866575241089
0.0,0,0.024440063163638115
0.0,1,0.8798167705535889
1.0,1,0.5184957981109619
0.0,0,0.008057374507188797
0.0,1,0.7851814031600952
0.0,0,0.3195633292198181
0.0,0,0.34062716364860535
0.0,0,0.0022612593602389097
1.0,1,0.7410060167312622
1.0,1,0.9959279894828796
1.0,1,0.9918841123580933
0.0,0,0.017271025106310844
1.0,1,0.7476785778999329
0.0,0,0.0657757967710495
1.0,1,0.9937676191329956
0.0,0,0.007779144216328859
0.0,0,0.021970227360725403
1.0,0,0.26786646246910095
1.0,1,0.5339305996894836
1.0,0,0.19942577183246613
0.0,1,0.6612294316291809
1.0,1,0.9850303530693054
1.0,1,0.520340085029602
0.0,0,0.06549527496099472
1.0,1,0.9670267701148987
1.0,1,0.966339111328125
0.0,0,0.004402047488838434
1.0,1,0.9822221994400024
1.0,1,0.5428503155708313
0.0,0,0.1733919382095337
0.0,1,0.6025903224945068
0.0,1,0.479460746049881
0.0,0,0.05039789900183678
0.0,0,0.07933302223682404
0.0,1,0.4624052941799164
1.0,1,0.5209555625915527
0.0,0,0.005178624298423529
1.0,1,0.9787946939468384
1.0,1,0.9615166783332825
1.0,1,0.8934969902038574
1.0,0,0.22265608608722687
1.0,1,0.9892426133155823
0.0,1,0.48527830839157104
0.0,0,0.38679203391075134
0.0,0,0.22166621685028076
0.0,0,0.11862775683403015
0.0,0,0.06974685192108154
0.0,0,0.15314999222755432
0.0,0,0.029001040384173393
0.0,0,0.12363927066326141
0.0,0,0.050041548907756805
1.0,1,0.9983685612678528
0.0,1,0.5147058367729187
0.0,0,0.0012457999400794506
0.0,0,0.4354490041732788
1.0,1,0.914934515953064
0.0,0,0.020481813699007034
1.0,1,0.9792911410331726
0.0,0,0.31347179412841797
0.0,0,0.22307227551937103
0.0,0,0.03800804167985916
1.0,1,0.999713122844696
0.0,1,0.5679564476013184
1.0,0,0.09433813393115997
0.0,0,0.23900187015533447
1.0,1,0.6608811616897583
1.0,1,0.9960688352584839
1.0,1,0.46682944893836975
0.0,0,0.15067949891090393
0.0,0,0.017693551257252693
1.0,1,0.7549410462379456
1.0,1,0.9984318614006042
0.0,0,0.00447308924049139
0.0,0,0.4071212410926819
0.0,0,0.15458731353282928
1.0,1,0.8586885929107666
1.0,1,0.9859138131141663
0.0,0,0.15602925419807434
0.0,0,0.005778087768703699
0.0,0,0.012581429444253445
1.0,1,0.7835404276847839
0.0,0,0.09029916673898697
0.0,0,0.09402278810739517
0.0,0,0.12834177911281586
1.0,1,0.9774302244186401
0.0,0,0.024242941290140152
0.0,0,0.457093745470047
1.0,0,0.0324133075773716
1.0,1,0.9839118123054504
0.0,0,0.22232314944267273
0.0,0,0.026707589626312256
0.0,0,0.1995145082473755
1.0,1,0.9877443909645081
1.0,1,0.9964498281478882
0.0,0,0.13775882124900818
1.0,1,0.6185976266860962
1.0,1,0.8035042881965637
0.0,0,0.026833178475499153
0.0,0,0.06044968590140343
1.0,1,0.5531500577926636
1.0,1,0.9931267499923706
0.0,0,0.012749221175909042
0.0,0,0.09989843517541885
1.0,1,0.8124295473098755
1.0,1,0.8954302072525024
0.0,0,0.20004788041114807
0.0,1,0.5625799894332886
0.0,1,0.5608111619949341
0.0,0,0.04795372858643532
0.0,0,0.02027199976146221
0.0,0,0.08403860777616501
1.0,1,0.9898285865783691
1.0,1,0.9663963317871094
0.0,0,0.29516446590423584
1.0,1,0.8328180313110352
0.0,0,0.07497125118970871
0.0,1,0.5055096745491028
1.0,1,0.9455845952033997
0.0,0,0.005454512778669596
1.0,1,0.9996868371963501
0.0,0,0.08850771933794022
0.0,0,0.3657057583332062
1.0,1,0.7958452701568604
1.0,1,0.4900572597980499
1.0,0,0.370829313993454
0.0,0,0.0018793385243043303
1.0,1,0.6198549270629883
1.0,1,0.9270308017730713
1.0,1,0.9759623408317566
1.0,1,0.9904828071594238
0.0,0,0.017997099086642265
1.0,1,0.9767012596130371
0.0,0,0.42834895849227905
0.0,0,0.060185693204402924
1.0,1,0.6996479630470276
0.0,0,0.00949739571660757
1.0,1,0.8997260928153992
1.0,1,0.9882311224937439
1.0,0,0.40831464529037476
0.0,0,0.13508670032024384
0.0,0,0.0839882642030716
1.0,1,0.9700812697410583
0.0,0,0.12703777849674225
1.0,1,0.94806307554245
1.0,0,0.3378685414791107
1.0,0,0.3446500897407532
0.0,0,0.0048267776146531105
1.0,1,0.9272344708442688
0.0,0,0.008620146661996841
0.0,0,0.3031800389289856
1.0,1,0.9506525993347168
1.0,1,0.6542434692382812
0.0,0,0.003297245129942894
1.0,1,0.8515667915344238
1.0,0,0.4490871727466583
1.0,1,0.9808754920959473
1.0,1,0.9269751906394958
1.0,1,0.5560382604598999
1.0,1,0.9938836693763733
0.0,0,0.020109042525291443
1.0,1,0.9968023300170898
0.0,0,0.025414831936359406
0.0,0,0.017161091789603233
1.0,1,0.6617380976676941
1.0,1,0.9208102226257324
0.0,0,0.19944365322589874
0.0,0,0.0061359163373708725
0.0,0,0.014416029676795006
1.0,1,0.9594652056694031
1.0,1,0.9820131659507751
0.0,0,0.41665464639663696
0.0,0,0.017576733604073524
1.0,1,0.9830541014671326
0.0,0,0.17023774981498718
1.0,1,0.9887918829917908
0.0,0,0.12208379060029984
1.0,1,0.9911966323852539
0.0,0,0.02322390303015709
0.0,0,0.16303323209285736
0.0,0,0.1353202909231186
1.0,1,0.9967262744903564
1.0,1,0.9643247723579407
1.0,1,0.6507039666175842
0.0,0,0.02406124398112297
0.0,0,0.03529876470565796
1.0,1,0.6648157835006714
1.0,0,0.4506402015686035
0.0,0,0.03678397461771965
1.0,1,0.8751969933509827
0.0,0,0.17893889546394348
0.0,0,0.10112275183200836
0.0,0,0.13063500821590424
0.0,0,0.04747961461544037
0.0,0,0.002376583172008395
0.0,0,0.38641539216041565
1.0,0,0.3794231116771698
1.0,1,0.942783772945404
0.0,0,0.0202439296990633
1.0,1,0.7653682827949524
1.0,1,0.8590003848075867
1.0,1,0.8662155270576477
0.0,0,0.005222889594733715
1.0,1,0.9211492538452148
0.0,0,0.1119515523314476
0.0,0,0.11303537338972092
1.0,1,0.8805211782455444
0.0,0,0.007021925877779722
0.0,0,0.4441874623298645
0.0,1,0.9873017072677612
1.0,1,0.9977495074272156
1.0,0,0.15544861555099487
1.0,1,0.8892868161201477
1.0,1,0.9979021549224854
1.0,0,0.03895861655473709
0.0,0,0.014900588430464268
0.0,1,0.7315442562103271
1.0,1,0.9824022650718689
1.0,1,0.8965426683425903
1.0,1,0.936810314655304
1.0,0,0.31761491298675537
1.0,1,0.8369921445846558
0.0,0,0.07493524998426437
1.0,1,0.9530429840087891
0.0,1,0.5461060404777527
1.0,1,0.6333732604980469
1.0,1,0.9972533583641052
1.0,1,0.9820531010627747
1.0,1,0.9985018968582153
1.0,1,0.9831283092498779
0.0,0,0.11147471517324448
1.0,1,0.9155384302139282
1.0,1,0.9924423694610596
1.0,1,0.6732021570205688
1.0,1,0.9996821880340576
1.0,1,0.9719377160072327
0.0,1,0.5375030636787415
1.0,0,0.27417051792144775
0.0,1,0.9621837139129639
1.0,1,0.7076701521873474
1.0,0,0.15285062789916992
0.0,1,0.4665868282318115
0.0,0,0.006451234221458435
0.0,0,0.019257260486483574
0.0,0,0.3428771495819092
0.0,0,0.4265245199203491
1.0,0,0.03149402141571045
0.0,1,0.7659758925437927
1.0,0,0.3430945873260498
0.0,0,0.07359825074672699
1.0,1,0.9252709150314331
0.0,0,0.04390444606542587
0.0,0,0.25264057517051697
0.0,0,0.013095540925860405
1.0,0,0.1326240450143814
0.0,0,0.18063127994537354
0.0,0,0.020227519795298576
0.0,0,0.007827581837773323
0.0,0,0.22421908378601074
0.0,0,0.041438259184360504
0.0,1,0.9092704057693481
0.0,0,0.012815807946026325
0.0,0,0.4472343325614929
0.0,0,0.11645547300577164
1.0,0,0.30795446038246155
0.0,1,0.5243651866912842
0.0,0,0.003262849757447839
0.0,0,0.004718828480690718
0.0,0,0.023759348317980766
0.0,0,0.029421597719192505
0.0,0,0.0137728126719594
1.0,1,0.9897266030311584
0.0,0,0.4371834695339203
1.0,1,0.859915554523468
1.0,1,0.9520533680915833
0.0,1,0.5872353911399841
1.0,0,0.032105617225170135
0.0,0,0.013485202565789223
0.0,0,0.38611969351768494
0.0,0,0.08920679986476898
0.0,0,0.14136701822280884
1.0,1,0.643038809299469
1.0,1,0.8172701597213745
0.0,0,0.003867452498525381
0.0,0,0.030385492369532585
1.0,1,0.9754054546356201
0.0,0,0.03818250447511673
0.0,0,0.012231091968715191
1.0,1,0.9990159273147583
0.0,0,0.08428436517715454
0.0,0,0.0963558703660965
1.0,1,0.9867873191833496
1.0,1,0.959361732006073
1.0,1,0.9968894124031067
0.0,0,0.37827426195144653
1.0,1,0.8431844711303711
0.0,0,0.3210262358188629
0.0,0,0.05712053179740906
1.0,0,0.2199203372001648
0.0,1,0.7777354717254639
0.0,0,0.001853176741860807
1.0,1,0.7029532790184021
0.0,0,0.030575279146432877
1.0,1,0.9263436794281006
0.0,0,0.2973663806915283
0.0,0,0.17363341152668
0.0,1,0.516514778137207
1.0,1,0.8271196484565735
1.0,1,0.7043119072914124
1.0,1,0.9893798232078552
1.0,1,0.9870377779006958
1.0,0,0.2389295995235443
0.0,0,0.36638230085372925
1.0,1,0.9860846996307373
1.0,0,0.04777253791689873
0.0,0,0.01825045794248581
1.0,1,0.6737557649612427
0.0,0,0.18801483511924744
1.0,0,0.35377076268196106
1.0,1,0.957554817199707
0.0,1,0.9953848719596863
0.0,0,0.049258604645729065
0.0,0,0.0298366267234087
0.0,0,0.027963455766439438
1.0,1,0.7615724205970764
1.0,1,0.9567345976829529
0.0,1,0.8136658668518066
1.0,0,0.1265268325805664
0.0,1,0.6401772499084473
0.0,1,0.5607050061225891
0.0,0,0.14503422379493713
0.0,0,0.013142183423042297
0.0,0,0.06745202839374542
1.0,0,0.29805508255958557
0.0,0,0.03515496104955673
0.0,0,0.043233051896095276
0.0,1,0.877038300037384
0.0,0,0.05353109538555145
1.0,1,0.9964248538017273
0.0,0,0.039624761790037155
0.0,0,0.005807204637676477
0.0,0,0.2821364998817444
0.0,0,0.17687490582466125
0.0,0,0.004736189264804125
1.0,1,0.9963456988334656
1.0,1,0.9256817102432251
1.0,1,0.9440043568611145
1.0,1,0.9783639311790466
0.0,1,0.8623306751251221
1.0,1,0.8387405276298523
1.0,1,0.9904111623764038
0.0,1,0.7463470697402954
0.0,0,0.21040204167366028
1.0,0,0.4148177206516266
0.0,0,0.0037372945807874203
0.0,0,0.3207595944404602
1.0,1,0.9973015785217285
0.0,0,0.147993803024292
1.0,1,0.720192015171051
1.0,1,0.658196747303009
1.0,1,0.9480343461036682
0.0,0,0.10198383778333664
1.0,1,0.9814188480377197
0.0,0,0.0735914558172226
1.0,1,0.9815580248832703
1.0,1,0.9571523070335388
1.0,1,0.8346741795539856
0.0,0,0.3257652521133423
1.0,1,0.9734978675842285
0.0,0,0.17210981249809265
1.0,1,0.9827996492385864
0.0,0,0.012683267705142498
1.0,1,0.7717649340629578
0.0,1,0.4870746433734894
1.0,1,0.9382918477058411
0.0,1,0.48380064964294434
1.0,1,0.6575652956962585
0.0,1,0.8713361024856567
1.0,1,0.9897225499153137
0.0,0,0.038811326026916504
1.0,1,0.9847590327262878
1.0,1,0.9891959428787231
0.0,1,0.9678815603256226
0.0,0,0.36393579840660095
0.0,0,0.019890662282705307
0.0,1,0.8987695574760437
0.0,0,0.024702832102775574
0.0,0,0.016456609591841698
0.0,0,0.36586472392082214
0.0,0,0.3916414678096771
1.0,1,0.5659257769584656
0.0,0,0.004957270342856646
0.0,0,0.36349764466285706
1.0,1,0.9760385155677795
1.0,1,0.9973496198654175
1.0,0,0.1932862401008606
0.0,0,0.2705826759338379
1.0,1,0.9986348748207092
1.0,1,0.9910886287689209
0.0,0,0.029390228912234306
0.0,0,0.2432771921157837
0.0,1,0.7087751030921936
1.0,1,0.9885275363922119
0.0,0,0.018422788009047508
0.0,0,0.34842467308044434
1.0,1,0.9611383676528931
0.0,0,0.3183969259262085
0.0,0,0.003068385412916541
1.0,1,0.47460734844207764
1.0,0,0.02426031231880188
1.0,0,0.09029348939657211
0.0,1,0.631575345993042
1.0,1,0.9903166890144348
1.0,1,0.979748547077179
1.0,1,0.9254311919212341
1.0,1,0.775388240814209
1.0,1,0.6839441657066345
0.0,0,0.07705346494913101
0.0,0,0.03688078001141548
1.0,1,0.6505480408668518
0.0,1,0.4673926532268524
0.0,0,0.007902396842837334
1.0,0,0.3657229542732239
1.0,1,0.9737246036529541
0.0,1,0.8991042971611023
1.0,1,0.7295791506767273
1.0,1,0.6120281219482422
1.0,1,0.9630131125450134
1.0,1,0.6889196634292603
1.0,1,0.9982812404632568
0.0,1,0.48582205176353455
1.0,1,0.9925353527069092
1.0,1,0.9983096122741699
1.0,1,0.9939512014389038
0.0,0,0.10749848186969757
0.0,0,0.13778719305992126
1.0,1,0.9166489243507385
1.0,1,0.9487015604972839
0.0,0,0.2942192256450653
0.0,0,0.0056466348469257355
1.0,1,0.7408398389816284
1.0,1,0.9770827293395996
0.0,0,0.02851187251508236
1.0,1,0.8774057626724243
1.0,0,0.14573262631893158
1.0,1,0.6598474383354187
0.0,1,0.5875574350357056
0.0,0,0.058381084352731705
1.0,1,0.7898679971694946
1.0,1,0.9947003126144409
1.0,1,0.6371973156929016
0.0,0,0.0877508670091629
0.0,0,0.040141310542821884
0.0,0,0.40492215752601624
0.0,0,0.2882849872112274
1.0,1,0.9063009023666382
0.0,0,0.06583679467439651
1.0,0,0.25595787167549133
0.0,1,0.6577330827713013
1.0,0,0.27422234416007996
1.0,1,0.9895666837692261
1.0,1,0.9983677268028259
1.0,1,0.9652431607246399
0.0,1,0.7898882031440735
0.0,0,0.12205479294061661
1.0,1,0.5637236833572388
1.0,1,0.7836916446685791
1.0,1,0.9922542572021484
0.0,1,0.6346385478973389
0.0,0,0.13555224239826202
1.0,1,0.7945372462272644
0.0,1,0.9237621426582336
0.0,0,0.03530608117580414
1.0,1,0.8568461537361145
1.0,1,0.9954000115394592
0.0,0,0.09581159055233002
1.0,1,0.8437796235084534
0.0,0,0.2494715303182602
1.0,1,0.9256876111030579
1.0,1,0.8284817337989807
1.0,1,0.9988297820091248
0.0,1,0.9014925360679626
1.0,1,0.9439423680305481
1.0,1,0.9659808874130249
1.0,1,0.9571877717971802
1.0,1,0.9978540539741516
0.0,0,0.08103148639202118
1.0,1,0.6412774324417114
0.0,0,0.08542574197053909
0.0,0,0.15833675861358643
1.0,1,0.9177192449569702
1.0,1,0.9938057661056519
0.0,0,0.05520818009972572
1.0,1,0.9607841968536377
0.0,0,0.06986995786428452
1.0,1,0.989747166633606
0.0,0,0.0003759991377592087
1.0,0,0.22381821274757385
0.0,0,0.2998049259185791
0.0,0,0.20645371079444885
0.0,0,0.003722253255546093
0.0,0,0.17598555982112885
0.0,1,0.5944408774375916
0.0,0,0.45520728826522827
1.0,1,0.9972043633460999
1.0,0,0.41620033979415894
0.0,0,0.05051666498184204
1.0,1,0.9906232953071594
0.0,0,0.09389656782150269
1.0,1,0.7827723622322083
1.0,1,0.9793885350227356
1.0,1,0.9399247765541077
1.0,1,0.5446757078170776
0.0,0,0.02774723805487156
0.0,1,0.7466882467269897
1.0,1,0.9940288066864014
1.0,1,0.967315137386322
1.0,0,0.21616129577159882
0.0,0,0.14708173274993896
0.0,0,0.08653855323791504
1.0,1,0.8655825257301331
0.0,0,0.07870817184448242
0.0,0,0.3475233018398285
1.0,1,0.9686080813407898
1.0,1,0.7194527983665466
0.0,0,0.010338924825191498
1.0,1,0.9902046918869019
0.0,0,0.13950400054454803
1.0,1,0.9718157649040222
1.0,1,0.936504602432251
1.0,1,0.9192074537277222
0.0,1,0.921876847743988
0.0,0,0.09079689532518387
1.0,1,0.6782782673835754
1.0,1,0.9370844960212708
1.0,0,0.28362882137298584
1.0,1,0.6357901096343994
1.0,1,0.7031140923500061
0.0,1,0.5123286247253418
1.0,0,0.10375915467739105
0.0,0,0.011899408884346485
0.0,0,0.09259772300720215
0.0,1,0.9048005938529968
1.0,1,0.9818426370620728
0.0,0,0.14435936510562897
0.0,0,0.05051584914326668
0.0,0,0.0072667840868234634
0.0,0,0.4522234797477722
1.0,1,0.9812806248664856
0.0,0,0.1783999502658844
0.0,0,0.27858155965805054
0.0,0,0.06725479662418365
1.0,1,0.8226301670074463
1.0,1,0.8764882683753967
1.0,1,0.9860655069351196
1.0,1,0.8646969199180603
1.0,1,0.9719998836517334
1.0,0,0.042231328785419464
1.0,1,0.5845863819122314
0.0,0,0.012674695812165737
0.0,1,0.5493584275245667
1.0,0,0.4466780424118042
0.0,0,0.40677955746650696
1.0,1,0.9978274703025818
1.0,1,0.9941494464874268
0.0,0,0.053347378969192505
0.0,0,0.018514493480324745
0.0,0,0.1722491830587387
1.0,1,0.9932422041893005
1.0,1,0.7292412519454956
0.0,0,0.004411619156599045
1.0,1,0.9983857870101929
0.0,0,0.41260772943496704
1.0,1,0.9450192451477051
0.0,0,0.3343071937561035
0.0,1,0.7146738171577454
1.0,1,0.9994587302207947
1.0,1,0.8905577659606934
1.0,1,0.48245659470558167
1.0,1,0.9591365456581116
1.0,0,0.29734721779823303
0.0,0,0.03539223223924637
0.0,0,0.045015837997198105
1.0,1,0.8696278929710388
1.0,1,0.5328426957130432
1.0,1,0.9510930180549622
0.0,0,0.37018337845802307
0.0,0,0.12210062891244888
0.0,0,0.0070073045790195465
0.0,0,0.04247264564037323
1.0,1,0.9978988170623779
1.0,1,0.910641074180603
0.0,0,0.0557781420648098
1.0,1,0.7711763381958008
0.0,0,0.14025266468524933
0.0,0,0.03998170047998428
1.0,1,0.7456355690956116
0.0,0,0.3388417065143585
1.0,1,0.927218496799469
1.0,1,0.7168586254119873
1.0,1,0.9810121059417725
0.0,0,0.21125078201293945
1.0,1,0.6476601362228394
0.0,0,0.08383099734783173
1.0,1,0.9944243431091309
1.0,1,0.9983277916908264
1.0,1,0.997478187084198
0.0,0,0.02167888917028904
1.0,1,0.602286696434021
1.0,0,0.06862379610538483
0.0,0,0.13027651607990265
0.0,1,0.75319504737854
0.0,0,0.027780983597040176
0.0,0,0.10481887310743332
1.0,0,0.12046105414628983
1.0,1,0.8742174506187439
1.0,1,0.992214024066925
0.0,0,0.05466989800333977
1.0,1,0.9153454303741455
0.0,0,0.457213819026947
0.0,0,0.002170457737520337
0.0,1,0.5942153930664062
1.0,1,0.9927369952201843
1.0,1,0.8382856249809265
1.0,1,0.9979914426803589
1.0,1,0.9445769190788269
1.0,1,0.9109448790550232
0.0,0,0.0018966356292366982
0.0,1,0.8457493185997009
0.0,1,0.6778326034545898
0.0,0,0.4061206579208374
0.0,0,0.3313893973827362
0.0,0,0.28687533736228943
0.0,0,0.011132138781249523
0.0,0,0.32334813475608826
1.0,1,0.9867386817932129
0.0,0,0.15083931386470795
0.0,0,0.005308200605213642
0.0,0,0.19126322865486145
1.0,1,0.6164631843566895
1.0,1,0.9356382489204407
1.0,0,0.19904226064682007
1.0,1,0.7723402380943298
1.0,1,0.999210000038147
1.0,0,0.4064679741859436
1.0,1,0.8702748417854309
1.0,1,0.5555925965309143
0.0,0,0.0018480820581316948
0.0,0,0.03314095363020897
1.0,0,0.2959808111190796
1.0,1,0.9928629994392395
1.0,1,0.7857611179351807
0.0,0,0.008007542230188847
1.0,1,0.6396551728248596
1.0,1,0.6408876776695251
0.0,0,0.2591618299484253
0.0,0,0.0009329718886874616
1.0,1,0.9000911116600037
1.0,1,0.7309414744377136
0.0,0,0.037634074687957764
0.0,0,0.4072042405605316
0.0,0,0.08453228324651718
1.0,1,0.821756899356842
1.0,1,0.9972091317176819
0.0,0,0.02061540260910988
1.0,1,0.9431056380271912
1.0,1,0.9080669283866882
1.0,1,0.9836816787719727
1.0,1,0.911321222782135
0.0,0,0.02433246560394764
0.0,0,0.01171018648892641
1.0,1,0.6372977495193481
1.0,1,0.8290200233459473
1.0,0,0.23502299189567566
1.0,1,0.8911237120628357
0.0,0,0.00444718636572361
1.0,1,0.7471119165420532
0.0,0,0.03686580806970596
1.0,1,0.9759815335273743
1.0,0,0.45123186707496643
1.0,1,0.5551804900169373
0.0,0,0.13063105940818787
0.0,0,0.007366903126239777
0.0,0,0.11412645876407623
1.0,1,0.9948074221611023
0.0,0,0.0351373590528965
0.0,0,0.057282477617263794
1.0,1,0.9771197438240051
0.0,0,0.20607030391693115
1.0,1,0.8119470477104187
0.0,0,0.24619349837303162
0.0,0,0.002447163686156273
1.0,1,0.8921887278556824
1.0,1,0.9923525452613831
1.0,1,0.8321415185928345
1.0,1,0.5258129239082336
0.0,1,0.7647839188575745
0.0,0,0.10760942101478577
0.0,0,0.13462932407855988
1.0,1,0.9858325719833374
0.0,0,0.034121934324502945
0.0,0,0.06128079816699028
0.0,1,0.5673792958259583
0.0,1,0.5453305244445801
1.0,1,0.9157319068908691
0.0,0,0.04198809340596199
1.0,1,0.988531231880188
0.0,0,0.23424367606639862
0.0,0,0.05558926239609718
1.0,1,0.956201434135437
1.0,1,0.9296735525131226
0.0,0,0.08296390622854233
1.0,1,0.9450341463088989
1.0,1,0.8334662914276123
1.0,1,0.9986342787742615
1.0,1,0.9980429410934448
1.0,1,0.8012408018112183
1.0,1,0.9951834082603455
0.0,0,0.19135169684886932
0.0,0,0.014829851686954498
1.0,0,0.07457266002893448
1.0,0,0.1378498673439026
1.0,1,0.9952161312103271
0.0,1,0.8351649641990662
1.0,1,0.9961820244789124
0.0,0,0.054191771894693375
0.0,1,0.5658339858055115
1.0,1,0.8122726678848267
1.0,1,0.5391523838043213
1.0,1,0.9477100372314453
1.0,1,0.8561751246452332
1.0,1,0.9967095851898193
1.0,1,0.9991436004638672
0.0,0,0.08184131979942322
0.0,0,0.004930841736495495
0.0,0,0.04657091945409775
1.0,1,0.9722735285758972
0.0,0,0.04404691606760025
0.0,0,0.006907620932906866
1.0,1,0.8154885768890381
1.0,1,0.9638403654098511
0.0,0,0.29264524579048157
1.0,1,0.7194491028785706
0.0,0,0.1562880426645279
0.0,0,0.00680210767313838
0.0,0,0.028716186061501503
0.0,1,0.9262747168540955
1.0,1,0.8846942186355591
0.0,0,0.06417106837034225
0.0,0,0.10152655094861984
0.0,0,0.22096110880374908
1.0,1,0.992926299571991
1.0,1,0.8193024396896362
0.0,1,0.463946133852005
0.0,0,0.2851886451244354
0.0,0,0.011179648339748383
1.0,1,0.8561445474624634
1.0,0,0.09234771132469177
0.0,0,0.1857236921787262
0.0,0,0.1258009523153305
0.0,0,0.07533284276723862
1.0,1,0.7292742729187012
0.0,1,0.7492964267730713
0.0,0,0.1922067552804947
0.0,0,0.35995686054229736
1.0,1,0.9722191095352173
1.0,1,0.9152687191963196
0.0,0,0.004036879166960716
1.0,1,0.9867912530899048
1.0,0,0.368877649307251
1.0,0,0.06501302868127823
1.0,1,0.9696553945541382
0.0,1,0.5334113836288452
1.0,1,0.9964287877082825
1.0,1,0.9956446886062622
1.0,1,0.7236641049385071
0.0,0,0.4311002492904663
1.0,0,0.18517588078975677
0.0,1,0.7150257229804993
1.0,1,0.9703209400177002
0.0,0,0.3528688848018646
0.0,0,0.007104405201971531
0.0,0,0.15512903034687042
1.0,1,0.5953647494316101
0.0,0,0.03500217944383621
1.0,1,0.571263313293457
0.0,0,0.1241929829120636
1.0,1,0.9261965751647949
0.0,0,0.10891977697610855
0.0,0,0.16291256248950958
0.0,0,0.20701134204864502
1.0,0,0.4067698121070862
0.0,0,0.07184308022260666
1.0,1,0.8425660133361816
0.0,1,0.8388806581497192
1.0,1,0.998923122882843
0.0,1,0.5168716311454773
0.0,0,0.09917952120304108
1.0,1,0.956939697265625
0.0,1,0.477353572845459
0.0,0,0.0050614336505532265
1.0,0,0.3831931948661804
0.0,0,0.03287690505385399
1.0,1,0.9420413374900818
0.0,0,0.129804790019989
1.0,1,0.8385111689567566
1.0,1,0.9873532056808472
1.0,1,0.9463890790939331
0.0,0,0.12636716663837433
0.0,0,0.11074446886777878
1.0,1,0.9931241869926453
0.0,1,0.7084715962409973
0.0,0,0.050130270421504974
0.0,0,0.273719847202301
1.0,1,0.9712923169136047
0.0,0,0.08059968799352646
0.0,1,0.8199995160102844
1.0,1,0.9942687749862671
0.0,0,0.20606911182403564
1.0,1,0.8767257332801819
0.0,0,0.08532404899597168
0.0,0,0.23815760016441345
0.0,0,0.07906588912010193
1.0,1,0.8702058792114258
1.0,1,0.7294959425926208
1.0,0,0.13200801610946655
0.0,0,0.2672809958457947
0.0,0,0.029209719970822334
0.0,0,0.22900082170963287
0.0,1,0.48500850796699524
1.0,1,0.9936696887016296
0.0,1,0.6862428784370422
1.0,1,0.9965002536773682
1.0,1,0.8660648465156555
1.0,1,0.9665536284446716
0.0,0,0.01871999353170395
1.0,0,0.16452676057815552
0.0,0,0.09443432837724686
0.0,0,0.25293630361557007
1.0,1,0.9817357659339905
1.0,1,0.47296640276908875
1.0,1,0.9371264576911926
1.0,1,0.9900360107421875
0.0,0,0.012822022661566734
0.0,0,0.015355899930000305
0.0,0,0.12047546356916428
0.0,1,0.9816057085990906
1.0,1,0.9965662360191345
0.0,1,0.9197427034378052
0.0,1,0.7011012434959412
0.0,1,0.5021477341651917
1.0,1,0.9924678206443787
1.0,0,0.42174434661865234
1.0,1,0.9745424389839172
1.0,1,0.9482722878456116
0.0,0,0.019707024097442627
0.0,0,0.017064614221453667
1.0,1,0.6541959643363953
0.0,0,0.4125668406486511
0.0,0,0.027316352352499962
1.0,1,0.9918122291564941
1.0,0,0.04727322608232498
0.0,1,0.6565898656845093
0.0,0,0.00723223714157939
1.0,1,0.9962563514709473
1.0,0,0.07213455438613892
1.0,1,0.9724007844924927
1.0,0,0.023488221690058708
1.0,1,0.9914950132369995
0.0,1,0.9177001714706421
1.0,1,0.9881888628005981
0.0,1,0.4742894172668457
1.0,1,0.9981462955474854
1.0,1,0.5748310685157776
0.0,0,0.0006821407005190849
0.0,1,0.9839637875556946
1.0,1,0.8690840601921082
0.0,0,0.08990990370512009
1.0,1,0.9668142199516296
0.0,0,0.18462751805782318
0.0,0,0.016309889033436775
0.0,1,0.9489166140556335
1.0,1,0.5752922892570496
1.0,1,0.9046496152877808
0.0,0,0.4579147398471832
1.0,1,0.9931063055992126
1.0,1,0.9945412278175354
0.0,1,0.5868310332298279
0.0,1,0.8392072916030884
1.0,1,0.7262900471687317
0.0,0,0.15005387365818024
0.0,0,0.11340752989053726
1.0,1,0.9940354824066162
0.0,0,0.021910279989242554
0.0,0,0.23634164035320282
0.0,0,0.05649769678711891
1.0,1,0.9878889918327332
0.0,0,0.011636262759566307
1.0,1,0.555433988571167
1.0,1,0.885791003704071
1.0,1,0.9509435892105103
1.0,1,0.9992672801017761
1.0,1,0.9270983338356018
0.0,0,0.41505858302116394
0.0,1,0.7695648074150085
0.0,0,0.14723533391952515
1.0,1,0.9915019273757935
1.0,1,0.9939002990722656
1.0,1,0.9918123483657837
1.0,1,0.9718818664550781
1.0,1,0.9305094480514526
1.0,1,0.6435551643371582
0.0,0,0.11157841235399246
1.0,1,0.9535319805145264
0.0,0,0.4178820550441742
1.0,1,0.8558833003044128
1.0,0,0.3797564208507538
0.0,0,0.3997185230255127
1.0,1,0.9560215473175049
0.0,0,0.25233253836631775
1.0,1,0.991603672504425
0.0,0,0.20642708241939545
0.0,0,0.004142272286117077
0.0,0,0.0097556347027421
1.0,0,0.08357859402894974
0.0,0,0.13447223603725433
1.0,1,0.9881876111030579
1.0,0,0.14826196432113647
1.0,1,0.7283386588096619
0.0,0,0.3264785706996918
0.0,0,0.02628026157617569
0.0,0,0.18409742414951324
1.0,1,0.9808629751205444
0.0,0,0.2144162356853485
1.0,1,0.8790427446365356
0.0,0,0.027041243389248848
1.0,1,0.6249162554740906
1.0,1,0.9633321762084961
1.0,1,0.9926291704177856
1.0,1,0.7819700837135315
1.0,1,0.8154854774475098
1.0,1,0.6879600286483765
1.0,1,0.9827867746353149
0.0,0,0.026681654155254364
1.0,0,0.15784582495689392
1.0,1,0.986206591129303
1.0,1,0.9460667967796326
1.0,1,0.9729747772216797
0.0,0,0.09561306983232498
0.0,0,0.03702304884791374
1.0,1,0.8853756785392761
0.0,0,0.37404099106788635
0.0,0,0.04100524261593819
1.0,0,0.20084096491336823
0.0,1,0.9917336702346802
1.0,1,0.95156329870224
0.0,0,0.17843280732631683
0.0,0,0.03435929864645004
1.0,1,0.8791614770889282
1.0,1,0.7899146676063538
0.0,1,0.5359692573547363
0.0,0,0.00040158189949579537
0.0,0,0.020916499197483063
0.0,0,0.15307363867759705
1.0,0,0.01125505194067955
0.0,0,0.16952230036258698
1.0,0,0.13820569217205048
0.0,0,0.11117340624332428
0.0,0,0.001344867516309023
1.0,0,0.13211382925510406
1.0,1,0.9922452569007874
1.0,1,0.9928174018859863
1.0,1,0.9976512789726257
1.0,1,0.9604339599609375
1.0,1,0.7952040433883667
0.0,1,0.5352813005447388
1.0,1,0.7472020983695984
0.0,1,0.7917689085006714
0.0,1,0.4958428144454956
0.0,0,0.05687536299228668
1.0,1,0.8450930118560791
0.0,0,0.19120566546916962
1.0,1,0.9910984635353088
1.0,1,0.9670608639717102
1.0,1,0.9737386107444763
1.0,1,0.87310791015625
0.0,0,0.03112427331507206
1.0,0,0.3640947937965393
1.0,1,0.990538477897644
0.0,1,0.9231337904930115
