y_true,y_pred,y_score
0.0,0,0.013122741132974625
1.0,1,0.997222900390625
1.0,0,0.3339853286743164
1.0,1,0.8595517873764038
1.0,1,0.9994537234306335
0.0,0,0.23188666999340057
1.0,1,0.99424147605896
0.0,0,0.0028983952943235636
1.0,1,0.9988310933113098
1.0,1,0.999427318572998
1.0,0,0.02150706760585308
0.0,1,0.915446400642395
0.0,0,0.424124538898468
0.0,0,0.10093314945697784
1.0,1,0.9980230331420898
1.0,1,0.9978675842285156
0.0,1,0.6594528555870056
0.0,0,0.04755154252052307
0.0,0,0.0929085910320282
0.0,1,0.7880629897117615
0.0,0,0.41006821393966675
0.0,1,0.5085873007774353
0.0,0,0.007154366467148066
0.0,0,0.13632367551326752
1.0,1,0.99922776222229
0.0,0,0.34825074672698975
1.0,0,0.009676351211965084
0.0,1,0.4983938932418823
1.0,1,0.8482604026794434
0.0,0,0.020687004551291466
1.0,1,0.994196891784668
1.0,1,0.9993094205856323
1.0,1,0.9999639987945557
0.0,1,0.5156052708625793
1.0,1,0.5414888858795166
1.0,1,0.9947829842567444
0.0,0,0.05891812592744827
1.0,1,0.8860616683959961
1.0,1,0.9991162419319153
1.0,1,0.9603651165962219
1.0,1,0.9530990719795227
1.0,1,0.9504227638244629
0.0,0,0.0016120956279337406
1.0,1,0.9996557235717773
0.0,0,0.11925888806581497
1.0,0,0.29585084319114685
0.0,0,0.00046693728654645383
1.0,1,0.9990849494934082
0.0,0,0.007089278660714626
0.0,1,0.8071922063827515
0.0,0,0.044571924954652786
0.0,0,0.4527488052845001
0.0,0,0.11229494214057922
1.0,1,0.9992546439170837
1.0,1,0.7436909079551697
1.0,1,0.9887497425079346
0.0,0,0.013669745996594429
0.0,1,0.8877961039543152
0.0,1,0.5580210089683533
1.0,1,0.9986314177513123
0.0,0,4.549123787001008e-06
1.0,1,0.6080433130264282
1.0,1,0.9656323790550232
0.0,0,0.012045462615787983
0.0,0,0.01240271795541048
1.0,1,0.9996254444122314
1.0,1,0.9983652234077454
1.0,1,0.9683548212051392
0.0,0,0.008698912337422371
0.0,1,0.6115273833274841
0.0,0,0.44832494854927063
0.0,0,0.40302419662475586
1.0,1,0.8983654975891113
0.0,0,0.0312696173787117
0.0,0,0.027126142755150795
1.0,1,0.9980582594871521
1.0,0,0.0909833237528801
1.0,1,0.999988317489624
0.0,0,0.017151659354567528
1.0,1,0.5937017798423767
1.0,1,0.9462388753890991
1.0,0,0.32236549258232117
1.0,1,0.9627593755722046
0.0,0,0.44537076354026794
0.0,1,0.9523161053657532
0.0,1,0.7212221026420593
1.0,1,0.9351133108139038
0.0,0,0.0032314693089574575
1.0,1,0.7800605893135071
0.0,0,0.39702343940734863
0.0,1,0.8713093996047974
0.0,0,0.007888737134635448
0.0,0,0.24611075222492218
1.0,0,0.0569433867931366
1.0,1,0.9989639520645142
1.0,1,0.9997754693031311
0.0,0,0.05716284364461899
1.0,1,0.9803637862205505
0.0,0,0.0210616122931242
0.0,0,0.08456944674253464
0.0,1,0.694344699382782
0.0,0,0.10800310224294662
0.0,0,0.004996757488697767
1.0,1,0.5398593544960022
0.0,0,0.3084385097026825
1.0,1,0.9979046583175659
0.0,0,0.0032948972657322884
1.0,1,0.4938584268093109
0.0,0,0.00010590293823042884
0.0,0,0.11118541657924652
0.0,0,0.17615856230258942
0.0,0,0.28559380769729614
0.0,0,0.002043731277808547
1.0,1,0.9664585590362549
0.0,0,0.3525253236293793
0.0,1,0.9436982274055481
0.0,0,0.011212722398340702
1.0,1,0.9986434578895569
1.0,1,0.9711266756057739
1.0,1,0.9966559410095215
0.0,1,0.9915277361869812
0.0,0,0.32384246587753296
0.0,0,0.005926688201725483
1.0,1,0.8893250226974487
0.0,0,0.03802986815571785
0.0,0,0.012210594490170479
1.0,1,0.921460747718811
1.0,1,0.9988407492637634
0.0,0,0.03753616288304329
1.0,1,0.9827269315719604
1.0,1,0.7882465720176697
1.0,0,0.24554146826267242
1.0,1,0.8041826486587524
0.0,0,0.06259489059448242
1.0,1,0.9998495578765869
1.0,1,0.9905233979225159
1.0,1,0.9998788833618164
1.0,1,0.7268456220626831
0.0,1,0.9940956830978394
0.0,0,0.06273940205574036
1.0,0,0.3209743797779083
0.0,0,0.0002719014883041382
1.0,1,0.5608665347099304
1.0,1,0.9991692304611206
1.0,1,0.9807139039039612
1.0,0,0.02026350609958172
0.0,0,0.33124345541000366
1.0,1,0.5740039348602295
0.0,0,0.009833263233304024
0.0,1,0.7683222889900208
0.0,0,0.2150791883468628
0.0,0,0.024875404313206673
0.0,0,0.18865534663200378
0.0,0,0.02132396027445793
0.0,0,0.0433373898267746
0.0,0,0.0187087319791317
0.0,1,0.9351357221603394
0.0,1,0.7856963872909546
0.0,0,0.01177512388676405
1.0,1,0.8276322484016418
1.0,1,0.9779481887817383
1.0,1,0.9867144227027893
0.0,0,0.10380098223686218
0.0,0,0.03170623257756233
0.0,0,0.001345943077467382
0.0,1,0.9016762375831604
0.0,1,0.6274664402008057
0.0,0,0.031468138098716736
1.0,1,0.9781386256217957
0.0,0,0.01786106266081333
0.0,0,0.17479412257671356
0.0,0,0.06789719313383102
0.0,0,0.0007226438610814512
1.0,0,0.0798279345035553
0.0,0,0.02335146628320217
0.0,1,0.9160304069519043
1.0,1,0.7597513794898987
1.0,1,0.6982533931732178
1.0,1,0.9958576560020447
1.0,1,0.5874723196029663
1.0,1,0.510661244392395
0.0,0,0.026372836902737617
0.0,0,0.15763717889785767
1.0,1,0.9169058799743652
1.0,1,0.8344259858131409
0.0,1,0.9933585524559021
0.0,1,0.613353967666626
0.0,0,0.0002366212720517069
0.0,0,0.0012903135502710938
0.0,0,6.196487811394036e-05
0.0,0,0.01687975786626339
0.0,0,0.22976626455783844
1.0,1,0.984074592590332
1.0,1,0.922730565071106
1.0,1,0.9817700982093811
1.0,1,0.982779324054718
0.0,0,0.0026617515832185745
0.0,0,0.06821344047784805
0.0,0,0.2517615854740143
0.0,0,0.10417662560939789
1.0,1,0.9346405267715454
0.0,0,0.0859445333480835
0.0,1,0.9567537307739258
1.0,1,0.5088661909103394
1.0,1,0.9650768041610718
0.0,0,0.009836830198764801
1.0,1,0.9896109104156494
1.0,1,0.9582606554031372
0.0,0,0.06112789735198021
0.0,0,0.47883641719818115
0.0,0,0.4630075693130493
1.0,1,0.9267120957374573
0.0,1,0.49009642004966736
1.0,1,0.9830762147903442
0.0,0,0.0012382776476442814
0.0,0,0.058428481221199036
0.0,0,0.017970021814107895
1.0,1,0.9999790191650391
1.0,0,0.2711564898490906
0.0,0,0.174064502120018
0.0,0,0.029278183355927467
0.0,0,0.037915006279945374
1.0,1,0.9997187256813049
0.0,0,0.42910298705101013
1.0,1,0.9948008060455322
0.0,0,0.007402208633720875
0.0,1,0.6986506581306458
0.0,0,0.004824700299650431
0.0,0,0.08288851380348206
0.0,1,0.5396466255187988
0.0,0,0.006617520470172167
1.0,0,0.015326794236898422
0.0,0,0.0021144875790923834
1.0,1,0.7934054136276245
0.0,1,0.5982879400253296
0.0,1,0.7295483350753784
0.0,1,0.49207803606987
0.0,0,0.13159513473510742
1.0,1,0.9872320890426636
0.0,1,0.5553323030471802
1.0,1,0.9992075562477112
0.0,1,0.9903478622436523
0.0,0,0.4132051467895508
0.0,0,0.00038686327752657235
1.0,1,0.7506009340286255
1.0,1,0.9963772892951965
0.0,0,0.0032568860333412886
0.0,0,0.27324333786964417
1.0,1,0.9955832362174988
1.0,1,0.9998260140419006
0.0,0,0.02506072260439396
1.0,1,0.8904303312301636
1.0,1,0.9957889914512634
0.0,0,0.009562894701957703
1.0,1,0.9880118370056152
0.0,1,0.9634341597557068
0.0,0,0.008881380781531334
0.0,0,0.144798144698143
0.0,0,0.0018137918086722493
1.0,1,0.9993152618408203
1.0,0,0.00787211675196886
1.0,1,0.996329128742218
0.0,0,0.03084241971373558
1.0,1,0.8823372721672058
1.0,0,0.11883734166622162
1.0,1,0.6497853994369507
0.0,0,0.002783433301374316
1.0,1,0.8099783658981323
0.0,0,0.276584655046463
1.0,1,0.9997732043266296
1.0,1,0.5901641845703125
0.0,0,0.006246739067137241
1.0,1,0.9989359974861145
0.0,1,0.7570640444755554
1.0,1,0.8205417394638062
1.0,1,0.999537467956543
0.0,1,0.7846641540527344
0.0,0,0.4769831895828247
1.0,1,0.9992117881774902
1.0,1,0.995625376701355
0.0,0,0.028874816372990608
0.0,0,0.10526743531227112
1.0,1,0.9999021291732788
1.0,1,0.9868039488792419
0.0,1,0.9453091025352478
0.0,0,0.0641711875796318
0.0,0,5.5622378567932174e-05
0.0,0,0.19409207999706268
0.0,0,0.02366090752184391
1.0,1,0.9124754667282104
1.0,1,0.8213505148887634
1.0,1,0.9466835260391235
0.0,0,0.06799300760030746
1.0,1,0.9813755750656128
0.0,1,0.7666946053504944
1.0,0,0.1145673394203186
1.0,1,0.9998712539672852
1.0,1,0.9984111785888672
1.0,1,0.9859603643417358
1.0,0,0.13451145589351654
1.0,1,0.9990585446357727
0.0,0,0.04004654288291931
1.0,1,0.9542618989944458
1.0,1,0.9784998893737793
0.0,0,0.00026500658714212477
1.0,1,0.8588626980781555
0.0,0,0.1593874841928482
1.0,1,0.9990667700767517
1.0,1,0.9982278943061829
0.0,0,0.30850234627723694
0.0,0,0.3420761823654175
1.0,0,0.4714467227458954
1.0,1,0.49070972204208374
0.0,1,0.9747257828712463
0.0,0,0.021782293915748596
0.0,0,0.3110782504081726
1.0,1,0.9998712539672852
1.0,1,0.9945324659347534
0.0,0,0.2741577625274658
1.0,1,0.9995090961456299
1.0,0,0.39666301012039185
1.0,0,0.18563441932201385
1.0,1,0.7648729681968689
0.0,0,0.0022360491566359997
1.0,0,0.4414554834365845
0.0,0,0.012816241942346096
0.0,1,0.5263951420783997
0.0,0,0.009867465123534203
1.0,0,0.45148900151252747
0.0,0,0.09157377481460571
1.0,1,0.9775032997131348
1.0,1,0.9980766773223877
1.0,1,0.9193077683448792
0.0,0,0.10002164542675018
1.0,1,0.986944854259491
1.0,1,0.9954054355621338
0.0,0,0.007202293258160353
1.0,1,0.824560284614563
0.0,0,0.03916225582361221
1.0,0,0.09982196986675262
1.0,1,0.9903410077095032
1.0,1,0.9995540976524353
1.0,0,0.016717804595828056
0.0,0,0.15657807886600494
0.0,1,0.5588974952697754
1.0,1,0.9627733826637268
1.0,1,0.9357142448425293
1.0,0,0.32755956053733826
0.0,1,0.9161193370819092
0.0,0,0.14587780833244324
1.0,0,0.1536940038204193
0.0,0,0.10897666960954666
0.0,1,0.5560912489891052
1.0,1,0.9919135570526123
0.0,0,0.05389391630887985
1.0,1,0.9993778467178345
1.0,1,0.9994163513183594
0.0,0,0.0003457757702562958
0.0,0,0.017629427835345268
1.0,0,0.4333723485469818
1.0,0,0.10959523916244507
0.0,0,0.0017186572076752782
1.0,1,0.999679684638977
0.0,0,0.32629576325416565
0.0,1,0.9972585439682007
1.0,1,0.9477646350860596
0.0,0,0.006859686691313982
0.0,0,0.0001257915428141132
1.0,1,0.8514553308486938
1.0,1,0.9997348189353943
1.0,0,0.34148553013801575
0.0,0,0.0039123659953475
0.0,0,0.005498426500707865
0.0,0,0.29990941286087036
1.0,0,0.3785492479801178
0.0,0,0.001347889774478972
1.0,1,0.9978784322738647
0.0,0,0.06380703300237656
0.0,0,0.0031393375247716904
1.0,0,0.15656043589115143
0.0,0,0.12023994326591492
1.0,1,0.9896396398544312
1.0,1,0.9814696311950684
0.0,0,0.4337127208709717
1.0,1,0.9993703961372375
0.0,1,0.8235158920288086
1.0,0,0.040940675884485245
0.0,0,0.005696441046893597
0.0,1,0.5588712096214294
0.0,0,0.0008157860720530152
1.0,0,0.07260105758905411
1.0,1,0.828372597694397
1.0,1,0.9818328619003296
0.0,0,0.05812564119696617
1.0,1,0.9917026162147522
0.0,0,0.333412230014801
1.0,1,0.9701808094978333
1.0,1,0.7775454521179199
1.0,1,0.9747254252433777
0.0,0,0.2229088693857193
1.0,1,0.9963868856430054
1.0,1,0.8959147334098816
0.0,1,0.9104856252670288
1.0,1,0.9960772395133972
0.0,0,0.202293261885643
0.0,0,0.34253445267677307
0.0,0,0.02563212253153324
0.0,1,0.7840672731399536
1.0,1,0.9985352754592896
1.0,1,0.9966288208961487
0.0,0,0.09989719837903976
1.0,1,0.9935843348503113
1.0,1,0.9994920492172241
1.0,1,0.6371629238128662
0.0,0,0.0644892156124115
0.0,0,0.004823983646929264
0.0,0,0.36860376596450806
1.0,0,0.34688982367515564
1.0,1,0.9162406921386719
1.0,1,0.9416871070861816
1.0,1,0.8760162591934204
1.0,1,0.9998809099197388
1.0,1,0.9876839518547058
0.0,0,0.005840124096721411
1.0,1,0.9997146725654602
0.0,1,0.690507173538208
1.0,1,0.9968665242195129
1.0,1,0.9971195459365845
0.0,1,0.6130816340446472
1.0,1,0.9972859621047974
0.0,0,0.0008719574543647468
1.0,1,0.589266836643219
1.0,1,0.9917349815368652
0.0,0,0.21814626455307007
0.0,0,0.007011977955698967
1.0,1,0.9110553860664368
1.0,1,0.9997000694274902
0.0,0,0.003878086805343628
0.0,0,0.026653315871953964
0.0,0,0.09231583774089813
0.0,0,0.04365558177232742
0.0,0,0.2519052028656006
0.0,0,0.070289745926857
0.0,1,0.8603653907775879
1.0,1,0.7750130295753479
1.0,1,0.9986585378646851
0.0,0,0.0011848023859784007
1.0,1,0.9938023090362549
0.0,1,0.9692895412445068
1.0,1,0.8126662373542786
1.0,0,0.04209692031145096
1.0,1,0.975276529788971
0.0,0,0.20529764890670776
1.0,1,0.9802329540252686
1.0,1,0.9998725652694702
0.0,0,0.005645277444273233
0.0,0,0.005656391382217407
1.0,1,0.999752938747406
0.0,0,0.0006047649658285081
1.0,1,0.9998472929000854
0.0,1,0.7324684858322144
1.0,0,0.15496620535850525
1.0,1,0.48922061920166016
1.0,1,0.996387243270874
1.0,1,0.9873678088188171
0.0,0,0.011320582590997219
0.0,1,0.8605972528457642
1.0,1,0.6044288277626038
1.0,1,0.999680757522583
1.0,1,0.9883081316947937
1.0,1,0.8545328378677368
1.0,1,0.9994897842407227
1.0,1,0.617712676525116
1.0,0,0.029225366190075874
0.0,0,0.2766599655151367
0.0,1,0.5233754515647888
1.0,1,0.8892809748649597
0.0,0,0.00930099654942751
1.0,1,0.9932385683059692
0.0,0,0.0008622001623734832
1.0,1,0.7943783402442932
0.0,1,0.6609397530555725
1.0,1,0.9445180892944336
0.0,1,0.5538683533668518
0.0,0,0.0013265091693028808
0.0,0,0.0036592502146959305
0.0,1,0.6691420078277588
1.0,1,0.7618157863616943
0.0,0,0.0027217695023864508
1.0,1,0.9970345497131348
0.0,0,0.030453672632575035
1.0,0,0.3601926565170288
0.0,0,0.07243075966835022
1.0,1,0.5555292963981628
1.0,1,0.971968948841095
1.0,1,0.9524346590042114
1.0,0,0.35700055956840515
1.0,1,0.9999886751174927
1.0,1,0.9782206416130066
0.0,0,0.010854503139853477
1.0,0,0.16143685579299927
1.0,1,0.9984970092773438
0.0,0,0.004792284686118364
1.0,1,0.999679446220398
0.0,0,0.022084884345531464
0.0,0,0.04398763179779053
0.0,0,0.026926100254058838
0.0,0,0.038096509873867035
1.0,1,0.9218403697013855
0.0,0,0.15092353522777557
0.0,0,0.0013157392386347055
0.0,0,0.19021877646446228
1.0,1,0.9244927763938904
0.0,0,0.46697384119033813
0.0,0,0.025986438617110252
0.0,0,0.0011045077117159963
1.0,1,0.9800156950950623
0.0,0,0.23993930220603943
1.0,1,0.9797337651252747
0.0,0,0.20121657848358154
0.0,1,0.9368715286254883
0.0,1,0.8123236298561096
0.0,0,0.1775628626346588
0.0,0,0.00407725665718317
1.0,1,0.9998693466186523
1.0,1,0.9826029539108276
1.0,1,0.9256570935249329
0.0,0,0.0842519998550415
0.0,0,0.00048138562124222517
1.0,1,0.9999337196350098
1.0,1,0.9006766676902771
1.0,1,0.9174477458000183
1.0,0,0.31197598576545715
1.0,1,0.9375197291374207
1.0,1,0.9507701396942139
0.0,0,0.08872394263744354
0.0,1,0.8573270440101624
1.0,1,0.8715358376502991
0.0,0,0.07571728527545929
0.0,1,0.9763941168785095
0.0,0,0.03463323786854744
0.0,0,0.0017024752451106906
1.0,1,0.9891737699508667
0.0,0,0.4118378758430481
1.0,0,0.015543648041784763
0.0,0,0.02820691466331482
0.0,0,0.4421687424182892
1.0,1,0.9437041878700256
1.0,1,0.8745231628417969
1.0,1,0.9883418679237366
0.0,0,0.04911160469055176
0.0,1,0.7340559363365173
1.0,0,0.23747341334819794
1.0,1,0.9983982443809509
1.0,1,0.7176131010055542
0.0,0,0.0034668140579015017
1.0,1,0.998309850692749
1.0,1,0.9991338849067688
1.0,1,0.9946779012680054
0.0,0,0.00592423602938652
0.0,0,0.09456348419189453
0.0,0,0.2548297345638275
1.0,1,0.8674356937408447
1.0,1,0.9772496223449707
0.0,0,0.01987425796687603
0.0,1,0.6890082359313965
0.0,0,0.012557444162666798
0.0,0,0.10634997487068176
1.0,1,0.9822005033493042
0.0,0,0.25948566198349
0.0,0,0.0580848790705204
1.0,1,0.8906749486923218
1.0,1,0.9733948707580566
0.0,0,0.012531955726444721
1.0,1,0.9354575276374817
0.0,0,0.007058037910610437
0.0,0,0.11902455985546112
0.0,1,0.9854034781455994
1.0,1,0.999468982219696
0.0,0,0.09653086960315704
1.0,1,0.9980692267417908
0.0,0,0.019650690257549286
0.0,0,0.00010925096285063773
1.0,1,0.9998419284820557
1.0,1,0.9840601682662964
0.0,1,0.9734006524085999
1.0,1,0.984283447265625
0.0,0,0.12204832583665848
1.0,1,0.9650054574012756
0.0,1,0.6548951268196106
0.0,0,0.00428842194378376
1.0,0,0.09058435261249542
0.0,0,0.002819893416017294
0.0,0,0.10922116786241531
1.0,1,0.8340473175048828
0.0,0,0.15124060213565826
0.0,0,0.017578603699803352
0.0,1,0.5749842524528503
1.0,1,0.8680651187896729
0.0,0,0.010437499731779099
0.0,0,0.030337117612361908
0.0,0,0.06666912138462067
1.0,1,0.999461829662323
0.0,0,0.019594702869653702
1.0,1,0.9432178735733032
1.0,1,0.980083703994751
0.0,0,0.00018720797379501164
1.0,1,0.7850937843322754
0.0,0,0.00811496190726757
0.0,0,0.019030308350920677
1.0,1,0.9982832670211792
0.0,1,0.674716591835022
1.0,1,0.48954328894615173
0.0,1,0.9970021843910217
0.0,1,0.5671907067298889
1.0,1,0.998181939125061
1.0,1,0.9469820857048035
0.0,0,0.0022392321843653917
0.0,0,0.005241190083324909
1.0,1,0.8919562101364136
1.0,1,0.8174265623092651
1.0,1,0.9925259351730347
1.0,1,0.9766898155212402
0.0,1,0.48544391989707947
0.0,0,0.3694465756416321
0.0,0,0.40781429409980774
1.0,1,0.9230412244796753
0.0,0,0.042523983865976334
0.0,1,0.7421964406967163
0.0,0,0.07863360643386841
0.0,1,0.8663647770881653
0.0,0,0.0006010202341713011
1.0,1,0.9980157613754272
0.0,1,0.9795395135879517
1.0,1,0.9982016086578369
0.0,1,0.5322750806808472
1.0,0,0.04166201874613762
0.0,0,0.29630759358406067
0.0,0,0.00016207562293857336
0.0,0,0.00039060370181687176
1.0,1,0.9999574422836304
1.0,0,0.40466442704200745
1.0,1,0.9994841814041138
0.0,0,0.0040525165386497974
0.0,0,0.0023550335317850113
1.0,1,0.9912069439888
1.0,1,0.6178300380706787
0.0,0,0.4226343035697937
1.0,1,0.9472414255142212
1.0,1,0.9998908042907715
1.0,1,0.9999301433563232
0.0,0,0.08583635091781616
0.0,0,0.01692977175116539
0.0,1,0.9745227694511414
1.0,1,0.9856991171836853
1.0,1,0.9762998223304749
0.0,0,0.284102201461792
1.0,1,0.999288022518158
1.0,1,0.9438207745552063
0.0,0,0.06834336370229721
0.0,0,0.005712163168936968
1.0,1,0.9999775886535645
0.0,0,0.0026350305415689945
0.0,0,0.20298592746257782
0.0,0,0.02238592319190502
1.0,1,0.9815517067909241
1.0,1,0.9596947431564331
0.0,0,0.0027743277605623007
1.0,1,0.9990831613540649
1.0,1,0.6490018367767334
0.0,0,0.017817843705415726
0.0,0,0.0700744166970253
1.0,1,0.9807823896408081
1.0,0,0.20680664479732513
1.0,0,0.2954186499118805
0.0,0,0.3813025951385498
0.0,0,0.0025609463918954134
1.0,1,0.9856765270233154
1.0,1,0.990610659122467
1.0,1,0.9997449517250061
0.0,0,0.008656109683215618
0.0,0,0.03321656212210655
1.0,1,0.9964888095855713
1.0,1,0.9801197648048401
1.0,1,0.8108149766921997
1.0,1,0.991844117641449
1.0,1,0.9977920055389404
1.0,1,0.9621943831443787
0.0,1,0.6822903156280518
0.0,1,0.5688983798027039
1.0,1,0.9971452355384827
1.0,1,0.5102155804634094
0.0,0,0.0017218400025740266
1.0,1,0.9958847165107727
0.0,0,0.013200460933148861
1.0,1,0.9119284152984619
1.0,0,0.04277459904551506
0.0,1,0.9217203259468079
0.0,1,0.563034176826477
0.0,1,0.8542332649230957
1.0,1,0.8932307958602905
1.0,1,0.9352165460586548
1.0,1,0.9653429388999939
1.0,1,0.9938870072364807
0.0,0,0.015719495713710785
0.0,1,0.9926087260246277
0.0,0,0.005025370512157679
0.0,1,0.9878861904144287
0.0,0,0.00023265689378604293
0.0,0,0.0861690491437912
0.0,0,0.005278278607875109
1.0,1,0.9921476244926453
1.0,0,0.29421529173851013
1.0,1,0.9982638955116272
0.0,1,0.9886757135391235
1.0,1,0.9982824325561523
0.0,0,0.003511690301820636
0.0,0,0.006146792788058519
1.0,1,0.9945414662361145
0.0,0,2.9378281396930106e-05
0.0,0,0.0008133185910992324
0.0,0,0.1190723329782486
0.0,0,0.059661123901605606
1.0,1,0.5751370787620544
1.0,1,0.999403715133667
0.0,0,0.0038663134910166264
1.0,1,0.9466693997383118
1.0,1,0.9931206107139587
0.0,0,0.010280671529471874
0.0,0,0.466797411441803
0.0,0,0.052730634808540344
1.0,1,0.9994829893112183
0.0,1,0.9201921820640564
0.0,1,0.8204192519187927
1.0,1,0.6468328237533569
1.0,1,0.9284343719482422
0.0,1,0.9771316647529602
1.0,1,0.9804847836494446
0.0,1,0.9967218041419983
1.0,1,0.9921987652778625
1.0,1,0.9825419187545776
1.0,1,0.9981734752655029
1.0,1,0.9997147917747498
1.0,1,0.9941703081130981
0.0,0,0.16285939514636993
1.0,1,0.99982088804245
0.0,0,0.1538935899734497
1.0,1,0.7884820103645325
0.0,0,0.3979431390762329
0.0,0,0.018591035157442093
1.0,1,0.9855130314826965
0.0,0,0.16457736492156982
1.0,1,0.9989809393882751
1.0,0,0.09005170315504074
1.0,1,0.9530401825904846
1.0,0,0.0972331315279007
1.0,1,0.7686612606048584
1.0,1,0.9947708249092102
0.0,1,0.601743757724762
1.0,1,0.9625102281570435
1.0,1,0.9760069251060486
0.0,0,0.48298144340515137
0.0,0,0.01264082919806242
0.0,0,0.008092125877737999
0.0,1,0.9609204530715942
0.0,0,0.045602500438690186
0.0,0,0.005618035327643156
1.0,1,0.7553524374961853
1.0,1,0.9977729916572571
0.0,0,0.12453006207942963
0.0,0,0.019481772556900978
0.0,1,0.8521513938903809
1.0,1,0.6483307480812073
0.0,0,0.09827928245067596
0.0,1,0.8844468593597412
0.0,0,0.05407964065670967
0.0,0,0.0026992487255483866
1.0,1,0.605745792388916
0.0,0,0.24430958926677704
1.0,1,0.9807592034339905
0.0,0,0.009502268396317959
0.0,0,0.08808015286922455
1.0,1,0.9908486604690552
0.0,0,0.003417813219130039
1.0,1,0.9865678548812866
0.0,0,0.13009923696517944
1.0,1,0.9177412986755371
0.0,0,0.007732342928647995
0.0,0,0.003731098026037216
0.0,0,0.0026512632612138987
0.0,0,0.31349965929985046
1.0,1,0.9999325275421143
1.0,1,0.8238658905029297
0.0,0,0.001546178013086319
1.0,1,0.9431716203689575
1.0,1,0.9976992011070251
1.0,0,0.4005773067474365
0.0,0,0.05068811774253845
0.0,0,0.003804451087489724
1.0,0,0.000465058081317693
1.0,0,0.22033695876598358
0.0,0,0.026355111971497536
1.0,0,0.14478076994419098
1.0,0,0.05153616890311241
1.0,1,0.8436803817749023
0.0,0,0.03103182464838028
1.0,1,0.9971935153007507
1.0,1,0.9927375912666321
0.0,0,0.027845211327075958
0.0,0,0.14729833602905273
1.0,1,0.9936879277229309
0.0,0,0.012380391359329224
0.0,0,0.2440275400876999
0.0,0,0.08163973689079285
0.0,1,0.5529927015304565
0.0,0,0.47161486744880676
1.0,0,0.1837228387594223
1.0,1,0.9997546076774597
0.0,0,0.0011511193588376045
1.0,1,0.8862977623939514
1.0,1,0.9857855439186096
0.0,0,0.0013466078089550138
1.0,0,0.22405986487865448
0.0,0,0.015174021944403648
1.0,1,0.8183611631393433
1.0,0,0.45608702301979065
1.0,1,0.9253386855125427
0.0,0,0.3599308729171753
0.0,1,0.8833416700363159
0.0,1,0.7950325608253479
0.0,0,0.14874431490898132
1.0,1,0.9794579744338989
1.0,1,0.6820187568664551
0.0,0,0.004567154683172703
1.0,1,0.9993240833282471
1.0,1,0.8402339220046997
0.0,0,0.0029280793387442827
1.0,1,0.992385745048523
0.0,0,0.4301338195800781
0.0,0,0.00212309742346406
0.0,0,0.007078171242028475
1.0,1,0.7994035482406616
1.0,1,0.8247911930084229
1.0,0,0.3527783751487732
0.0,1,0.8646140098571777
1.0,0,0.04378870874643326
1.0,1,0.8290795087814331
0.0,0,0.08083661645650864
1.0,0,0.17420537769794464
0.0,0,0.010321409441530704
0.0,0,0.0027357579674571753
1.0,0,0.2334444522857666
1.0,1,0.9899547100067139
1.0,1,0.9933011531829834
1.0,1,0.9231448769569397
1.0,1,0.9948008060455322
1.0,1,0.9617432355880737
1.0,0,0.012316141277551651
0.0,0,0.0015884693711996078
0.0,0,0.06443995237350464
1.0,0,0.3234119713306427
0.0,0,0.0542948842048645
0.0,0,0.08298703283071518
1.0,1,0.9997883439064026
0.0,0,0.0047720372676849365
0.0,1,0.643338143825531
0.0,1,0.6346226334571838
1.0,1,0.9648199677467346
0.0,0,0.40087926387786865
0.0,0,0.021268626675009727
0.0,0,0.0017343697836622596
1.0,1,0.9922839999198914
1.0,1,0.999980092048645
1.0,1,0.9854045510292053
1.0,1,0.9999253749847412
0.0,1,0.9185523986816406
1.0,1,0.4843970537185669
1.0,1,0.9757256507873535
1.0,0,0.002827952615916729
1.0,1,0.9745859503746033
0.0,0,0.22445982694625854
1.0,1,0.9818747043609619
1.0,1,0.8839253187179565
0.0,0,0.07262255251407623
0.0,0,0.00034427898935973644
1.0,0,0.15304173529148102
0.0,0,0.03676086291670799
0.0,0,0.06334967911243439
0.0,0,0.4206882119178772
0.0,1,0.897230863571167
1.0,1,0.8885244131088257
1.0,1,0.9103717803955078
0.0,0,0.08261457085609436
1.0,1,0.9998840093612671
1.0,0,0.00808692630380392
0.0,1,0.5035679340362549
1.0,1,0.9869250059127808
0.0,0,0.09361966699361801
1.0,1,0.9995775818824768
0.0,0,0.00897252094000578
1.0,1,0.9980833530426025
1.0,1,0.9803330302238464
1.0,1,0.9907616972923279
1.0,1,0.9996556043624878
1.0,1,0.9990197420120239
1.0,1,0.967246413230896
1.0,1,0.9996993541717529
0.0,0,2.6187970433966257e-05
0.0,1,0.8012346029281616
1.0,1,0.9900920987129211
0.0,0,0.21370063722133636
1.0,1,0.9999674558639526
0.0,1,0.9712518453598022
1.0,1,0.9650757312774658
0.0,0,0.10541008412837982
0.0,0,0.03339428827166557
1.0,1,0.9909905195236206
0.0,1,0.8278627395629883
1.0,1,0.6227307319641113
1.0,1,0.5425812602043152
1.0,1,0.6716338396072388
0.0,1,0.8839051127433777
1.0,1,0.9966611862182617
0.0,0,0.0014208373613655567
1.0,0,0.18466748297214508
0.0,0,0.0009806868620216846
1.0,1,0.9933913946151733
0.0,0,0.12981966137886047
0.0,1,0.5570938587188721
1.0,1,0.9985383749008179
0.0,1,0.6287985444068909
1.0,1,0.538067638874054
0.0,0,0.0010776272974908352
1.0,1,0.9995965361595154
0.0,0,0.007231400813907385
0.0,1,0.9495031833648682
1.0,1,0.9689089059829712
0.0,0,0.25930169224739075
1.0,1,0.9293082356452942
1.0,1,0.9635359048843384
0.0,1,0.985802412033081
1.0,1,0.8182538151741028
0.0,0,0.05020899325609207
0.0,0,0.02659728191792965
1.0,0,0.047143515199422836
1.0,0,0.30110782384872437
0.0,0,0.005652415566146374
0.0,0,0.018887970596551895
1.0,0,0.30844345688819885
1.0,1,0.9727263450622559
0.0,0,0.0002284291258547455
0.0,0,0.002373514696955681
0.0,1,0.9353217482566833
1.0,1,0.8940523266792297
1.0,0,9.14074043976143e-05
0.0,0,0.1814344972372055
0.0,0,0.032624971121549606
0.0,0,0.43698734045028687
0.0,1,0.6489630341529846
0.0,0,0.003571813926100731
1.0,1,0.9987265467643738
1.0,1,0.7030545473098755
0.0,0,0.016555016860365868
1.0,1,0.9878942370414734
1.0,1,0.972382664680481
0.0,0,0.00046705282875336707
0.0,1,0.9377322793006897
0.0,1,0.6803448796272278
1.0,1,0.9972004890441895
1.0,0,0.006630441639572382
1.0,1,0.9629563093185425
0.0,0,0.13271044194698334
1.0,1,0.9998076558113098
1.0,1,0.9998706579208374
0.0,1,0.7777875065803528
1.0,0,0.08454455435276031
0.0,0,0.06349882483482361
1.0,1,0.991163969039917
0.0,0,0.08493249863386154
1.0,1,0.803443431854248
1.0,1,0.999600350856781
1.0,1,0.99790358543396
1.0,1,0.9991174340248108
0.0,0,0.2950070798397064
0.0,1,0.9840180277824402
0.0,0,0.22152210772037506
0.0,0,0.04273958504199982
0.0,0,0.09553617984056473
1.0,1,0.4931030571460724
1.0,1,0.9362289905548096
0.0,0,0.4656631052494049
1.0,1,0.8030823469161987
0.0,0,0.011080382391810417
1.0,1,0.9950055480003357
1.0,1,0.9027935862541199
0.0,0,0.04829263687133789
1.0,1,0.9983931183815002
1.0,0,0.47191330790519714
0.0,0,0.1761685460805893
0.0,1,0.7177051901817322
0.0,0,0.040337927639484406
0.0,0,0.00364776817150414
1.0,1,0.99603670835495
0.0,1,0.9659242630004883
0.0,0,0.03453158214688301
1.0,1,0.7195277810096741
0.0,0,0.2908071279525757
1.0,0,0.21288363635540009
0.0,0,0.00026432579034008086
1.0,1,0.9981392621994019
0.0,0,0.13028690218925476
1.0,1,0.9529004096984863
0.0,1,0.9950315952301025
1.0,0,0.13149917125701904
1.0,1,0.9928459525108337
1.0,1,0.9997076392173767
0.0,1,0.9415798187255859
0.0,0,0.038609832525253296
0.0,0,0.0007040502387098968
1.0,1,0.9870510101318359
0.0,0,0.0008099110564216971
0.0,0,0.3743032217025757
1.0,1,0.8203997611999512
1.0,1,0.8178134560585022
0.0,0,0.007689285092055798
1.0,1,0.9993355870246887
1.0,1,0.9988144636154175
1.0,1,0.9934847950935364
1.0,1,0.8743427395820618
0.0,0,0.04810303822159767
1.0,1,0.9994955062866211
0.0,0,0.1779136061668396
0.0,0,0.03735420107841492
1.0,1,0.9994338154792786
1.0,1,0.9421693682670593
1.0,1,0.9997350573539734
0.0,0,0.01995338872075081
0.0,0,0.07936660200357437
1.0,1,0.9763391017913818
1.0,0,0.470989853143692
1.0,1,0.7884328961372375
1.0,1,0.9843632578849792
1.0,1,0.9997850060462952
0.0,0,0.034254223108291626
0.0,1,0.7380632758140564
0.0,0,0.1091497614979744
1.0,1,0.9968055486679077
0.0,0,0.0011749324621632695
0.0,1,0.9423496127128601
0.0,1,0.7035706639289856
1.0,0,0.3257800340652466
0.0,1,0.9979370832443237
1.0,1,0.9860551953315735
0.0,0,0.000174456654349342
0.0,1,0.9333615303039551
1.0,1,0.9730825424194336
0.0,0,0.08946379274129868
0.0,0,0.004965158645063639
0.0,0,0.06067825108766556
0.0,0,0.004345838446170092
0.0,0,0.04035361856222153
1.0,1,0.8165965676307678
1.0,0,0.012220732867717743
1.0,1,0.9863995313644409
1.0,1,0.9830114841461182
0.0,1,0.9996728897094727
0.0,1,0.6587754487991333
1.0,1,0.9975288510322571
0.0,0,0.010592609643936157
0.0,0,0.006204034201800823
0.0,0,0.006169714033603668
1.0,1,0.9998316764831543
0.0,1,0.5090289115905762
0.0,0,0.08379575610160828
0.0,0,0.023347157984972
1.0,1,0.9718223214149475
1.0,1,0.76627117395401
0.0,0,0.07073668390512466
1.0,1,0.9331241846084595
1.0,1,0.9939572811126709
1.0,1,0.6991037130355835
1.0,1,0.9999278783798218
1.0,1,0.8733431696891785
1.0,1,0.9289880394935608
0.0,1,0.8148317933082581
0.0,0,0.3388599157333374
0.0,0,0.12374304234981537
1.0,1,0.950125515460968
0.0,0,0.43860483169555664
1.0,1,0.9981241822242737
0.0,1,0.761633574962616
0.0,0,0.016733800992369652
1.0,1,0.956733226776123
1.0,0,0.411256343126297
0.0,0,0.0059801433235406876
1.0,1,0.9710484743118286
0.0,1,0.669642984867096
1.0,1,0.9984346032142639
1.0,1,0.9998372793197632
1.0,0,0.4374641478061676
0.0,1,0.5480760335922241
0.0,0,0.030704287812113762
1.0,1,0.9983130693435669
1.0,1,0.5566199421882629
1.0,1,0.9883015751838684
1.0,1,0.5383597016334534
1.0,1,0.8096500039100647
0.0,0,0.03908125311136246
0.0,1,0.6241940259933472
1.0,1,0.99510657787323
0.0,0,0.3868841528892517
0.0,0,0.12938542664051056
0.0,0,0.2095552682876587
1.0,1,0.9995792508125305
0.0,0,0.08027724176645279
1.0,0,0.3653860092163086
0.0,0,0.009208321571350098
1.0,1,0.9997548460960388
1.0,1,0.9986687898635864
1.0,1,0.7810493111610413
1.0,0,0.0016988968709483743
0.0,0,0.019828980788588524
0.0,0,0.13082312047481537
0.0,1,0.8954564929008484
1.0,1,0.6099165678024292
1.0,1,0.9652045369148254
0.0,0,0.0015110709937289357
0.0,0,0.04525495693087578
0.0,0,0.003304325044155121
0.0,0,0.008584308438003063
1.0,1,0.9902788996696472
1.0,1,0.6942582130432129
1.0,1,0.5234959721565247
1.0,1,0.8180463314056396
0.0,0,0.05713441222906113
1.0,1,0.9980373978614807
0.0,0,0.011855868622660637
1.0,1,0.9935507774353027
1.0,1,0.9606922268867493
1.0,1,0.9951664209365845
0.0,0,0.014743048697710037
0.0,0,0.013882553204894066
1.0,1,0.755500853061676
0.0,0,0.01120452955365181
1.0,1,0.9916722178459167
0.0,0,0.00562335504218936
0.0,0,0.0007090076105669141
0.0,0,0.33666548132896423
1.0,1,0.9819744229316711
0.0,0,0.01244373805820942
1.0,1,0.8814544677734375
1.0,1,0.7990871071815491
1.0,1,0.9986097812652588
1.0,1,0.9071519374847412
0.0,0,5.705348667106591e-05
1.0,1,0.9921838641166687
0.0,0,0.002379323123022914
1.0,1,0.6533101201057434
1.0,1,0.989315390586853
0.0,0,0.0003764752473216504
1.0,1,0.9983100891113281
1.0,1,0.9745553731918335
1.0,1,0.9984750151634216
0.0,0,0.320594847202301
0.0,0,0.03238546848297119
1.0,1,0.9997449517250061
1.0,0,0.21900953352451324
1.0,1,0.9994908571243286
1.0,1,0.9924815893173218
0.0,0,0.28719189763069153
0.0,0,0.00285458960570395
1.0,1,0.998259961605072
1.0,1,0.9859413504600525
1.0,0,0.03290589153766632
1.0,0,0.10878650844097137
0.0,0,0.03846670314669609
1.0,1,0.9852868318557739
1.0,1,0.9388847947120667
0.0,0,0.0004641884588636458
0.0,0,0.0025581270456314087
1.0,1,0.9193714261054993
1.0,0,0.05074046179652214
1.0,1,0.7248356342315674
1.0,1,0.9786555767059326
1.0,1,0.9870843291282654
0.0,1,0.6576762795448303
0.0,0,0.25872018933296204
0.0,0,0.22089073061943054
0.0,0,0.020652975887060165
0.0,1,0.5444190502166748
1.0,0,0.018858883529901505
1.0,1,0.9994107484817505
0.0,0,0.07008914649486542
1.0,1,0.9977073669433594
0.0,1,0.9038411974906921
1.0,1,0.9184206128120422
0.0,0,0.459891676902771
1.0,1,0.9729418158531189
0.0,0,0.3515361249446869
1.0,0,0.03723989054560661
0.0,0,0.024512266740202904
1.0,1,0.9175998568534851
0.0,0,0.06438429653644562
1.0,1,0.9891462326049805
1.0,1,0.9977802634239197
1.0,1,0.9999431371688843
1.0,1,0.9798636436462402
1.0,1,0.9878605008125305
1.0,0,0.4219038486480713
0.0,1,0.8285390138626099
0.0,0,0.32989081740379333
1.0,1,0.9981393814086914
0.0,0,0.04452153295278549
1.0,0,0.27525800466537476
1.0,1,0.9056915044784546
0.0,0,0.08094442635774612
1.0,1,0.9467107653617859
0.0,0,0.08242236077785492
1.0,1,0.9978554844856262
0.0,0,0.0006167176179587841
0.0,0,0.09459429979324341
0.0,0,0.0048795947805047035
0.0,1,0.9201101064682007
1.0,1,0.9978500604629517
0.0,0,0.05573224648833275
0.0,0,0.0009630132117308676
1.0,1,0.9511218070983887
1.0,1,0.9988879561424255
1.0,1,0.9989872574806213
1.0,1,0.9999204874038696
1.0,1,0.9752640724182129
0.0,0,0.09267342835664749
1.0,1,0.998515784740448
0.0,0,0.0028982548974454403
0.0,0,0.0006288328440859914
1.0,1,0.9933767914772034
0.0,0,0.007817579433321953
1.0,1,0.9550254344940186
0.0,0,0.44984322786331177
1.0,1,0.9632381796836853
0.0,0,0.00363619951531291
1.0,0,0.05075152963399887
1.0,1,0.991717517375946
0.0,0,0.001062282593920827
1.0,1,0.9995032548904419
0.0,1,0.9075202345848083
0.0,0,0.42616745829582214
1.0,1,0.9973888993263245
0.0,1,0.8610393404960632
1.0,1,0.8898680210113525
1.0,1,0.5959351062774658
0.0,0,0.40088650584220886
1.0,0,0.08916198462247849
1.0,1,0.9215822219848633
1.0,1,0.898812472820282
0.0,0,0.036309290677309036
1.0,1,0.9898141026496887
1.0,1,0.8804253935813904
1.0,1,0.9987847208976746
0.0,0,0.03412064537405968
0.0,0,0.18902216851711273
1.0,1,0.8792821168899536
1.0,1,0.9997958540916443
0.0,0,0.0033949760254472494
1.0,1,0.9992282390594482
1.0,1,0.9999620914459229
1.0,1,0.9967220425605774
1.0,1,0.9787341356277466
0.0,0,0.040681011974811554
0.0,1,0.49367329478263855
1.0,1,0.9923117756843567
1.0,1,0.7926008105278015
0.0,0,0.015893856063485146
0.0,1,0.6053917407989502
1.0,1,0.9995042085647583
1.0,1,0.828729510307312
1.0,0,0.3937802016735077
0.0,0,0.24818719923496246
1.0,1,0.5015716552734375
0.0,1,0.9685230851173401
1.0,1,0.9883847236633301
1.0,1,0.9947170615196228
1.0,1,0.934687077999115
1.0,0,0.08044597506523132
0.0,0,0.013021121732890606
0.0,0,0.004484768491238356
1.0,0,0.36662912368774414
0.0,0,0.0620884969830513
0.0,0,0.00035666514304466546
0.0,1,0.8907049298286438
1.0,1,0.6351932883262634
1.0,1,0.9869772791862488
1.0,1,0.6177937388420105
1.0,1,0.8319540023803711
1.0,1,0.9109323024749756
0.0,0,0.13614855706691742
0.0,0,0.00037567419349215925
1.0,1,0.9292397499084473
1.0,1,0.9821577072143555
0.0,0,0.09169185161590576
0.0,0,0.2426634132862091
0.0,0,0.10118632763624191
1.0,1,0.9853724837303162
0.0,0,0.2103186845779419
0.0,0,0.0027812898624688387
1.0,1,0.9855325818061829
1.0,1,0.9286965131759644
0.0,0,0.0016596075147390366
1.0,1,0.9675596952438354
0.0,0,0.41930854320526123
1.0,1,0.9062080979347229
1.0,1,0.999419093132019
1.0,1,0.9981765747070312
1.0,1,0.9952380657196045
1.0,1,0.9874606728553772
1.0,1,0.9809813499450684
1.0,1,0.9483140707015991
1.0,1,0.9909278750419617
0.0,1,0.9668078422546387
0.0,0,0.031521666795015335
1.0,1,0.9628344774246216
0.0,0,0.00883462280035019
1.0,1,0.9878351092338562
1.0,0,0.37912145256996155
0.0,0,0.04589306563138962
0.0,1,0.9362249374389648
0.0,1,0.875974714756012
1.0,1,0.9741695523262024
1.0,1,0.5545686483383179
0.0,0,0.0011663584737107158
0.0,0,0.043856531381607056
0.0,0,0.08672340214252472
0.0,0,0.000610529794357717
1.0,1,0.9956088662147522
0.0,1,0.7231556177139282
0.0,0,0.015025189146399498
0.0,0,0.017985327169299126
1.0,1,0.9012839794158936
0.0,0,0.028773711994290352
0.0,0,0.27058157324790955
1.0,1,0.8969786763191223
1.0,1,0.8277453184127808
1.0,1,0.9314694404602051
0.0,0,0.06631501764059067
0.0,0,0.02598097361624241
1.0,1,0.8663142919540405
1.0,1,0.9813992381095886
0.0,0,0.02038634940981865
0.0,0,0.024398066103458405
0.0,0,0.05171842500567436
0.0,0,0.011229868978261948
0.0,0,0.37326571345329285
1.0,1,0.9034386873245239
1.0,0,0.06416567414999008
0.0,0,0.3584572970867157
1.0,1,0.9973278045654297
1.0,1,0.999444305896759
0.0,0,0.001071280101314187
0.0,0,0.22373774647712708
1.0,1,0.8162280917167664
1.0,1,0.9875707626342773
1.0,0,0.4409295916557312
1.0,1,0.9947400689125061
0.0,0,0.00732344388961792
0.0,0,0.4508943557739258
0.0,0,0.02221965603530407
0.0,1,0.5248768925666809
0.0,1,0.727522611618042
0.0,0,0.012837350368499756
0.0,1,0.7160349488258362
0.0,0,0.014275968074798584
0.0,0,0.12036477029323578
0.0,0,0.007045857608318329
0.0,0,0.008371977135539055
1.0,1,0.9995456337928772
0.0,0,0.013969864696264267
1.0,1,0.8824514150619507
1.0,1,0.9743959903717041
1.0,1,0.8100568652153015
1.0,0,0.10776869207620621
1.0,0,0.2978048622608185
1.0,1,0.8306482434272766
1.0,1,0.6121757626533508
0.0,0,0.0038898824714124203
1.0,1,0.9881395101547241
0.0,1,0.9910467267036438
0.0,1,0.6358001232147217
1.0,1,0.8760115504264832
0.0,0,0.00011340327182551846
0.0,1,0.9967771172523499
1.0,1,0.9708677530288696
1.0,1,0.9978212118148804
0.0,1,0.9264660477638245
1.0,1,0.9993103742599487
1.0,0,0.009090770035982132
1.0,1,0.9974372386932373
1.0,1,0.9204641580581665
1.0,1,0.9971605539321899
0.0,0,0.25703656673431396
0.0,1,0.8266947269439697
0.0,0,0.3418484330177307
0.0,0,0.014993761666119099
0.0,1,0.9066479802131653
1.0,1,0.9894776940345764
1.0,1,0.9959866404533386
1.0,1,0.9941469430923462
0.0,0,0.3301263749599457
0.0,0,0.0036017424426972866
1.0,1,0.5000789761543274
0.0,0,0.002025633119046688
1.0,1,0.7729429602622986
1.0,1,0.9963293671607971
0.0,0,0.22428439557552338
0.0,0,0.0005656829453073442
0.0,0,0.00026995051302947104
0.0,0,0.03971748426556587
1.0,1,0.9888725876808167
1.0,1,0.9507082104682922
0.0,0,0.38734880089759827
1.0,1,0.9999669790267944
0.0,1,0.7157461047172546
0.0,0,0.001486411434598267
0.0,0,0.10073831677436829
0.0,1,0.8322389125823975
0.0,1,0.5675845742225647
0.0,1,0.7896722555160522
0.0,0,0.008665747009217739
1.0,1,0.9657902717590332
0.0,0,0.13520026206970215
1.0,1,0.955881655216217
1.0,0,0.4793245494365692
1.0,1,0.872678279876709
0.0,0,0.0001678032276686281
0.0,1,0.9380092024803162
0.0,1,0.7160290479660034
1.0,1,0.999040424823761
0.0,0,0.0027483173180371523
1.0,1,0.9950515627861023
1.0,1,0.9993917942047119
1.0,1,0.9993994235992432
1.0,0,0.4135115146636963
1.0,1,0.9947277903556824
0.0,0,0.0014622651506215334
0.0,0,0.00039633276173844934
0.0,0,0.1854809820652008
1.0,1,0.9052123427391052
1.0,0,0.13892234861850739
0.0,0,0.11054761707782745
1.0,1,0.9976779818534851
1.0,1,0.7053329348564148
0.0,0,0.008902703411877155
1.0,1,0.8809533715248108
0.0,0,0.00011502809502417222
0.0,1,0.8405871987342834
1.0,1,0.9995055198669434
0.0,0,0.0695103257894516
0.0,1,0.9908899664878845
1.0,1,0.9655641317367554
0.0,1,0.6202788949012756
0.0,0,0.05257367715239525
0.0,0,0.00875520333647728
1.0,1,0.9623227715492249
1.0,1,0.9910404086112976
1.0,1,0.6077553033828735
0.0,0,0.03903863951563835
0.0,1,0.9102655053138733
1.0,1,0.9537697434425354
1.0,0,0.25462663173675537
1.0,1,0.997121274471283
1.0,1,0.9988076686859131
1.0,1,0.9962044358253479
1.0,1,0.999045193195343
1.0,1,0.9977285265922546
0.0,1,0.9955097436904907
1.0,1,0.9959651231765747
0.0,1,0.9351477026939392
0.0,0,0.34097525477409363
1.0,1,0.6986942291259766
1.0,1,0.9994136095046997
0.0,0,0.01151949167251587
1.0,0,0.023531591519713402
1.0,0,0.2985815405845642
0.0,0,0.08115777373313904
0.0,0,0.0066362665966153145
0.0,0,0.11591178178787231
1.0,0,0.16738580167293549
0.0,0,0.0006869470817036927
0.0,1,0.5309373736381531
1.0,1,0.9681868553161621
0.0,0,0.3419733941555023
1.0,1,0.9989851117134094
1.0,1,0.7711621522903442
1.0,1,0.9421901106834412
0.0,0,0.0012908715289086103
1.0,1,0.9503557682037354
0.0,0,0.04714971408247948
0.0,1,0.9676451683044434
1.0,1,0.9980331063270569
0.0,0,0.004792976193130016
1.0,1,0.8975597023963928
0.0,0,0.005514817778021097
1.0,1,0.9965240359306335
1.0,0,0.358540415763855
1.0,1,0.9901912212371826
0.0,0,0.025639768689870834
0.0,0,0.01796605996787548
1.0,1,0.9759249687194824
1.0,1,0.9999226331710815
0.0,0,0.011972916312515736
1.0,1,0.48678430914878845
0.0,1,0.7218115925788879
1.0,1,0.9970128536224365
1.0,1,0.9910586476325989
1.0,1,0.9990754127502441
1.0,1,0.5636978149414062
0.0,0,0.3710305690765381
1.0,1,0.5788084864616394
0.0,0,0.004000088199973106
1.0,1,0.998140811920166
0.0,0,0.008162010461091995
1.0,1,0.9387876987457275
0.0,0,0.0025694805663079023
0.0,0,0.02031892165541649
0.0,1,0.9820227026939392
1.0,1,0.9591154456138611
1.0,1,0.9078171253204346
0.0,0,0.002293285448104143
0.0,0,3.109646058874205e-05
1.0,1,0.6875727772712708
1.0,1,0.8937363028526306
1.0,1,0.9709095358848572
0.0,0,0.21739497780799866
1.0,1,0.9995608925819397
0.0,0,0.20538124442100525
0.0,0,0.004351702053099871
1.0,1,0.7686395645141602
0.0,0,0.08871912211179733
0.0,0,0.28906184434890747
1.0,1,0.8631277084350586
1.0,1,0.9779648780822754
1.0,0,0.17580097913742065
1.0,1,0.9671421647071838
0.0,0,0.022265441715717316
1.0,1,0.9828458428382874
0.0,0,0.0031880629248917103
1.0,1,0.9919694066047668
1.0,0,0.005959704052656889
0.0,0,0.015491543337702751
1.0,1,0.7093169093132019
0.0,0,0.18059824407100677
0.0,1,0.7849253416061401
0.0,0,0.0437229722738266
0.0,0,0.0739794671535492
0.0,1,0.6794054508209229
1.0,1,0.9951254725456238
1.0,1,0.9995918869972229
0.0,1,0.981715202331543
1.0,1,0.9987364411354065
0.0,1,0.8323122262954712
0.0,1,0.7614500522613525
1.0,0,0.3756362795829773
0.0,1,0.8718007206916809
1.0,1,0.9991471767425537
0.0,0,0.10580947250127792
1.0,1,0.9997963309288025
1.0,0,0.23303823173046112
0.0,0,0.004994173999875784
1.0,0,0.14219588041305542
0.0,0,0.08892782777547836
1.0,1,0.9995450377464294
1.0,1,0.9994404911994934
0.0,1,0.6107590794563293
1.0,0,0.09400654584169388
0.0,1,0.9375242590904236
0.0,0,0.3530201017856598
1.0,1,0.9406500458717346
0.0,0,0.09440896660089493
1.0,1,0.928976833820343
0.0,0,0.06783673167228699
0.0,0,0.424319326877594
0.0,0,0.09253436326980591
0.0,1,0.9885177612304688
1.0,1,0.7938956022262573
1.0,1,0.9793303608894348
1.0,1,0.9807150363922119
0.0,1,0.9917868971824646
1.0,1,0.9947750568389893
0.0,1,0.49293845891952515
1.0,1,0.9945934414863586
1.0,0,0.005482648499310017
1.0,1,0.9295433163642883
1.0,1,0.9942767024040222
1.0,1,0.9984098672866821
0.0,1,0.5551548004150391
0.0,0,0.11944082379341125
1.0,1,0.8167823553085327
0.0,0,0.0019430500688031316
1.0,1,0.6372623443603516
1.0,1,0.9787594676017761
0.0,1,0.9353188276290894
1.0,1,0.9994219541549683
1.0,0,0.11461453139781952
0.0,0,0.026049595326185226
0.0,0,0.045207563787698746
1.0,1,0.9945165514945984
0.0,1,0.9130810499191284
1.0,1,0.9760656952857971
0.0,0,0.03726399317383766
1.0,1,0.884252667427063
1.0,1,0.9971465468406677
1.0,0,0.015420902520418167
1.0,1,0.9919906258583069
0.0,0,0.005538173019886017
1.0,0,0.32249870896339417
0.0,0,0.01797894388437271
0.0,0,0.023349829018115997
0.0,0,0.008239416405558586
0.0,1,0.8346250653266907
1.0,1,0.9454871416091919
0.0,0,0.4522983729839325
0.0,0,0.0016631227917969227
1.0,1,0.9939484596252441
1.0,1,0.8980339765548706
1.0,0,0.10581496357917786
0.0,0,0.019038721919059753
1.0,1,0.9929672479629517
1.0,1,0.9998175501823425
1.0,1,0.9916157126426697
0.0,0,0.002807743614539504
1.0,1,0.744811475276947
1.0,1,0.9927254915237427
1.0,1,0.978613555431366
0.0,0,0.027144037187099457
1.0,1,0.9988775849342346
0.0,0,0.05036230757832527
1.0,1,0.654543399810791
0.0,0,0.0032675517722964287
0.0,0,0.006870418321341276
0.0,1,0.9985823631286621
1.0,1,0.9971818923950195
0.0,0,0.008788267150521278
1.0,1,0.9963880777359009
0.0,0,0.41250696778297424
1.0,0,0.24406684935092926
1.0,0,0.2312801033258438
0.0,0,0.29761454463005066
1.0,1,0.94771808385849
0.0,0,0.03236991912126541
0.0,0,0.0013087022816762328
0.0,1,0.9968109726905823
0.0,1,0.8708820939064026
0.0,1,0.6022785902023315
1.0,1,0.9966750144958496
1.0,1,0.9867045879364014
0.0,0,0.1365373581647873
1.0,1,0.9831404089927673
1.0,1,0.8036084771156311
1.0,0,0.001535494695417583
1.0,1,0.9989338517189026
0.0,1,0.5783726572990417
1.0,1,0.9964239001274109
0.0,0,0.14506912231445312
1.0,1,0.48466628789901733
1.0,1,0.9826937317848206
0.0,0,0.015194435603916645
0.0,1,0.5369521975517273
0.0,0,0.0811937004327774
0.0,0,0.016850996762514114
0.0,0,0.0042667570523917675
0.0,0,0.1367909014225006
0.0,1,0.8440989255905151
0.0,0,9.098345617530867e-05
0.0,0,0.24023212492465973
0.0,0,0.007182327099144459
0.0,0,0.0012030252255499363
1.0,1,0.9976834058761597
1.0,1,0.7389886379241943
0.0,0,0.1271786391735077
0.0,0,0.025966757908463478
1.0,1,0.9789443016052246
1.0,1,0.8883489370346069
0.0,0,0.0012079777661710978
0.0,0,0.04265467822551727
0.0,0,0.02249915711581707
1.0,1,0.9992877840995789
1.0,1,0.9995131492614746
1.0,1,0.985045850276947
1.0,1,0.6899299025535583
0.0,0,0.006647520698606968
1.0,0,0.18105830252170563
0.0,0,0.09215250611305237
1.0,1,0.9827952980995178
0.0,0,0.01388209592550993
0.0,0,0.011108700186014175
0.0,0,0.3797668516635895
0.0,0,0.18079990148544312
0.0,0,0.1298917680978775
0.0,0,0.030289027839899063
0.0,0,0.04594364017248154
1.0,1,0.9990710020065308
0.0,0,0.05000198259949684
1.0,0,0.1308746337890625
0.0,0,0.0063712154515087605
1.0,1,0.998769223690033
1.0,1,0.9994420409202576
0.0,0,0.016229961067438126
1.0,1,0.9866173267364502
0.0,1,0.9988338351249695
0.0,1,0.8112760186195374
1.0,1,0.9972622394561768
1.0,1,0.9978139400482178
0.0,0,0.30824440717697144
1.0,1,0.9997678399085999
1.0,1,0.561439037322998
1.0,1,0.9988085031509399
1.0,1,0.5351619124412537
0.0,0,0.12022580951452255
1.0,1,0.9986030459403992
0.0,0,0.17540089786052704
0.0,0,0.1965963989496231
0.0,0,0.0948927029967308
0.0,1,0.9939025640487671
0.0,0,0.4290887713432312
1.0,1,0.8966729640960693
0.0,0,0.03227507323026657
0.0,0,0.43325960636138916
1.0,1,0.9978055357933044
1.0,1,0.907611072063446
1.0,1,0.7273021340370178
0.0,0,0.28781166672706604
1.0,1,0.9902315735816956
0.0,0,0.033821575343608856
1.0,1,0.9180296659469604
0.0,0,0.06859464943408966
1.0,1,0.898166298866272
0.0,0,0.07781673222780228
0.0,0,0.2949654161930084
0.0,0,0.059515103697776794
0.0,0,0.16046907007694244
1.0,1,0.9541295766830444
1.0,0,0.10730116814374924
0.0,0,0.08363649994134903
1.0,1,0.9005894660949707
1.0,1,0.8040642738342285
1.0,1,0.9982026815414429
1.0,0,0.1074356883764267
0.0,0,0.05855509266257286
1.0,1,0.7395884990692139
0.0,0,0.005102644674479961
1.0,1,0.7689613103866577
0.0,0,0.008434158749878407
1.0,0,0.07233836501836777
1.0,1,0.9526734352111816
1.0,1,0.997527539730072
0.0,0,0.0015322508988901973
1.0,1,0.993298351764679
1.0,0,0.4349324405193329
0.0,1,0.5099852085113525
0.0,0,0.012919846922159195
0.0,1,0.7285871505737305
1.0,0,0.3154170513153076
0.0,0,0.2700648009777069
1.0,1,0.9872305989265442
1.0,1,0.9750900268554688
0.0,0,0.0501294806599617
0.0,0,0.04846542701125145
0.0,0,0.07918933779001236
1.0,1,0.9992152452468872
1.0,1,0.7893514037132263
0.0,0,0.17641639709472656
0.0,0,0.0239766426384449
1.0,1,0.9480436444282532
0.0,0,0.0001772237301338464
0.0,0,0.005696101114153862
0.0,0,0.006435754708945751
1.0,1,0.9178695678710938
1.0,1,0.9336519837379456
0.0,0,0.024390101432800293
1.0,1,0.936732292175293
0.0,1,0.544183075428009
1.0,1,0.9649193286895752
1.0,1,0.7039300799369812
0.0,0,0.3457956910133362
0.0,0,0.08926492184400558
0.0,1,0.5633776783943176
0.0,1,0.9489803910255432
1.0,1,0.9999558925628662
1.0,1,0.7401746511459351
0.0,0,0.05978301912546158
1.0,1,0.9347440600395203
1.0,1,0.9978522062301636
1.0,0,0.0008408200228586793
1.0,1,0.9883987307548523
0.0,0,0.15007953345775604
0.0,1,0.9081488251686096
0.0,0,0.375570148229599
0.0,0,0.1409396380186081
1.0,0,0.04433432221412659
0.0,0,0.05020463839173317
1.0,1,0.8944391012191772
0.0,0,0.07377421855926514
0.0,1,0.7871074676513672
1.0,1,0.9987743496894836
0.0,0,0.008986872620880604
1.0,1,0.8295899033546448
1.0,1,0.9974701404571533
1.0,1,0.8809669613838196
1.0,0,0.3956947922706604
1.0,1,0.9985790252685547
1.0,1,0.5445141196250916
1.0,1,0.6988943815231323
1.0,1,0.9892399311065674
1.0,1,0.9810628294944763
0.0,0,0.00037929200334474444
1.0,1,0.8205752372741699
1.0,1,0.999855637550354
1.0,1,0.959080159664154
0.0,0,0.034946318715810776
0.0,0,0.07504937797784805
0.0,1,0.5285163521766663
0.0,0,0.07233007252216339
0.0,0,0.05710338056087494
1.0,1,0.99959796667099
1.0,1,0.9681676030158997
0.0,0,0.00040666901622898877
1.0,1,0.9993005990982056
0.0,1,0.9315681457519531
0.0,0,0.036546625196933746
0.0,0,0.4385562241077423
0.0,0,0.0029460308142006397
0.0,0,0.02229059301316738
0.0,1,0.617058277130127
1.0,1,0.9874653220176697
1.0,1,0.6167576909065247
0.0,0,0.0018596772570163012
1.0,1,0.9852157831192017
1.0,1,0.9990665316581726
0.0,0,0.03668200224637985
1.0,0,0.05790964514017105
1.0,1,0.9165627956390381
0.0,0,0.011559621430933475
0.0,0,0.023931803181767464
0.0,0,0.0297385323792696
0.0,0,0.0013200941029936075
1.0,1,0.8475431799888611
0.0,0,0.3229762017726898
0.0,0,0.12878656387329102
1.0,1,0.820527970790863
1.0,0,0.4585095942020416
0.0,0,0.027555564418435097
0.0,0,0.022272709757089615
1.0,1,0.9827842712402344
1.0,1,0.995951771736145
1.0,1,0.9957285523414612
0.0,0,0.12260458618402481
0.0,0,0.0002299780899193138
0.0,0,0.029015153646469116
0.0,0,1.5971339962561615e-05
0.0,0,0.1295057237148285
1.0,1,0.9995322227478027
0.0,0,0.011605285108089447
1.0,0,0.05387153849005699
0.0,0,0.07008592039346695
0.0,1,0.8331704139709473
0.0,1,0.879673957824707
1.0,0,0.2591775953769684
0.0,0,0.2866166830062866
0.0,0,0.0045672389678657055
0.0,0,0.21756380796432495
0.0,0,0.46309027075767517
1.0,1,0.9886581301689148
1.0,1,0.9998912811279297
0.0,0,0.06420224905014038
0.0,0,0.003140525659546256
1.0,1,0.6921302080154419
0.0,0,0.41009989380836487
1.0,1,0.9953553676605225
1.0,1,0.9594424962997437
1.0,1,0.9998024106025696
0.0,1,0.8921900391578674
1.0,1,0.9780833125114441
0.0,0,0.3925445079803467
0.0,0,0.15159758925437927
1.0,1,0.9620741009712219
1.0,1,0.9997898936271667
0.0,0,0.35311028361320496
1.0,1,0.9977108240127563
0.0,0,0.02147134393453598
1.0,1,0.9998583793640137
0.0,0,0.34451743960380554
0.0,1,0.8619340658187866
0.0,0,0.059955354779958725
1.0,1,0.9991592168807983
0.0,0,0.27123111486434937
0.0,0,0.005729333963245153
1.0,1,0.9344457387924194
0.0,0,0.048128001391887665
0.0,1,0.6883724331855774
1.0,1,0.9996639490127563
0.0,0,0.40834474563598633
1.0,1,0.9917570948600769
1.0,1,0.9925980567932129
1.0,1,0.8016814589500427
1.0,0,0.3641071021556854
1.0,1,0.995579183101654
1.0,1,0.9991530179977417
1.0,1,0.9847742915153503
0.0,0,0.006233970634639263
0.0,0,0.12315728515386581
0.0,0,0.0007297571282833815
0.0,1,0.9168293476104736
1.0,1,0.5387105941772461
1.0,0,0.05918090417981148
0.0,0,0.09257345646619797
1.0,1,0.9991472959518433
0.0,0,0.005038302857428789
0.0,0,0.12915748357772827
1.0,1,0.9878949522972107
0.0,0,0.002867939881980419
0.0,0,0.15242516994476318
0.0,0,0.01761706918478012
1.0,1,0.9690670967102051
1.0,1,0.9998939037322998
0.0,0,0.012312899343669415
0.0,0,0.01572996936738491
0.0,1,0.8875504732131958
1.0,1,0.9997747540473938
0.0,0,0.08183660358190536
1.0,1,0.768271267414093
1.0,1,0.9985606074333191
0.0,0,0.3185787796974182
1.0,0,0.0002757393231149763
1.0,1,0.9359652400016785
1.0,1,0.9902974963188171
1.0,1,0.8816572427749634
1.0,1,0.9998102784156799
1.0,1,0.9982659220695496
0.0,0,0.007815992459654808
1.0,1,0.5129871368408203
0.0,1,0.8156520128250122
0.0,1,0.9478669166564941
0.0,1,0.5444754362106323
0.0,1,0.9596781134605408
0.0,0,0.0005660936585627496
1.0,1,0.9832273721694946
1.0,1,0.956925094127655
1.0,1,0.6655339598655701
1.0,1,0.9979267120361328
0.0,1,0.5402495861053467
1.0,1,0.8286364078521729
1.0,1,0.9659574031829834
1.0,0,0.014035376720130444
0.0,0,0.06361711025238037
1.0,1,0.9310100078582764
1.0,1,0.9984099864959717
0.0,0,0.2991393208503723
0.0,1,0.493587464094162
1.0,1,0.9920769929885864
1.0,1,0.9488196969032288
1.0,1,0.9803550243377686
1.0,1,0.5408706665039062
1.0,1,0.9995311498641968
1.0,1,0.8818636536598206
0.0,1,0.6177965402603149
1.0,1,0.9639890789985657
0.0,0,0.011614554561674595
0.0,0,0.16382253170013428
1.0,1,0.7444401979446411
0.0,0,0.0172698013484478
0.0,0,0.004046118818223476
1.0,0,0.14855355024337769
1.0,1,0.7810897827148438
0.0,0,0.06626782566308975
0.0,0,0.021082961931824684
1.0,1,0.9771280288696289
1.0,1,0.9997645020484924
1.0,1,0.9994589686393738
0.0,0,0.23144114017486572
0.0,1,0.7244676947593689
0.0,0,0.014631501398980618
0.0,1,0.9934993982315063
1.0,1,0.9991029500961304
1.0,1,0.9828749895095825
0.0,0,0.4718836545944214
1.0,1,0.9983235001564026
1.0,0,0.03518538177013397
0.0,0,0.0026369320694357157
0.0,0,9.732411854201928e-06
0.0,0,0.39084434509277344
0.0,0,0.383115291595459
0.0,0,0.058082375675439835
1.0,1,0.9931249022483826
1.0,1,0.6783273220062256
1.0,1,0.9997634291648865
0.0,0,0.010979752987623215
1.0,0,0.0872650220990181
1.0,1,0.9672397375106812
0.0,0,0.05870860069990158
0.0,1,0.5721923112869263
1.0,1,0.7752031087875366
1.0,1,0.9749186038970947
1.0,1,0.9001816511154175
1.0,1,0.9871826171875
0.0,0,0.41732633113861084
1.0,1,0.9915241003036499
1.0,1,0.9451318979263306
0.0,0,0.051046453416347504
0.0,0,0.005134693346917629
1.0,1,0.9380055665969849
1.0,1,0.9999431371688843
1.0,1,0.9887678027153015
1.0,1,0.997437596321106
0.0,0,0.13848713040351868
0.0,0,0.336811363697052
1.0,1,0.7774583697319031
1.0,1,0.8719291687011719
0.0,1,0.852879524230957
1.0,1,0.9988409876823425
1.0,0,0.2981375455856323
0.0,0,0.0021268771961331367
0.0,0,0.030524270609021187
0.0,0,0.006036202888935804
1.0,1,0.8155384659767151
0.0,1,0.9251605272293091
1.0,1,0.8687740564346313
0.0,0,0.012981899082660675
1.0,1,0.9985857009887695
1.0,1,0.971656858921051
0.0,1,0.8566702008247375
0.0,0,0.052727531641721725
1.0,1,0.9996373653411865
0.0,0,0.0054196822457015514
1.0,1,0.9559077024459839
1.0,0,0.014143415726721287
1.0,1,0.6587526798248291
0.0,0,0.001561060082167387
0.0,0,0.201528862118721
0.0,0,0.022455252707004547
1.0,1,0.9845725297927856
0.0,0,0.01517092902213335
1.0,0,0.12555228173732758
0.0,1,0.5666171312332153
1.0,1,0.999957799911499
1.0,1,0.9957107305526733
1.0,1,0.988772451877594
0.0,0,0.0016042100032791495
1.0,1,0.9044650197029114
0.0,0,0.0025463085621595383
0.0,0,0.004467656370252371
1.0,1,0.9999462366104126
1.0,1,0.9733519554138184
1.0,1,0.9790975451469421
0.0,0,0.020571768283843994
0.0,0,0.2478024959564209
1.0,1,0.9999746084213257
0.0,0,0.001447358401492238
1.0,1,0.9990106821060181
0.0,0,0.12304162979125977
1.0,1,0.8421255350112915
1.0,1,0.992893636226654
1.0,0,0.01625644601881504
1.0,1,0.9746253490447998
0.0,0,0.014367127791047096
1.0,1,0.9895785450935364
0.0,0,0.05193793401122093
0.0,0,0.41828250885009766
1.0,1,0.7705713510513306
1.0,1,0.5995647311210632
0.0,0,0.24677811563014984
1.0,1,0.9973012804985046
0.0,1,0.5553765892982483
0.0,0,0.0009679197100922465
0.0,0,0.07453442364931107
1.0,1,0.9986009001731873
0.0,0,0.005071031395345926
1.0,1,0.9884449243545532
1.0,1,0.988982617855072
1.0,1,0.9686057567596436
0.0,1,0.49355170130729675
0.0,0,0.10797277837991714
0.0,0,0.0019379466539248824
1.0,1,0.6093282103538513
1.0,1,0.9937883019447327
1.0,1,0.8757445216178894
0.0,0,0.022941019386053085
1.0,1,0.9493952989578247
0.0,0,0.010224861092865467
1.0,0,0.03888887166976929
0.0,0,0.0613098219037056
0.0,0,0.00028508028481155634
0.0,1,0.9929199814796448
1.0,1,0.9359534382820129
1.0,1,0.5938024520874023
0.0,0,0.38417038321495056
1.0,1,0.9986432194709778
0.0,0,0.312272846698761
0.0,0,0.1239236369729042
0.0,0,0.0005961594870314002
0.0,0,0.046359073370695114
0.0,0,0.05318340286612511
1.0,1,0.9761993885040283
1.0,1,0.8876488208770752
1.0,1,0.9998422861099243
1.0,1,0.994862973690033
0.0,0,0.001697892788797617
0.0,0,0.4097396731376648
1.0,1,0.9836747646331787
0.0,0,0.0013577918289229274
1.0,1,0.5303563475608826
1.0,1,0.9982500672340393
0.0,1,0.9459227919578552
1.0,1,0.916682779788971
0.0,0,0.03403281420469284
0.0,0,0.0028543234802782536
1.0,0,0.1277448683977127
1.0,1,0.9983306527137756
0.0,0,0.0022288348991423845
1.0,1,0.8616458177566528
1.0,1,0.9981670379638672
1.0,1,0.9734615087509155
1.0,1,0.9999469518661499
0.0,0,0.16246098279953003
0.0,0,0.10442602634429932
1.0,1,0.9003803730010986
0.0,0,0.0008423091494478285
1.0,1,0.517730712890625
0.0,0,0.43834540247917175
1.0,1,0.9891592860221863
1.0,1,0.9462248682975769
1.0,1,0.9962183833122253
0.0,0,0.02075832523405552
0.0,0,0.001968320459127426
0.0,0,0.0007387167424894869
0.0,1,0.654053807258606
1.0,1,0.7583585977554321
1.0,1,0.9896135926246643
0.0,0,0.1334533989429474
1.0,0,0.3496165871620178
0.0,0,0.0019399351440370083
0.0,0,0.02416723035275936
1.0,1,0.9997668862342834
1.0,1,0.7116494178771973
1.0,0,0.0417172834277153
0.0,0,0.12125548720359802
0.0,0,0.4179260730743408
1.0,1,0.7652397751808167
1.0,1,0.9952980875968933
0.0,0,0.010647039860486984
0.0,1,0.8517826795578003
0.0,0,0.1146177351474762
0.0,0,0.3227322995662689
0.0,1,0.8131932616233826
0.0,0,0.07104888558387756
0.0,1,0.4974419176578522
1.0,1,0.982549786567688
1.0,1,0.9676992297172546
0.0,0,0.09616455435752869
0.0,1,0.6551662683486938
1.0,1,0.9999216794967651
1.0,1,0.9999879598617554
1.0,0,0.04483221843838692
0.0,0,0.10943466424942017
1.0,1,0.7172582149505615
1.0,1,0.9999313354492188
0.0,0,0.004623047076165676
1.0,1,0.9996845722198486
1.0,1,0.9190671443939209
1.0,1,0.9786682724952698
1.0,1,0.9553887844085693
0.0,0,0.13824352622032166
1.0,1,0.887634813785553
1.0,1,0.999556839466095
0.0,0,0.00047017677570693195
1.0,1,0.9629526734352112
0.0,0,0.33338266611099243
0.0,1,0.8728326559066772
1.0,1,0.946263313293457
0.0,0,0.3323456645011902
0.0,0,0.4298066198825836
0.0,0,0.1707693636417389
1.0,1,0.9517164826393127
1.0,1,0.9999345541000366
1.0,1,0.8198187351226807
0.0,1,0.5418610572814941
1.0,1,0.8120537400245667
0.0,1,0.48451533913612366
0.0,1,0.9532164335250854
0.0,0,0.01750825345516205
0.0,0,0.10604342818260193
0.0,0,0.0640530064702034
1.0,1,0.5490508079528809
1.0,1,0.980036199092865
0.0,0,0.11027666926383972
0.0,1,0.9955079555511475
0.0,0,0.05239815264940262
0.0,0,0.37940430641174316
1.0,1,0.9882153272628784
0.0,0,0.1060492992401123
1.0,1,0.9722083210945129
1.0,1,0.9885439276695251
1.0,1,0.9970245957374573
1.0,1,0.9880444407463074
1.0,1,0.9834474325180054
1.0,1,0.9666032195091248
1.0,1,0.9112726449966431
0.0,1,0.5121036171913147
0.0,0,0.17491161823272705
0.0,1,0.8955695033073425
0.0,1,0.8029801249504089
0.0,0,0.001587974838912487
1.0,1,0.981722891330719
1.0,1,0.7158425450325012
1.0,0,0.22172217071056366
0.0,0,0.05753609538078308
1.0,1,0.9991329312324524
1.0,1,0.9856019616127014
1.0,1,0.9996986389160156
1.0,1,0.9994268417358398
1.0,1,0.9943775534629822
1.0,1,0.7173573970794678
0.0,0,0.007049275562167168
0.0,0,0.3384413421154022
1.0,1,0.8173301815986633
0.0,1,0.8304619789123535
0.0,0,0.17704783380031586
0.0,0,0.1756638139486313
1.0,1,0.9450148940086365
0.0,0,0.034306954592466354
0.0,1,0.5902233123779297
1.0,1,0.9412870407104492
0.0,0,1.615407018107362e-05
0.0,1,0.9212762117385864
0.0,0,0.005026903934776783
1.0,1,0.9996324777603149
1.0,1,0.9950100183486938
1.0,1,0.8625179529190063
0.0,1,0.778842568397522
1.0,1,0.9027740359306335
1.0,0,0.0026936912909150124
1.0,1,0.9998584985733032
0.0,0,0.2623990476131439
0.0,0,0.04750983417034149
0.0,0,0.09267819672822952
1.0,1,0.9876644015312195
0.0,0,0.14047814905643463
1.0,1,0.8791317343711853
1.0,0,0.257557213306427
0.0,0,0.0016121553489938378
0.0,0,0.00023054321354720742
1.0,1,0.9986097812652588
1.0,1,0.9987026453018188
1.0,0,0.15618187189102173
0.0,0,0.06636295467615128
1.0,1,0.7497531771659851
0.0,1,0.5462099313735962
0.0,0,0.011114537715911865
0.0,0,0.004546543583273888
0.0,0,0.36304980516433716
1.0,1,0.9993212223052979
1.0,1,0.9950894713401794
1.0,1,0.8686636686325073
0.0,1,0.9682003855705261
0.0,0,0.15673109889030457
0.0,0,0.08471663296222687
1.0,1,0.9951558113098145
1.0,1,0.9868097305297852
1.0,1,0.7053384780883789
1.0,1,0.9980061650276184
0.0,0,0.023638639599084854
0.0,1,0.9882462620735168
1.0,1,0.8338867425918579
1.0,1,0.9504757523536682
0.0,0,0.09237776696681976
1.0,1,0.9889010190963745
0.0,0,0.12095214426517487
1.0,1,0.9994957447052002
1.0,1,0.925778865814209
1.0,1,0.9981156587600708
0.0,0,0.08114799112081528
1.0,0,0.03191464766860008
1.0,0,0.4368833601474762
0.0,0,0.023882849141955376
0.0,0,0.09701699763536453
1.0,0,0.3734602928161621
1.0,1,0.929999828338623
0.0,0,0.3172854781150818
1.0,1,0.9823472499847412
0.0,0,0.0045221829786896706
1.0,1,0.5655839443206787
0.0,0,0.016253137961030006
1.0,1,0.9970147609710693
1.0,1,0.7857241630554199
1.0,1,0.9597142338752747
0.0,0,0.06660633534193039
0.0,0,0.47186699509620667
1.0,1,0.9783705472946167
1.0,1,0.9955447912216187
1.0,1,0.693757176399231
1.0,1,0.9998307228088379
1.0,1,0.5743697881698608
1.0,0,0.020296955481171608
0.0,0,0.32699599862098694
1.0,1,0.6072227954864502
0.0,1,0.799971342086792
1.0,1,0.9871997237205505
0.0,0,0.023472923785448074
0.0,0,0.3324042856693268
1.0,1,0.9569315314292908
1.0,1,0.9952344298362732
0.0,0,0.2358826845884323
0.0,0,0.015567832626402378
0.0,0,0.025869306176900864
0.0,0,0.017386404797434807
0.0,0,0.017979254946112633
1.0,1,0.9942848086357117
0.0,0,0.35333412885665894
0.0,1,0.7330014705657959
0.0,1,0.5480487942695618
0.0,0,0.0136844702064991
1.0,1,0.9984806180000305
1.0,1,0.9296407699584961
1.0,1,0.5227954387664795
1.0,1,0.809882640838623
0.0,0,0.17977656424045563
0.0,0,0.010409914888441563
0.0,0,0.001791737973690033
1.0,1,0.9978017210960388
1.0,1,0.9985008239746094
1.0,1,0.999195396900177
0.0,1,0.5909472107887268
0.0,1,0.49159786105155945
0.0,0,0.44161295890808105
1.0,1,0.9818717837333679
0.0,0,0.050803493708372116
0.0,0,0.27594292163848877
1.0,1,0.9997413754463196
1.0,1,0.9997159838676453
0.0,0,0.25202664732933044
1.0,1,0.9984968900680542
1.0,1,0.9976359605789185
0.0,0,0.3256111741065979
0.0,1,0.9279127717018127
1.0,1,0.9986298084259033
0.0,0,0.46237027645111084
1.0,0,0.23656697571277618
1.0,1,0.9999561309814453
0.0,0,0.0006363731808960438
1.0,1,0.9939337372779846
1.0,1,0.9976056814193726
0.0,0,0.2951200604438782
0.0,0,0.1710328906774521
0.0,0,0.19061486423015594
0.0,0,0.035900332033634186
1.0,1,0.9879419207572937
0.0,0,0.006179668940603733
1.0,1,0.9784600138664246
1.0,1,0.9420007467269897
1.0,1,0.9637864232063293
1.0,1,0.8618720769882202
1.0,1,0.9990097284317017
0.0,0,9.093574772123247e-05
0.0,0,0.0010346589842811227
0.0,0,0.4822709858417511
1.0,1,0.991104781627655
1.0,1,0.9965123534202576
0.0,0,0.1936427354812622
1.0,1,0.6525651812553406
1.0,1,0.9948261380195618
1.0,0,0.09603440016508102
1.0,0,0.36328890919685364
0.0,0,0.3597903549671173
1.0,1,0.9981503486633301
1.0,0,0.31495001912117004
1.0,1,0.9981439113616943
0.0,1,0.999188244342804
0.0,0,0.0026703912299126387
0.0,0,0.0036687979009002447
0.0,0,0.16573119163513184
0.0,0,0.020937534049153328
0.0,0,0.032257966697216034
1.0,1,0.8898084759712219
1.0,1,0.9693837761878967
1.0,1,0.9828997254371643
1.0,1,0.9436848163604736
0.0,0,0.00024347371072508395
1.0,1,0.987837553024292
0.0,0,0.0027506130281835794
1.0,0,0.2516555190086365
0.0,0,0.0021831525955349207
1.0,1,0.9998283386230469
1.0,1,0.999904990196228
1.0,1,0.9924391508102417
0.0,0,0.00028862239560112357
1.0,1,0.999388575553894
0.0,0,0.020154759287834167
0.0,0,0.006782381795346737
0.0,0,0.10745123773813248
1.0,1,0.9781628251075745
1.0,1,0.9888837337493896
1.0,1,0.9771074056625366
0.0,1,0.8946835994720459
1.0,0,0.07569660991430283
1.0,1,0.9986805319786072
1.0,1,0.8741744756698608
0.0,1,0.6467884182929993
0.0,1,0.7156437039375305
0.0,0,0.23793500661849976
1.0,1,0.9952808022499084
1.0,1,0.9986322522163391
1.0,1,0.9959670305252075
1.0,1,0.9759960770606995
1.0,1,0.9977082014083862
0.0,0,0.0029147008899599314
1.0,1,0.8871132731437683
1.0,1,0.9074420928955078
0.0,1,0.8552494049072266
1.0,0,0.17002086341381073
0.0,0,0.12012850493192673
0.0,0,0.003544395789504051
0.0,0,0.004033316392451525
0.0,0,0.06287185847759247
1.0,1,0.8280715346336365
0.0,1,0.5280596017837524
1.0,1,0.9835071563720703
1.0,1,0.9950956106185913
1.0,1,0.9977960586547852
1.0,1,0.9613741636276245
1.0,0,0.3780566453933716
0.0,0,0.04553205519914627
1.0,0,0.1235836073756218
0.0,0,0.14012044668197632
0.0,0,0.03935624659061432
0.0,0,0.0021475795656442642
1.0,1,0.5247878432273865
0.0,1,0.9884819984436035
0.0,1,0.6792335510253906
1.0,1,0.8368607759475708
0.0,0,0.16245490312576294
1.0,1,0.9773638248443604
0.0,0,0.16497129201889038
1.0,1,0.9935122132301331
0.0,0,0.18846939504146576
0.0,0,0.3948434889316559
1.0,1,0.9473541378974915
0.0,0,0.041065435856580734
0.0,0,0.05760648101568222
0.0,0,0.08582650125026703
1.0,1,0.9953973889350891
0.0,0,0.005375437904149294
1.0,0,0.3956138789653778
0.0,0,0.009176361374557018
0.0,0,0.0010294253006577492
0.0,1,0.5225863456726074
0.0,0,0.011954731307923794
1.0,1,0.9998499155044556
0.0,0,0.003583993762731552
0.0,0,0.17927570641040802
1.0,1,0.8332286477088928
0.0,0,0.024487575516104698
0.0,0,0.1255791038274765
1.0,0,0.1739795058965683
1.0,1,0.9919278621673584
0.0,0,0.002743616234511137
1.0,1,0.7475911974906921
0.0,0,0.0112680708989501
0.0,0,0.00999576598405838
0.0,0,0.11928121745586395
0.0,0,0.0047677140682935715
0.0,1,0.4949690103530884
1.0,1,0.9632871747016907
0.0,0,0.1233537420630455
0.0,0,0.005993494298309088
1.0,1,0.997855007648468
1.0,1,0.9970710277557373
0.0,0,0.05238872766494751
0.0,0,0.0059073264710605145
0.0,1,0.9549146294593811
0.0,0,0.013101773336529732
0.0,1,0.9643898010253906
1.0,1,0.8531576991081238
1.0,1,0.9723272919654846
0.0,1,0.6582297682762146
0.0,0,0.05284051597118378
1.0,1,0.9945946335792542
0.0,0,0.013404031284153461
1.0,1,0.9997449517250061
1.0,1,0.8386607766151428
1.0,1,0.9693893790245056
0.0,0,0.051739517599344254
1.0,1,0.9228208065032959
0.0,0,9.783447603695095e-05
0.0,0,2.5715135052450933e-05
1.0,1,0.7295839786529541
0.0,0,0.0003488815273158252
1.0,1,0.988594651222229
0.0,0,0.0005581000004895031
0.0,1,0.7191981077194214
0.0,0,0.3049866259098053
1.0,0,0.00036434896173886955
0.0,0,0.31271931529045105
1.0,1,0.48795658349990845
0.0,1,0.8168513178825378
1.0,1,0.9432013034820557
0.0,0,0.028693247586488724
1.0,1,0.8928394913673401
1.0,1,0.9980645775794983
0.0,1,0.7372815608978271
1.0,1,0.7398616671562195
0.0,0,0.4696827530860901
1.0,1,0.8488989472389221
1.0,1,0.9993784427642822
0.0,0,0.003095819614827633
0.0,0,0.008684979751706123
0.0,1,0.8223848342895508
1.0,0,0.032689955085515976
0.0,0,0.2606917917728424
0.0,0,0.24533505737781525
0.0,0,0.0013713352382183075
1.0,1,0.9492027759552002
1.0,1,0.9865134358406067
1.0,1,0.9992187023162842
1.0,1,0.998047947883606
1.0,1,0.484425812959671
1.0,1,0.822641134262085
0.0,0,0.03183884546160698
1.0,1,0.7883855104446411
1.0,1,0.48380357027053833
1.0,0,0.22666090726852417
0.0,0,0.0004331712261773646
1.0,1,0.9218959808349609
1.0,1,0.9991878867149353
0.0,0,0.003848699852824211
0.0,1,0.8323312997817993
0.0,1,0.8199805617332458
1.0,1,0.9996539354324341
0.0,0,0.09726974368095398
0.0,0,0.012349114753305912
1.0,1,0.9896807074546814
1.0,1,0.9999656677246094
0.0,0,0.2529062032699585
0.0,0,0.014623485505580902
1.0,1,0.9944908618927002
1.0,1,0.9983175992965698
0.0,0,0.45712411403656006
1.0,1,0.997456967830658
1.0,0,0.4196036458015442
0.0,0,0.01423033606261015
1.0,1,0.8609727025032043
0.0,0,0.00020586485334206372
0.0,0,0.017876092344522476
0.0,0,0.004483094904571772
0.0,1,0.4925663471221924
1.0,1,0.8187507390975952
1.0,1,0.9998898506164551
1.0,0,0.014056628569960594
1.0,1,0.9855787754058838
0.0,0,0.014039672911167145
0.0,0,0.007474929094314575
1.0,1,0.9791242480278015
0.0,0,0.01554926112294197
0.0,0,0.13974565267562866
0.0,0,0.009416799992322922
0.0,0,0.04455616697669029
0.0,1,0.9169858694076538
1.0,1,0.9946213960647583
1.0,1,0.9999263286590576
1.0,0,0.2935065031051636
0.0,0,0.002135898917913437
0.0,0,0.005307259038090706
1.0,0,0.012860720045864582
1.0,1,0.9966527819633484
1.0,1,0.9936537742614746
1.0,0,0.38018104434013367
1.0,1,0.9931423664093018
0.0,0,0.2132795751094818
1.0,1,0.9939694404602051
1.0,0,0.17897722125053406
1.0,1,0.9986989498138428
1.0,1,0.9990622401237488
0.0,0,0.3151509165763855
1.0,1,0.9511152505874634
0.0,0,0.0015609657857567072
0.0,0,0.3581100106239319
0.0,0,0.032108329236507416
1.0,1,0.8743127584457397
0.0,0,0.2646905779838562
0.0,0,0.11201212555170059
1.0,1,0.66253662109375
1.0,0,0.04189598932862282
0.0,0,0.01241356786340475
1.0,1,0.9588378667831421
1.0,1,0.9614183902740479
1.0,1,0.8848220109939575
1.0,1,0.9974052309989929
0.0,0,0.004378123674541712
0.0,1,0.9760807752609253
0.0,0,0.06019993871450424
0.0,0,0.1722431778907776
1.0,1,0.9949626922607422
1.0,0,0.30385318398475647
0.0,1,0.5657126903533936
1.0,0,0.2716938257217407
1.0,1,0.996749997138977
0.0,0,0.014442150481045246
0.0,1,0.7485584020614624
0.0,1,0.9296117424964905
0.0,0,0.0196230448782444
1.0,1,0.9995890259742737
1.0,0,0.4090597629547119
1.0,1,0.9991093277931213
1.0,1,0.85781329870224
1.0,1,0.9266185164451599
0.0,0,0.01599498651921749
1.0,1,0.9938604831695557
0.0,0,0.05800401791930199
0.0,0,0.028022965416312218
1.0,1,0.7289320230484009
1.0,1,0.7701861262321472
1.0,1,0.772660493850708
0.0,0,0.005835187621414661
0.0,0,0.02289254404604435
0.0,0,0.015528231859207153
1.0,1,0.9131638407707214
1.0,1,0.653026819229126
1.0,1,0.9994196891784668
0.0,0,0.018053576350212097
0.0,0,0.35764414072036743
1.0,1,0.968252420425415
0.0,0,0.1030188500881195
1.0,1,0.9807963371276855
1.0,1,0.9937704205513
0.0,0,0.031022312119603157
0.0,1,0.799741268157959
1.0,1,0.892811119556427
0.0,0,0.022172804921865463
0.0,0,4.307977360440418e-05
1.0,1,0.9999172687530518
1.0,1,0.483717143535614
0.0,0,0.19774556159973145
0.0,0,0.013930555433034897
1.0,1,0.9990205764770508
1.0,1,0.9928305745124817
1.0,1,0.5648496150970459
0.0,1,0.9465044736862183
1.0,1,0.9991865754127502
1.0,1,0.9929594993591309
0.0,0,0.06879989802837372
0.0,0,0.36878806352615356
0.0,0,0.0024019991979002953
1.0,1,0.9985270500183105
1.0,1,0.9934313893318176
1.0,1,0.992164134979248
0.0,0,0.33356115221977234
0.0,1,0.6852283477783203
1.0,1,0.9571810960769653
0.0,0,0.015268624760210514
0.0,0,0.0014775587478652596
0.0,0,0.4512096345424652
0.0,0,0.2668391764163971
0.0,0,0.005134498234838247
1.0,1,0.7294958233833313
0.0,1,0.6646620035171509
1.0,1,0.9746420979499817
1.0,1,0.9973931312561035
1.0,1,0.994899570941925
1.0,0,0.1613830029964447
0.0,1,0.6398420333862305
1.0,1,0.9998179078102112
1.0,1,0.9732000827789307
0.0,0,0.05056023970246315
0.0,0,0.031614962965250015
0.0,0,0.05774084851145744
1.0,0,0.013976980932056904
0.0,0,0.001779295620508492
0.0,0,0.2953702211380005
0.0,0,0.00946653913706541
0.0,0,0.07989005744457245
0.0,1,0.5460559129714966
0.0,0,0.0007416850421577692
0.0,0,0.0377986878156662
1.0,1,0.9984044432640076
0.0,0,0.008144237101078033
0.0,0,0.020292978733778
1.0,1,0.9997199177742004
1.0,0,0.44225257635116577
1.0,1,0.994696855545044
0.0,0,0.4364575743675232
0.0,0,0.3491901457309723
0.0,0,0.021547112613916397
1.0,0,0.2723758816719055
0.0,0,0.2118816077709198
1.0,1,0.978590190410614
0.0,0,0.030458956956863403
1.0,1,0.9888787269592285
0.0,0,0.003341633128002286
0.0,0,0.02009674720466137
0.0,0,0.03826450929045677
0.0,1,0.9994383454322815
0.0,0,0.009803743101656437
0.0,0,0.007195014040917158
0.0,0,0.031107675284147263
1.0,1,0.717939555644989
1.0,1,0.9983440637588501
0.0,0,0.0034666801802814007
1.0,1,0.9006179571151733
1.0,1,0.9397311806678772
1.0,1,0.9999110698699951
1.0,1,0.9922084808349609
0.0,1,0.9281104207038879
1.0,0,0.10432727634906769
1.0,1,0.9233691096305847
1.0,0,0.4040204882621765
0.0,0,0.04496565833687782
0.0,0,0.057465288788080215
1.0,1,0.6702788472175598
1.0,1,0.9089343547821045
0.0,0,0.21881547570228577
1.0,1,0.9932195544242859
0.0,0,0.46021321415901184
0.0,0,0.18625317513942719
0.0,0,0.2806553840637207
0.0,0,0.07850316911935806
0.0,0,0.0038946967106312513
1.0,1,0.9804348945617676
0.0,0,0.09077516943216324
0.0,1,0.7945192456245422
1.0,1,0.9996976852416992
0.0,0,0.03370638191699982
1.0,1,0.9991151690483093
0.0,0,0.1902540624141693
0.0,0,0.054360758513212204
0.0,1,0.8538227677345276
1.0,1,0.9983589053153992
0.0,0,0.002961335936561227
0.0,0,0.000982132856734097
0.0,0,0.00595994433388114
0.0,0,0.0016585972625762224
0.0,0,0.2757541537284851
0.0,0,0.15029467642307281
1.0,0,0.15058498084545135
0.0,0,0.15721440315246582
1.0,0,0.3685748875141144
1.0,1,0.9935684204101562
0.0,0,0.45201897621154785
1.0,1,0.9919602274894714
1.0,1,0.9995941519737244
1.0,1,0.9824362993240356
0.0,1,0.572216808795929
1.0,1,0.9887950420379639
0.0,0,0.30209028720855713
0.0,1,0.9647887945175171
0.0,0,0.0010203291894868016
0.0,0,0.1911822259426117
0.0,0,0.00013465131632983685
0.0,0,0.0004204151045996696
1.0,1,0.9934203028678894
0.0,0,0.002057051518931985
1.0,1,0.9858040809631348
0.0,1,0.5404462814331055
0.0,0,0.043051306158304214
1.0,1,0.9982503056526184
0.0,0,0.2769756019115448
1.0,1,0.885176956653595
0.0,0,0.047158826142549515
1.0,0,0.0382763035595417
0.0,1,0.4934253394603729
0.0,0,0.08306651562452316
0.0,1,0.7714895606040955
1.0,1,0.9988729357719421
0.0,1,0.9760720133781433
0.0,0,0.025060104206204414
0.0,0,0.000248674739850685
0.0,0,0.00925387255847454
0.0,0,0.00944762583822012
1.0,1,0.9982773065567017
1.0,1,0.9874227046966553
1.0,1,0.9977424144744873
0.0,0,0.20254534482955933
0.0,0,0.044827867299318314
1.0,0,0.01821429841220379
0.0,1,0.7740505337715149
0.0,0,0.0154953608289361
1.0,0,0.3789101243019104
1.0,1,0.9778704643249512
0.0,1,0.877806544303894
1.0,1,0.9998290538787842
0.0,0,0.050714075565338135
1.0,1,0.9965605139732361
1.0,1,0.9601566195487976
1.0,1,0.9989922642707825
1.0,0,0.28760185837745667
1.0,1,0.9968475699424744
1.0,1,0.9996053576469421
0.0,0,9.535242861602455e-05
0.0,0,0.1998843252658844
0.0,0,0.09097020328044891
1.0,1,0.9694374203681946
0.0,0,0.013945110142230988
0.0,0,0.005683330353349447
0.0,0,0.08629940450191498
1.0,1,0.48922818899154663
1.0,0,0.33407971262931824
1.0,1,0.9974814057350159
0.0,0,0.00037850564694963396
1.0,0,0.053249672055244446
1.0,1,0.9993342757225037
0.0,1,0.5461447238922119
0.0,0,0.019056305289268494
1.0,1,0.9153704047203064
1.0,1,0.9987788796424866
1.0,1,0.9574655890464783
1.0,1,0.9934779405593872
1.0,1,0.8738234639167786
0.0,0,0.06248054653406143
0.0,0,0.0065617929212749004
0.0,0,0.15019604563713074
1.0,1,0.6152191758155823
0.0,0,0.014950849115848541
1.0,1,0.8799224495887756
1.0,1,0.9471777677536011
0.0,0,0.17633949220180511
1.0,0,0.026492195203900337
0.0,0,0.4766521453857422
0.0,1,0.912479043006897
0.0,0,0.030273819342255592
0.0,0,0.004911288619041443
0.0,0,0.47967082262039185
1.0,1,0.9866564273834229
1.0,1,0.9990008473396301
1.0,1,0.9985911250114441
1.0,1,0.9998995065689087
0.0,0,0.013438712805509567
0.0,0,0.013595226220786572
1.0,1,0.5946953892707825
0.0,1,0.9361497163772583
0.0,0,0.13707903027534485
1.0,1,0.9840742349624634
1.0,0,0.13529512286186218
1.0,1,0.9584102034568787
0.0,0,0.47363317012786865
1.0,1,0.9986677169799805
0.0,0,0.12927192449569702
0.0,0,0.010890492238104343
0.0,0,0.4745028614997864
0.0,1,0.9555421471595764
1.0,1,0.9869483709335327
1.0,1,0.9984279870986938
1.0,1,0.982315719127655
0.0,0,0.3450997769832611
0.0,0,0.022995537146925926
1.0,1,0.9941707253456116
1.0,0,0.19404004514217377
1.0,1,0.9999864101409912
1.0,1,0.9840686917304993
0.0,1,0.7274871468544006
1.0,1,0.9959968328475952
1.0,1,0.9989606142044067
1.0,0,0.10389980673789978
1.0,1,0.9332506060600281
1.0,1,0.9087610840797424
0.0,0,0.07410074770450592
0.0,0,0.35501864552497864
1.0,1,0.9938302636146545
1.0,1,0.9988859295845032
0.0,0,0.0026878269854933023
1.0,1,0.9965600371360779
1.0,1,0.9970585107803345
1.0,1,0.9907839298248291
0.0,0,0.0983765721321106
0.0,0,0.1511809229850769
0.0,1,0.9395573139190674
1.0,0,0.2877405881881714
0.0,1,0.8983116149902344
1.0,1,0.9995383024215698
0.0,0,0.000921007536817342
1.0,1,0.910613477230072
0.0,0,0.07724084705114365
1.0,1,0.997857391834259
1.0,1,0.9910711050033569
0.0,0,0.16215340793132782
1.0,1,0.998744010925293
1.0,1,0.9917015433311462
0.0,0,0.02295852079987526
0.0,1,0.9585467576980591
1.0,1,0.9157516360282898
0.0,0,0.1548776924610138
1.0,1,0.7298708558082581
1.0,1,0.6778712272644043
0.0,0,0.006015818100422621
1.0,1,0.9565081596374512
0.0,0,0.4097243547439575
1.0,1,0.9994295239448547
0.0,0,0.3343777060508728
0.0,1,0.8739327788352966
0.0,1,0.8281681537628174
0.0,1,0.966911256313324
0.0,0,0.032399725168943405
0.0,0,0.0072019994258880615
1.0,1,0.8310209512710571
0.0,1,0.7387836575508118
0.0,0,0.07196494191884995
0.0,0,0.3454233705997467
1.0,1,0.9762211441993713
0.0,0,0.004357933532446623
0.0,1,0.7032126784324646
0.0,0,0.07949543744325638
0.0,0,0.12036173045635223
1.0,1,0.933291494846344
0.0,0,0.07276672124862671
1.0,1,0.9990501999855042
0.0,0,0.004139075055718422
0.0,0,0.05613857880234718
1.0,1,0.9746949672698975
1.0,1,0.8408676981925964
1.0,1,0.9999330043792725
1.0,1,0.7448109984397888
0.0,0,0.42624372243881226
1.0,1,0.998838484287262
0.0,0,0.0008390432922169566
0.0,1,0.6360781788825989
0.0,0,0.0004940413637086749
0.0,0,0.003385291900485754
1.0,1,0.9436717629432678
1.0,1,0.9678642153739929
0.0,0,0.010426955297589302
0.0,1,0.6524802446365356
1.0,1,0.9993847608566284
0.0,1,0.5700421333312988
0.0,0,0.35871925950050354
1.0,0,0.4548495411872864
0.0,0,0.3513581454753876
0.0,0,0.006005764473229647
0.0,0,0.25790902972221375
0.0,0,0.0007816408760845661
1.0,1,0.8208970427513123
1.0,1,0.9995050430297852
0.0,0,0.0008929868927225471
0.0,0,0.10530581325292587
1.0,1,0.8452320098876953
1.0,1,0.9362986087799072
1.0,1,0.9750044941902161
1.0,0,0.0015615997835993767
0.0,1,0.6865289211273193
1.0,1,0.9105967879295349
1.0,0,0.0004452710272744298
0.0,0,0.0014290906256064773
1.0,1,0.9942967295646667
1.0,1,0.9957513809204102
1.0,1,0.9968421459197998
1.0,1,0.9935052394866943
1.0,1,0.9788464307785034
0.0,0,0.006194927264004946
1.0,1,0.9980043768882751
1.0,0,0.017904452979564667
0.0,0,0.0022490054834634066
0.0,1,0.608237624168396
1.0,0,0.27824410796165466
1.0,0,0.3220118284225464
0.0,0,0.059766270220279694
0.0,0,0.012287973426282406
0.0,0,0.48025035858154297
1.0,1,0.9790487289428711
1.0,1,0.9997332692146301
0.0,0,0.20881487429141998
0.0,0,0.4755934178829193
0.0,0,0.06008889526128769
0.0,1,0.9408736228942871
1.0,1,0.9912087917327881
0.0,0,0.0679185763001442
1.0,1,0.7381048202514648
1.0,1,0.8330485224723816
1.0,1,0.5586365461349487
0.0,0,0.0025190652813762426
1.0,1,0.9957367181777954
0.0,0,0.001076487940736115
0.0,0,0.00019558909116312861
0.0,0,0.02709130011498928
0.0,0,0.0646967664361
0.0,1,0.8725690245628357
0.0,0,0.06452780216932297
0.0,0,0.3006126582622528
1.0,1,0.9901424646377563
1.0,1,0.821079432964325
0.0,0,0.1684991717338562
1.0,1,0.9372127652168274
0.0,0,0.010851954109966755
0.0,0,0.005433066748082638
1.0,1,0.9992132186889648
0.0,0,0.07632983475923538
0.0,0,0.283875435590744
0.0,0,0.038871511816978455
1.0,1,0.9381857514381409
0.0,0,0.004677851218730211
0.0,0,0.08218994736671448
1.0,1,0.9997383952140808
1.0,0,0.21547237038612366
0.0,0,0.010449089109897614
0.0,0,0.1451011598110199
0.0,0,0.03916734457015991
1.0,1,0.9998019337654114
1.0,1,0.9899696707725525
0.0,0,0.02486496791243553
0.0,0,0.08466185629367828
0.0,0,0.005891208536922932
0.0,0,0.3285062313079834
1.0,0,0.005175920203328133
1.0,0,0.4495169222354889
1.0,1,0.9801850318908691
0.0,0,0.007600929122418165
0.0,1,0.8762956261634827
1.0,1,0.9677876234054565
0.0,0,0.00839686207473278
1.0,1,0.9789135456085205
0.0,0,0.009820091538131237
1.0,1,0.6511482000350952
0.0,1,0.5310071110725403
1.0,1,0.9996259212493896
0.0,0,0.18874491751194
0.0,0,0.00012434991367626935
1.0,1,0.8027675151824951
0.0,0,0.3928026854991913
1.0,1,0.9592306017875671
1.0,1,0.9978906512260437
1.0,1,0.5234553217887878
1.0,0,0.38632917404174805
0.0,0,0.48170006275177
0.0,1,0.8719680309295654
1.0,1,0.9881011247634888
0.0,1,0.9331925511360168
1.0,1,0.9760602116584778
0.0,0,0.054518748074769974
0.0,0,0.07684890925884247
1.0,1,0.6929488182067871
1.0,1,0.9883363842964172
1.0,0,0.001498814788646996
0.0,0,0.47500139474868774
1.0,1,0.991434633731842
0.0,0,0.39391738176345825
0.0,0,0.09228779375553131
1.0,1,0.9922163486480713
0.0,0,0.05950050801038742
1.0,1,0.9993537068367004
0.0,0,0.011530333198606968
1.0,1,0.9926822781562805
1.0,1,0.9864166975021362
0.0,1,0.6157000660896301
1.0,1,0.6332799196243286
1.0,1,0.9049158692359924
1.0,1,0.6971984505653381
0.0,1,0.9298161864280701
1.0,1,0.9972490668296814
0.0,0,0.02540372870862484
1.0,1,0.9984170198440552
0.0,0,0.00086827581981197
0.0,0,0.40308713912963867
1.0,1,0.9985241293907166
1.0,1,0.9989516735076904
0.0,1,0.7753792405128479
0.0,1,0.9583731889724731
1.0,0,0.19861027598381042
0.0,0,0.290969580411911
1.0,1,0.9955881834030151
0.0,0,0.014571898616850376
1.0,1,0.999126136302948
1.0,1,0.9233871102333069
1.0,1,0.9813211560249329
0.0,1,0.800860583782196
1.0,1,0.9224357008934021
1.0,1,0.9996212720870972
0.0,0,0.3056715130805969
1.0,1,0.9959213733673096
0.0,1,0.5601212382316589
0.0,0,0.0017006866401061416
0.0,1,0.65697181224823
1.0,1,0.9932477474212646
0.0,1,0.8726093173027039
0.0,0,0.004181608557701111
0.0,0,0.34108152985572815
0.0,0,0.3103097081184387
0.0,0,0.0016248796600848436
1.0,1,0.98580002784729
1.0,1,0.7034783363342285
0.0,0,0.0005921828560531139
0.0,0,0.02022693306207657
1.0,1,0.7186669111251831
1.0,0,0.02725103124976158
0.0,0,0.28047171235084534
1.0,1,0.5345523953437805
0.0,0,0.01672823168337345
0.0,0,0.00024815506185404956
1.0,1,0.9996918439865112
0.0,0,0.033743999898433685
1.0,1,0.8727684617042542
0.0,0,0.0036018758546561003
1.0,1,0.9978393316268921
0.0,0,0.00015584321226924658
0.0,0,0.4266020953655243
1.0,1,0.9049540162086487
0.0,0,0.020065125077962875
0.0,0,0.003110096324235201
0.0,0,0.001652055885642767
0.0,0,0.028765736147761345
1.0,1,0.9996395111083984
1.0,1,0.9750574231147766
0.0,0,9.417196451977361e-06
1.0,1,0.8981515765190125
1.0,1,0.5495634078979492
0.0,0,0.0167404655367136
1.0,1,0.5557892322540283
1.0,1,0.658137321472168
0.0,0,0.17080378532409668
1.0,1,0.986764669418335
0.0,0,0.021804120391607285
0.0,0,0.0013842112384736538
1.0,1,0.9946123361587524
0.0,0,0.13320524990558624
0.0,1,0.9816734790802002
1.0,1,0.9873457551002502
1.0,1,0.9993558526039124
0.0,0,0.008637196384370327
1.0,1,0.999502420425415
0.0,0,0.0038523359689861536
0.0,0,0.012499341741204262
0.0,0,0.013598252087831497
1.0,1,0.9994857311248779
1.0,1,0.9793788194656372
1.0,0,0.1209617480635643
0.0,0,0.0007832574192434549
0.0,0,0.001797387609258294
1.0,1,0.872622013092041
0.0,0,0.2761271297931671
1.0,1,0.9997535347938538
1.0,1,0.9999451637268066
1.0,1,0.9784231781959534
1.0,1,0.9624000787734985
0.0,0,0.005412649363279343
1.0,1,0.9916520714759827
1.0,0,0.4134233891963959
1.0,1,0.9973434805870056
1.0,1,0.9825443625450134
0.0,0,0.002852071775123477
0.0,0,0.003327414859086275
1.0,1,0.9955745935440063
1.0,1,0.8076257109642029
0.0,0,1.4601458133256529e-05
0.0,0,0.12674187123775482
1.0,0,0.29715073108673096
0.0,0,0.001231463858857751
1.0,1,0.9945876598358154
1.0,1,0.9943260550498962
1.0,1,0.9728105068206787
1.0,1,0.9957841038703918
1.0,1,0.9983658194541931
1.0,1,0.9843674302101135
1.0,1,0.9992105960845947
1.0,1,0.9803323745727539
0.0,0,0.21002823114395142
0.0,1,0.9417316317558289
1.0,1,0.6928222179412842
1.0,1,0.996645987033844
1.0,1,0.9291796684265137
0.0,0,0.013962621800601482
0.0,1,0.9384785890579224
0.0,0,0.0009341847035102546
0.0,0,0.004313485696911812
0.0,1,0.8879026174545288
1.0,1,0.7593614459037781
0.0,0,0.03204601630568504
0.0,0,0.00031585851684212685
0.0,1,0.6395609378814697
0.0,0,0.12492676079273224
1.0,1,0.9999419450759888
1.0,1,0.9829415678977966
1.0,1,0.7524771094322205
0.0,0,0.31886768341064453
0.0,1,0.6484370231628418
0.0,0,0.0032866140827536583
1.0,1,0.6441898345947266
0.0,0,0.039735857397317886
0.0,0,0.04413828253746033
0.0,0,0.001290628220885992
1.0,1,0.8317974805831909
1.0,0,0.17742906510829926
1.0,1,0.9853091835975647
1.0,0,0.4347555339336395
1.0,1,0.9901509284973145
0.0,0,0.003140646731480956
1.0,0,0.23924371600151062
1.0,1,0.9740061163902283
1.0,1,0.9977699518203735
0.0,1,0.9992895126342773
1.0,1,0.7282325625419617
0.0,0,0.23654226958751678
1.0,1,0.9828543663024902
1.0,1,0.8483362793922424
0.0,0,0.0008621804881840944
0.0,0,0.003300310345366597
0.0,0,0.14701956510543823
0.0,0,0.07363641262054443
0.0,0,0.002312516327947378
1.0,1,0.8107510805130005
1.0,0,0.08124576508998871
0.0,1,0.7816189527511597
0.0,0,0.1408270299434662
0.0,0,0.25035569071769714
0.0,0,0.09355328232049942
1.0,1,0.8979257345199585
1.0,1,0.9988850951194763
0.0,0,0.16889198124408722
1.0,1,0.6652086973190308
1.0,0,0.2980036437511444
0.0,0,0.0024923188611865044
1.0,1,0.9995725750923157
0.0,0,0.0005561180296353996
1.0,1,0.9802474975585938
1.0,1,0.9628943204879761
0.0,0,0.31970342993736267
1.0,0,0.019562624394893646
0.0,1,0.7695357799530029
0.0,0,0.01995699666440487
0.0,0,0.20987479388713837
1.0,1,0.8857994675636292
0.0,1,0.9981932044029236
0.0,0,0.07153809815645218
0.0,0,0.01557017769664526
1.0,1,0.9346457123756409
1.0,1,0.9984267950057983
0.0,1,0.6248966455459595
0.0,0,0.0028266499284654856
0.0,0,0.3472845256328583
1.0,1,0.5392094850540161
1.0,1,0.9012899994850159
1.0,1,0.9858565330505371
1.0,1,0.9842193722724915
1.0,1,0.9696234464645386
1.0,1,0.9999443292617798
0.0,1,0.6624700427055359
1.0,0,0.23394183814525604
0.0,0,0.4675200879573822
0.0,0,0.27108660340309143
0.0,0,0.007557795848697424
0.0,1,0.9808573722839355
0.0,0,2.5315582661278313e-06
1.0,1,0.4830007255077362
1.0,1,0.9886996150016785
1.0,0,0.10709863901138306
1.0,1,0.9989134073257446
1.0,1,0.9821459650993347
1.0,0,0.3778575360774994
0.0,0,0.03326353430747986
0.0,0,0.000380880810553208
0.0,0,0.0048537906259298325
0.0,1,0.6324735283851624
0.0,0,0.029484190046787262
1.0,1,0.9990216493606567
0.0,0,0.1073407381772995
0.0,0,0.013122247532010078
1.0,1,0.9968394041061401
1.0,1,0.9735963940620422
1.0,1,0.9913896918296814
1.0,1,0.9854739904403687
1.0,1,0.9834815859794617
0.0,0,0.05363186076283455
0.0,0,0.2626335322856903
1.0,0,0.21368969976902008
1.0,1,0.9999868869781494
1.0,0,0.3346976637840271
1.0,1,0.9742323160171509
1.0,1,0.6480376720428467
1.0,1,0.8959111571311951
1.0,1,0.9794034361839294
1.0,1,0.9541783332824707
1.0,1,0.9818090796470642
0.0,0,0.023335447534918785
1.0,1,0.9561753869056702
1.0,1,0.998310923576355
1.0,1,0.9486234784126282
1.0,1,0.9735130071640015
1.0,1,0.9937376976013184
0.0,1,0.9048928022384644
1.0,0,0.004580395296216011
1.0,0,0.08487401902675629
0.0,0,0.0979413390159607
0.0,0,0.2554202973842621
0.0,0,0.41973310708999634
0.0,0,0.0001214661097037606
1.0,0,0.401489794254303
1.0,1,0.9997656941413879
0.0,1,0.9908547401428223
1.0,1,0.9997246861457825
1.0,1,0.9952587485313416
1.0,1,0.9997369647026062
0.0,0,0.04663000628352165
0.0,1,0.9229997992515564
0.0,0,0.030871175229549408
0.0,0,0.009893565438687801
1.0,1,0.996711254119873
0.0,0,0.009106646291911602
0.0,1,0.8173279166221619
1.0,1,0.9934913516044617
1.0,1,0.9855131506919861
1.0,1,0.9996123909950256
0.0,1,0.8278189301490784
1.0,1,0.9557464718818665
1.0,1,0.9794620871543884
1.0,1,0.9958557486534119
0.0,1,0.9256156086921692
0.0,0,0.0005067815654911101
1.0,1,0.9499882459640503
1.0,1,0.9997902512550354
0.0,0,3.0695111490786076e-05
0.0,1,0.693682849407196
0.0,0,0.22213348746299744
0.0,0,0.0036543698515743017
0.0,0,0.054132942110300064
1.0,1,0.9568825960159302
1.0,1,0.955077052116394
0.0,0,0.005704133305698633
1.0,1,0.9966922998428345
1.0,1,0.8907291293144226
0.0,1,0.9603899717330933
1.0,0,0.25683075189590454
0.0,0,0.01283151376992464
0.0,0,0.41364189982414246
0.0,0,0.08447108417749405
1.0,1,0.9995077848434448
0.0,0,0.32359156012535095
0.0,0,0.09439416974782944
1.0,1,0.7294842600822449
0.0,1,0.596678614616394
0.0,0,0.007316974923014641
1.0,1,0.7919371128082275
1.0,0,0.013143784366548061
1.0,1,0.9328390955924988
0.0,0,0.04488549381494522
0.0,0,0.007931861095130444
1.0,1,0.7982692718505859
0.0,0,0.09587362408638
0.0,0,0.15858244895935059
0.0,0,0.0013876408338546753
1.0,1,0.9856884479522705
1.0,1,0.9998328685760498
1.0,1,0.9596506953239441
1.0,1,0.9989311099052429
0.0,1,0.9287093281745911
1.0,1,0.791877806186676
0.0,0,0.004971287213265896
0.0,1,0.706167995929718
1.0,1,0.9706263542175293
0.0,0,0.04721405729651451
1.0,1,0.8093892931938171
0.0,0,0.036014530807733536
0.0,0,0.05657327175140381
0.0,0,0.008404389955103397
0.0,0,0.4388459026813507
0.0,1,0.7366558313369751
1.0,1,0.9965452551841736
1.0,1,0.9921688437461853
1.0,1,0.9983649849891663
1.0,1,0.9847152233123779
1.0,1,0.9759640097618103
1.0,1,0.9916377663612366
1.0,0,0.01086820662021637
0.0,0,0.2797820568084717
0.0,0,0.04300208389759064
1.0,1,0.9963721036911011
1.0,1,0.9233229756355286
1.0,0,0.277032732963562
1.0,1,0.9525970816612244
1.0,1,0.9989398121833801
1.0,1,0.9999232292175293
1.0,0,0.32035505771636963
0.0,0,0.16744735836982727
0.0,0,0.3012970983982086
0.0,0,0.002289737109094858
0.0,0,0.004163315519690514
1.0,1,0.828700602054596
0.0,1,0.9076879620552063
0.0,1,0.8992200493812561
0.0,0,0.02983991801738739
0.0,1,0.9982632994651794
0.0,0,0.001632220926694572
1.0,1,0.9941535592079163
1.0,0,0.47698092460632324
0.0,0,0.22889140248298645
1.0,1,0.999680757522583
0.0,1,0.683449923992157
1.0,1,0.9998966455459595
1.0,1,0.9994505047798157
0.0,0,0.0024800815153867006
0.0,0,0.1711646020412445
1.0,1,0.9997478127479553
1.0,1,0.9998844861984253
0.0,0,0.018052328377962112
0.0,0,0.31476739048957825
0.0,0,0.07531242072582245
1.0,1,0.9175189733505249
1.0,0,0.0820891484618187
1.0,0,0.16803841292858124
0.0,0,0.01145003642886877
0.0,1,0.6064906716346741
1.0,1,0.9949117302894592
1.0,1,0.9986327290534973
1.0,1,0.5981978178024292
0.0,0,0.3285195231437683
0.0,0,0.033582597970962524
0.0,0,0.007828881964087486
1.0,1,0.9695568680763245
1.0,1,0.9965218305587769
1.0,1,0.9997548460960388
0.0,1,0.6759760975837708
0.0,0,0.002080975566059351
1.0,1,0.9473443031311035
1.0,0,0.14074310660362244
1.0,1,0.9956066012382507
1.0,1,0.8221606612205505
0.0,0,0.30888399481773376
0.0,1,0.976690948009491
1.0,1,0.9925746917724609
0.0,0,0.012209570966660976
0.0,1,0.78193199634552
1.0,1,0.9998859167098999
0.0,0,0.16804365813732147
1.0,1,0.9192781448364258
1.0,1,0.9691952466964722
1.0,0,0.17456260323524475
1.0,1,0.6413946151733398
1.0,1,0.9977372884750366
1.0,1,0.9792419672012329
0.0,1,0.8983545899391174
0.0,0,0.0003754212521016598
0.0,0,0.4052864611148834
0.0,0,0.012524263933300972
0.0,0,0.033270213752985
0.0,0,0.003576572285965085
1.0,1,0.8752408623695374
1.0,1,0.9969512224197388
1.0,1,0.9914877414703369
0.0,0,0.43958261609077454
0.0,1,0.8967421054840088
1.0,1,0.9911752939224243
0.0,0,0.0010455845622345805
1.0,1,0.9998316764831543
1.0,0,0.0031925542280077934
0.0,0,0.34332504868507385
1.0,1,0.9953293800354004
1.0,1,0.998975396156311
0.0,0,0.028487859293818474
0.0,1,0.8648374080657959
0.0,0,0.32225629687309265
1.0,1,0.9986400008201599
1.0,1,0.9851154685020447
0.0,0,0.0017189426580443978
0.0,0,0.04425743594765663
0.0,0,0.0008758644107729197
1.0,1,0.9478330612182617
0.0,1,0.7847641706466675
0.0,0,0.09721565991640091
0.0,0,0.06755166500806808
0.0,0,0.22020721435546875
1.0,1,0.8838716745376587
0.0,1,0.926856279373169
0.0,0,0.18278969824314117
0.0,1,0.9689055681228638
1.0,1,0.9988518953323364
0.0,0,0.03953726589679718
1.0,1,0.9997726082801819
1.0,1,0.9986473917961121
1.0,1,0.8462854027748108
1.0,1,0.9958075284957886
1.0,1,0.9996999502182007
0.0,0,0.2567789852619171
0.0,0,0.00031610793666914105
0.0,1,0.6473322510719299
1.0,1,0.6337606310844421
0.0,0,0.002326466143131256
1.0,1,0.9951598048210144
1.0,1,0.9188457727432251
0.0,0,0.19458501040935516
1.0,1,0.9180555939674377
1.0,0,0.15402711927890778
0.0,0,0.002229464938864112
0.0,0,0.019424211233854294
0.0,1,0.771294891834259
1.0,1,0.7854695320129395
0.0,0,0.0283795278519392
1.0,1,0.9938846230506897
1.0,1,0.992496132850647
0.0,0,0.10915201157331467
1.0,1,0.9164302945137024
0.0,0,0.0011781713692471385
0.0,0,0.0022224897984415293
0.0,0,0.27961060404777527
0.0,1,0.9840288758277893
0.0,0,0.003173189703375101
0.0,0,0.0005420534289442003
0.0,0,0.08053155988454819
0.0,0,0.028099898248910904
0.0,0,0.008710931055247784
0.0,0,0.0005595202092081308
0.0,1,0.8550746440887451
0.0,1,0.9987163543701172
0.0,1,0.7073553204536438
0.0,0,0.012805000878870487
1.0,0,0.3717937469482422
1.0,0,0.30953723192214966
0.0,0,0.013634121976792812
0.0,0,0.07851721346378326
0.0,1,0.7052929997444153
1.0,1,0.981031060218811
0.0,1,0.8173159956932068
1.0,1,0.9750365614891052
1.0,1,0.7261967658996582
1.0,1,0.9971224665641785
1.0,1,0.973162829875946
0.0,1,0.9877405762672424
1.0,1,0.9802864193916321
1.0,1,0.9974932670593262
0.0,0,0.16043902933597565
0.0,0,0.02908341772854328
1.0,1,0.9056497812271118
1.0,1,0.9743782877922058
0.0,0,0.01863352209329605
1.0,1,0.9896270036697388
0.0,0,0.010027638636529446
0.0,0,9.132741979556158e-05
1.0,1,0.999834418296814
0.0,1,0.5505037903785706
0.0,1,0.5807937383651733
1.0,1,0.9857999086380005
1.0,1,0.9932066202163696
1.0,1,0.9952408075332642
1.0,1,0.988617479801178
1.0,1,0.9459578990936279
0.0,1,0.9494143128395081
1.0,1,0.9682416915893555
1.0,1,0.9992485642433167
1.0,1,0.9987384676933289
0.0,1,0.7416817545890808
1.0,1,0.9996445178985596
0.0,0,0.00020681256137322634
0.0,1,0.8599123954772949
0.0,1,0.9814789295196533
1.0,1,0.8692969083786011
0.0,1,0.9632348418235779
1.0,1,0.9974096417427063
1.0,1,0.9994877576828003
0.0,0,0.24670013785362244
0.0,1,0.8556157350540161
0.0,0,0.010571043007075787
1.0,0,0.36204057931900024
1.0,1,0.8706468343734741
1.0,1,0.9986972212791443
1.0,1,0.9664797186851501
1.0,1,0.9944766163825989
1.0,0,0.332472026348114
1.0,0,0.010955726727843285
0.0,1,0.9061628580093384
0.0,1,0.9451741576194763
1.0,1,0.9726620316505432
0.0,0,0.08140584826469421
0.0,0,0.007297176402062178
0.0,0,0.05870522931218147
1.0,1,0.8851433396339417
1.0,1,0.9784404039382935
0.0,0,0.001578719005919993
1.0,1,0.9457703828811646
0.0,0,0.050425369292497635
1.0,1,0.9961430430412292
0.0,0,0.0010561298113316298
1.0,1,0.9638988375663757
1.0,1,0.9922957420349121
1.0,1,0.9887608885765076
0.0,0,0.02598677948117256
0.0,0,0.14532560110092163
0.0,0,0.058625951409339905
0.0,0,0.06763096898794174
0.0,0,0.07456902414560318
0.0,0,0.0018112953985109925
1.0,0,0.4570044279098511
1.0,1,0.9869304895401001
1.0,1,0.9951909780502319
0.0,0,0.0026807256508618593
0.0,0,0.05205931514501572
0.0,0,0.3610088527202606
1.0,1,0.9993557333946228
1.0,1,0.8471083045005798
1.0,1,0.9949923157691956
1.0,1,0.9725316762924194
1.0,1,0.9998641014099121
0.0,0,0.0017400947399437428
1.0,1,0.997340738773346
0.0,0,0.001722197514027357
1.0,0,0.013520466163754463
1.0,1,0.9968961477279663
1.0,0,0.4601726531982422
1.0,1,0.6592448353767395
1.0,1,0.9266821146011353
0.0,0,0.06052548810839653
1.0,0,0.05494752898812294
1.0,1,0.9980173110961914
1.0,1,0.9988844990730286
1.0,1,0.9996048808097839
0.0,0,0.13083210587501526
0.0,0,0.14093007147312164
0.0,0,0.009113563224673271
0.0,1,0.918761670589447
0.0,0,0.007360733114182949
0.0,1,0.9906646013259888
1.0,1,0.9778395891189575
1.0,1,0.9896120429039001
0.0,0,0.008873535320162773
1.0,1,0.9455624222755432
1.0,0,0.16296207904815674
0.0,0,0.0008797805639915168
0.0,0,0.004351168870925903
1.0,1,0.9987168312072754
1.0,1,0.7520517706871033
1.0,1,0.4933379590511322
0.0,1,0.9116244912147522
0.0,1,0.749074399471283
0.0,0,0.019473688676953316
0.0,0,0.10273391753435135
0.0,0,0.4182625412940979
0.0,1,0.5556145310401917
1.0,1,0.9738529920578003
1.0,0,0.08658867329359055
0.0,0,0.21956096589565277
1.0,1,0.7787474393844604
0.0,1,0.9656175971031189
0.0,0,0.3847098648548126
0.0,0,0.3075651228427887
1.0,1,0.7028078436851501
1.0,1,0.5846958756446838
1.0,1,0.9906107783317566
0.0,0,0.15625694394111633
0.0,0,0.04186883941292763
0.0,0,0.010924671776592731
0.0,0,0.0022438778541982174
0.0,1,0.5864686369895935
1.0,1,0.9977967739105225
1.0,1,0.9378972053527832
1.0,1,0.999489426612854
1.0,0,0.047712139785289764
0.0,0,0.24708235263824463
1.0,1,0.9640740752220154
1.0,1,0.9650197625160217
1.0,1,0.9720099568367004
0.0,0,0.19964128732681274
0.0,0,0.008272160775959492
1.0,1,0.5371610522270203
1.0,1,0.9979366064071655
0.0,0,0.353838175535202
0.0,0,0.25922054052352905
1.0,1,0.9931354522705078
1.0,1,0.9999552965164185
1.0,1,0.7430198788642883
0.0,0,0.02273915708065033
0.0,1,0.7028194069862366
1.0,1,0.9635200500488281
1.0,1,0.9976747632026672
1.0,1,0.9713041186332703
1.0,1,0.9984147548675537
1.0,1,0.9980465173721313
1.0,1,0.9908351898193359
0.0,1,0.5635137557983398
0.0,0,0.004487174563109875
1.0,1,0.9996193647384644
1.0,1,0.9992600083351135
0.0,0,0.12037141621112823
1.0,1,0.9835431575775146
0.0,0,0.0007288494380190969
0.0,0,0.004833004903048277
0.0,0,0.0011252674739807844
1.0,1,0.9948561191558838
0.0,0,0.29180219769477844
0.0,0,0.021797439083456993
0.0,0,0.0025642665568739176
0.0,0,0.061794672161340714
0.0,0,0.3936760127544403
0.0,0,0.03473027050495148
0.0,1,0.6043195724487305
0.0,0,0.0054440745152533054
1.0,1,0.9824439883232117
0.0,0,0.002606054302304983
1.0,1,0.6754741072654724
0.0,1,0.8404293656349182
1.0,1,0.9081032276153564
1.0,0,0.06825361400842667
0.0,0,0.00026926034479402006
1.0,0,0.023136479780077934
1.0,1,0.9132223129272461
1.0,1,0.6687873005867004
0.0,0,0.18185296654701233
0.0,1,0.5356518030166626
1.0,1,0.9902931451797485
1.0,1,0.9998581409454346
0.0,0,0.3619388937950134
0.0,0,0.0087486132979393
0.0,1,0.5432371497154236
1.0,1,0.7026858329772949
1.0,0,0.000612537085544318
0.0,0,0.014832498505711555
0.0,0,0.0007383212214335799
1.0,0,0.24202246963977814
0.0,0,0.025163987651467323
0.0,0,0.3791485130786896
0.0,0,0.010855823755264282
0.0,0,0.0004757865099236369
1.0,1,0.9991662502288818
1.0,1,0.8496915698051453
1.0,1,0.9999394416809082
0.0,0,0.4275129735469818
1.0,1,0.9988515377044678
0.0,0,0.012116162106394768
0.0,0,0.2452455461025238
0.0,0,0.43466705083847046
1.0,1,0.9008579254150391
0.0,0,0.07526060193777084
1.0,1,0.9112476706504822
1.0,1,0.6675150394439697
0.0,0,0.14637021720409393
0.0,0,0.1562657505273819
1.0,0,0.2750226855278015
0.0,1,0.5538507699966431
0.0,0,0.031800754368305206
1.0,0,0.023173388093709946
0.0,1,0.9964109063148499
1.0,1,0.9724138975143433
0.0,0,0.21755683422088623
0.0,0,0.006880104076117277
1.0,0,0.06869731843471527
1.0,1,0.8896633386611938
1.0,1,0.9923105239868164
0.0,0,0.038014475256204605
1.0,1,0.9342640042304993
0.0,0,0.0009112682309933007
1.0,1,0.9903727769851685
1.0,1,0.9827663898468018
0.0,0,0.38276663422584534
1.0,1,0.9981381893157959
1.0,1,0.9972975850105286
0.0,1,0.5856520533561707
1.0,0,0.47026383876800537
1.0,1,0.998752236366272
1.0,1,0.9768879413604736
0.0,0,0.00523237232118845
0.0,0,0.005030435044318438
1.0,1,0.9312273859977722
0.0,1,0.5661788582801819
0.0,0,0.3830224275588989
0.0,0,0.22566334903240204
0.0,1,0.6632148623466492
0.0,0,0.000502423441503197
1.0,1,0.9779841303825378
0.0,1,0.7936195731163025
1.0,1,0.8527652025222778
0.0,1,0.8651403784751892
0.0,0,0.001215884112752974
0.0,1,0.5570394396781921
0.0,0,0.014213582500815392
1.0,1,0.9344022274017334
0.0,1,0.9325923919677734
0.0,0,0.04185782000422478
1.0,1,0.9821564555168152
1.0,1,0.9315739274024963
0.0,0,0.010247183963656425
0.0,0,0.04316446930170059
0.0,0,0.00013181340182200074
0.0,1,0.9016125798225403
0.0,1,0.9712206721305847
1.0,1,0.9908610582351685
1.0,1,0.9904373288154602
1.0,1,0.9416928887367249
1.0,1,0.5973334908485413
0.0,0,0.16828589141368866
1.0,1,0.9829094409942627
1.0,0,0.2902725636959076
1.0,0,0.16114304959774017
0.0,0,0.42732423543930054
0.0,0,0.18628956377506256
0.0,1,0.965326726436615
1.0,1,0.6849954724311829
0.0,0,0.10617142170667648
0.0,0,0.021242210641503334
1.0,1,0.6189301609992981
0.0,0,0.1486143171787262
1.0,1,0.9908763766288757
1.0,0,0.03271818533539772
0.0,1,0.9465612769126892
0.0,0,0.0002209294616477564
1.0,1,0.9918779134750366
0.0,0,0.006168491672724485
0.0,0,0.0003033124085050076
0.0,1,0.9763618111610413
0.0,1,0.5697175860404968
1.0,1,0.9951619505882263
0.0,0,0.07564160227775574
1.0,0,0.2020295262336731
0.0,0,0.0010069237323477864
0.0,0,0.01480729691684246
1.0,1,0.995567262172699
0.0,0,0.0032449671998620033
0.0,1,0.9980365633964539
1.0,1,0.8296488523483276
0.0,0,0.16491734981536865
0.0,1,0.8439161777496338
0.0,1,0.9508793354034424
1.0,1,0.9990161657333374
0.0,1,0.8277161121368408
1.0,0,0.36122748255729675
0.0,0,0.03809535503387451
1.0,1,0.9971256852149963
0.0,0,0.000611798488534987
1.0,0,0.23451203107833862
1.0,1,0.9938435554504395
1.0,1,0.9996194839477539
1.0,1,0.9998375177383423
1.0,1,0.9998743534088135
1.0,1,0.9420617818832397
0.0,0,0.3524686098098755
1.0,1,0.9985173344612122
1.0,1,0.991713285446167
1.0,1,0.9787797331809998
1.0,1,0.9995211362838745
1.0,1,0.9847897887229919
0.0,1,0.9166156649589539
1.0,1,0.7100517153739929
1.0,1,0.6327697038650513
1.0,1,0.9945153594017029
0.0,0,0.07111088931560516
1.0,1,0.9255085587501526
1.0,0,0.2897103428840637
1.0,1,0.8893493413925171
1.0,1,0.9991670846939087
0.0,0,0.05384140834212303
0.0,0,0.0076738521456718445
0.0,0,0.0011417821515351534
0.0,1,0.5175580978393555
1.0,1,0.9990863800048828
1.0,1,0.9948455095291138
0.0,0,0.02946045622229576
1.0,1,0.9905456304550171
0.0,1,0.9159693717956543
0.0,0,0.02325788140296936
0.0,0,0.036124859005212784
1.0,1,0.9898831248283386
0.0,0,0.11591917276382446
0.0,1,0.6096283197402954
1.0,0,0.447237491607666
1.0,1,0.9987393021583557
1.0,0,0.010929252952337265
0.0,0,0.3187606632709503
0.0,0,0.48112231492996216
1.0,1,0.9981801509857178
0.0,0,0.003477298654615879
0.0,0,0.06146230176091194
0.0,0,0.15127329528331757
0.0,1,0.9553882479667664
0.0,0,0.45957469940185547
1.0,1,0.5830813050270081
0.0,0,0.030039407312870026
1.0,1,0.615229606628418
1.0,1,0.9986599683761597
1.0,1,0.9734525084495544
1.0,1,0.9994872808456421
1.0,1,0.9994660019874573
1.0,1,0.685085654258728
0.0,1,0.49268126487731934
0.0,1,0.49255722761154175
1.0,1,0.9779784083366394
0.0,0,0.015371662564575672
1.0,0,0.06336000561714172
1.0,0,0.25444886088371277
1.0,1,0.913486123085022
0.0,0,0.0865517109632492
0.0,0,0.11972626298666
1.0,1,0.9996486902236938
1.0,1,0.9980936646461487
0.0,0,0.0007954016327857971
1.0,1,0.5385700464248657
1.0,1,0.9799023866653442
1.0,1,0.9726473689079285
0.0,0,0.0006093804840929806
0.0,0,0.1965813785791397
1.0,1,0.9938434362411499
0.0,0,0.0007764727342873812
0.0,0,0.022796256467700005
1.0,1,0.933001697063446
0.0,0,0.2639041841030121
0.0,1,0.5248522758483887
0.0,1,0.6872652173042297
1.0,1,0.9794571995735168
0.0,1,0.49741360545158386
0.0,0,0.014542629010975361
0.0,0,0.000571451848372817
0.0,0,0.0038473072927445173
1.0,1,0.9934647679328918
0.0,0,0.006888512056320906
1.0,1,0.9993366599082947
1.0,1,0.676503598690033
0.0,0,0.17645834386348724
1.0,1,0.891852617263794
1.0,1,0.8851743340492249
1.0,0,0.46903297305107117
0.0,0,0.009806899353861809
1.0,0,0.042410366237163544
1.0,1,0.953726053237915
1.0,1,0.9997013211250305
1.0,0,0.02187458798289299
1.0,1,0.9626531600952148
1.0,1,0.9982682466506958
0.0,0,0.026255618780851364
1.0,1,0.6635816693305969
0.0,0,0.02955862507224083
0.0,0,0.01203175075352192
0.0,0,0.0003731999022420496
1.0,1,0.6522453427314758
0.0,0,0.21328014135360718
1.0,1,0.9997262358665466
0.0,1,0.6283413171768188
1.0,0,0.34585922956466675
0.0,0,0.0010862423805519938
0.0,0,0.12665051221847534
1.0,1,0.9981587529182434
0.0,0,0.009582913480699062
1.0,1,0.9985163807868958
0.0,1,0.8625881671905518
1.0,1,0.982856810092926
1.0,1,0.9747991561889648
0.0,0,6.406317697837949e-05
1.0,0,0.009845351800322533
0.0,0,0.009332865476608276
1.0,1,0.9455564618110657
0.0,0,0.03484439104795456
0.0,1,0.9919557571411133
0.0,0,0.048556502908468246
1.0,1,0.8941765427589417
0.0,0,0.00969072338193655
1.0,1,0.9431377649307251
0.0,0,0.009459298104047775
1.0,1,0.7403618693351746
1.0,1,0.9736731648445129
1.0,1,0.8710595965385437
0.0,0,0.0020016818307340145
1.0,1,0.9998815059661865
1.0,1,0.9998458623886108
0.0,0,0.13827410340309143
1.0,1,0.9997316002845764
0.0,0,0.16531968116760254
0.0,1,0.6740709543228149
0.0,0,0.05428126081824303
1.0,1,0.9981436729431152
0.0,0,0.17398963868618011
1.0,1,0.9993739724159241
1.0,1,0.9948663711547852
0.0,0,0.04948559030890465
1.0,1,0.6401098966598511
1.0,1,0.9921714067459106
0.0,0,0.00025940395426005125
1.0,0,0.3561684787273407
0.0,0,0.00012253802560735494
1.0,1,0.9712054133415222
1.0,1,0.9993096590042114
1.0,0,0.3518959581851959
0.0,0,0.08280076086521149
0.0,1,0.6391820311546326
1.0,1,0.9898714423179626
0.0,0,0.0002808183489833027
0.0,1,0.5468745827674866
1.0,0,0.02414506860077381
1.0,1,0.9995012283325195
1.0,1,0.980324923992157
1.0,1,0.9998718500137329
0.0,0,0.0025366393383592367
1.0,1,0.9940916895866394
1.0,1,0.9946735501289368
1.0,1,0.9982788562774658
1.0,1,0.9940576553344727
0.0,0,0.27968913316726685
1.0,1,0.9994058609008789
0.0,0,0.040415409952402115
1.0,1,0.9990947246551514
0.0,0,0.0002068620378850028
0.0,0,0.22343328595161438
1.0,1,0.8153718709945679
1.0,1,0.9981743097305298
0.0,0,0.005991973914206028
0.0,0,0.01129363663494587
1.0,1,0.5112428665161133
0.0,0,0.24567003548145294
1.0,0,0.06614387780427933
0.0,0,0.011241739615797997
0.0,0,0.04019560292363167
0.0,0,0.038880761712789536
0.0,0,0.04442882910370827
0.0,0,0.0007063860539346933
0.0,0,0.10128071904182434
1.0,0,0.33704057335853577
0.0,0,0.10761844366788864
1.0,1,0.9187533855438232
0.0,0,0.057153526693582535
1.0,0,0.44478926062583923
1.0,1,0.8968070149421692
0.0,0,6.571276026079431e-05
0.0,0,0.0007230705814436078
0.0,0,0.00732057448476553
1.0,1,0.5640547871589661
0.0,0,0.06984466314315796
0.0,0,0.2985726296901703
0.0,0,0.00027997276629321277
1.0,1,0.9136869311332703
0.0,0,0.2348819077014923
0.0,0,0.36265456676483154
0.0,0,0.025775659829378128
0.0,0,0.3656884729862213
1.0,1,0.9999834299087524
1.0,1,0.9999791383743286
0.0,1,0.5514662265777588
0.0,0,0.0001609529135748744
1.0,0,0.17489232122898102
1.0,1,0.9952345490455627
0.0,0,0.00029241194715723395
1.0,1,0.7489925026893616
0.0,0,0.03637665510177612
1.0,1,0.9683123230934143
0.0,1,0.9840567111968994
1.0,1,0.8723331093788147
1.0,1,0.9988464117050171
1.0,1,0.999812662601471
0.0,0,0.35465824604034424
1.0,1,0.8564615249633789
1.0,1,0.9896872639656067
1.0,1,0.9998016953468323
0.0,1,0.9999712705612183
1.0,0,0.11955233663320541
0.0,0,0.23861563205718994
0.0,0,0.18935270607471466
0.0,1,0.7957271337509155
1.0,1,0.9984281063079834
0.0,0,0.0060476139187812805
1.0,1,0.9796776175498962
0.0,1,0.6058462858200073
1.0,1,0.9554575681686401
1.0,1,0.9976800084114075
0.0,1,0.9961209893226624
0.0,0,0.02393631637096405
1.0,1,0.9649689197540283
0.0,0,0.005900923162698746
1.0,1,0.9783904552459717
0.0,1,0.8857050538063049
1.0,0,0.24268494546413422
0.0,1,0.9741522073745728
1.0,0,0.18503576517105103
0.0,1,0.644462525844574
0.0,0,0.12804408371448517
1.0,1,0.9971375465393066
1.0,1,0.5255423784255981
0.0,0,0.22535376250743866
0.0,0,0.0034571669530123472
1.0,1,0.9628611207008362
0.0,1,0.8121590614318848
0.0,0,0.01855354942381382
0.0,0,0.00011845508561236784
0.0,0,0.0030817475635558367
1.0,1,0.9953474402427673
1.0,1,0.9986170530319214
1.0,0,0.31693023443222046
1.0,0,0.17496825754642487
0.0,0,0.033206868916749954
0.0,0,0.0003301895339973271
0.0,0,0.03311081603169441
1.0,1,0.9997010231018066
0.0,0,8.695102587807924e-05
1.0,1,0.962444543838501
1.0,1,0.9351760745048523
0.0,0,0.009377853944897652
1.0,1,0.8965414762496948
1.0,1,0.9999200105667114
1.0,1,0.9991487264633179
1.0,0,0.043434027582407
1.0,1,0.9992771744728088
1.0,1,0.7591002583503723
1.0,1,0.9989842772483826
1.0,1,0.8771535754203796
0.0,0,0.002212327206507325
1.0,1,0.9959561228752136
0.0,1,0.6227434277534485
1.0,1,0.9993996620178223
0.0,0,0.0003989085671491921
0.0,0,0.006689409259706736
0.0,0,0.0023048818111419678
1.0,1,0.9841870665550232
0.0,0,0.08587794005870819
1.0,1,0.9996860027313232
0.0,0,0.017960432916879654
0.0,0,0.25997474789619446
1.0,1,0.544549822807312
0.0,1,0.8987264037132263
0.0,0,0.06857460737228394
1.0,0,0.007463313639163971
1.0,1,0.9824782013893127
0.0,1,0.7119222283363342
1.0,1,0.9366811513900757
0.0,0,0.16865038871765137
0.0,0,0.09674959629774094
0.0,0,0.03632926568388939
0.0,1,0.6777369976043701
0.0,0,0.005502320826053619
1.0,1,0.8744420409202576
1.0,1,0.9968460202217102
0.0,1,0.6016239523887634
0.0,0,0.010449542663991451
1.0,1,0.9400697350502014
1.0,1,0.9981827735900879
0.0,0,0.00036238098982721567
1.0,1,0.9992424249649048
0.0,0,0.02491455338895321
0.0,1,0.5399363040924072
1.0,1,0.9986345171928406
1.0,1,0.9953983426094055
0.0,0,0.022775763645768166
0.0,1,0.845454216003418
1.0,1,0.997162401676178
1.0,0,0.2873591482639313
0.0,0,0.001850449712947011
1.0,1,0.9969062209129333
1.0,1,0.9999005794525146
0.0,1,0.9844918847084045
1.0,1,0.8354135751724243
0.0,0,0.00017077814845833927
0.0,0,0.0630946084856987
1.0,0,0.07135937362909317
0.0,0,0.014002389274537563
1.0,1,0.9990423321723938
1.0,1,0.8915074467658997
0.0,0,0.34838640689849854
0.0,0,0.0005761447246186435
0.0,0,0.07950685173273087
1.0,1,0.9960988759994507
0.0,0,0.0009307744330726564
1.0,0,0.01215408369898796
0.0,0,0.00977738294750452
0.0,0,0.02669651247560978
0.0,0,0.4538312554359436
1.0,0,0.0014902069233357906
1.0,0,0.005128074437379837
0.0,0,0.11649417877197266
0.0,1,0.9310104250907898
0.0,0,0.004076060373336077
1.0,1,0.9858259558677673
1.0,1,0.9903650879859924
1.0,1,0.9995720982551575
0.0,1,0.935778021812439
1.0,0,0.20233885943889618
1.0,1,0.9997645020484924
0.0,0,0.005985020659863949
1.0,1,0.9753459095954895
0.0,0,0.21286232769489288
1.0,1,0.9995092153549194
1.0,0,0.11920469254255295
0.0,0,0.02308090403676033
1.0,1,0.8752449750900269
0.0,0,0.009760887362062931
0.0,0,0.0861675813794136
0.0,0,0.20851564407348633
1.0,1,0.6177970170974731
1.0,1,0.9404903650283813
0.0,0,0.2379426211118698
0.0,0,0.011956466361880302
0.0,0,0.002054978394880891
1.0,1,0.9192185997962952
0.0,1,0.7398325204849243
0.0,0,0.0032410428393632174
0.0,0,0.22078077495098114
0.0,0,0.001935211243107915
1.0,0,0.004650776740163565
0.0,0,0.03177680820226669
1.0,1,0.7285076379776001
1.0,1,0.9998642206192017
1.0,0,0.041556116193532944
0.0,0,0.25803378224372864
0.0,1,0.9975080490112305
1.0,1,0.9966327548027039
1.0,1,0.9999313354492188
0.0,0,0.0470832996070385
0.0,1,0.8888453841209412
0.0,0,0.146445631980896
1.0,1,0.9974712133407593
1.0,1,0.9857909679412842
0.0,0,0.08998805284500122
0.0,0,0.26074087619781494
0.0,0,0.0009476005216129124
1.0,1,0.8600336909294128
1.0,1,0.9621478319168091
1.0,1,0.9991201758384705
0.0,0,0.022945838049054146
0.0,0,0.25944143533706665
1.0,1,0.977428138256073
0.0,0,0.33735862374305725
0.0,1,0.6239898204803467
1.0,1,0.9633334875106812
1.0,1,0.9991750121116638
0.0,0,0.0361693799495697
0.0,1,0.5288969874382019
1.0,1,0.9895385503768921
0.0,0,0.09935345500707626
0.0,0,0.0029556662775576115
1.0,1,0.995650589466095
0.0,0,0.2957231402397156
1.0,1,0.9996510744094849
0.0,0,0.019304173067212105
1.0,1,0.6014524102210999
0.0,0,0.003448466071859002
1.0,1,0.5638289451599121
1.0,1,0.9983164072036743
0.0,1,0.8297467827796936
1.0,1,0.9430579543113708
0.0,1,0.87783282995224
1.0,1,0.6886283755302429
1.0,1,0.9899364709854126
0.0,0,0.35687193274497986
1.0,0,0.24411967396736145
0.0,0,0.004258726257830858
0.0,0,0.0673866719007492
1.0,1,0.9996516704559326
1.0,1,0.9797641038894653
0.0,1,0.8567742109298706
0.0,0,0.00041132778278551996
0.0,0,0.029934247955679893
1.0,1,0.7328493595123291
1.0,1,0.9999477863311768
0.0,1,0.9421566724777222
1.0,1,0.7497043013572693
1.0,1,0.9985262155532837
1.0,0,0.34462958574295044
0.0,0,0.01025133952498436
0.0,0,0.02597682923078537
0.0,1,0.6259621977806091
0.0,1,0.5725618004798889
0.0,1,0.6465592384338379
0.0,0,0.0006977335433475673
1.0,1,0.9994596838951111
0.0,0,0.14546583592891693
1.0,1,0.9970744848251343
1.0,1,0.9999150037765503
1.0,1,0.9998568296432495
0.0,0,0.14536210894584656
0.0,0,0.1125284880399704
0.0,0,0.012966332025825977
1.0,1,0.9545050859451294
0.0,0,0.024370774626731873
1.0,1,0.986990749835968
0.0,0,0.0916208028793335
1.0,1,0.997521698474884
1.0,1,0.9993116855621338
1.0,0,0.0007417461019940674
1.0,1,0.9997027516365051
1.0,0,0.1948559731245041
0.0,0,0.009073801338672638
1.0,0,0.3124221861362457
0.0,0,4.869224358117208e-05
0.0,1,0.9998028874397278
1.0,1,0.9999502897262573
0.0,0,0.06245075911283493
1.0,1,0.8687349557876587
0.0,1,0.8785667419433594
0.0,0,0.12450944632291794
1.0,0,0.013655113987624645
1.0,1,0.9553812146186829
1.0,1,0.550372838973999
1.0,0,0.3580471873283386
0.0,0,0.00761758629232645
1.0,1,0.5602700710296631
1.0,1,0.9044189453125
1.0,1,0.9854052662849426
1.0,1,0.484742134809494
0.0,0,0.18171726167201996
1.0,1,0.9944211840629578
0.0,0,0.09357447177171707
0.0,0,0.0923609584569931
0.0,0,0.016443224623799324
0.0,0,0.011561091057956219
1.0,0,0.3914467990398407
1.0,1,0.8573598861694336
0.0,1,0.9147874116897583
0.0,0,0.0006622472428716719
0.0,1,0.60992032289505
0.0,0,0.0037388198543339968
1.0,1,0.9893012642860413
0.0,0,0.4412943422794342
0.0,0,0.0008910557953640819
1.0,1,0.7213853001594543
0.0,0,0.08601623773574829
1.0,1,0.9538218975067139
0.0,1,0.8912644982337952
0.0,0,0.18145884573459625
1.0,1,0.9966599941253662
0.0,0,0.0006276027415879071
0.0,1,0.8838615417480469
0.0,0,0.060401368886232376
0.0,1,0.6376291513442993
1.0,1,0.8208066821098328
1.0,1,0.9152691960334778
1.0,1,0.9989873766899109
0.0,0,0.0017046266002580523
0.0,0,0.008108331821858883
0.0,0,0.006027922499924898
0.0,0,0.004428358748555183
1.0,1,0.9999492168426514
0.0,1,0.9200064539909363
1.0,1,0.986951470375061
0.0,0,0.005457074381411076
0.0,0,0.06925078481435776
0.0,0,0.10384749621152878
0.0,1,0.7069616317749023
1.0,1,0.9362562894821167
1.0,1,0.9959715008735657
0.0,0,0.13125622272491455
1.0,1,0.7334418296813965
0.0,1,0.4867408275604248
0.0,1,0.9064199924468994
1.0,1,0.9871290922164917
0.0,0,0.004899187944829464
1.0,1,0.9997920393943787
0.0,0,0.006387951318174601
0.0,1,0.840590238571167
0.0,1,0.6983902454376221
1.0,1,0.9056063294410706
0.0,0,9.742427937453613e-05
1.0,1,0.8327347040176392
1.0,1,0.9638211727142334
0.0,0,0.38874807953834534
1.0,0,0.019776158034801483
1.0,1,0.9896298050880432
1.0,1,0.9998389482498169
0.0,0,0.07402342557907104
1.0,1,0.9222526550292969
0.0,0,0.057553939521312714
1.0,0,0.030600225552916527
0.0,0,0.0015704032266512513
1.0,1,0.9980753660202026
0.0,0,0.06191672757267952
0.0,0,0.2666724622249603
0.0,0,0.0043935938738286495
0.0,0,0.015815645456314087
0.0,0,0.018390344455838203
1.0,1,0.9581360816955566
1.0,1,0.9746685028076172
0.0,0,0.13589034974575043
1.0,1,0.9952235817909241
0.0,1,0.8608193397521973
0.0,0,0.010395802557468414
1.0,1,0.9193941950798035
0.0,0,0.3343978524208069
1.0,1,0.7887098789215088
1.0,1,0.9995213747024536
1.0,1,0.6256758570671082
1.0,1,0.9861177802085876
0.0,0,0.15969085693359375
0.0,0,0.20948690176010132
0.0,0,0.24190367758274078
0.0,0,0.02238566428422928
1.0,0,0.29585328698158264
1.0,1,0.9790455102920532
1.0,1,0.9811696410179138
1.0,1,0.9683164954185486
0.0,1,0.7185222506523132
1.0,1,0.9921724796295166
1.0,1,0.9999018907546997
1.0,1,0.7712880373001099
1.0,1,0.8162906765937805
0.0,0,0.010966519825160503
1.0,1,0.9718987941741943
1.0,1,0.5117374062538147
0.0,0,0.16077066957950592
1.0,0,0.28107762336730957
0.0,0,0.0182397048920393
1.0,1,0.83364337682724
0.0,0,0.0036845081485807896
0.0,0,0.17142321169376373
1.0,1,0.9414051175117493
0.0,0,0.15382710099220276
0.0,1,0.84303879737854
1.0,0,0.049070343375205994
0.0,0,0.002392331836745143
0.0,0,0.16786795854568481
1.0,1,0.9509280323982239
0.0,0,0.0039040406700223684
0.0,0,0.006429196335375309
0.0,0,0.3424804210662842
0.0,1,0.6373178958892822
0.0,0,0.3027510643005371
1.0,0,0.17101940512657166
0.0,0,0.17989690601825714
0.0,1,0.6630440354347229
0.0,1,0.515132486820221
0.0,0,0.0034343921579420567
1.0,1,0.9995238780975342
0.0,0,0.027734925970435143
0.0,0,0.1591951996088028
1.0,1,0.9998772144317627
1.0,1,0.9948728680610657
1.0,1,0.9966289401054382
1.0,1,0.5111949443817139
0.0,0,0.004222447052598
1.0,1,0.8943839073181152
1.0,1,0.9347559213638306
1.0,1,0.8874699473381042
0.0,0,0.03626006469130516
0.0,1,0.958773672580719
0.0,0,0.08554553240537643
1.0,0,0.4632470905780792
0.0,0,0.25301581621170044
1.0,1,0.9956517815589905
1.0,1,0.9679772257804871
1.0,1,0.816284716129303
0.0,0,0.00447321031242609
1.0,1,0.9997355341911316
1.0,1,0.9996768236160278
1.0,1,0.975512683391571
1.0,1,0.8689709901809692
0.0,0,0.18436160683631897
0.0,0,0.010933439247310162
0.0,0,0.002343385247513652
1.0,1,0.8954554796218872
0.0,0,0.2170877903699875
1.0,0,0.3715210556983948
1.0,1,0.999887228012085
0.0,0,0.0016745522152632475
0.0,0,0.009711191058158875
0.0,0,0.15176227688789368
1.0,0,0.025851871818304062
0.0,0,0.024050822481513023
1.0,1,0.999279797077179
0.0,0,0.0005184410838410258
1.0,0,0.32893723249435425
1.0,1,0.8960702419281006
1.0,1,0.9576147198677063
1.0,1,0.9674819111824036
0.0,1,0.6685407161712646
0.0,0,0.06644896417856216
1.0,1,0.9988788962364197
1.0,1,0.9688206315040588
1.0,1,0.9871572852134705
1.0,1,0.9539412260055542
1.0,1,0.9973920583724976
1.0,1,0.7562582492828369
1.0,1,0.9994059801101685
1.0,1,0.993436872959137
1.0,1,0.7540415525436401
0.0,0,0.01757681742310524
0.0,0,0.013335770927369595
0.0,0,0.0003397410036996007
0.0,0,0.10323526710271835
0.0,0,0.012306621298193932
1.0,1,0.9996727705001831
0.0,0,0.08613674342632294
0.0,0,0.374986469745636
1.0,1,0.9684926867485046
1.0,1,0.9575168490409851
1.0,1,0.9983689188957214
0.0,0,0.00031368579948320985
0.0,0,0.00020730312098748982
0.0,0,0.003993029240518808
0.0,0,0.10290394723415375
1.0,1,0.818382978439331
1.0,1,0.9996696710586548
1.0,0,0.4685227870941162
0.0,0,0.08853603154420853
1.0,1,0.9982278943061829
1.0,1,0.975364089012146
1.0,1,0.9664137959480286
1.0,1,0.9899898767471313
1.0,1,0.5215221643447876
0.0,0,0.14591334760189056
0.0,1,0.9223151206970215
1.0,1,0.9999839067459106
1.0,1,0.7903582453727722
0.0,0,0.0015956712886691093
0.0,1,0.8559122681617737
0.0,1,0.6529350876808167
1.0,1,0.9813512563705444
0.0,0,0.0005388138815760612
0.0,1,0.9078366160392761
0.0,1,0.7234946489334106
1.0,1,0.9823334217071533
0.0,1,0.7752017974853516
0.0,0,0.1909073442220688
1.0,1,0.9888297915458679
1.0,1,0.9704287052154541
0.0,1,0.5691909790039062
1.0,0,0.01917138881981373
1.0,1,0.9829163551330566
1.0,1,0.8002031445503235
1.0,1,0.9845222234725952
1.0,1,0.9952555298805237
0.0,0,0.01176249049603939
0.0,0,0.09772029519081116
0.0,0,0.10879284143447876
0.0,0,0.03910375386476517
0.0,0,0.026580723002552986
0.0,0,0.04132681339979172
0.0,1,0.9906582832336426
1.0,0,0.21848928928375244
0.0,0,0.013226100243628025
0.0,1,0.9250351190567017
0.0,1,0.759209394454956
0.0,1,0.8719513416290283
0.0,0,0.02456423081457615
1.0,1,0.9951964020729065
1.0,1,0.9995506405830383
1.0,1,0.9999129772186279
0.0,0,0.008688436821103096
1.0,1,0.7553635239601135
0.0,0,0.07135040313005447
1.0,1,0.9977148771286011
0.0,0,0.0010769643122330308
0.0,0,0.086267851293087
1.0,1,0.49236905574798584
1.0,1,0.8349496722221375
1.0,0,0.0004912379081360996
0.0,1,0.7387464642524719
1.0,1,0.9994335770606995
1.0,1,0.9015295505523682
0.0,0,0.004584731999784708
1.0,1,0.9920893907546997
1.0,1,0.9965428709983826
0.0,0,0.03063683956861496
1.0,1,0.9996863603591919
1.0,1,0.8473181128501892
0.0,0,0.00917865987867117
0.0,0,0.04822593927383423
0.0,1,0.9659745693206787
0.0,0,0.012933292426168919
0.0,0,0.009630832821130753
0.0,0,0.4302440583705902
1.0,0,0.4396172761917114
0.0,0,0.1373400241136551
1.0,1,0.9954332709312439
1.0,1,0.8763095140457153
1.0,1,0.9958738684654236
1.0,1,0.8560393452644348
1.0,1,0.9835864901542664
0.0,0,0.32517337799072266
0.0,0,0.08578269183635712
0.0,1,0.7416913509368896
0.0,0,0.004021452274173498
0.0,0,0.05889560282230377
0.0,0,0.0015517687425017357
0.0,0,0.029995139688253403
0.0,0,0.10261938720941544
0.0,0,0.398168683052063
1.0,1,0.9985083937644958
0.0,0,0.06482023000717163
0.0,0,6.921246676938608e-05
0.0,0,0.18357472121715546
1.0,1,0.9772122502326965
0.0,0,0.0016631981125101447
1.0,1,0.9977680444717407
0.0,0,0.36209920048713684
0.0,0,0.12697245180606842
0.0,0,0.10464530438184738
1.0,1,0.9999897480010986
0.0,0,0.1640435755252838
1.0,0,0.06160680949687958
0.0,0,0.0654015764594078
1.0,0,0.46002739667892456
1.0,1,0.9986080527305603
1.0,1,0.8129148483276367
0.0,1,0.499839186668396
0.0,0,0.011186318472027779
1.0,1,0.5384418964385986
1.0,1,0.9997825026512146
0.0,0,0.0004997777286916971
0.0,0,0.07368043065071106
0.0,0,0.02175316959619522
1.0,1,0.8806086778640747
1.0,1,0.9999141693115234
0.0,0,0.28410348296165466
0.0,0,0.017497118562459946
0.0,0,0.03803122788667679
1.0,1,0.9976755976676941
0.0,0,0.074907086789608
0.0,0,0.3364715874195099
0.0,0,0.05992324277758598
1.0,1,0.9856223464012146
0.0,0,0.01004138495773077
0.0,0,0.25163644552230835
1.0,0,0.05338097736239433
1.0,1,0.9966315627098083
0.0,0,0.4247031807899475
0.0,0,0.4200526177883148
0.0,0,0.3660127520561218
1.0,1,0.9969513416290283
1.0,1,0.9974960684776306
0.0,0,0.0498088113963604
1.0,0,0.20857252180576324
1.0,1,0.98848956823349
0.0,0,0.002176736481487751
0.0,0,0.004679485224187374
1.0,1,0.9744290113449097
1.0,1,0.9981764554977417
0.0,0,0.013804255984723568
0.0,0,0.0002428130101179704
1.0,1,0.97016441822052
1.0,1,0.9935708045959473
0.0,0,0.01826714724302292
0.0,0,0.09749022126197815
0.0,0,0.31471043825149536
0.0,0,0.02224075421690941
0.0,0,0.0012965346686542034
0.0,0,0.03545679524540901
1.0,1,0.986111044883728
1.0,1,0.614018976688385
0.0,0,0.3746321201324463
1.0,1,0.7850225567817688
0.0,0,0.01606055535376072
0.0,0,0.478168785572052
1.0,1,0.9935635328292847
0.0,0,0.0604720264673233
1.0,1,0.9965701103210449
0.0,0,0.007700236048549414
0.0,0,0.4327597916126251
1.0,1,0.8925046324729919
1.0,1,0.9062116146087646
1.0,1,0.6485820412635803
0.0,0,0.012406286783516407
1.0,1,0.9461151361465454
1.0,1,0.9991052746772766
1.0,1,0.5748919248580933
1.0,1,0.9999314546585083
0.0,0,0.01354129146784544
1.0,1,0.8902871608734131
0.0,0,0.47590628266334534
0.0,0,0.006642185617238283
1.0,1,0.68723064661026
0.0,0,0.005846794694662094
1.0,1,0.9997801184654236
1.0,1,0.9948529601097107
1.0,1,0.7987329959869385
0.0,0,0.076787568628788
0.0,0,0.3871755301952362
1.0,1,0.9827685952186584
0.0,0,0.37117740511894226
1.0,1,0.999395489692688
1.0,1,0.7646002769470215
1.0,0,0.0839003175497055
0.0,0,6.3119314290815964e-06
1.0,1,0.8325292468070984
0.0,0,0.007886206731200218
0.0,0,0.09801161289215088
1.0,1,0.8990185260772705
1.0,0,0.2771449089050293
0.0,0,0.03844783455133438
1.0,1,0.7412310838699341
1.0,0,0.4650399386882782
1.0,1,0.999843955039978
1.0,1,0.9829919934272766
1.0,1,0.9213626384735107
1.0,1,0.9928376078605652
0.0,0,0.0026749440003186464
1.0,1,0.99946528673172
0.0,0,3.9202215702971444e-05
0.0,0,0.01932450756430626
1.0,1,0.9796227812767029
1.0,1,0.7603369951248169
0.0,0,0.00035946356365457177
0.0,0,0.003191565163433552
0.0,0,0.003983705770224333
1.0,1,0.9970093965530396
1.0,1,0.9593517184257507
0.0,1,0.979346513748169
0.0,0,0.0038580785039812326
1.0,1,0.9979977011680603
0.0,0,0.22967661917209625
1.0,1,0.9923310279846191
0.0,0,0.0024513984099030495
1.0,1,0.9949415326118469
0.0,0,0.013060491532087326
0.0,0,0.21682076156139374
0.0,0,0.2680841386318207
1.0,1,0.9983363747596741
1.0,1,0.9902464151382446
1.0,1,0.7670832276344299
0.0,0,0.05755288153886795
0.0,0,0.09237474948167801
1.0,1,0.9657101035118103
1.0,0,0.44660916924476624
0.0,0,0.13750958442687988
1.0,1,0.920059323310852
0.0,0,0.1774609237909317
0.0,0,0.3412671387195587
0.0,0,0.08308366686105728
0.0,0,0.03462095558643341
0.0,0,9.515976853435859e-05
0.0,0,0.04096508026123047
1.0,1,0.4979879558086395
1.0,1,0.9969835877418518
0.0,0,0.0034001281019300222
1.0,1,0.8709952235221863
1.0,1,0.6852160096168518
1.0,1,0.9630910754203796
0.0,0,0.004540465772151947
1.0,1,0.9464472532272339
0.0,1,0.7457234859466553
0.0,1,0.9269149303436279
1.0,1,0.9904847145080566
0.0,0,0.01855953224003315
0.0,1,0.6560488343238831
0.0,1,0.5054634213447571
1.0,1,0.9999237060546875
1.0,0,0.004121387843042612
1.0,1,0.9960144758224487
1.0,1,0.9974384307861328
1.0,0,0.22917775809764862
0.0,0,0.0009915592381730676
0.0,0,0.2008490413427353
1.0,1,0.992213785648346
1.0,1,0.836592972278595
1.0,1,0.9893882274627686
1.0,0,0.011409057304263115
1.0,1,0.9991006851196289
0.0,1,0.9793318510055542
1.0,1,0.9878276586532593
0.0,0,0.012098663486540318
1.0,1,0.6572280526161194
1.0,1,0.9992691874504089
1.0,1,0.9981353282928467
1.0,1,0.9999831914901733
1.0,1,0.9964602589607239
0.0,0,0.3147504925727844
1.0,1,0.7940379977226257
1.0,1,0.9982401132583618
1.0,1,0.6715940833091736
1.0,1,0.999695897102356
1.0,1,0.9912236928939819
0.0,0,0.19062234461307526
1.0,0,0.021975873038172722
0.0,1,0.9885988235473633
1.0,1,0.9771610498428345
1.0,0,0.1287166178226471
0.0,1,0.7134516835212708
0.0,0,0.012813358567655087
0.0,0,0.0016111311269924045
0.0,0,0.09429126977920532
0.0,0,0.08671104907989502
1.0,0,0.16729813814163208
0.0,1,0.9786311388015747
1.0,1,0.9633882641792297
0.0,0,0.22502779960632324
1.0,1,0.9824801683425903
0.0,0,0.4512559473514557
0.0,0,0.1056981086730957
0.0,0,0.015476575121283531
1.0,0,0.03515158221125603
0.0,1,0.5849194526672363
0.0,0,0.002991103334352374
0.0,0,0.039045628160238266
0.0,0,0.18239647150039673
0.0,1,0.5577959418296814
0.0,1,0.9857349991798401
0.0,0,0.000884661974851042
0.0,1,0.9412255883216858
0.0,0,0.016123367473483086
1.0,1,0.7774530053138733
0.0,0,0.2982920706272125
0.0,0,0.0009502142202109098
0.0,0,0.011072129011154175
0.0,0,0.028981219977140427
0.0,0,0.11996585875749588
0.0,0,0.05174676701426506
1.0,1,0.9810351729393005
0.0,0,0.07939950376749039
1.0,1,0.6850549578666687
1.0,1,0.9790990352630615
0.0,1,0.9874165058135986
1.0,0,0.09976980090141296
0.0,0,0.020922129973769188
0.0,1,0.8589624762535095
0.0,1,0.5480348467826843
0.0,0,0.10098577290773392
1.0,0,0.15814074873924255
1.0,1,0.9366289377212524
0.0,0,0.003132212907075882
0.0,0,0.0008331890567205846
1.0,1,0.9933596253395081
0.0,0,0.004956320393830538
0.0,0,0.046021465212106705
1.0,1,0.9986544847488403
0.0,1,0.5092797875404358
0.0,0,0.0040169511921703815
1.0,1,0.9992563128471375
1.0,1,0.9986042380332947
1.0,1,0.9816865921020508
0.0,1,0.8882793188095093
1.0,1,0.9990248680114746
0.0,1,0.9416414499282837
0.0,0,0.23925651609897614
1.0,0,0.26856282353401184
0.0,0,0.16905030608177185
0.0,0,0.004360924009233713
1.0,1,0.8928635716438293
0.0,0,0.003536839038133621
1.0,1,0.9936787486076355
0.0,0,0.034422535449266434
0.0,0,0.003876753617078066
0.0,0,0.1080864816904068
1.0,1,0.5941558480262756
1.0,0,0.4355592429637909
1.0,1,0.9881376624107361
1.0,1,0.9943444728851318
1.0,0,0.2559231221675873
0.0,0,0.018251504749059677
1.0,1,0.9986218214035034
1.0,0,0.009534419514238834
0.0,0,0.002098275814205408
1.0,0,0.2297562211751938
0.0,0,0.04998282715678215
1.0,1,0.7217530012130737
1.0,1,0.9465349316596985
0.0,1,0.999948263168335
0.0,0,0.010104652494192123
0.0,0,0.0018779381643980742
0.0,0,0.009017786011099815
1.0,1,0.9589618444442749
1.0,1,0.9713649749755859
0.0,0,0.06010107323527336
1.0,0,0.07608089596033096
0.0,1,0.9963705539703369
0.0,1,0.655110239982605
0.0,0,0.2370760589838028
0.0,0,0.01006704568862915
0.0,1,0.4932926893234253
1.0,1,0.5260829329490662
0.0,0,0.0001559255615575239
0.0,0,0.0008806461119093001
0.0,1,0.9988741278648376
0.0,0,0.05784269794821739
1.0,1,0.9997838139533997
0.0,0,0.010092001408338547
0.0,0,0.0013184852432459593
0.0,0,0.07658235728740692
0.0,0,0.012686965055763721
0.0,0,0.003461985383182764
1.0,1,0.9993005990982056
1.0,1,0.9528034329414368
1.0,1,0.9994847774505615
1.0,1,0.9791579842567444
0.0,1,0.9935903549194336
1.0,1,0.9620049595832825
1.0,1,0.9933828115463257
0.0,1,0.8490343689918518
0.0,0,0.38917937874794006
1.0,1,0.7458122968673706
0.0,0,0.005818905774503946
0.0,0,0.4393889307975769
1.0,1,0.9997397065162659
0.0,1,0.7787851095199585
1.0,0,0.07549724727869034
1.0,1,0.9784276485443115
1.0,1,0.8699580430984497
0.0,0,0.3559364378452301
1.0,1,0.9975060820579529
0.0,0,0.3036920130252838
1.0,1,0.9974478483200073
1.0,1,0.9975826740264893
1.0,1,0.9709210991859436
0.0,0,0.02371431328356266
1.0,1,0.9967420697212219
0.0,1,0.8609567284584045
1.0,1,0.9621356725692749
0.0,0,0.01990566775202751
1.0,1,0.9821439981460571
0.0,0,0.004523082636296749
1.0,1,0.9882853031158447
0.0,0,0.42849215865135193
1.0,1,0.9882180094718933
0.0,0,0.09587716311216354
1.0,1,0.9993763566017151
0.0,0,0.02970593422651291
1.0,1,0.9997287392616272
1.0,1,0.9990161657333374
0.0,1,0.8462965488433838
0.0,0,0.05833956599235535
0.0,0,0.037565648555755615
0.0,0,0.3027556836605072
0.0,0,0.006402780767530203
0.0,0,0.3184845745563507
0.0,1,0.7952460050582886
0.0,0,0.12506189942359924
1.0,1,0.5190298557281494
0.0,0,0.08891911804676056
0.0,1,0.5250318646430969
1.0,1,0.9967555403709412
1.0,1,0.9990600943565369
1.0,0,0.04049050435423851
0.0,1,0.6352571845054626
1.0,1,0.9996792078018188
1.0,1,0.9964917302131653
0.0,0,0.00012462222366593778
0.0,0,0.1463947743177414
0.0,0,0.02965318225324154
1.0,1,0.879601776599884
0.0,0,0.059629421681165695
0.0,0,0.02055525965988636
1.0,1,0.9279890656471252
0.0,0,0.07065725326538086
0.0,0,0.02762981690466404
1.0,0,0.08322690427303314
1.0,0,0.14572025835514069
1.0,0,0.025910651311278343
0.0,1,0.7552597522735596
1.0,1,0.9994990825653076
1.0,1,0.999923586845398
1.0,1,0.95773845911026
1.0,1,0.9149900078773499
1.0,1,0.8908711671829224
0.0,0,0.0045581599697470665
0.0,0,0.0006181366625241935
1.0,0,0.05008837580680847
0.0,1,0.7773936986923218
0.0,0,0.0006271303864195943
1.0,1,0.901718020439148
1.0,1,0.7870094776153564
0.0,1,0.6940993070602417
1.0,1,0.9612722992897034
1.0,1,0.4912113547325134
1.0,1,0.9995664954185486
1.0,1,0.9707649350166321
1.0,1,0.9980800151824951
0.0,0,0.18845844268798828
1.0,1,0.9995679259300232
1.0,1,0.999775230884552
1.0,1,0.9988137483596802
0.0,0,0.06878147274255753
0.0,0,0.029665067791938782
1.0,1,0.8536240458488464
1.0,1,0.8504493832588196
0.0,1,0.995880126953125
0.0,0,0.0008021023240871727
1.0,1,0.9536696672439575
1.0,1,0.9913522005081177
0.0,0,0.13220812380313873
1.0,1,0.727940559387207
1.0,0,0.08793328702449799
1.0,1,0.8702540993690491
0.0,1,0.5806794762611389
0.0,0,0.33141952753067017
1.0,1,0.9977132081985474
1.0,1,0.9943920969963074
1.0,0,0.26377585530281067
0.0,0,0.009402644820511341
0.0,0,0.03785618022084236
0.0,0,0.08741056174039841
0.0,0,0.025860721245408058
1.0,1,0.97252357006073
0.0,0,0.029162822291254997
1.0,1,0.9441677927970886
0.0,0,0.3719080090522766
1.0,1,0.8363122344017029
1.0,1,0.9983636736869812
1.0,1,0.9771217703819275
1.0,1,0.9989984631538391
0.0,1,0.9047753810882568
0.0,0,0.0012313630431890488
1.0,1,0.8715817332267761
1.0,1,0.9651323556900024
1.0,1,0.9996511936187744
0.0,0,0.1577916294336319
0.0,0,0.039782024919986725
1.0,1,0.9974045157432556
0.0,1,0.9909178614616394
0.0,0,0.03953230753540993
1.0,1,0.9815529584884644
1.0,1,0.9972164630889893
0.0,1,0.815753698348999
1.0,1,0.7571941018104553
0.0,1,0.6238754987716675
1.0,1,0.9954254031181335
1.0,1,0.9866922497749329
1.0,1,0.9738174080848694
0.0,1,0.9520772695541382
1.0,0,0.18350356817245483
1.0,1,0.9712050557136536
1.0,1,0.8270569443702698
1.0,1,0.998985230922699
0.0,1,0.7275492548942566
1.0,1,0.914018452167511
0.0,0,0.006370044779032469
0.0,0,0.038230881094932556
1.0,1,0.996762752532959
1.0,1,0.9897496104240417
0.0,0,0.008337300270795822
1.0,1,0.9822075963020325
0.0,0,0.007610179018229246
1.0,1,0.9945171475410461
0.0,0,0.002992763416841626
1.0,0,0.21451477706432343
0.0,0,0.14278721809387207
0.0,1,0.712627649307251
0.0,0,0.01034196000546217
0.0,0,0.010737142525613308
0.0,1,0.6330750584602356
0.0,0,0.2399238646030426
1.0,1,0.9993407130241394
1.0,0,0.4297221601009369
0.0,0,0.1292184740304947
1.0,1,0.9844459891319275
0.0,0,0.470350980758667
1.0,1,0.9526112675666809
1.0,1,0.9989031553268433
1.0,1,0.9679710865020752
1.0,0,0.18170936405658722
0.0,0,0.017695000395178795
0.0,1,0.8468644022941589
1.0,1,0.9913903474807739
1.0,1,0.9988032579421997
1.0,0,0.06555277854204178
0.0,1,0.9015961289405823
0.0,0,0.005164892878383398
1.0,1,0.8420236706733704
0.0,0,0.01257401518523693
0.0,1,0.7050988674163818
1.0,1,0.9538366794586182
1.0,1,0.7891352772712708
0.0,0,0.1882493644952774
1.0,1,0.999880313873291
0.0,1,0.9149817824363708
1.0,1,0.9619463682174683
1.0,1,0.9974498152732849
1.0,1,0.9644284248352051
0.0,1,0.8752691745758057
0.0,0,0.012226799502968788
1.0,1,0.9646667242050171
1.0,1,0.9612655639648438
1.0,0,0.0010283548617735505
1.0,1,0.9279760122299194
1.0,1,0.945658266544342
0.0,0,0.033378276973962784
1.0,0,0.04315047338604927
0.0,0,0.002506494289264083
0.0,0,0.11951863765716553
0.0,0,0.32611265778541565
1.0,1,0.9990707039833069
0.0,0,0.0029546392615884542
0.0,0,0.3236513137817383
0.0,0,0.0002499354595784098
0.0,1,0.8307024836540222
1.0,1,0.9975058436393738
0.0,0,0.007282528094947338
0.0,0,0.02797633782029152
0.0,0,0.319419264793396
1.0,1,0.8503080010414124
1.0,1,0.8875918984413147
1.0,1,0.9791834950447083
1.0,1,0.9898039102554321
1.0,1,0.9855087399482727
1.0,1,0.5865478515625
1.0,1,0.8801125288009644
0.0,0,0.0032340488396584988
0.0,0,0.11370079219341278
1.0,0,0.06605561077594757
0.0,0,0.09644047915935516
1.0,1,0.9982579350471497
1.0,1,0.9999295473098755
0.0,0,0.022219810634851456
0.0,0,0.04273597523570061
0.0,1,0.5781644582748413
1.0,1,0.9999462366104126
1.0,1,0.9297336935997009
0.0,0,0.011071054264903069
1.0,1,0.9999861717224121
0.0,1,0.5145377516746521
1.0,1,0.9836630821228027
0.0,0,0.10570231080055237
0.0,1,0.96906977891922
1.0,1,0.9993840456008911
1.0,1,0.938656210899353
1.0,1,0.6970714926719666
1.0,1,0.9991666078567505
1.0,0,0.1740136444568634
0.0,0,0.06764302402734756
0.0,1,0.7849457859992981
1.0,1,0.9704955220222473
1.0,1,0.8989604115486145
1.0,1,0.9997312426567078
0.0,1,0.5530750751495361
0.0,0,0.03800823166966438
0.0,0,0.01674475707113743
0.0,0,0.017235394567251205
1.0,1,0.9998819828033447
1.0,1,0.9743304252624512
0.0,0,0.0012118523009121418
1.0,1,0.7348814010620117
0.0,0,0.008087159134447575
0.0,0,0.04843278229236603
1.0,1,0.6293562054634094
0.0,0,0.2745000123977661
1.0,1,0.9910497665405273
1.0,1,0.9631893634796143
1.0,1,0.9981459379196167
0.0,1,0.6363906860351562
1.0,0,0.4434993267059326
0.0,0,0.028506986796855927
1.0,1,0.991275429725647
1.0,1,0.9968835711479187
1.0,1,0.9993094205856323
0.0,0,0.0023568111937493086
1.0,1,0.7906210422515869
1.0,0,0.0796489268541336
0.0,1,0.9908628463745117
0.0,0,0.09233603626489639
0.0,0,0.02894606627523899
0.0,0,0.12970741093158722
1.0,0,0.011045762337744236
1.0,1,0.9184243679046631
1.0,1,0.9926855564117432
0.0,0,0.003264492144808173
1.0,1,0.9936589598655701
0.0,1,0.5896537899971008
0.0,0,0.006503403652459383
0.0,1,0.9296852946281433
1.0,1,0.9992293119430542
1.0,0,0.4149971902370453
1.0,1,0.9993903636932373
1.0,1,0.8169483542442322
1.0,1,0.998083233833313
0.0,0,0.008741519413888454
0.0,1,0.9493772387504578
0.0,0,0.4077533185482025
0.0,0,0.41662493348121643
0.0,0,0.3114415407180786
0.0,1,0.7547311186790466
0.0,0,0.012773070484399796
0.0,0,0.15932968258857727
1.0,1,0.9996249675750732
0.0,0,0.39226463437080383
0.0,0,0.0005137257976457477
0.0,0,0.12099601328372955
1.0,1,0.9500572085380554
1.0,1,0.9697898030281067
1.0,0,0.13449420034885406
1.0,1,0.7273029685020447
1.0,1,0.9990150928497314
1.0,1,0.9795604348182678
1.0,1,0.9702293872833252
1.0,1,0.7726603150367737
0.0,0,0.0026030614972114563
0.0,0,0.2445085197687149
1.0,1,0.6910815834999084
1.0,1,0.9837707281112671
1.0,1,0.9639269709587097
0.0,0,6.614158337470144e-05
1.0,1,0.6068001389503479
1.0,1,0.9811986684799194
0.0,1,0.7885190844535828
0.0,0,0.014677799306809902
1.0,1,0.9996993541717529
1.0,0,0.29416990280151367
0.0,0,0.003770876908674836
0.0,1,0.6313987374305725
0.0,0,0.3562818467617035
1.0,1,0.9588213562965393
1.0,1,0.9980981945991516
0.0,0,0.026758741587400436
1.0,1,0.9914423823356628
1.0,1,0.8435351848602295
1.0,1,0.9959995746612549
1.0,1,0.9973984956741333
0.0,0,0.010928402654826641
0.0,0,0.0011642599711194634
1.0,1,0.966586709022522
1.0,1,0.7007830739021301
1.0,0,0.04419773817062378
1.0,1,0.9891813397407532
0.0,0,3.6553617974277586e-05
1.0,1,0.965465784072876
0.0,0,0.0028261339757591486
1.0,1,0.9984714388847351
1.0,1,0.8795340657234192
1.0,1,0.8176868557929993
0.0,1,0.6104275584220886
0.0,0,0.0004980397643521428
0.0,0,0.21597880125045776
1.0,1,0.9987229704856873
0.0,0,0.01099693588912487
0.0,0,0.027602151036262512
1.0,1,0.8907862305641174
0.0,0,0.07462512701749802
1.0,1,0.97988361120224
0.0,0,0.0018251645378768444
0.0,0,0.002909974893555045
1.0,1,0.994416356086731
1.0,1,0.9806134700775146
1.0,1,0.9372912645339966
1.0,0,0.45759087800979614
0.0,1,0.5768627524375916
0.0,0,0.269343763589859
0.0,0,0.016576029360294342
1.0,1,0.7407352924346924
0.0,0,0.0005646360223181546
0.0,1,0.8873425126075745
0.0,1,0.846759021282196
0.0,1,0.961137592792511
1.0,1,0.9796589612960815
0.0,0,0.04047650098800659
1.0,1,0.9984037280082703
0.0,0,0.3816867768764496
0.0,0,0.3459147810935974
1.0,1,0.9992879033088684
1.0,1,0.9961403012275696
0.0,0,0.010866382159292698
1.0,1,0.9949861764907837
1.0,1,0.9445494413375854
1.0,1,0.9994742274284363
1.0,1,0.9997559189796448
1.0,1,0.9337594509124756
1.0,1,0.9899641871452332
0.0,1,0.946426510810852
0.0,0,0.0008507091552019119
1.0,0,0.11262666434049606
1.0,0,0.07040796428918839
1.0,1,0.9983999133110046
0.0,1,0.7505488991737366
1.0,1,0.9998537302017212
0.0,1,0.8836933970451355
0.0,0,0.0774863064289093
1.0,1,0.9934771656990051
1.0,1,0.9642264246940613
1.0,1,0.9474120736122131
1.0,1,0.6109569072723389
1.0,1,0.9982355833053589
1.0,1,0.9952794313430786
0.0,0,0.10255564749240875
0.0,0,0.005486276000738144
0.0,0,0.02276419848203659
1.0,1,0.7392533421516418
0.0,0,0.014765860512852669
0.0,0,0.00022119208006188273
1.0,1,0.7355962991714478
1.0,1,0.9808145761489868
0.0,0,0.3748682737350464
1.0,0,0.31584787368774414
0.0,1,0.6149171590805054
0.0,0,0.0005385841359384358
0.0,0,0.037086568772792816
0.0,1,0.8524478673934937
1.0,1,0.7126285433769226
0.0,0,0.007392391096800566
0.0,0,0.2771439552307129
0.0,1,0.9947611689567566
1.0,1,0.9986715316772461
1.0,1,0.9963446259498596
0.0,0,0.016198046505451202
0.0,0,0.2915326952934265
0.0,0,0.0061905658803880215
1.0,1,0.9997187256813049
1.0,0,0.06916850805282593
0.0,0,0.1508290022611618
0.0,0,0.03788033872842789
0.0,0,0.002023879438638687
1.0,1,0.7352858185768127
0.0,1,0.9526551961898804
0.0,1,0.9997120499610901
0.0,0,0.2578200101852417
1.0,1,0.9989221096038818
1.0,1,0.9924864768981934
0.0,0,0.21715763211250305
1.0,1,0.9974414110183716
1.0,0,0.18705043196678162
1.0,0,0.17094604671001434
1.0,1,0.999950647354126
0.0,1,0.7997832894325256
1.0,1,0.999804675579071
1.0,1,0.9998065829277039
1.0,1,0.9907291531562805
0.0,0,0.4250367283821106
1.0,0,0.47385406494140625
0.0,1,0.740012526512146
1.0,1,0.9890747666358948
0.0,0,0.36771270632743835
0.0,0,0.006661944556981325
0.0,0,0.05672689527273178
1.0,1,0.878168523311615
0.0,0,0.002415276365354657
1.0,0,0.22389355301856995
0.0,0,0.007796189282089472
1.0,1,0.6254574656486511
0.0,0,0.02700517140328884
0.0,0,0.01308080181479454
0.0,0,0.0008648451184853911
1.0,0,0.2955982983112335
0.0,0,0.19041430950164795
1.0,1,0.8591790199279785
0.0,0,0.3051273226737976
1.0,1,0.9999233484268188
0.0,1,0.7596100568771362
0.0,1,0.6438732147216797
1.0,1,0.9833396673202515
0.0,1,0.9366480708122253
0.0,0,0.0035582242999225855
1.0,1,0.6160494089126587
0.0,0,0.1487455815076828
1.0,1,0.7412490248680115
0.0,0,0.002214671578258276
1.0,1,0.9996821880340576
1.0,1,0.9988206028938293
1.0,1,0.9996953010559082
0.0,1,0.7577639818191528
0.0,0,0.010905253700911999
1.0,1,0.9661277532577515
0.0,0,0.37279751896858215
0.0,0,0.03197791427373886
0.0,1,0.7346152067184448
1.0,1,0.9999572038650513
0.0,0,0.008143644779920578
0.0,1,0.9549588561058044
1.0,1,0.9987339377403259
0.0,0,0.002562427893280983
1.0,1,0.959816038608551
0.0,0,0.02757571078836918
0.0,0,0.10925494879484177
0.0,0,0.24930717051029205
1.0,1,0.5426568388938904
1.0,1,0.9778973460197449
1.0,0,0.15163825452327728
0.0,0,0.0014976570382714272
0.0,0,0.28123292326927185
0.0,0,0.019663264974951744
0.0,0,0.1524513214826584
1.0,1,0.9966277480125427
0.0,0,0.2962811291217804
1.0,1,0.9931517839431763
1.0,1,0.8757247924804688
1.0,1,0.996916651725769
0.0,0,0.012455136515200138
1.0,0,0.05133729800581932
0.0,0,0.2478300780057907
0.0,1,0.6344380974769592
1.0,1,0.9487854838371277
1.0,1,0.9735827445983887
1.0,1,0.9949507713317871
1.0,1,0.972765326499939
0.0,0,0.002937988145276904
0.0,0,0.0010519670322537422
0.0,0,0.3270755112171173
0.0,1,0.9190940260887146
1.0,1,0.9994780421257019
0.0,0,0.003150870092213154
0.0,0,0.05840160325169563
0.0,0,0.1457243412733078
1.0,1,0.9948948621749878
1.0,1,0.9471573233604431
1.0,1,0.9937614798545837
1.0,1,0.9944741129875183
0.0,0,0.0053681135177612305
0.0,0,0.006366115994751453
1.0,0,0.1161433681845665
0.0,1,0.7455195188522339
0.0,0,0.0024041987489908934
1.0,1,0.9559226036071777
1.0,0,0.03973356634378433
0.0,1,0.8928472399711609
0.0,0,0.015858111903071404
1.0,1,0.9849200248718262
1.0,0,0.24384388327598572
1.0,1,0.8935266733169556
1.0,0,0.27471399307250977
1.0,1,0.9998483657836914
0.0,0,0.10379792004823685
1.0,1,0.9875767230987549
0.0,1,0.6936563849449158
1.0,1,0.9999426603317261
1.0,0,0.207697331905365
0.0,0,0.00400934461504221
0.0,1,0.9140052795410156
1.0,1,0.8728402256965637
0.0,0,0.003942167852073908
1.0,1,0.89520263671875
0.0,0,0.012957536615431309
0.0,0,0.0014352211728692055
0.0,1,0.995039165019989
1.0,1,0.7101527452468872
1.0,1,0.9608850479125977
0.0,0,0.10043860971927643
1.0,1,0.982712984085083
1.0,1,0.9998629093170166
0.0,1,0.94147127866745
0.0,0,0.027013279497623444
1.0,0,0.22969071567058563
0.0,0,0.15142518281936646
0.0,0,0.2606433033943176
1.0,1,0.9877734780311584
0.0,0,0.02480381727218628
0.0,0,0.4339929521083832
0.0,0,0.02653609775006771
1.0,1,0.9990943670272827
0.0,0,0.24436287581920624
1.0,0,0.15072906017303467
1.0,1,0.9229229092597961
1.0,1,0.9803328514099121
1.0,1,0.9998455047607422
1.0,1,0.9638127684593201
0.0,0,0.25351086258888245
0.0,0,0.24141362309455872
0.0,0,0.2651490867137909
1.0,1,0.9973030090332031
1.0,1,0.998855471611023
1.0,1,0.9948935508728027
1.0,1,0.9883772730827332
1.0,1,0.9979678988456726
1.0,1,0.9983915686607361
0.0,0,0.02104630507528782
1.0,1,0.9900763630867004
0.0,0,0.28810617327690125
1.0,1,0.9949563145637512
1.0,0,0.26892951130867004
0.0,0,0.030126621946692467
1.0,1,0.9998922348022461
0.0,0,0.4430606961250305
1.0,1,0.9638175368309021
0.0,0,0.43476030230522156
0.0,0,0.0003851802321150899
0.0,0,0.038444604724645615
1.0,0,0.2483411431312561
0.0,1,0.6963604092597961
1.0,1,0.9994674324989319
1.0,0,0.1258767694234848
1.0,1,0.9659875631332397
0.0,1,0.8976680040359497
0.0,0,0.02333965338766575
0.0,0,0.04088273271918297
1.0,1,0.9982553124427795
0.0,0,0.09487495571374893
1.0,1,0.9018560647964478
0.0,0,0.007230216637253761
1.0,1,0.8885303735733032
1.0,1,0.9927359819412231
1.0,1,0.9999617338180542
1.0,0,0.03598053380846977
1.0,1,0.691558301448822
1.0,0,0.14029651880264282
1.0,1,0.996527373790741
0.0,0,0.019084688276052475
1.0,0,0.07338935136795044
1.0,1,0.9994644522666931
1.0,1,0.9767590761184692
1.0,1,0.9982243180274963
0.0,0,0.33406081795692444
0.0,0,0.0004824984644073993
1.0,1,0.7079679369926453
0.0,0,0.044394396245479584
0.0,0,0.06956800818443298
1.0,0,0.4705907702445984
0.0,1,0.9866421222686768
1.0,1,0.9935206770896912
0.0,0,0.19373393058776855
0.0,0,0.000303020206047222
1.0,1,0.9882298707962036
1.0,1,0.9750074148178101
0.0,0,0.24619854986667633
0.0,0,6.79900185787119e-05
0.0,0,0.0285202469676733
0.0,0,0.0002745650999713689
1.0,0,0.0304731372743845
0.0,0,0.3418338894844055
1.0,0,0.0942491739988327
0.0,0,0.0033792629837989807
0.0,0,0.0025758836418390274
1.0,1,0.6196029782295227
1.0,1,0.9995511174201965
1.0,1,0.9839283227920532
1.0,1,0.9998176693916321
1.0,1,0.8080638647079468
1.0,1,0.9735656976699829
0.0,1,0.9934105277061462
1.0,0,0.354666531085968
0.0,1,0.9688349366188049
0.0,1,0.8331132531166077
0.0,0,0.006551357451826334
1.0,1,0.9762006998062134
0.0,1,0.6482101082801819
1.0,1,0.9998643398284912
1.0,1,0.9968053102493286
1.0,1,0.9264355301856995
1.0,1,0.6817415952682495
0.0,0,0.0017994571244344115
1.0,0,0.04827447235584259
1.0,1,0.9976730942726135
0.0,1,0.9719437956809998
