y_true,y_pred,y_score
1.0,1,0.9963846206665039
0.0,0,0.05276123434305191
0.0,0,0.09463059157133102
1.0,1,0.9983021020889282
0.0,0,0.00029262949828989804
0.0,0,0.004391978029161692
0.0,1,0.5309797525405884
0.0,0,4.588436297581211e-07
0.0,0,0.0075220027938485146
0.0,0,0.00013376829156186432
1.0,1,0.6974274516105652
1.0,1,0.7941313982009888
0.0,1,0.5573340058326721
0.0,0,0.1596182882785797
1.0,0,0.008610925637185574
1.0,1,0.9933839440345764
1.0,1,0.9821397662162781
0.0,0,0.008810751140117645
0.0,1,0.36443033814430237
0.0,0,0.0004462323850020766
0.0,0,0.0013746257172897458
0.0,0,0.027206651866436005
1.0,1,0.9836713075637817
0.0,0,0.0002524369047023356
1.0,1,0.9993318915367126
0.0,0,1.6011234038160183e-05
1.0,1,0.9999947547912598
0.0,0,0.060302019119262695
0.0,0,0.001082590431906283
1.0,0,0.017889317125082016
1.0,0,0.00022131104196887463
0.0,0,0.00041313807014375925
0.0,0,0.0002861215325538069
0.0,1,0.2658803462982178
0.0,0,0.0019039070466533303
1.0,1,0.9698272347450256
1.0,1,0.27322953939437866
1.0,1,0.999796450138092
1.0,1,0.8231403231620789
0.0,0,0.0014615767868235707
1.0,1,0.9841094613075256
0.0,0,0.018865857273340225
0.0,0,0.0003807904722634703
1.0,1,0.9997276663780212
0.0,0,0.0029782068450003862
1.0,1,0.9957810640335083
1.0,1,0.9990412592887878
0.0,1,0.9957081079483032
0.0,0,0.0011365332175046206
1.0,1,0.9766678810119629
0.0,0,1.2086790775356349e-05
0.0,0,0.049644697457551956
0.0,0,0.0016668561147525907
0.0,0,0.0017056965734809637
0.0,0,0.015809835866093636
1.0,0,0.004690453875809908
0.0,0,0.0005000605015084147
1.0,1,0.9984205961227417
0.0,0,6.195731111802161e-05
1.0,1,0.8252461552619934
1.0,1,0.691841721534729
1.0,1,0.8922001123428345
0.0,0,0.00021274549362715334
0.0,0,0.001053928630426526
1.0,1,0.9523575305938721
1.0,0,0.03475217521190643
1.0,1,0.9943726062774658
0.0,0,0.00013210659381002188
1.0,1,0.2928830087184906
0.0,0,0.004521878436207771
0.0,0,0.00029323273338377476
0.0,1,0.4745396375656128
0.0,0,0.036136023700237274
1.0,1,0.9904322028160095
0.0,0,2.7455243980512023e-05
0.0,0,0.00567338801920414
0.0,0,0.000295290257781744
1.0,1,0.24425742030143738
0.0,0,8.381553197978064e-05
1.0,1,0.99714595079422
0.0,0,2.4991908503579907e-05
1.0,1,0.9965069890022278
1.0,1,0.6703131794929504
0.0,0,6.333439159789123e-06
0.0,0,0.013320953585207462
0.0,0,0.12822027504444122
1.0,1,0.9988682270050049
0.0,0,0.0894232839345932
0.0,1,0.3515855669975281
0.0,0,0.002172782551497221
0.0,1,0.2624312937259674
1.0,1,0.9930945634841919
0.0,1,0.8794034719467163
1.0,0,0.056320272386074066
1.0,1,0.9999196529388428
0.0,0,0.0008415750344283879
1.0,1,0.9014344811439514
0.0,0,0.009132050909101963
1.0,1,0.9992731213569641
1.0,1,0.8557472825050354
1.0,1,0.8070095181465149
1.0,1,0.999230146408081
1.0,1,0.8312366008758545
0.0,0,0.0008124003070406616
0.0,0,0.06391003727912903
1.0,1,0.961682915687561
1.0,1,0.9899393916130066
0.0,1,0.5118000507354736
1.0,1,0.9991464614868164
1.0,1,0.9715967774391174
1.0,0,0.14332377910614014
0.0,0,2.0036843125126325e-05
1.0,1,0.8488831520080566
1.0,1,0.9824420809745789
0.0,0,1.413867994415341e-05
0.0,0,0.0008985654567368329
0.0,0,0.00043734442442655563
0.0,1,0.44364601373672485
0.0,0,1.948143108165823e-05
0.0,0,4.160521712037735e-06
1.0,1,0.999937891960144
1.0,1,0.9981776475906372
1.0,1,0.9084541201591492
0.0,1,0.8984158635139465
1.0,1,0.719584584236145
0.0,0,0.0008308874093927443
1.0,1,0.9998175501823425
1.0,1,0.9936673045158386
0.0,1,0.9942033886909485
1.0,1,0.9796597361564636
1.0,1,0.9998444318771362
0.0,0,0.05364537611603737
0.0,0,0.0027206733357161283
0.0,0,0.00013660723925568163
0.0,0,0.016332725062966347
1.0,1,0.9999128580093384
1.0,1,0.2729567289352417
0.0,1,0.47996723651885986
0.0,0,0.16170662641525269
1.0,1,0.999710738658905
1.0,1,0.30954787135124207
0.0,0,0.008391658775508404
1.0,1,0.9925597906112671
1.0,0,0.0005513583892025054
0.0,0,0.008234663866460323
0.0,0,0.04359053820371628
1.0,1,0.9962852001190186
1.0,1,0.9998437166213989
0.0,0,0.008376102894544601
0.0,0,0.013139158487319946
1.0,1,0.999995231628418
1.0,1,0.9995682835578918
0.0,0,0.00232449802570045
0.0,0,0.00011934656504308805
0.0,0,0.0002852888428606093
0.0,0,2.6040042939712293e-05
1.0,1,0.9775556921958923
1.0,1,0.9153071641921997
0.0,0,0.0012820911360904574
1.0,1,0.7792347073554993
0.0,0,0.0015558743616566062
1.0,1,0.3962846100330353
0.0,0,0.002563267480581999
1.0,1,0.952239453792572
1.0,1,0.6204633116722107
0.0,0,6.668290097877616e-06
0.0,0,0.0003451128432061523
0.0,0,0.0016527551924809813
1.0,1,0.9753271341323853
1.0,1,0.9989084005355835
0.0,0,5.940799383097328e-06
0.0,0,0.00033638181048445404
1.0,1,0.2373061180114746
0.0,1,0.27128684520721436
0.0,0,0.0003244782274123281
0.0,0,7.258347613969818e-05
1.0,1,0.9990087747573853
1.0,1,0.9995492100715637
1.0,1,0.2967492938041687
0.0,0,2.9632277801283635e-05
0.0,0,0.03234199061989784
0.0,0,0.016204962506890297
1.0,1,0.9996540546417236
1.0,1,0.5526666641235352
0.0,0,0.030685799196362495
1.0,1,0.9644449353218079
1.0,1,0.6757945418357849
1.0,1,0.9392346739768982
0.0,0,8.913853525882587e-05
1.0,1,0.9965654015541077
0.0,0,0.00010765997285488993
1.0,1,0.9992489218711853
0.0,1,0.4706589877605438
0.0,0,0.008409171365201473
0.0,1,0.3479934632778168
1.0,1,0.8997242450714111
0.0,0,7.177548104664311e-05
0.0,0,0.0016564240213483572
1.0,1,0.9988580942153931
1.0,1,0.996914267539978
1.0,1,0.9937426447868347
1.0,1,0.9987402558326721
1.0,1,0.9957079887390137
0.0,0,0.017495790496468544
0.0,0,0.00046933541307225823
0.0,0,0.016772275790572166
0.0,0,0.019104842096567154
0.0,0,0.007771059405058622
1.0,1,0.9380620718002319
0.0,0,0.003085574833676219
0.0,0,0.026557888835668564
0.0,0,0.001878731301985681
1.0,1,0.9999877214431763
0.0,0,0.00019312219228595495
1.0,1,0.9742488265037537
1.0,1,0.9999812841415405
0.0,0,0.0007033796864561737
0.0,0,0.0052078464068472385
0.0,0,0.03530183434486389
1.0,1,0.9999469518661499
0.0,0,0.008405625820159912
0.0,0,2.59884909610264e-05
0.0,0,0.20699690282344818
0.0,0,0.00031799983116798103
1.0,1,0.9968570470809937
1.0,1,0.9960612654685974
0.0,0,0.0021839372348040342
0.0,0,0.0019038200844079256
1.0,1,0.9997960925102234
1.0,1,0.25698572397232056
0.0,1,0.9886494874954224
0.0,0,0.0038530786987394094
0.0,1,0.642961323261261
1.0,1,0.9999974966049194
0.0,0,0.001014315290376544
1.0,1,0.5841061472892761
0.0,0,0.0015721424715593457
1.0,0,0.11177042126655579
1.0,1,0.996528685092926
0.0,0,0.06671363115310669
0.0,0,0.05960996448993683
0.0,0,0.0024351614993065596
0.0,0,0.004103109706193209
0.0,0,0.011818832717835903
1.0,1,0.9918410778045654
1.0,1,0.9996591806411743
1.0,1,0.9999657869338989
1.0,1,0.9999501705169678
1.0,1,0.4951964318752289
0.0,0,0.0004910967545583844
1.0,1,0.8936228156089783
1.0,1,0.9982840418815613
0.0,0,4.140380406170152e-05
1.0,1,0.9986233711242676
1.0,0,0.05964839085936546
0.0,0,0.006528258789330721
1.0,1,0.9805965423583984
1.0,1,0.9853249192237854
1.0,1,0.7237756252288818
0.0,0,0.008606827817857265
1.0,1,0.9950135350227356
1.0,1,0.9955500364303589
1.0,1,0.7480683326721191
0.0,0,0.039155393838882446
0.0,0,0.0005960225826129317
1.0,1,0.9950385689735413
0.0,0,0.00035977934021502733
0.0,0,0.0031809150241315365
0.0,0,0.0012633090373128653
0.0,0,0.001464414643123746
1.0,1,0.9982514977455139
0.0,0,0.03401726111769676
1.0,0,0.007391603663563728
0.0,1,0.9573647379875183
1.0,1,0.9996219873428345
0.0,0,0.00048200960736721754
0.0,1,0.6432966589927673
0.0,0,0.0024817371740937233
0.0,0,0.0011250247480347753
0.0,0,0.000530177669133991
1.0,1,0.9999754428863525
1.0,1,0.4343206584453583
1.0,1,0.9968370199203491
0.0,0,0.0013279077829793096
0.0,0,0.13398031890392303
1.0,1,0.999783456325531
1.0,0,0.054560743272304535
0.0,0,0.0001479644124628976
0.0,0,0.0006494214758276939
1.0,1,0.965494692325592
0.0,0,0.007033678237348795
0.0,0,0.02009335160255432
0.0,0,0.013590694405138493
0.0,0,0.000801555288489908
0.0,0,0.21765409409999847
0.0,0,0.00026550432085059583
1.0,1,0.9749082922935486
0.0,0,0.006072975695133209
0.0,0,0.00016471091657876968
0.0,0,0.0025847761426120996
1.0,1,0.9983999133110046
0.0,0,5.9909689298365265e-05
1.0,1,0.9967255592346191
0.0,0,3.699601802509278e-05
1.0,1,0.9967317581176758
0.0,0,5.5264856200665236e-05
0.0,0,0.0037372540682554245
0.0,0,0.0003564539074432105
1.0,1,0.99151211977005
0.0,0,0.02088892087340355
1.0,1,0.9965234398841858
1.0,1,0.3146217465400696
1.0,1,0.9974526762962341
0.0,1,0.8491244316101074
0.0,0,0.0009374641813337803
1.0,1,0.32440444827079773
1.0,1,0.9982329607009888
1.0,1,0.9999942779541016
1.0,1,0.9602833390235901
0.0,1,0.3855857253074646
0.0,1,0.645689070224762
1.0,1,0.9907958507537842
0.0,0,0.01348158810287714
1.0,1,0.9983812570571899
0.0,0,0.1484353393316269
1.0,1,0.9833819270133972
0.0,0,9.863830200629309e-05
1.0,1,0.8941280841827393
0.0,0,0.0013882555067539215
0.0,0,0.0006316409562714398
1.0,1,0.9840710163116455
1.0,1,0.9998675584793091
1.0,1,0.9999053478240967
0.0,0,0.004977227654308081
0.0,1,0.8042503595352173
0.0,0,0.10093232989311218
1.0,1,0.9987142086029053
0.0,0,0.016784772276878357
0.0,0,0.0009086191421374679
0.0,0,0.09534597396850586
1.0,1,0.8698662519454956
0.0,0,0.10427027940750122
1.0,0,0.018689068034291267
0.0,0,0.003308364888653159
0.0,0,4.016870661871508e-05
1.0,1,0.9689970016479492
1.0,1,0.9996888637542725
1.0,1,0.22918671369552612
0.0,0,0.00018242886289954185
0.0,0,2.833409234881401e-05
0.0,0,0.00041946672718040645
0.0,0,3.144473521388136e-05
1.0,1,0.9987033605575562
1.0,1,0.9119229912757874
0.0,0,0.000781824579462409
0.0,1,0.6912777423858643
0.0,0,0.00012607277312781662
0.0,0,0.0009661916410550475
0.0,0,0.003198367077857256
0.0,0,0.0005724121001549065
1.0,1,0.8108096122741699
1.0,1,0.9982082843780518
0.0,0,0.10430924594402313
0.0,0,0.002894507721066475
0.0,0,0.010478806681931019
0.0,1,0.4647538959980011
0.0,0,0.14539389312267303
0.0,0,2.5444944185437635e-05
1.0,0,0.014468636363744736
0.0,0,2.699827564356383e-05
1.0,1,0.22283132374286652
0.0,0,1.241247900907183e-05
0.0,0,3.353442821207864e-07
0.0,1,0.8051074147224426
0.0,0,1.4984325389377773e-05
1.0,1,0.8188387751579285
0.0,0,0.0001117214560508728
1.0,1,0.9999680519104004
0.0,0,0.019883273169398308
1.0,1,0.34332403540611267
1.0,1,0.9882549047470093
0.0,1,0.5769742727279663
1.0,1,0.8187671899795532
1.0,1,0.9889242053031921
1.0,1,0.8842592835426331
1.0,1,0.9986419081687927
0.0,0,0.0035128132440149784
0.0,1,0.9084892272949219
0.0,0,4.065570465172641e-06
1.0,1,0.8591720461845398
1.0,1,0.9997739195823669
0.0,1,0.25624796748161316
0.0,0,0.0007905196398496628
1.0,1,0.9365991353988647
1.0,1,0.9997715353965759
0.0,0,0.16431516408920288
1.0,1,0.9962008595466614
0.0,0,0.009770672768354416
1.0,1,0.9999858140945435
1.0,1,0.9999232292175293
1.0,1,0.7007438540458679
1.0,1,0.6115739345550537
1.0,1,0.9994089603424072
1.0,1,0.9966230392456055
1.0,1,0.9999030828475952
1.0,0,0.10059715807437897
1.0,1,0.999594509601593
0.0,1,0.7670131921768188
1.0,1,0.9978123903274536
1.0,1,0.9837373495101929
0.0,0,0.004729488864541054
0.0,0,7.314273534575477e-05
0.0,0,0.00020357329049147666
0.0,0,0.00015289570728782564
0.0,0,0.001971285790205002
0.0,0,0.0001369160454487428
0.0,0,0.00016397923172917217
0.0,1,0.9790582060813904
0.0,0,0.00042078332626260817
0.0,0,0.14565250277519226
1.0,1,0.9991039633750916
1.0,1,0.9979233741760254
1.0,1,0.9999759197235107
1.0,1,0.9070135951042175
0.0,0,0.006122171878814697
1.0,1,0.9998699426651001
0.0,1,0.315020889043808
0.0,1,0.2695872485637665
1.0,1,0.9963735938072205
0.0,0,0.02090979740023613
0.0,0,0.0022648414596915245
1.0,1,0.28331872820854187
1.0,1,0.9995036125183105
0.0,0,0.00031739193946123123
0.0,0,0.009729404002428055
1.0,1,0.9850400686264038
1.0,1,0.9650347232818604
0.0,0,0.0006198029150255024
1.0,1,0.9966088533401489
0.0,1,0.969795823097229
0.0,1,0.22807863354682922
1.0,1,0.9803274273872375
0.0,0,0.22104765474796295
1.0,1,0.9998911619186401
0.0,0,0.016254067420959473
0.0,0,0.0060382080264389515
0.0,0,1.562170837132726e-05
0.0,0,4.5540655264630914e-05
0.0,1,0.49673992395401
1.0,1,0.9498534798622131
0.0,0,0.000949676672462374
0.0,0,0.004418332129716873
1.0,1,0.9982662796974182
0.0,0,0.002874571830034256
0.0,0,0.0013733250088989735
0.0,0,0.00011140337301185355
0.0,0,0.008802476339042187
0.0,0,0.16073305904865265
0.0,1,0.38111624121665955
0.0,0,0.015691043809056282
0.0,0,0.02818269655108452
1.0,1,0.9996740818023682
0.0,0,0.003215931123122573
1.0,1,0.9999589920043945
1.0,1,0.9353053569793701
1.0,1,0.8160087466239929
0.0,0,0.00018780978280119598
0.0,0,0.00040986802196130157
1.0,1,0.9999862909317017
0.0,0,1.3863365893485025e-05
0.0,0,0.025220109149813652
0.0,0,0.00019309567869640887
0.0,0,0.10879557579755783
0.0,0,0.022728780284523964
1.0,1,0.9991004467010498
0.0,1,0.8293300271034241
1.0,0,0.08063536882400513
0.0,0,0.06490930914878845
1.0,1,0.9990641474723816
0.0,0,0.001917368732392788
1.0,1,0.9996182918548584
0.0,0,0.002268789568915963
1.0,1,0.9828686714172363
1.0,1,0.839483380317688
0.0,0,0.00018063324387185276
1.0,1,0.9690431356430054
0.0,0,0.00014484068378806114
1.0,1,0.9995997548103333
1.0,1,0.9999746084213257
0.0,0,0.1455545872449875
1.0,1,0.26704710721969604
0.0,0,4.036803147755563e-06
1.0,1,0.999919056892395
0.0,0,0.003703645896166563
1.0,1,0.9889062643051147
1.0,0,0.1506555825471878
0.0,0,0.09430164098739624
1.0,1,0.9995129108428955
0.0,1,0.8631724715232849
0.0,0,1.204265345222666e-06
0.0,0,0.05560195818543434
1.0,1,0.9641062021255493
0.0,0,6.5925283706747e-05
0.0,0,1.1650421356534935e-06
0.0,0,0.0009488639771007001
1.0,0,0.009296485222876072
0.0,0,0.0011282193008810282
0.0,0,0.001969093456864357
1.0,1,0.8969821929931641
1.0,1,0.9984862208366394
1.0,1,0.9994090795516968
0.0,0,2.0910963939968497e-05
1.0,1,0.9999202489852905
1.0,1,0.9842941164970398
1.0,0,0.0012288526631891727
0.0,1,0.9207905530929565
0.0,0,0.005714567843824625
1.0,1,0.9999303817749023
1.0,1,0.8191022276878357
0.0,0,0.00035141597618348897
0.0,1,0.7225757837295532
1.0,1,0.9903373718261719
0.0,0,0.12229885905981064
0.0,0,0.0005393238388933241
0.0,0,0.0007597817457281053
1.0,1,0.9992652535438538
0.0,0,0.00024407172168139368
1.0,0,0.1459200531244278
0.0,1,0.9855756759643555
0.0,1,0.48191890120506287
1.0,1,0.9998286962509155
1.0,1,0.9963566064834595
1.0,1,0.4378773868083954
0.0,0,0.0006977181765250862
0.0,0,0.00029974605422466993
0.0,0,0.00014728268433827907
1.0,1,0.330061137676239
1.0,1,0.3102876842021942
0.0,0,0.0003675270127132535
1.0,1,0.904212474822998
0.0,0,0.04308808594942093
0.0,0,0.00033004445140250027
0.0,1,0.7763257622718811
0.0,0,0.02354414574801922
0.0,0,0.09583766013383865
0.0,0,0.02424554154276848
0.0,0,0.0006070905947126448
1.0,1,0.9998169541358948
1.0,1,0.9996997117996216
1.0,1,0.9991051554679871
1.0,1,0.9961767196655273
1.0,1,0.9997404217720032
1.0,1,0.9999827146530151
1.0,0,0.022060496732592583
1.0,1,0.7959290742874146
1.0,1,0.9991394281387329
1.0,1,0.5278167724609375
1.0,1,0.9997039437294006
0.0,1,0.8962593078613281
0.0,0,0.0019126239931210876
0.0,0,0.000863576540723443
0.0,0,0.2123573124408722
0.0,0,0.026081299409270287
0.0,0,0.011938768438994884
0.0,0,0.002478460082784295
0.0,0,7.706000906182453e-05
1.0,1,0.9598547220230103
1.0,1,0.9796363115310669
1.0,0,0.0011676001595333219
0.0,1,0.36306852102279663
0.0,0,0.005686200689524412
0.0,0,0.008433787152171135
0.0,0,0.00045372298336587846
0.0,0,0.03144003823399544
0.0,0,1.3103068340569735e-05
1.0,1,0.9397804141044617
0.0,0,0.0014048992889001966
0.0,0,0.0020739142782986164
0.0,0,0.0015323625411838293
0.0,0,9.642722943681292e-06
0.0,0,6.146604573586956e-05
1.0,1,0.9999980926513672
0.0,0,0.015770314261317253
1.0,1,0.947448194026947
0.0,0,0.001858019968494773
0.0,0,0.018339499831199646
0.0,0,0.009593382477760315
0.0,0,0.00035670376382768154
0.0,0,0.0003583664365578443
0.0,0,0.0002993819070979953
0.0,0,0.01897905021905899
1.0,1,0.9988504648208618
1.0,1,0.9994244575500488
1.0,1,0.3125365674495697
0.0,1,0.4732036590576172
0.0,0,0.022280920296907425
1.0,1,0.803473711013794
1.0,1,0.999915599822998
0.0,0,0.03798805549740791
1.0,1,0.9906023740768433
1.0,1,0.999381422996521
0.0,0,0.01576993800699711
0.0,0,0.0004508281999733299
0.0,0,0.0029437444172799587
1.0,1,0.8080806732177734
0.0,1,0.7602481245994568
0.0,0,6.608906551264226e-05
1.0,0,0.2092960774898529
1.0,1,0.998428225517273
0.0,0,0.00037953845458105206
1.0,1,0.6082385182380676
0.0,0,0.0010423999046906829
1.0,1,0.9105256199836731
0.0,0,0.0015644424129277468
1.0,1,0.9905904531478882
1.0,1,0.6956043243408203
1.0,1,0.9996448755264282
0.0,1,0.2882401943206787
1.0,1,0.9999786615371704
0.0,1,0.8399528861045837
0.0,0,1.691925172053743e-05
0.0,0,6.837342516519129e-05
1.0,1,0.43949925899505615
0.0,0,0.0028653282206505537
0.0,1,0.8148599863052368
0.0,0,0.00293736532330513
0.0,0,0.09649717807769775
0.0,0,1.7153495718957856e-05
1.0,0,0.08487340807914734
1.0,1,0.9998828172683716
0.0,0,0.007078774273395538
0.0,0,9.482144378125668e-05
0.0,0,0.005658124107867479
1.0,1,0.9377018809318542
0.0,0,0.00678012752905488
0.0,1,0.9713761210441589
1.0,1,0.7782273888587952
0.0,0,0.001508493209257722
0.0,0,0.02954828552901745
0.0,0,0.05385889485478401
0.0,0,0.04855288937687874
1.0,1,0.9962915182113647
0.0,0,0.0016540965298190713
0.0,1,0.6753392219543457
0.0,0,1.8588794773677364e-05
0.0,0,0.0015683553647249937
1.0,0,0.020293381065130234
1.0,1,0.8077576756477356
1.0,1,0.9631220102310181
0.0,1,0.3447761535644531
1.0,1,0.9903455376625061
0.0,0,0.017729081213474274
1.0,1,0.9893006682395935
1.0,1,0.9398946762084961
1.0,1,0.9964050054550171
0.0,0,1.9314424207550474e-05
1.0,1,0.9999408721923828
0.0,0,0.0011498951353132725
1.0,1,0.9997476935386658
1.0,1,0.9996426105499268
1.0,1,0.6006144881248474
0.0,1,0.5156044960021973
1.0,1,0.8776813745498657
0.0,0,0.0243549682199955
1.0,0,0.13204379379749298
1.0,1,0.9997860789299011
0.0,0,0.01700141653418541
1.0,1,0.9909537434577942
0.0,0,0.0015060575678944588
0.0,0,0.00020600328571163118
1.0,0,0.010358684696257114
0.0,0,0.03374367579817772
1.0,1,0.9651878476142883
1.0,1,0.9992801547050476
0.0,0,0.0036673988215625286
0.0,0,0.018971579149365425
0.0,0,7.689492122153752e-06
0.0,0,0.0009509447263553739
0.0,0,0.000133341018226929
0.0,0,0.10225383192300797
1.0,1,0.9995437264442444
0.0,0,0.04737759754061699
0.0,0,0.00020583109289873391
0.0,0,0.026080479845404625
0.0,0,0.010462897829711437
0.0,0,0.0002757416805252433
0.0,0,9.002610022434965e-05
0.0,1,0.9434918761253357
1.0,0,0.01538915280252695
1.0,1,0.9942746758460999
0.0,1,0.6894194483757019
0.0,0,0.00041469582356512547
0.0,0,0.0001106841882574372
0.0,0,4.83077164972201e-05
0.0,0,0.0012190609704703093
1.0,1,0.27577853202819824
0.0,0,5.161459557712078e-05
1.0,1,0.9995648264884949
0.0,1,0.8468730449676514
0.0,1,0.4691902697086334
1.0,1,0.9256893396377563
0.0,0,0.0006579185137525201
0.0,0,0.001523611368611455
0.0,0,0.15349000692367554
0.0,0,0.0005025970167480409
0.0,0,0.0017489501042291522
0.0,0,0.026573462411761284
1.0,1,0.2639928460121155
1.0,1,0.23508168756961823
1.0,1,0.9978925585746765
1.0,1,0.9999845027923584
0.0,0,0.0010607691947370768
0.0,0,0.024612251669168472
0.0,0,5.497897745954106e-06
1.0,1,0.9999501705169678
1.0,1,0.9875521659851074
0.0,0,0.0046811094507575035
1.0,1,0.9999032020568848
0.0,0,0.00043025080231018364
0.0,0,0.0028649414889514446
0.0,0,0.00012381322449073195
1.0,1,0.2982911765575409
0.0,0,0.0002026278671110049
1.0,1,0.5744785666465759
1.0,1,0.999971866607666
1.0,1,0.985768735408783
1.0,1,0.9837151169776917
0.0,0,0.00028769930941052735
0.0,0,0.000312957854475826
1.0,1,0.9730132222175598
1.0,1,0.9999091625213623
0.0,1,0.6416694521903992
1.0,1,0.9989480376243591
1.0,1,0.9999375343322754
0.0,1,0.9566363096237183
1.0,1,0.6212078332901001
1.0,1,0.9999792575836182
0.0,0,0.005354715045541525
0.0,0,0.007255921605974436
0.0,0,0.004837706219404936
1.0,1,0.2349606454372406
0.0,1,0.34264788031578064
1.0,1,0.9906778335571289
0.0,0,0.00037291881744749844
0.0,0,0.01970073953270912
0.0,0,0.00019760249415412545
0.0,0,0.003613224485889077
1.0,1,0.9997723698616028
0.0,0,0.007652693428099155
0.0,0,0.022284608334302902
0.0,1,0.6772241592407227
1.0,1,0.9960556030273438
0.0,1,0.4915119409561157
1.0,1,0.9978487491607666
1.0,1,0.9999046325683594
1.0,1,0.9994986057281494
1.0,1,0.9991459846496582
1.0,1,0.9996869564056396
0.0,0,0.0008535197121091187
0.0,0,2.7889982447959483e-05
1.0,1,0.9985476136207581
1.0,1,1.0
1.0,1,0.9897961020469666
1.0,1,0.9997650980949402
1.0,1,0.9989066123962402
0.0,0,0.03773356229066849
1.0,1,0.9982549548149109
0.0,0,0.02314886450767517
1.0,1,0.9920788407325745
0.0,0,0.0008127905894070864
1.0,1,0.9921396374702454
0.0,1,0.8498961329460144
0.0,0,0.0024938532151281834
0.0,0,0.0028521325439214706
1.0,1,0.99986732006073
0.0,0,0.0005112913204357028
1.0,1,0.9803706407546997
1.0,1,0.9995089769363403
0.0,0,0.00026682388852350414
0.0,0,0.0003215937758795917
0.0,1,0.8874339461326599
1.0,1,0.9962239265441895
0.0,0,2.5807305519265356e-06
0.0,0,0.00023159389093052596
0.0,0,0.0006114702555350959
0.0,0,0.07977849245071411
1.0,1,0.9459904432296753
1.0,1,0.9995273351669312
0.0,0,0.00019779910508077592
0.0,1,0.2326662540435791
0.0,0,0.004909909795969725
0.0,0,0.0017571946373209357
1.0,1,0.9994378685951233
1.0,1,0.9627254605293274
0.0,1,0.9971116781234741
0.0,0,0.0005746769020333886
1.0,1,0.9907005429267883
1.0,1,0.46973392367362976
1.0,1,0.9996354579925537
1.0,1,0.7416671514511108
1.0,1,0.9916248917579651
0.0,0,0.00358510110527277
1.0,1,0.7236906290054321
0.0,0,0.0011370654683560133
0.0,0,0.0018067050259560347
0.0,0,3.689159348141402e-05
1.0,1,0.7805721759796143
0.0,0,0.034323789179325104
0.0,0,0.004464447032660246
0.0,0,0.0031824051402509212
0.0,0,0.12139736115932465
0.0,1,0.5975478291511536
0.0,0,5.046729711466469e-05
0.0,0,0.0002034442441072315
1.0,0,0.018293730914592743
0.0,0,0.04564240947365761
0.0,0,0.10985489934682846
1.0,1,0.8759278655052185
0.0,0,0.0042214286513626575
0.0,1,0.5060365796089172
1.0,1,0.9940981864929199
0.0,1,0.9520687460899353
1.0,0,0.06923174858093262
1.0,1,0.865147054195404
0.0,0,2.53462276305072e-05
1.0,1,0.9992274045944214
0.0,0,0.0028678346425294876
0.0,0,0.018705906346440315
0.0,0,0.16337840259075165
0.0,0,0.0012176844757050276
0.0,0,0.007242737803608179
1.0,1,0.9853320717811584
1.0,1,0.9999498128890991
1.0,0,0.0018260603537783027
0.0,0,0.011246050707995892
1.0,1,0.9989849925041199
0.0,0,0.013319837860763073
0.0,0,0.031901292502880096
0.0,0,0.0006780553958378732
0.0,0,0.14499250054359436
0.0,0,0.09593407064676285
0.0,0,0.055269282311201096
0.0,0,5.7648187066661194e-05
0.0,0,0.0003208948764950037
1.0,1,0.7805059552192688
0.0,0,0.005878783296793699
1.0,1,0.9625973105430603
0.0,0,0.008177067153155804
1.0,1,0.9994471669197083
0.0,0,7.926734542706981e-05
0.0,0,0.046352043747901917
1.0,1,0.9638527631759644
0.0,0,0.008054486475884914
1.0,1,0.5414164066314697
0.0,0,4.9052458052756265e-05
1.0,1,0.9999967813491821
0.0,0,3.1354006750916597e-06
0.0,0,0.16038872301578522
1.0,1,0.998807430267334
0.0,0,0.0023453482426702976
1.0,1,0.9998206496238708
1.0,1,0.9983260035514832
0.0,0,0.007109028287231922
0.0,0,0.0001273396919714287
0.0,1,0.6801459193229675
0.0,0,5.633341788779944e-05
1.0,1,0.9997987151145935
0.0,0,0.007383222226053476
1.0,1,0.9990390539169312
1.0,1,0.48742184042930603
0.0,0,0.20052172243595123
0.0,1,0.9429099559783936
1.0,1,0.9474650025367737
1.0,1,0.9876882433891296
1.0,1,0.9994200468063354
0.0,0,0.0034910517279058695
0.0,0,9.117244189837947e-05
0.0,0,0.00016023275384213775
1.0,1,0.6257403492927551
1.0,1,0.961652934551239
0.0,0,0.008129805326461792
1.0,0,0.010183525271713734
0.0,0,0.00032693971297703683
1.0,1,0.898717999458313
0.0,0,0.029691403731703758
1.0,1,0.955033004283905
1.0,1,0.6150103211402893
0.0,0,0.00014491791080217808
0.0,0,0.00010668644972611219
0.0,0,0.020876621827483177
0.0,1,0.9396842122077942
1.0,1,0.9878288507461548
0.0,0,0.00014160835416987538
0.0,0,0.0006350574549287558
0.0,1,0.425608366727829
0.0,0,0.0025567852426320314
1.0,1,0.986415684223175
0.0,0,0.0999317318201065
1.0,0,0.1364423781633377
1.0,1,0.9988477230072021
0.0,0,0.00020449170551728457
0.0,0,0.0009074468398466706
0.0,0,2.1557973013841547e-05
1.0,1,0.6883751153945923
1.0,1,0.9933874607086182
0.0,0,0.0008435408817604184
1.0,1,0.9952705502510071
0.0,0,0.00039323221426457167
0.0,0,0.004110997077077627
0.0,1,0.4268347918987274
0.0,0,0.0006796935922466218
0.0,0,0.008180474862456322
0.0,0,4.0341685235034674e-05
1.0,1,0.9999674558639526
0.0,0,0.0005628222716040909
0.0,0,0.006784091703593731
0.0,0,0.1390589326620102
0.0,1,0.3241589367389679
1.0,1,0.9619266390800476
0.0,0,5.567767584579997e-05
0.0,0,0.0001792575349099934
1.0,1,0.998091995716095
1.0,1,0.9999672174453735
1.0,1,0.9999650716781616
1.0,1,0.9884489178657532
0.0,0,0.059011854231357574
1.0,1,0.7848635911941528
1.0,1,0.5692757368087769
1.0,1,0.9112957119941711
0.0,0,0.051970578730106354
1.0,1,0.9999440908432007
1.0,1,0.9861586689949036
0.0,0,0.004647561814635992
1.0,1,0.9346799850463867
1.0,1,0.41584399342536926
1.0,1,0.788995623588562
1.0,1,0.9579551219940186
0.0,1,0.9966326355934143
1.0,1,0.9999257326126099
1.0,1,0.9395037293434143
1.0,1,0.9961410164833069
0.0,0,0.0009626256651245058
1.0,1,0.9999997615814209
0.0,0,0.0015102229081094265
0.0,0,0.016991760581731796
1.0,1,0.9963406920433044
0.0,1,0.38011497259140015
0.0,0,0.006231699138879776
1.0,1,0.9993672966957092
1.0,0,0.01656838320195675
0.0,0,1.510560468886979e-05
0.0,0,0.005293811205774546
1.0,1,0.9996477365493774
1.0,0,0.04883717745542526
0.0,1,0.31001710891723633
1.0,1,0.999283492565155
0.0,0,0.000336179684381932
0.0,0,0.0016501026693731546
0.0,0,0.09923429042100906
0.0,0,0.036687206476926804
0.0,0,0.154143825173378
0.0,0,3.983150236308575e-05
1.0,1,0.9989452958106995
1.0,1,0.9938637018203735
1.0,1,0.9921817779541016
1.0,1,0.9998879432678223
0.0,0,0.00041560191311873496
0.0,0,0.0033524413593113422
0.0,0,0.00022214867931324989
0.0,0,0.0008304271032102406
0.0,0,0.0008211045642383397
0.0,0,0.0005117027903907001
1.0,1,0.9998043179512024
0.0,0,0.032790906727313995
1.0,1,0.9983398914337158
0.0,0,0.004088826943188906
0.0,0,0.01946444623172283
0.0,0,0.16253602504730225
0.0,0,3.0179873647284694e-05
0.0,1,0.9943920969963074
0.0,1,0.2697123885154724
0.0,1,0.7061132192611694
0.0,0,0.0032487264834344387
0.0,0,0.0006780557450838387
0.0,0,8.63247987581417e-05
1.0,1,0.7821045517921448
0.0,0,1.207301284011919e-05
1.0,1,0.9990977048873901
0.0,0,0.0002423178229946643
0.0,0,0.00011025775893358514
1.0,0,0.003957147244364023
1.0,1,0.9999232292175293
0.0,0,2.025889807555359e-05
0.0,0,0.012775938957929611
1.0,1,0.9934229254722595
1.0,1,0.9999983310699463
0.0,0,4.473415174288675e-05
0.0,0,0.0002631700481288135
1.0,0,0.11341311037540436
1.0,1,0.9999350309371948
1.0,1,0.999957799911499
0.0,0,0.029089024290442467
1.0,1,0.2414010763168335
0.0,0,0.013546407222747803
1.0,1,0.8642297387123108
1.0,1,0.990285336971283
0.0,0,0.0004748468054458499
1.0,1,0.9985931515693665
0.0,0,0.05975184217095375
0.0,0,0.003021380165591836
0.0,0,0.0005990886711515486
1.0,1,0.9999955892562866
0.0,0,0.00038619409315288067
0.0,0,0.11266426742076874
0.0,0,0.004116034600883722
0.0,0,0.017000898718833923
0.0,0,0.06912360340356827
1.0,1,0.9998956918716431
0.0,0,0.025940123945474625
1.0,1,0.9347884058952332
0.0,0,0.08109217137098312
0.0,0,0.004875375889241695
0.0,0,0.002926724962890148
0.0,0,0.00046935369027778506
1.0,1,0.999994158744812
1.0,1,0.9751767516136169
0.0,0,0.0008805139805190265
0.0,1,0.34794849157333374
1.0,1,0.9877405762672424
1.0,0,0.146808922290802
0.0,0,0.002825364237651229
0.0,0,0.0036963406018912792
1.0,1,0.9998310804367065
0.0,0,0.0004122481623198837
0.0,0,0.0009218898485414684
1.0,1,0.9334893822669983
1.0,0,0.05025487765669823
0.0,1,0.9999619722366333
1.0,1,0.9998492002487183
0.0,0,0.003986673429608345
1.0,1,0.9132899045944214
0.0,0,0.04543638974428177
0.0,0,0.09456832706928253
0.0,0,8.726002124603838e-05
0.0,0,0.00180720048956573
1.0,1,0.9891169667243958
0.0,0,0.00025640067178756
1.0,1,0.9970265030860901
0.0,0,0.011243415996432304
1.0,1,0.9650238752365112
0.0,0,0.01293671503663063
0.0,0,0.0037350512575358152
1.0,1,0.9808381199836731
0.0,0,0.002846368122845888
1.0,1,0.9999910593032837
1.0,1,0.996407687664032
0.0,0,0.001946567092090845
0.0,0,0.0015781124820932746
0.0,0,0.009889590553939342
0.0,0,8.617959792900365e-06
1.0,1,0.9999529123306274
1.0,0,0.054088059812784195
0.0,0,0.0002194820117438212
0.0,0,0.001851891167461872
0.0,1,0.619769275188446
1.0,1,0.9984065890312195
0.0,0,0.002809208584949374
0.0,0,6.319044041447341e-05
0.0,0,0.13097774982452393
1.0,1,0.9988980293273926
1.0,1,0.999309778213501
0.0,0,0.17270973324775696
0.0,0,0.0002668584929779172
0.0,0,0.0013158463407307863
0.0,0,0.0001420128101017326
1.0,1,0.9999786615371704
0.0,0,0.002649822272360325
0.0,1,0.5592304468154907
0.0,0,0.0021951599046587944
1.0,1,0.9882558584213257
0.0,0,2.6830006390810013e-05
1.0,1,0.9182556867599487
0.0,0,7.77102104621008e-05
1.0,1,0.9383228421211243
1.0,1,0.9968484044075012
0.0,1,0.6839023232460022
1.0,1,0.9539522528648376
0.0,0,0.0033905389718711376
0.0,0,0.0005028045270591974
0.0,0,0.00018499062571208924
0.0,0,0.008979939855635166
0.0,0,6.494623812614009e-05
0.0,0,0.0002519403933547437
1.0,1,0.9989367127418518
0.0,1,0.4780347943305969
0.0,0,0.0007199959945864975
1.0,1,0.9276220798492432
0.0,0,0.018761716783046722
0.0,0,5.2613471780205145e-05
0.0,0,0.010583178140223026
0.0,0,6.698369543300942e-05
0.0,0,5.811786832055077e-05
0.0,0,0.00010888704127864912
1.0,0,0.10249904543161392
0.0,0,0.0021927892230451107
1.0,1,0.9999071359634399
0.0,0,0.0014469193993136287
0.0,0,0.010037507861852646
1.0,1,0.9963712692260742
0.0,1,0.7662413716316223
0.0,1,0.6784391403198242
0.0,0,0.006308276206254959
0.0,0,3.8964847703937266e-07
1.0,0,0.14573638141155243
0.0,0,0.00519880186766386
0.0,0,0.039803341031074524
0.0,0,0.011316175572574139
0.0,1,0.9477673172950745
0.0,0,0.00046903255861252546
1.0,1,0.9939982891082764
1.0,1,0.9339523911476135
1.0,1,0.9688916802406311
1.0,1,0.999467670917511
0.0,0,0.008581715635955334
0.0,0,0.00399528443813324
0.0,1,0.4408918619155884
0.0,0,0.008236164227128029
0.0,0,0.01087591890245676
0.0,0,0.0020941870752722025
0.0,0,0.00020093328203074634
0.0,0,0.000848645344376564
0.0,0,1.5026669643702917e-05
0.0,0,0.016920028254389763
1.0,1,0.9856107234954834
0.0,0,0.016519056633114815
0.0,1,0.27891024947166443
0.0,1,0.7218589782714844
0.0,0,0.0015119008021429181
0.0,0,0.002286034170538187
0.0,0,0.00016031481209211051
0.0,0,0.0008461055695079267
1.0,1,0.9999971389770508
0.0,0,1.906488432723563e-05
0.0,0,0.026139941066503525
1.0,1,0.9998266100883484
1.0,1,0.8321908116340637
1.0,1,0.986664891242981
1.0,1,0.9975417852401733
0.0,0,0.0017390222055837512
1.0,1,0.999937891960144
0.0,1,0.9890093207359314
0.0,0,0.051304351538419724
0.0,1,0.2546658217906952
1.0,1,0.9935961961746216
0.0,0,0.017589980736374855
1.0,1,0.9997605681419373
1.0,1,0.999826967716217
0.0,0,2.430394852126483e-05
0.0,0,6.38641949990415e-06
1.0,1,0.9954777359962463
0.0,0,0.0012643098598346114
1.0,1,0.9997583031654358
1.0,1,0.99977046251297
0.0,0,0.034578923135995865
0.0,0,0.00789551343768835
0.0,0,0.03109777718782425
0.0,0,0.00011848060239572078
1.0,1,0.6083402037620544
0.0,0,0.002540660323575139
1.0,1,0.9650219678878784
0.0,0,0.0006535352440550923
1.0,1,0.9571660161018372
0.0,0,0.0007423808565363288
1.0,1,0.9647443890571594
0.0,0,0.0046842824667692184
1.0,1,0.9130749106407166
0.0,0,0.0033241526689380407
1.0,1,0.999871015548706
1.0,1,0.9999473094940186
1.0,1,0.9996806383132935
1.0,1,0.9968358874320984
0.0,0,0.1517590582370758
0.0,1,0.4580775797367096
1.0,1,0.9992050528526306
0.0,0,6.426914478652179e-05
0.0,1,0.9717612862586975
1.0,1,0.9860475063323975
0.0,0,1.68991264217766e-05
1.0,1,0.3370232582092285
0.0,0,0.007982129231095314
0.0,0,0.0023242048919200897
1.0,1,0.9999691247940063
1.0,1,0.9994449019432068
0.0,0,0.00012873529340140522
0.0,0,5.492781201610342e-05
1.0,1,0.9681705236434937
0.0,0,0.009299195371568203
0.0,0,9.172890713671222e-05
1.0,1,0.9990680813789368
1.0,1,0.37478670477867126
0.0,0,0.00011278974125161767
1.0,1,0.8619518280029297
1.0,1,0.9876651763916016
0.0,0,0.015443072654306889
1.0,1,0.9611539840698242
1.0,1,0.9996206760406494
0.0,0,0.033846527338027954
0.0,0,0.00014775643649045378
1.0,1,0.9998792409896851
0.0,0,0.0011416500201448798
0.0,0,0.012525266036391258
0.0,0,0.0005254375864751637
1.0,1,0.9999881982803345
1.0,1,0.9842756390571594
0.0,0,0.0001840448094299063
0.0,0,0.003978258930146694
1.0,1,0.9999130964279175
0.0,0,0.0009882677113637328
0.0,1,0.9558913707733154
0.0,0,0.00586096104234457
0.0,0,2.4218621547333896e-05
0.0,0,0.0029733285773545504
1.0,1,0.9935186505317688
1.0,1,0.9979761242866516
1.0,1,0.6211684942245483
0.0,0,0.0005635872366838157
1.0,1,0.642722487449646
0.0,0,0.00027694785967469215
0.0,0,0.0013156031491234899
1.0,1,0.6353954076766968
0.0,1,0.25761690735816956
1.0,1,0.9618189930915833
1.0,1,0.9664816856384277
0.0,0,7.354805711656809e-05
1.0,1,0.99991774559021
1.0,1,0.767905056476593
0.0,0,5.1303864893270656e-05
1.0,1,0.9946329593658447
0.0,0,3.4337321267230436e-05
1.0,1,0.9998262524604797
1.0,1,0.9828161597251892
0.0,0,0.010645873844623566
0.0,0,0.0001650215417612344
0.0,0,0.0023802684154361486
1.0,1,0.9997977614402771
0.0,1,0.38905560970306396
1.0,1,0.7440696358680725
1.0,1,0.9985378980636597
1.0,1,0.9999610185623169
0.0,1,0.514001727104187
1.0,0,0.08657701313495636
1.0,0,0.03185376897454262
1.0,1,0.6867956519126892
0.0,1,0.34763863682746887
0.0,0,0.0024096842389553785
1.0,1,0.9989331364631653
1.0,1,0.9999327659606934
1.0,1,0.7459790706634521
1.0,1,0.8463860750198364
0.0,0,0.003533749608322978
0.0,0,0.00015769197489134967
1.0,1,0.9624532461166382
1.0,1,0.9999985694885254
1.0,1,0.909907877445221
1.0,1,0.8455585241317749
1.0,1,0.9998588562011719
1.0,1,0.999663233757019
1.0,1,0.999962568283081
0.0,0,0.0007332058739848435
0.0,0,0.010752839967608452
1.0,1,0.9722850322723389
1.0,1,0.9949374198913574
0.0,0,0.00035229348577558994
0.0,0,1.177804023200224e-07
0.0,0,0.051682259887456894
0.0,0,0.0007664746954105794
1.0,1,0.9987680315971375
1.0,1,0.998736560344696
0.0,0,0.0044403765350580215
0.0,1,0.7638218998908997
0.0,1,0.5532915592193604
1.0,1,0.9996355772018433
0.0,0,3.3636067655606894e-06
0.0,0,0.152619868516922
1.0,1,0.9959824085235596
0.0,0,0.0017502192640677094
0.0,0,0.01209753006696701
1.0,1,0.989608108997345
0.0,0,0.0012895561521872878
1.0,1,0.7482245564460754
1.0,1,0.2237921804189682
1.0,1,0.8545545339584351
1.0,1,0.9996412992477417
0.0,0,0.0003489835071377456
0.0,0,3.215269680367783e-05
1.0,1,0.9104231595993042
0.0,0,0.041122257709503174
1.0,1,0.9999022483825684
0.0,0,0.00012268767750356346
0.0,0,0.003238207893446088
0.0,0,0.00010082557128043845
0.0,0,0.0005297717289067805
0.0,0,0.00011040895333280787
0.0,0,0.00031253654742613435
0.0,0,0.00017120530537795275
0.0,0,0.00013323401799425483
0.0,0,0.0015211100690066814
0.0,1,0.5603936910629272
0.0,0,0.0014934309292584658
0.0,0,0.01268741860985756
1.0,1,0.9983813762664795
0.0,0,0.0003119950124528259
0.0,0,0.0022138087078928947
0.0,0,9.09599748410983e-07
1.0,1,0.9978238344192505
0.0,1,0.9577898383140564
0.0,0,0.00013814405247103423
0.0,0,0.0010561887174844742
0.0,0,0.005325214006006718
1.0,1,0.9999949932098389
1.0,1,0.905096173286438
1.0,1,0.9999958276748657
0.0,0,0.04455244541168213
0.0,0,0.0011707012308761477
0.0,0,0.2014482021331787
1.0,0,0.08874759078025818
0.0,0,0.001263821148313582
0.0,0,0.11234118789434433
0.0,0,0.01051273476332426
0.0,1,0.6124721169471741
1.0,1,0.9994508624076843
0.0,0,5.933147986070253e-05
1.0,1,0.9937189817428589
1.0,1,0.9804155230522156
0.0,0,0.0001531453599454835
1.0,1,0.984157919883728
0.0,0,1.1224570698686875e-05
0.0,0,2.9417364203254692e-05
0.0,1,0.9687596559524536
0.0,0,0.0005452740006148815
0.0,0,5.855031849932857e-05
0.0,0,0.003996595740318298
0.0,0,0.015170586295425892
0.0,0,5.470901669468731e-07
1.0,1,0.9999483823776245
1.0,1,0.9998124241828918
0.0,0,0.008668836206197739
0.0,0,2.4942481104517356e-05
0.0,0,6.416565156541765e-05
0.0,1,0.8083208203315735
0.0,0,0.02680261805653572
0.0,0,0.012236657552421093
1.0,1,0.9928632378578186
0.0,0,0.004425969440490007
0.0,0,0.006173016037791967
0.0,0,0.00018035667017102242
1.0,1,0.9912629127502441
0.0,0,0.16928473114967346
1.0,1,0.9997816681861877
0.0,0,0.13206911087036133
0.0,0,0.00038242278969846666
0.0,0,6.227480480447412e-05
0.0,0,0.022935498505830765
1.0,1,0.899428129196167
1.0,1,0.9991887211799622
1.0,1,0.9998705387115479
0.0,0,0.015418225899338722
0.0,0,0.0006508242804557085
0.0,1,0.23620319366455078
0.0,0,0.0003934652777388692
1.0,0,0.00012568806414492428
0.0,1,0.8097723126411438
0.0,0,0.11366613209247589
1.0,1,0.996934175491333
0.0,0,0.00031466197106055915
0.0,1,0.8571116328239441
1.0,1,0.8344336152076721
1.0,1,0.9991119503974915
1.0,1,0.9753790497779846
0.0,0,0.026316141709685326
0.0,0,0.010831275023519993
0.0,0,0.0007119536167010665
1.0,1,0.3273565471172333
1.0,1,0.9999328851699829
1.0,1,0.9985927939414978
1.0,1,0.9743039608001709
0.0,0,0.010264420881867409
0.0,0,0.1432705670595169
0.0,0,5.040997734795383e-07
0.0,0,1.5684701793361455e-05
0.0,1,0.5441274046897888
0.0,0,0.0009501613094471395
0.0,0,0.01910540461540222
0.0,1,0.6788116693496704
1.0,1,0.9999951124191284
1.0,1,0.9998997449874878
0.0,0,0.005282541271299124
1.0,1,0.9985981583595276
0.0,1,0.9912497997283936
0.0,0,0.009714181534945965
0.0,0,0.015952007845044136
0.0,0,0.024394894018769264
1.0,1,0.9887861013412476
0.0,0,0.0005586745101027191
1.0,1,0.9999200105667114
0.0,0,0.0024569130036979914
1.0,1,0.996517539024353
0.0,0,0.0002736370952334255
0.0,0,0.00013200660760048777
1.0,1,0.9983673691749573
0.0,0,0.015275774523615837
0.0,1,0.4546441435813904
1.0,1,0.9997236132621765
0.0,0,0.0005051425541751087
0.0,0,0.032575737684965134
1.0,1,0.977622926235199
1.0,1,0.9160467982292175
1.0,1,0.9974673986434937
0.0,0,0.0005296884919516742
0.0,0,0.0057845693081617355
1.0,1,0.8551019430160522
0.0,0,0.0037295350339263678
0.0,0,0.0014042551629245281
1.0,1,0.9999203681945801
0.0,0,0.02149215154349804
1.0,1,0.984790027141571
0.0,0,9.088849765248597e-05
1.0,0,0.11513606458902359
0.0,1,0.7092882990837097
1.0,1,0.9173583984375
0.0,0,3.9877373637864366e-05
0.0,0,0.03467065468430519
1.0,1,0.9970197081565857
1.0,1,0.9775509238243103
1.0,1,0.7492444515228271
1.0,1,0.999798595905304
0.0,0,6.5657040977384895e-06
0.0,0,0.0006315218051895499
1.0,1,0.9576091170310974
1.0,0,0.20320485532283783
1.0,1,0.9978511333465576
0.0,1,0.9278958439826965
0.0,0,0.013243268243968487
0.0,0,0.0035449061542749405
0.0,0,3.527228273014771e-06
1.0,1,0.99897301197052
1.0,1,0.999213457107544
1.0,1,0.9993258714675903
1.0,1,0.9811723828315735
0.0,0,0.0005176636041142046
1.0,1,0.9957286715507507
0.0,0,0.008733958005905151
0.0,0,0.003729492425918579
0.0,1,0.3308347463607788
0.0,0,0.0008135410025715828
0.0,0,0.07316514104604721
1.0,1,0.9863904714584351
0.0,0,1.4333074886963004e-06
0.0,0,9.3708629719913e-05
0.0,0,5.181377491680905e-05
0.0,0,3.243293394916691e-05
1.0,1,0.9479812383651733
0.0,0,0.000277059298241511
1.0,1,0.9997244477272034
0.0,1,0.4443258047103882
0.0,0,0.0004173161869402975
0.0,0,0.00012062756286468357
0.0,0,0.004060935694724321
0.0,0,0.022041451185941696
0.0,1,0.9556032419204712
0.0,0,0.0003634193853940815
1.0,1,0.9999053478240967
0.0,0,0.016115691512823105
0.0,0,6.757123628631234e-05
0.0,0,0.00040381093276664615
0.0,1,0.47464972734451294
1.0,1,0.9842048287391663
0.0,0,0.0002529913326725364
0.0,1,0.5342006087303162
0.0,0,0.028471603989601135
0.0,0,0.00010550589649938047
0.0,0,0.0011908767046406865
1.0,1,0.9997405409812927
0.0,0,0.0005650707171298563
0.0,0,2.6956289730151184e-05
0.0,1,0.6294368505477905
0.0,0,8.711277769180015e-05
1.0,1,0.7217044234275818
0.0,0,0.01156553253531456
1.0,1,0.9842441082000732
0.0,0,0.003871463006362319
0.0,0,9.978195885196328e-05
1.0,1,0.557857096195221
0.0,0,2.088501787511632e-06
0.0,0,0.0011920183897018433
0.0,0,0.016666406765580177
0.0,0,0.013494499027729034
0.0,0,0.0006881439476273954
0.0,1,0.2906091809272766
0.0,0,0.00016146064444910735
0.0,0,0.0009505045018158853
1.0,1,0.9999605417251587
1.0,1,0.9917940497398376
0.0,0,0.00019496252934914082
1.0,1,0.6352707743644714
0.0,0,0.046993810683488846
0.0,0,0.12771406769752502
1.0,1,0.9996994733810425
0.0,1,0.9270073175430298
0.0,0,0.009287705644965172
0.0,0,0.00023193153901956975
0.0,0,0.009514289908111095
0.0,0,2.2621725292992778e-05
1.0,1,0.9254453778266907
1.0,1,0.9900593757629395
1.0,1,0.976163923740387
1.0,1,0.9999666213989258
0.0,0,0.0026149312034249306
1.0,1,0.9976044297218323
1.0,1,0.9996564388275146
0.0,0,0.029348010197281837
0.0,0,0.11803364753723145
1.0,1,0.9858771562576294
1.0,1,0.9997767806053162
1.0,0,0.15541021525859833
0.0,0,0.03016594611108303
1.0,1,0.9389090538024902
0.0,0,0.00017495838983450085
0.0,0,1.4251988432079088e-05
0.0,0,0.034982141107320786
1.0,1,0.22266218066215515
0.0,0,0.007159937173128128
0.0,0,0.20288464426994324
0.0,0,0.0012123014312237501
0.0,0,0.000944771571084857
0.0,0,0.0022518248297274113
0.0,0,0.02544817328453064
0.0,0,0.001299204770475626
1.0,1,0.9997745156288147
0.0,1,0.4107958674430847
1.0,0,0.001656241831369698
0.0,1,0.5688136219978333
0.0,0,0.05281110852956772
1.0,1,0.9999904632568359
0.0,0,0.0029572066850960255
0.0,0,5.292850255500525e-05
1.0,1,0.9997710585594177
0.0,0,0.00757625512778759
0.0,0,1.6596724890405312e-05
1.0,1,0.9999879598617554
1.0,1,0.9950407147407532
0.0,0,0.11776439100503922
0.0,0,8.366268593817949e-05
1.0,1,0.9886394739151001
1.0,1,0.9984862208366394
0.0,0,2.52090012509143e-06
0.0,0,0.0006782253622077405
0.0,0,0.0032876783516258
1.0,1,0.44146981835365295
1.0,1,0.9785273671150208
1.0,1,0.7452929615974426
0.0,0,0.0031296471133828163
0.0,0,0.002512729959562421
0.0,0,0.000286407012026757
0.0,0,0.017191598191857338
1.0,1,0.9900577664375305
1.0,1,0.9876048564910889
0.0,1,0.9283142685890198
1.0,0,0.1856509894132614
1.0,1,0.4621857702732086
0.0,0,0.0015434810193255544
0.0,0,0.006279946304857731
1.0,1,0.9998238682746887
0.0,0,0.006493601948022842
0.0,0,0.002628719201311469
0.0,0,3.5223049053456634e-05
1.0,1,0.988125205039978
1.0,1,0.9999686479568481
0.0,0,0.0019262403948232532
0.0,0,0.014250632375478745
1.0,1,0.7856711745262146
1.0,1,0.35158929228782654
0.0,0,0.0013264776207506657
0.0,0,3.298263982287608e-05
0.0,0,6.711776677548187e-06
1.0,1,0.9998906850814819
0.0,0,4.0999980228662025e-06
1.0,1,0.9901448488235474
1.0,1,0.9951317310333252
1.0,1,0.713331937789917
1.0,1,0.9932143688201904
1.0,0,0.03698519617319107
0.0,0,0.00026027773856185377
0.0,0,0.00010723037121351808
0.0,0,6.744846245965164e-07
0.0,0,0.00039506415487267077
0.0,0,0.0001489918358856812
0.0,0,0.0005023345584049821
1.0,1,0.9999796152114868
1.0,1,0.9990276098251343
1.0,1,0.9380893707275391
0.0,0,0.002856141421943903
0.0,0,0.001742475084029138
0.0,0,6.71054222038947e-05
0.0,0,0.05392751470208168
1.0,1,0.9778229594230652
0.0,0,9.632824003347196e-06
1.0,1,0.9999901056289673
1.0,1,0.9919265508651733
1.0,0,0.016203859820961952
0.0,0,0.0006303825066424906
1.0,1,0.8546244502067566
1.0,0,0.01236790232360363
0.0,0,0.0026360817719250917
1.0,0,0.018588796257972717
1.0,1,0.9974457025527954
1.0,1,0.9384960532188416
1.0,1,0.9235891103744507
1.0,1,0.9991456270217896
0.0,1,0.999994158744812
0.0,0,0.11982811242341995
0.0,0,0.051489610224962234
1.0,1,0.9984362721443176
0.0,0,0.004619184881448746
0.0,0,0.0010327065829187632
0.0,0,0.00043089070823043585
1.0,1,0.9997408986091614
1.0,1,0.9993396401405334
1.0,1,0.9995399713516235
1.0,1,0.8711035847663879
1.0,1,0.9980695843696594
0.0,1,0.9425749778747559
1.0,1,0.7495344877243042
1.0,1,0.9998170733451843
0.0,0,0.0008780457428656518
1.0,1,0.9274604320526123
0.0,0,0.033377040177583694
1.0,1,0.9187818765640259
0.0,0,0.00018478225683793426
1.0,1,0.9712627530097961
0.0,0,0.00033777151838876307
0.0,0,0.007890917360782623
0.0,1,0.5938710570335388
1.0,1,0.9990197420120239
0.0,0,1.8170077964896336e-05
1.0,1,0.9998432397842407
1.0,1,0.9952157735824585
1.0,1,0.9860197305679321
1.0,1,0.9898939728736877
0.0,0,0.0010869819670915604
0.0,1,0.3874342143535614
0.0,0,0.00010978063073707744
0.0,0,0.0006108865491114557
1.0,1,0.9972959160804749
1.0,1,0.9987204074859619
1.0,1,0.7149419188499451
1.0,1,0.9851052761077881
1.0,1,0.6529161334037781
0.0,0,5.3233630751492456e-05
0.0,0,0.004460574593394995
1.0,1,0.5362251996994019
0.0,0,0.0001512497547082603
0.0,0,0.04455169290304184
0.0,0,0.035279493778944016
1.0,1,0.8230000138282776
0.0,0,0.02376033365726471
0.0,0,0.016926588490605354
1.0,1,0.9946422576904297
1.0,1,0.9402338862419128
0.0,0,0.0018795549403876066
0.0,0,0.0014309590915217996
1.0,1,0.9753367304801941
1.0,1,0.6144835948944092
0.0,0,0.003095463616773486
0.0,0,0.002069966634735465
0.0,1,0.9991064667701721
1.0,1,0.9971664547920227
0.0,0,0.057796966284513474
0.0,1,0.6358397006988525
0.0,0,0.004146611783653498
1.0,1,0.999536395072937
0.0,1,0.48081517219543457
1.0,0,0.05252858251333237
0.0,0,2.1787218429381028e-05
1.0,1,0.7779517769813538
1.0,1,0.994172990322113
1.0,1,0.8162240386009216
1.0,1,0.975767195224762
0.0,0,9.271966519008856e-06
0.0,0,6.74542534397915e-05
1.0,1,0.9908546209335327
0.0,0,0.0001227402244694531
0.0,0,7.017720054136589e-05
1.0,1,0.9982137680053711
0.0,0,0.028628133237361908
0.0,0,0.004533868748694658
0.0,0,0.006157139781862497
1.0,1,0.999373733997345
1.0,1,0.997420072555542
0.0,0,0.0006302500842139125
0.0,0,0.007708773482590914
1.0,1,0.7782055735588074
0.0,0,0.04156145080924034
1.0,1,0.9998856782913208
1.0,1,0.9995484948158264
1.0,1,0.9792032241821289
0.0,0,0.1736430823802948
1.0,1,0.9742388725280762
0.0,1,0.5532819628715515
1.0,1,0.5067623257637024
1.0,1,0.9947682619094849
1.0,1,0.9997913241386414
1.0,1,0.9221916198730469
1.0,1,0.9998480081558228
1.0,1,0.6522968411445618
1.0,1,0.6210312247276306
0.0,0,0.028591537848114967
0.0,0,7.839631143724546e-05
1.0,1,0.6857705116271973
1.0,1,0.9855732321739197
0.0,0,0.0011527742026373744
1.0,1,0.9291232824325562
0.0,0,0.005633244756609201
1.0,0,0.007732113357633352
0.0,0,0.0010094185126945376
0.0,0,0.10085641592741013
0.0,0,0.0015109422383829951
1.0,1,0.994462788105011
1.0,1,0.9998747110366821
0.0,0,0.0005228903028182685
1.0,0,0.00035393578582443297
0.0,0,6.850703812233405e-06
0.0,0,0.0009769384050741792
0.0,0,0.04939044266939163
0.0,1,0.3586110472679138
0.0,0,0.006495137233287096
1.0,0,0.03179312124848366
1.0,1,0.551170289516449
1.0,1,0.9977380037307739
1.0,1,0.9999915361404419
1.0,0,0.17492233216762543
0.0,1,0.519324541091919
0.0,0,0.0338766984641552
0.0,1,0.28642937541007996
0.0,1,0.5018651485443115
1.0,1,0.9930971264839172
0.0,0,0.00021165113139431924
0.0,0,0.003419233253225684
1.0,1,0.9981734752655029
1.0,1,0.9734498858451843
1.0,1,0.98439621925354
0.0,0,5.208838774706237e-05
1.0,1,0.9986169338226318
0.0,0,0.023369599133729935
0.0,0,0.000401176541345194
1.0,1,0.9995001554489136
0.0,0,0.00041654094820842147
1.0,1,0.9999371767044067
0.0,1,0.2328488826751709
1.0,1,0.9999740123748779
0.0,0,0.0037739607505500317
1.0,1,0.997681736946106
0.0,0,0.02300211787223816
0.0,1,0.3741552531719208
0.0,0,4.176013680989854e-05
0.0,0,0.03453272581100464
0.0,0,0.0007431783014908433
1.0,1,0.9996916055679321
1.0,1,0.9999312162399292
1.0,1,0.9999285936355591
0.0,1,0.6050078272819519
1.0,1,0.9980190992355347
1.0,1,0.9290075302124023
0.0,0,0.11700747907161713
1.0,1,0.9983964562416077
0.0,0,0.006682401057332754
1.0,1,0.9986732006072998
0.0,0,0.0002228156226919964
1.0,0,0.2034885287284851
0.0,0,0.009858538396656513
0.0,0,0.0008149015484377742
1.0,1,0.9993964433670044
1.0,1,0.9999980926513672
1.0,1,0.9916450381278992
0.0,0,0.004133757669478655
1.0,1,0.9985764026641846
0.0,0,0.005963097792118788
0.0,0,8.504061042913236e-06
0.0,0,0.00011518076644279063
1.0,1,0.999834418296814
0.0,0,0.004896378144621849
1.0,1,0.6562414765357971
0.0,0,0.06435142457485199
1.0,1,0.9999731779098511
0.0,0,0.05413572117686272
0.0,1,0.9512445330619812
0.0,0,0.002366580069065094
0.0,0,2.6686391720431857e-05
0.0,0,0.00020233038230799139
0.0,0,0.13367429375648499
1.0,1,0.9965774416923523
0.0,0,0.011339032091200352
1.0,1,0.46177008748054504
1.0,1,0.9960599541664124
1.0,1,0.99930739402771
0.0,0,0.0004110620357096195
1.0,1,0.9446113705635071
0.0,0,0.1076856181025505
1.0,1,0.9993261098861694
0.0,0,2.5158846256090328e-05
0.0,0,0.0007791641401126981
0.0,0,0.001195054966956377
1.0,1,0.9962506890296936
1.0,1,0.8528556227684021
0.0,0,0.00012829730985686183
0.0,0,4.455415182746947e-05
0.0,0,0.016891688108444214
1.0,1,0.8463776707649231
0.0,0,0.042819440364837646
0.0,1,0.38626769185066223
1.0,1,0.8455090522766113
1.0,1,0.9766824245452881
1.0,1,0.8531246781349182
0.0,0,0.13994714617729187
1.0,1,0.9991507530212402
1.0,1,0.999980092048645
1.0,1,0.999607503414154
1.0,1,0.9996153116226196
0.0,0,0.003650075290352106
0.0,0,0.17705926299095154
0.0,0,0.001241896185092628
1.0,1,0.9253641963005066
0.0,0,0.00012013029481749982
0.0,0,0.018534434959292412
0.0,0,9.559943282511085e-05
0.0,0,0.0492260716855526
0.0,0,0.027232622727751732
0.0,0,0.014395306818187237
1.0,1,0.9891963005065918
1.0,1,0.9781529307365417
0.0,0,0.0018988214433193207
1.0,1,0.9999070167541504
1.0,1,0.2730600833892822
0.0,0,8.844305557431653e-05
1.0,1,0.9960442781448364
0.0,0,0.0009481518645770848
1.0,1,0.9993149042129517
1.0,1,0.9999662637710571
0.0,0,0.0003265247796662152
0.0,0,0.054738420993089676
0.0,0,8.994391464511864e-06
1.0,0,0.08464901894330978
1.0,1,0.9999983310699463
0.0,0,0.007759651634842157
0.0,1,0.24128752946853638
1.0,1,0.9999427795410156
0.0,0,0.004278647247701883
1.0,1,0.9704116582870483
0.0,0,9.700906230136752e-05
0.0,0,0.004684362560510635
1.0,1,0.9969388246536255
0.0,0,0.003468324663117528
0.0,0,0.0035309770610183477
0.0,0,0.00416686711832881
0.0,0,0.00016705130110494792
1.0,1,0.9812834858894348
0.0,0,0.00013491504068952054
0.0,0,0.21710637211799622
1.0,1,0.9970362186431885
0.0,0,0.003647170029580593
0.0,0,0.00011371274740668014
0.0,0,5.517566023627296e-05
1.0,1,0.9585047960281372
0.0,0,0.18399272859096527
1.0,1,0.9891436696052551
1.0,1,0.9662100076675415
0.0,0,0.00011715738946804777
0.0,0,0.004050344694405794
0.0,0,0.17620651423931122
0.0,0,0.007088372949510813
0.0,0,0.003873022273182869
1.0,1,0.9966180920600891
0.0,0,0.00019840712775476277
0.0,0,0.0007580438395962119
0.0,0,0.021376777440309525
0.0,1,0.22515946626663208
1.0,1,0.49583864212036133
0.0,0,6.814859079895541e-05
0.0,0,0.007079716306179762
0.0,0,0.00038037030026316643
1.0,1,0.9989092350006104
1.0,0,0.1524067223072052
0.0,0,2.6038751457235776e-06
0.0,0,0.016071807593107224
0.0,0,3.3058709050237667e-06
0.0,0,0.001165214111097157
0.0,0,0.001814349670894444
0.0,0,0.031886179000139236
0.0,0,0.004161737859249115
0.0,0,0.010529255494475365
0.0,0,0.06256802380084991
0.0,1,0.9849172234535217
0.0,0,0.0002060319675365463
1.0,1,0.9954822063446045
0.0,0,0.0017217391869053245
1.0,1,0.9998345375061035
0.0,0,0.001176374382339418
0.0,1,0.6554766297340393
0.0,0,3.6380708479555324e-05
0.0,0,0.00028895362629555166
1.0,1,0.9981403350830078
0.0,0,0.0018646306125447154
1.0,1,0.9934619665145874
0.0,0,0.048917483538389206
0.0,0,0.0007744974573142827
1.0,1,0.9997676014900208
0.0,0,0.0005925746518187225
1.0,1,0.9925035238265991
0.0,0,0.0004988284781575203
0.0,0,0.0007554836920462549
0.0,0,6.986970402067527e-05
1.0,1,0.9977622032165527
0.0,0,0.00778731657192111
1.0,1,0.9987775683403015
1.0,1,0.22359919548034668
1.0,1,0.9991276860237122
1.0,1,0.9999775886535645
0.0,0,0.0007338543073274195
1.0,1,0.9980339407920837
0.0,0,0.0012222524965181947
1.0,1,0.9999868869781494
1.0,1,0.9911030530929565
1.0,1,0.9747466444969177
1.0,1,0.8965446352958679
0.0,1,0.30253687500953674
0.0,0,0.0005622688913717866
0.0,0,0.0008514345390722156
1.0,1,0.9173639416694641
0.0,0,0.0006240246584638953
1.0,1,0.9784212112426758
1.0,1,0.9999185800552368
1.0,1,0.992554247379303
0.0,0,6.66770210955292e-05
0.0,0,0.1437026709318161
0.0,0,0.0005285789375193417
1.0,0,0.047648485749959946
0.0,0,0.007630873937159777
0.0,0,4.869634722126648e-06
1.0,0,0.15202213823795319
0.0,1,0.43271058797836304
1.0,1,0.9960284233093262
1.0,1,0.8359071016311646
0.0,1,0.23583866655826569
1.0,1,0.9968752861022949
0.0,0,0.019431842491030693
1.0,0,0.0010496311588212848
0.0,0,0.0023816400207579136
0.0,0,0.05022723972797394
1.0,1,0.99398273229599
1.0,1,0.9954871535301208
0.0,0,0.007007806096225977
1.0,1,0.9953213334083557
0.0,0,0.0015298905782401562
1.0,1,0.9999321699142456
0.0,0,0.0004130281740799546
0.0,0,0.0037218942306935787
0.0,0,0.001046329503878951
0.0,0,0.003193595679476857
1.0,1,0.31005483865737915
1.0,1,0.27109766006469727
1.0,1,0.9996974468231201
0.0,0,4.3640298827085644e-05
1.0,1,0.9998466968536377
1.0,1,0.8764508962631226
1.0,1,0.999639630317688
1.0,1,0.9808837175369263
1.0,0,0.00015808249008841813
0.0,0,0.0008312402060255408
1.0,1,0.9995416402816772
0.0,0,0.0004947114503011107
1.0,1,0.9777700304985046
1.0,0,0.0026117083616554737
0.0,0,0.005808430258184671
0.0,0,0.0002787385310512036
0.0,0,0.004233621060848236
1.0,1,0.989727795124054
0.0,0,8.764195808907971e-05
1.0,1,0.9943199157714844
1.0,1,0.999011754989624
1.0,1,0.9990969896316528
0.0,0,0.00010766983905341476
0.0,0,0.016662906855344772
1.0,1,0.9966394901275635
0.0,0,0.0003703721158672124
1.0,1,0.9958764314651489
1.0,1,0.33960869908332825
1.0,1,0.9999319314956665
0.0,0,3.114049832220189e-05
0.0,0,0.011393890716135502
0.0,0,0.0007729362114332616
1.0,1,0.9357302188873291
1.0,1,0.9988387227058411
0.0,0,0.0007797423750162125
0.0,0,0.00016452975978609174
0.0,0,0.0001417188614141196
0.0,1,0.29442712664604187
0.0,0,0.0010196121875196695
0.0,0,0.0009106255020014942
0.0,0,0.00042928109178319573
0.0,0,0.0001065509277395904
1.0,1,0.5024431943893433
0.0,0,0.00019238005916122347
0.0,0,0.1288747489452362
0.0,0,0.008806766010820866
0.0,0,2.3245596821652725e-05
0.0,0,0.0019132019951939583
1.0,1,0.33146023750305176
0.0,1,0.6172385811805725
0.0,0,0.007955560460686684
0.0,0,8.123886800603941e-05
1.0,1,0.999679684638977
0.0,0,0.0002565995091572404
0.0,0,0.008217792958021164
0.0,0,0.00028613407630473375
0.0,0,0.00143697380553931
1.0,1,0.989152193069458
1.0,1,0.3487333655357361
0.0,0,0.011572698131203651
1.0,1,0.9886664152145386
0.0,0,0.00013930028944741935
0.0,1,0.9258216619491577
0.0,0,0.013222566805779934
0.0,0,0.011881895363330841
0.0,0,0.00016049944679252803
1.0,0,0.0007229655748233199
0.0,0,0.000276341219432652
0.0,1,0.7907266616821289
0.0,0,0.016794873401522636
0.0,1,0.9867952466011047
0.0,0,0.0005836079944856465
0.0,0,0.09854231029748917
1.0,1,0.9989495873451233
0.0,0,0.07139605283737183
1.0,1,0.8808820247650146
1.0,1,0.9993919134140015
0.0,0,0.0010534207103773952
1.0,1,0.9982702732086182
0.0,1,0.2890303432941437
0.0,0,6.1418895711540245e-06
0.0,0,2.6290645109838806e-06
1.0,1,0.9806424975395203
1.0,1,0.98699551820755
0.0,0,0.03769804909825325
0.0,0,0.00014120896230451763
1.0,1,0.9821394085884094
1.0,1,0.9589793086051941
1.0,1,0.9944719076156616
1.0,1,0.9905681014060974
0.0,0,0.024060683324933052
0.0,0,0.16831102967262268
1.0,1,0.998971700668335
1.0,0,0.007353285327553749
0.0,0,5.226652501733042e-05
0.0,0,1.1661664757411927e-05
0.0,0,0.005198664031922817
0.0,0,0.05108727887272835
0.0,0,0.00286657246761024
1.0,1,0.670353889465332
0.0,0,5.766055983258411e-05
0.0,0,0.0002380868245381862
0.0,0,0.003863629652187228
0.0,0,0.00022752401127945632
0.0,0,0.0003343283024150878
1.0,1,0.9997887015342712
0.0,0,0.004520841408520937
0.0,0,0.04681112617254257
1.0,1,0.9999630451202393
0.0,1,0.9092328548431396
1.0,1,0.9962718486785889
1.0,1,0.9990220069885254
0.0,0,1.71643932844745e-05
1.0,1,0.9993219375610352
0.0,0,0.15251855552196503
0.0,0,0.0002824053808581084
0.0,0,0.00037469129892997444
1.0,1,0.999996542930603
0.0,0,0.0036777262575924397
0.0,0,0.00044079721556045115
1.0,1,0.9999988079071045
0.0,0,0.00045916627277620137
1.0,1,0.8736633658409119
0.0,0,0.08542923629283905
1.0,0,0.024428078904747963
0.0,0,0.03345811367034912
0.0,0,0.000554158934392035
1.0,1,0.9938524961471558
1.0,0,0.00031050568213686347
0.0,0,9.719340596348047e-05
0.0,1,0.23877309262752533
0.0,0,0.001101646339520812
0.0,1,0.42192184925079346
0.0,0,0.03417283296585083
1.0,1,0.9734150767326355
0.0,0,0.12851925194263458
0.0,0,0.024555904790759087
0.0,0,0.0014540746342390776
1.0,1,0.9991984963417053
1.0,1,0.9777024984359741
1.0,1,0.9909296631813049
1.0,1,0.9615570306777954
1.0,1,0.9958189129829407
0.0,0,0.015755675733089447
0.0,0,0.0027892778161913157
0.0,0,0.05637138709425926
1.0,1,0.9850591421127319
0.0,0,0.005599446594715118
0.0,0,0.11896569281816483
1.0,1,0.9888842105865479
1.0,1,0.9999181032180786
0.0,0,0.000230550896958448
0.0,1,0.378872811794281
0.0,0,0.003337755799293518
0.0,0,0.0005020181997679174
0.0,0,0.08083055913448334
0.0,0,0.0038727247156202793
0.0,0,0.00032169342739507556
0.0,0,0.03480358049273491
0.0,0,3.991428093286231e-05
1.0,1,0.999904990196228
0.0,0,0.004346874542534351
0.0,0,0.0034373034723103046
1.0,1,0.9995098114013672
1.0,1,0.9991461038589478
0.0,0,0.0019813424441963434
1.0,1,0.9998220801353455
0.0,0,0.00020479960949160159
0.0,0,0.002392501337453723
0.0,1,0.9908705353736877
0.0,0,0.0018302839016541839
0.0,0,0.0028909235261380672
0.0,0,0.02466445416212082
0.0,0,0.09054222702980042
0.0,0,0.01694859005510807
0.0,0,4.084574175067246e-05
1.0,1,0.6700093150138855
0.0,0,0.0004737181880045682
1.0,1,0.9999152421951294
0.0,1,0.45842117071151733
0.0,0,0.00011511851334944367
0.0,0,3.015443780896021e-06
1.0,1,0.9851844310760498
1.0,1,0.9998433589935303
0.0,0,0.0011289383983239532
1.0,1,0.901142954826355
1.0,1,0.9784603714942932
0.0,0,6.208215927472338e-05
0.0,0,0.03167065232992172
1.0,1,0.9999210834503174
0.0,0,0.004336915444582701
1.0,1,0.9999972581863403
0.0,0,0.00581110455095768
0.0,0,0.015020249411463737
0.0,1,0.8045861721038818
1.0,1,0.9856422543525696
0.0,0,0.053335320204496384
1.0,1,0.5576393008232117
0.0,0,0.0017893491312861443
1.0,1,0.9942106008529663
0.0,0,0.0004135809140279889
0.0,0,0.09214018285274506
0.0,0,0.011714966036379337
0.0,0,4.377008735900745e-05
0.0,0,2.093376861012075e-05
1.0,1,0.9999486207962036
0.0,0,0.014183436520397663
1.0,0,0.0008511879132129252
0.0,0,0.0013444569194689393
0.0,1,0.6915990114212036
1.0,1,0.9755605459213257
1.0,1,0.9999364614486694
1.0,1,0.9991594552993774
1.0,1,0.9991787075996399
0.0,0,0.0013152851024642587
0.0,0,0.0008236662251874804
1.0,1,0.9997749924659729
0.0,0,3.888176797772758e-05
0.0,0,0.0010535833425819874
1.0,1,0.9996330738067627
1.0,1,0.9988117218017578
0.0,0,0.16563384234905243
1.0,1,0.9937183856964111
0.0,0,0.0006999669130891562
0.0,0,8.264369535027072e-05
0.0,1,0.6117196083068848
1.0,1,0.9997674822807312
1.0,1,0.9983484745025635
1.0,1,0.9971241354942322
0.0,1,0.9999998807907104
0.0,0,1.835564603425155e-06
1.0,1,0.9975482821464539
1.0,1,0.8960481286048889
0.0,0,0.0035475988406687975
1.0,1,0.9890643954277039
0.0,0,0.024349916726350784
1.0,1,0.9999451637268066
0.0,0,4.3408857891336083e-05
1.0,1,0.7233514785766602
1.0,1,0.999396562576294
0.0,0,0.003629059297963977
0.0,0,0.030351700261235237
0.0,0,0.0027246729005128145
1.0,1,0.9947404265403748
1.0,1,0.9948304295539856
1.0,1,0.9994000196456909
1.0,1,0.9372252225875854
0.0,0,0.0440094992518425
0.0,0,0.005431945901364088
1.0,0,0.01750783436000347
0.0,0,0.00571158854290843
0.0,1,0.640377938747406
0.0,0,0.003945786971598864
0.0,0,0.017487267032265663
1.0,1,0.9997727274894714
1.0,1,0.9999954700469971
0.0,1,0.5560427904129028
1.0,1,0.9791243672370911
1.0,1,0.769868791103363
0.0,0,0.0025004867929965258
0.0,0,0.02684977650642395
1.0,1,0.9999780654907227
0.0,1,0.4878458082675934
1.0,1,0.9875500798225403
0.0,0,0.0568380281329155
1.0,1,0.9237819314002991
1.0,1,0.9985068440437317
1.0,0,0.09619243443012238
1.0,1,0.9998427629470825
0.0,0,0.0001375379943056032
0.0,0,0.07981173694133759
0.0,0,0.0003808489127550274
0.0,0,0.00036714825546368957
0.0,0,0.0005560180870816112
1.0,1,0.9999123811721802
1.0,1,0.944580078125
0.0,0,0.04981875419616699
0.0,0,0.15536512434482574
1.0,1,0.9900630116462708
1.0,1,0.9985026121139526
1.0,1,0.4701981544494629
1.0,1,0.9948846697807312
0.0,0,0.004161297343671322
0.0,0,0.0459425188601017
1.0,1,0.9997755885124207
1.0,1,0.9993131160736084
0.0,0,0.0003614795859903097
0.0,0,0.005213347729295492
1.0,0,0.056327030062675476
0.0,0,0.0014289191458374262
1.0,1,0.6634004712104797
1.0,1,0.9994432330131531
1.0,0,0.06003127992153168
0.0,0,0.06403202563524246
0.0,0,0.0006360323750413954
0.0,0,0.017476964741945267
0.0,0,3.843528247671202e-05
0.0,1,0.6501757502555847
1.0,1,0.4902634620666504
1.0,0,0.026467671617865562
0.0,0,4.0648192225489765e-05
0.0,0,0.010431748814880848
1.0,1,0.5193377137184143
0.0,1,0.999037504196167
0.0,0,0.0004447513783816248
1.0,1,0.6379717588424683
1.0,1,0.9999934434890747
0.0,0,0.010418190620839596
0.0,0,0.002115381183102727
0.0,0,0.00013143774413038045
0.0,0,0.0002083869621856138
0.0,0,5.0367343646939844e-05
0.0,0,0.0020264668855816126
1.0,1,0.9954847097396851
0.0,0,0.024016553536057472
0.0,0,0.003903432982042432
1.0,1,0.9995194673538208
1.0,0,0.06868887692689896
0.0,1,0.9887957572937012
1.0,1,0.4197380244731903
1.0,1,0.9729943871498108
1.0,1,0.9733315110206604
1.0,1,0.9526810050010681
1.0,1,0.9396865367889404
0.0,0,0.001458863727748394
0.0,0,0.004635481163859367
0.0,0,0.00015561898180749267
0.0,0,0.0005014536436647177
0.0,0,5.454702113638632e-05
0.0,0,0.0021884909365326166
1.0,1,0.9757195115089417
0.0,0,0.11358818411827087
0.0,0,0.000258665531873703
1.0,1,0.9792408347129822
1.0,1,0.9999788999557495
0.0,0,0.0016958159394562244
0.0,0,0.22157792747020721
0.0,1,0.36223623156547546
1.0,0,0.12756933271884918
0.0,1,0.6660230755805969
0.0,0,0.042437173426151276
0.0,0,0.002632247284054756
0.0,0,0.0005877275834791362
0.0,0,6.21465514996089e-05
1.0,1,0.9979537725448608
0.0,0,0.006321183871477842
1.0,1,0.9993547797203064
0.0,0,0.0005382043891586363
1.0,1,0.9970473647117615
1.0,1,0.9838036894798279
1.0,1,0.9983676075935364
0.0,0,0.000593041128013283
1.0,1,0.9999698400497437
0.0,0,0.012703513726592064
1.0,1,0.9928391575813293
0.0,0,0.000650250818580389
1.0,1,0.9969215989112854
0.0,0,0.00017263788322452456
0.0,0,0.02004293166100979
0.0,0,0.11567861586809158
0.0,0,0.0012872172519564629
0.0,0,0.002266261028125882
0.0,0,0.00015842080756556243
1.0,1,0.9963983297348022
1.0,1,0.9644590020179749
0.0,0,0.0010780226439237595
1.0,1,0.9997912049293518
1.0,1,0.9431959986686707
1.0,1,0.9760351181030273
1.0,1,0.9999738931655884
0.0,0,0.0012088346993550658
1.0,1,0.9994638562202454
0.0,0,0.015875088050961494
0.0,0,0.02873903140425682
1.0,1,0.9993752837181091
0.0,0,0.00040657815407030284
1.0,0,0.08688917011022568
0.0,0,0.08257455378770828
0.0,0,0.16041803359985352
1.0,1,0.9919933080673218
0.0,1,0.9873719215393066
1.0,0,0.12498059868812561
0.0,0,0.026897361502051353
0.0,0,0.0036954013630747795
0.0,1,0.5668230652809143
1.0,1,0.7020570635795593
0.0,0,4.499994247453287e-05
1.0,1,0.9983391761779785
1.0,1,0.9990944862365723
0.0,0,0.0005595253314822912
0.0,0,0.005403764545917511
0.0,1,0.7625008225440979
0.0,1,0.6693676710128784
0.0,0,0.00042438748641870916
1.0,1,0.9971812963485718
1.0,1,0.9998693466186523
1.0,1,0.9979405999183655
0.0,0,4.888560943072662e-05
1.0,1,0.9850431680679321
0.0,0,0.0007627095328643918
1.0,1,0.9967854022979736
1.0,0,0.023289814591407776
0.0,0,0.00016270957712549716
0.0,1,0.8758244514465332
1.0,1,0.9994435906410217
1.0,1,0.9945388436317444
0.0,0,2.8159805879113264e-05
0.0,0,0.22092339396476746
0.0,0,0.004871268756687641
0.0,0,0.0016219621757045388
0.0,0,0.0003486428176984191
0.0,0,0.0005259845056571066
0.0,0,0.0016279170522466302
1.0,1,0.999845027923584
1.0,1,0.4309126138687134
1.0,1,0.9996986389160156
0.0,0,0.09084435552358627
0.0,0,0.002660936675965786
1.0,0,0.16304723918437958
0.0,0,0.026150841265916824
0.0,0,0.048136793076992035
0.0,0,0.0001401031477143988
1.0,1,0.9531147480010986
0.0,0,0.02171926200389862
1.0,1,0.9978860020637512
1.0,1,0.2779887020587921
1.0,1,0.9580582976341248
0.0,0,0.0005355239845812321
0.0,0,9.814198165258858e-06
0.0,0,0.00026037381030619144
1.0,1,0.830806314945221
1.0,0,0.025950754061341286
0.0,0,5.440198219730519e-05
1.0,1,0.9251376390457153
0.0,1,0.8301493525505066
0.0,0,0.0019854335114359856
0.0,0,0.022168094292283058
1.0,0,0.0073247612453997135
1.0,1,0.9855404496192932
1.0,1,0.9969900846481323
1.0,1,0.9878097772598267
1.0,1,0.9636005163192749
0.0,0,4.832711420021951e-05
0.0,0,0.00016654125647619367
0.0,0,0.001033036271110177
0.0,0,2.271927587571554e-05
1.0,1,0.3188054859638214
0.0,0,0.2153378427028656
1.0,1,0.9999691247940063
0.0,0,0.002187516773119569
0.0,0,0.01568351872265339
0.0,1,0.3856596350669861
1.0,1,0.9989136457443237
0.0,0,0.00026988127501681447
0.0,0,0.12396655976772308
0.0,0,0.0021587649825960398
0.0,0,0.028242651373147964
1.0,1,0.9994732737541199
0.0,1,0.7216029167175293
0.0,0,0.0001074050524039194
0.0,0,9.699425572762266e-05
1.0,1,0.999931812286377
1.0,1,0.23193258047103882
0.0,0,0.0001390322286169976
0.0,1,0.3484107553958893
0.0,0,0.0008485689759254456
1.0,1,0.9992750287055969
0.0,0,0.0011140413116663694
1.0,1,0.2905278503894806
0.0,0,1.5438563423231244e-05
1.0,1,0.9998588562011719
1.0,1,0.7771949172019958
1.0,1,0.9896272420883179
0.0,0,3.45008447766304e-05
0.0,0,0.0002639253798406571
0.0,0,0.0003436800034251064
0.0,0,0.008880260400474072
0.0,0,5.848101500305347e-05
1.0,0,0.0216901283711195
1.0,1,0.9999353885650635
0.0,0,0.008577813394367695
0.0,0,0.19751717150211334
1.0,1,0.9997915625572205
0.0,0,0.000455010449513793
0.0,1,0.8052785992622375
0.0,0,1.0278309758859905e-07
1.0,1,0.6509290337562561
0.0,1,0.3999054431915283
0.0,0,0.20374731719493866
1.0,1,0.9995490908622742
0.0,0,0.020700639113783836
0.0,0,0.00594825716689229
1.0,0,0.12240513414144516
1.0,1,0.9997393488883972
1.0,1,0.9999799728393555
0.0,0,0.0003153238503728062
0.0,0,0.0003724169509951025
1.0,1,0.925699770450592
0.0,0,1.5885531112758144e-08
0.0,1,0.7279378771781921
1.0,1,0.3779639005661011
0.0,0,0.16076555848121643
0.0,0,0.006298578344285488
1.0,1,0.5382919907569885
1.0,1,0.9416178464889526
1.0,1,0.7218878269195557
1.0,1,0.9999982118606567
0.0,0,0.0008530140039511025
0.0,1,0.9988934397697449
0.0,0,0.00017901619139593095
0.0,0,0.00016535812756046653
0.0,0,0.021695667877793312
0.0,0,2.0520425096037798e-05
1.0,1,0.9490737915039062
1.0,1,0.9987918734550476
0.0,0,0.13691546022891998
0.0,0,0.00029848585836589336
0.0,0,0.03520309552550316
1.0,1,0.9997542500495911
1.0,1,0.9999376535415649
1.0,1,0.9814934730529785
0.0,0,0.020076364278793335
0.0,0,0.009660672396421432
0.0,0,0.0023874922189861536
1.0,1,0.9654269218444824
1.0,1,0.9921587705612183
1.0,0,0.21208126842975616
0.0,1,0.6953178644180298
0.0,0,0.07813459634780884
0.0,0,0.0015655637253075838
1.0,1,0.9993395209312439
0.0,0,0.02777417004108429
0.0,0,0.0009319835226051509
0.0,0,0.0149378702044487
0.0,0,0.001107167568989098
1.0,1,0.9039135575294495
1.0,1,0.9985660910606384
0.0,0,7.809978706063703e-05
0.0,0,0.022348694503307343
0.0,1,0.985783576965332
0.0,0,0.00028789244242943823
1.0,1,0.8020570278167725
1.0,1,0.9999241828918457
0.0,1,0.30021238327026367
0.0,0,2.8797187042073347e-05
0.0,0,2.6443491151439957e-05
0.0,0,0.0018675454193726182
0.0,0,0.004267743788659573
0.0,0,0.015437665395438671
0.0,0,0.13908492028713226
0.0,0,0.05936014652252197
1.0,1,0.9898081421852112
1.0,1,0.9999620914459229
1.0,1,0.9999721050262451
1.0,0,0.17348137497901917
1.0,0,0.2195269614458084
1.0,1,0.2485736757516861
1.0,0,0.003303346922621131
1.0,0,0.19289763271808624
0.0,0,0.11112482100725174
1.0,1,0.9995954632759094
1.0,1,0.5735707879066467
1.0,1,0.999963641166687
0.0,0,0.006430765148252249
1.0,1,0.7752295732498169
0.0,0,0.000873036973644048
1.0,1,0.8869062066078186
1.0,1,0.9982568621635437
0.0,0,0.09771315008401871
0.0,0,0.009616357274353504
1.0,1,0.9989569187164307
0.0,0,7.195749640231952e-05
1.0,1,0.9991550445556641
0.0,0,0.043030478060245514
1.0,1,0.9747811555862427
1.0,1,0.4209042489528656
0.0,0,0.0005778912454843521
1.0,1,0.8040991425514221
1.0,1,0.998745322227478
1.0,1,0.9005997776985168
0.0,1,0.9908333420753479
0.0,0,0.036519862711429596
0.0,1,0.8804603219032288
0.0,0,0.0011785378446802497
0.0,0,0.0011201751185581088
0.0,0,0.0025943629443645477
0.0,0,0.04683167114853859
0.0,0,0.016076242551207542
0.0,0,0.04764517769217491
0.0,0,0.0528736412525177
0.0,0,0.0005265112267807126
0.0,0,0.0028693964704871178
0.0,0,0.03603866696357727
0.0,0,0.024558497592806816
0.0,0,0.005248068831861019
1.0,1,0.9913004040718079
1.0,1,0.8640648722648621
0.0,0,9.377862443216145e-05
0.0,0,0.00011943742720177397
0.0,0,0.09415145218372345
0.0,1,0.9908806085586548
0.0,1,0.5669516324996948
1.0,1,0.9049105048179626
1.0,1,0.9785820841789246
0.0,0,0.0018650565762072802
0.0,0,0.0014899522066116333
0.0,0,0.001248651184141636
0.0,0,0.0058361198753118515
1.0,0,0.03699466958642006
0.0,0,0.005745232570916414
0.0,0,0.001059628906659782
0.0,0,0.00912172719836235
0.0,0,0.0014674174599349499
0.0,0,4.84025695186574e-05
0.0,0,0.001820868463255465
0.0,0,0.0019212113693356514
0.0,0,0.029289772734045982
0.0,0,0.043041594326496124
0.0,0,0.0002725175872910768
1.0,1,0.9517492055892944
0.0,0,0.010446467436850071
0.0,0,0.0006278355140239
0.0,0,4.093878669664264e-05
1.0,1,0.9919853210449219
0.0,0,0.0038986855652183294
0.0,0,0.10522880405187607
0.0,0,0.002538020024076104
1.0,1,0.8004923462867737
0.0,1,0.24578405916690826
1.0,1,0.9431433081626892
0.0,0,0.002130263950675726
0.0,0,5.297260486258892e-06
1.0,1,0.9862847328186035
0.0,0,0.0031108681578189135
1.0,0,0.2121657133102417
0.0,0,0.0355922095477581
0.0,0,0.0003600733762141317
0.0,0,0.0323939323425293
1.0,1,0.6852967739105225
1.0,1,0.9802757501602173
1.0,1,0.9988943934440613
1.0,1,0.9951066970825195
0.0,0,0.003823851700872183
0.0,0,0.019753362983465195
0.0,0,0.0009800349362194538
0.0,0,0.0006196112371981144
0.0,0,0.00017242878675460815
1.0,1,0.9902428984642029
0.0,1,0.6016743183135986
1.0,0,0.09035103023052216
0.0,0,0.0007197496597655118
0.0,0,0.00022111785074230283
0.0,0,0.0004098164790775627
0.0,0,0.0017502076225355268
0.0,0,2.124756974808406e-05
0.0,0,0.0007477738545276225
1.0,1,0.9982467889785767
1.0,1,0.9966092109680176
0.0,0,5.469682946568355e-05
0.0,1,0.7658631801605225
0.0,1,0.3509049713611603
0.0,0,0.05110180750489235
1.0,1,0.8311417102813721
1.0,1,0.9904685616493225
1.0,1,0.9999977350234985
0.0,1,0.642967939376831
0.0,0,0.0004213127540424466
1.0,1,0.99996018409729
0.0,1,0.9237397313117981
0.0,0,0.0062341270968317986
0.0,0,0.0018166560912504792
1.0,1,0.9998493194580078
0.0,0,0.0007001957856118679
0.0,0,1.0783630386868026e-05
0.0,0,0.0016624152194708586
0.0,0,0.11690834909677505
0.0,1,0.982122540473938
0.0,0,0.034062452614307404
0.0,0,0.02273726463317871
0.0,0,0.0001547246938571334
0.0,0,9.812270582187921e-05
0.0,0,0.008055713027715683
1.0,1,0.9935792684555054
0.0,0,0.007175767794251442
0.0,0,9.21946411835961e-05
0.0,0,0.0003779382968787104
0.0,0,0.002663449849933386
1.0,0,0.009979099035263062
1.0,1,0.43345627188682556
1.0,0,0.02513914741575718
1.0,1,0.8747357130050659
0.0,0,0.0004070859868079424
1.0,1,0.9997633099555969
1.0,1,0.47583135962486267
1.0,0,0.03564576804637909
0.0,0,0.015181883238255978
1.0,1,0.8998626470565796
0.0,0,0.07494324445724487
0.0,1,0.3163984715938568
0.0,0,0.15367212891578674
1.0,1,0.9998615980148315
1.0,1,0.994592010974884
0.0,0,6.611416029045358e-05
0.0,0,1.1112215361208655e-05
0.0,0,6.872642552480102e-05
0.0,0,0.016575485467910767
0.0,0,5.7862489484250546e-05
0.0,0,0.0385916605591774
0.0,0,0.0004386468790471554
1.0,1,0.9997720122337341
1.0,1,0.9310463070869446
0.0,0,0.020355913788080215
1.0,1,0.9999690055847168
0.0,1,0.9951483607292175
1.0,1,0.999904990196228
0.0,0,0.0016157696954905987
1.0,1,0.9978669285774231
0.0,0,0.0024731969460844994
1.0,1,0.978594183921814
0.0,0,0.012016665190458298
1.0,1,0.9999277591705322
0.0,0,4.00741228077095e-05
1.0,1,0.9317002296447754
0.0,0,0.21982437372207642
0.0,1,0.2791931629180908
1.0,1,0.9163342118263245
0.0,0,0.0001589870807947591
0.0,0,0.0009093076805584133
0.0,0,0.062649667263031
0.0,1,0.7110764980316162
0.0,0,0.00039393818587996066
0.0,0,0.1904669553041458
0.0,0,1.0097891390614677e-05
0.0,0,0.00020118613610975444
0.0,0,2.6686329874792136e-06
0.0,1,0.9554681181907654
0.0,1,0.44501039385795593
0.0,0,0.0012672547018155456
0.0,0,0.0025650751776993275
1.0,1,0.9962109327316284
0.0,0,0.01833721622824669
0.0,0,6.034390753484331e-05
1.0,1,0.9994951486587524
1.0,0,0.03622671216726303
1.0,0,0.0076238070614635944
1.0,1,0.9999439716339111
0.0,0,3.101645688730059e-06
0.0,0,0.00023045441776048392
1.0,1,0.9964401125907898
0.0,0,0.044474635273218155
0.0,0,0.002087800297886133
0.0,1,0.8357781171798706
0.0,0,0.004167397506535053
0.0,0,0.041946232318878174
1.0,1,0.9998995065689087
0.0,1,0.9975087642669678
1.0,1,0.9998598098754883
1.0,1,0.9991207718849182
0.0,0,0.00040196950430981815
0.0,1,0.4752956032752991
1.0,1,0.9997169375419617
0.0,0,0.000149050509207882
1.0,1,0.9998880624771118
0.0,0,0.004444020800292492
0.0,0,0.0006138652679510415
0.0,0,0.053413357585668564
0.0,0,0.01378251239657402
0.0,0,0.000236760955885984
0.0,0,0.0003359843685757369
1.0,1,0.9994451403617859
1.0,0,0.03208203613758087
0.0,0,0.0012971269898116589
0.0,0,0.01291369367390871
1.0,1,0.9998787641525269
0.0,0,0.10320159792900085
1.0,1,0.9998132586479187
0.0,0,0.02002754993736744
1.0,1,0.9999165534973145
0.0,1,0.31232672929763794
0.0,1,0.41933268308639526
0.0,1,0.5591616034507751
0.0,1,0.9792527556419373
1.0,1,0.8602846264839172
0.0,0,0.00037577716284431517
0.0,0,0.0003926961508113891
1.0,1,0.9999947547912598
1.0,1,0.9910036325454712
0.0,0,0.004455294460058212
1.0,1,0.983915388584137
0.0,0,0.0005365361575968564
0.0,0,2.6777450329973362e-05
0.0,0,0.023122671991586685
1.0,1,0.9696715474128723
1.0,0,0.047524694353342056
1.0,1,0.9994726777076721
0.0,0,0.0002964812738355249
1.0,1,0.9928211569786072
0.0,0,0.00026233383687213063
0.0,0,0.0010917650070041418
0.0,0,0.00013692988432012498
0.0,0,0.04450269043445587
0.0,0,1.948656063177623e-05
1.0,1,0.9947718977928162
0.0,0,0.00022274507500696927
1.0,0,0.04247868061065674
0.0,0,0.00014892322360537946
1.0,1,0.28188854455947876
1.0,1,0.9999297857284546
0.0,0,0.0010565087432041764
1.0,0,0.0038918450009077787
0.0,0,0.01877480559051037
0.0,0,0.0023976715747267008
1.0,1,0.9138430953025818
0.0,0,4.3113141146022826e-05
0.0,0,3.6082456063013524e-05
0.0,0,0.0003125842195004225
0.0,0,4.796741632162593e-05
0.0,1,0.2277699112892151
0.0,0,0.05366268754005432
0.0,0,0.000548702257219702
0.0,0,0.0006016480620019138
1.0,1,0.9993224143981934
1.0,1,0.7874488234519958
0.0,0,0.05059454217553139
0.0,0,0.01717543601989746
1.0,0,0.01803089864552021
0.0,0,0.02393410913646221
1.0,1,0.9979142546653748
1.0,0,0.00837731920182705
0.0,0,0.000108837011794094
0.0,0,0.0005720722838304937
0.0,0,0.00020286583458073437
0.0,1,0.768490731716156
1.0,1,0.9728174805641174
1.0,0,0.008310078643262386
1.0,1,0.9987394213676453
1.0,1,0.9999986886978149
1.0,1,0.9995860457420349
1.0,1,0.9992285966873169
1.0,1,0.9998643398284912
0.0,0,0.0008285109070129693
0.0,0,0.0006228574202395976
0.0,0,0.00029785564402118325
0.0,0,0.0006826394819654524
1.0,1,0.903319776058197
0.0,0,0.002496788278222084
0.0,1,0.32561472058296204
0.0,0,0.0006781943375244737
0.0,0,0.004045300185680389
1.0,1,0.9977278113365173
0.0,1,0.8160136938095093
1.0,1,0.9648125171661377
1.0,1,0.9980645775794983
0.0,0,7.674401422264054e-05
1.0,1,0.4909369945526123
0.0,0,0.004232469480484724
0.0,0,0.02995649352669716
1.0,1,0.8627009987831116
0.0,0,1.5028281552531553e-07
0.0,0,0.00043153425212949514
1.0,1,0.9054846167564392
1.0,1,0.9892224073410034
1.0,0,0.00016729551134631038
1.0,1,0.9989997744560242
0.0,1,0.2890225350856781
0.0,1,0.7857521176338196
0.0,0,0.030312469229102135
0.0,0,0.00046782722347415984
0.0,0,0.0007700459100306034
1.0,1,0.9991670846939087
0.0,0,0.0076132663525640965
0.0,0,8.912222256185487e-05
1.0,1,0.2646491825580597
1.0,1,0.3450218737125397
0.0,0,0.14618422091007233
1.0,1,0.9999287128448486
0.0,0,0.00012688589049503207
0.0,0,0.0012363448040559888
1.0,1,0.9968762397766113
0.0,0,0.0003188449773006141
1.0,1,0.9620898962020874
0.0,0,0.0004682008584495634
0.0,0,0.18853312730789185
1.0,1,0.9960787892341614
0.0,0,0.010680568404495716
1.0,1,0.6844034194946289
0.0,0,0.00011612114030867815
0.0,0,0.0005355905741453171
1.0,1,0.9999804496765137
0.0,0,0.15667963027954102
0.0,0,0.004118222743272781
1.0,1,0.9999631643295288
0.0,1,0.34920862317085266
0.0,0,8.019804954528809e-05
0.0,0,0.00014642486348748207
1.0,1,0.9635117650032043
1.0,1,0.9993405938148499
0.0,0,0.0003952892730012536
0.0,0,0.11209024488925934
0.0,0,0.020799661055207253
0.0,0,6.7019327616435476e-06
1.0,1,0.9998130202293396
1.0,0,0.000636921962723136
0.0,0,0.006930780131369829
0.0,0,0.00018698319036047906
0.0,0,0.00491397175937891
0.0,0,0.0011263700434938073
0.0,0,0.021769054234027863
0.0,0,0.03630339354276657
0.0,0,0.003337709465995431
0.0,0,0.0009978641755878925
1.0,1,0.5555878281593323
0.0,1,0.575615644454956
0.0,0,0.0017108520260080695
0.0,0,0.0011207663919776678
0.0,0,0.00015322626859415323
0.0,0,0.00031642153044231236
1.0,1,0.9901926517486572
0.0,0,0.0006267106509767473
0.0,0,0.14049428701400757
0.0,0,0.02293485775589943
1.0,1,0.9982245564460754
0.0,0,0.09570053964853287
1.0,1,0.9537842869758606
1.0,0,0.09149797260761261
0.0,0,0.001105261268094182
0.0,0,0.0004208784084767103
0.0,0,0.0003594101290218532
1.0,1,0.9968438148498535
0.0,0,0.02122378908097744
0.0,1,0.496756911277771
0.0,0,3.104451752733439e-05
0.0,0,0.07401368767023087
0.0,0,0.0007555765914730728
0.0,0,8.534446533303708e-05
1.0,1,0.9460821747779846
0.0,1,0.4543335735797882
1.0,0,0.0017112265340983868
1.0,1,0.9995269775390625
0.0,0,0.043314747512340546
0.0,1,0.8760963082313538
1.0,0,0.0027959197759628296
0.0,1,0.623831570148468
1.0,1,0.9253936409950256
0.0,0,0.0008052464690990746
0.0,0,0.0001390948164043948
0.0,0,0.005687462631613016
0.0,0,9.91975684883073e-05
0.0,1,0.7770565152168274
0.0,0,0.0026804872322827578
1.0,1,0.9969214797019958
1.0,1,0.9993730187416077
1.0,1,0.6896719336509705
1.0,1,0.9994372725486755
0.0,0,0.0001409876422258094
0.0,0,0.008351263590157032
0.0,0,1.3644636965182144e-05
0.0,1,0.3953820765018463
0.0,0,0.008845188654959202
0.0,0,0.0017306067747995257
1.0,1,0.9814479947090149
1.0,0,0.025721514597535133
0.0,0,0.0006935370620340109
0.0,0,2.4752678655204363e-05
0.0,0,0.029944615438580513
0.0,0,0.004460544791072607
0.0,0,0.0002896169316954911
0.0,0,0.00020393462909851223
1.0,1,0.9995425939559937
1.0,1,0.769320547580719
0.0,0,0.18081776797771454
0.0,0,2.7076607693743426e-06
1.0,1,0.9911293983459473
0.0,1,0.33220598101615906
0.0,0,0.00024156837025657296
0.0,0,0.00017289338575210422
1.0,1,0.9990350008010864
1.0,1,0.9812101721763611
0.0,0,0.00041300689917989075
0.0,0,0.006056298967450857
0.0,0,0.00014284941426012665
0.0,0,0.00025393717805854976
0.0,0,0.01575806364417076
0.0,0,8.160234756360296e-06
1.0,1,0.9890632033348083
0.0,0,0.008552489802241325
1.0,1,0.9998916387557983
1.0,1,0.7962141633033752
1.0,1,0.9932267069816589
1.0,1,0.5037297010421753
0.0,0,0.003332859370857477
0.0,0,0.021297119557857513
0.0,0,0.01069057546555996
1.0,1,0.9938386082649231
1.0,1,0.2806101143360138
0.0,0,0.05204220116138458
0.0,0,0.0011934515787288547
1.0,1,0.9974741339683533
1.0,1,0.9989726543426514
0.0,1,0.9640200138092041
0.0,0,0.14099538326263428
1.0,1,0.5779145359992981
0.0,0,0.0686311423778534
1.0,1,0.9994183778762817
1.0,1,0.9896469712257385
0.0,0,0.11463627964258194
0.0,0,0.0016782153397798538
0.0,1,0.968873918056488
0.0,0,0.0023294452112168074
0.0,0,0.001378078362904489
0.0,1,0.6908227205276489
1.0,1,0.9996689558029175
1.0,0,0.0584893636405468
1.0,1,0.9844159483909607
0.0,1,0.912662148475647
0.0,1,0.3035745918750763
0.0,0,0.00027442927239462733
0.0,0,0.05846956744790077
0.0,0,0.004887341521680355
0.0,0,0.014056423678994179
1.0,1,0.9986750483512878
0.0,0,0.004325634799897671
1.0,1,0.9937475919723511
0.0,0,1.3464689800457563e-05
0.0,0,0.0011823181994259357
1.0,1,0.4724583625793457
1.0,1,0.9995672106742859
0.0,0,2.218840381829068e-05
0.0,0,0.012450162321329117
0.0,1,0.2519376575946808
1.0,1,0.33540070056915283
0.0,0,0.004503229167312384
1.0,1,0.978897213935852
0.0,0,0.10393277555704117
1.0,1,0.9345391988754272
1.0,1,0.9905272722244263
1.0,1,0.9998924732208252
0.0,0,0.0003148207033518702
0.0,0,0.012134936638176441
1.0,1,0.9704315066337585
1.0,1,0.894055962562561
0.0,0,0.004774921108037233
0.0,0,0.0006579153705388308
1.0,1,0.9956533908843994
1.0,1,0.9999595880508423
0.0,0,0.0037237333599478006
0.0,1,0.9944919347763062
0.0,0,0.02211330458521843
1.0,1,0.22480063140392303
1.0,1,0.9988584518432617
1.0,1,0.9515264630317688
0.0,0,0.00032658333657309413
1.0,1,0.9998737573623657
0.0,0,0.00014851892774458975
1.0,1,0.8891825079917908
0.0,0,4.9577622121432796e-05
0.0,1,0.8863951563835144
0.0,0,0.19963210821151733
0.0,0,0.04762747138738632
0.0,0,1.580761090735905e-05
0.0,0,0.012970613315701485
1.0,1,0.999840497970581
1.0,1,0.5271458625793457
1.0,1,0.9973143935203552
0.0,1,0.9967479705810547
1.0,1,0.9913160800933838
1.0,1,0.99845290184021
0.0,0,0.0028373892419040203
0.0,0,0.014292671345174313
0.0,0,0.00035056626074947417
1.0,1,0.9995900988578796
0.0,0,0.004865886177867651
1.0,1,0.999992847442627
0.0,1,0.38024115562438965
0.0,0,0.00018602983618620783
0.0,1,0.9154915809631348
1.0,1,0.995089590549469
0.0,0,8.48830950417323e-06
1.0,1,0.9890908598899841
1.0,1,0.9227100610733032
0.0,0,0.019090496003627777
0.0,0,1.6458055824841722e-06
0.0,0,0.00034627868444658816
0.0,0,3.976493462687358e-05
0.0,1,0.2323915958404541
1.0,0,0.1506418138742447
0.0,0,0.00011683041520882398
0.0,1,0.963101327419281
1.0,1,0.9999972581863403
0.0,0,0.0001480367936892435
0.0,0,0.011578939855098724
0.0,0,0.0012385088484734297
1.0,1,0.9961159229278564
0.0,0,4.1952131141442806e-05
1.0,1,0.9939779043197632
1.0,1,0.9999680519104004
1.0,0,0.04458177089691162
1.0,1,0.9443573951721191
1.0,1,0.9831082224845886
0.0,0,0.0012097855797037482
0.0,1,0.7741356492042542
1.0,1,0.9999974966049194
1.0,1,0.9995524287223816
0.0,0,0.0009564574575051665
0.0,1,0.9910457730293274
0.0,0,0.033189691603183746
1.0,1,0.9984002709388733
1.0,1,0.9999697208404541
0.0,0,0.01779044419527054
0.0,0,0.005504383239895105
1.0,0,0.014365513809025288
1.0,1,0.9945812821388245
1.0,1,0.9987025260925293
0.0,0,0.004245399497449398
0.0,1,0.8782221674919128
1.0,1,0.9988409876823425
0.0,0,0.0006183626246638596
0.0,0,0.000563276291359216
0.0,1,0.888292670249939
1.0,1,0.999906063079834
0.0,0,0.003258786164224148
1.0,1,0.9995766282081604
0.0,1,0.9597179889678955
0.0,0,0.006245341617614031
1.0,1,0.7852636575698853
0.0,0,0.018853511661291122
0.0,0,0.0005300649791024625
1.0,1,0.9994799494743347
0.0,0,0.0009069946245290339
1.0,0,0.006300644483417273
1.0,1,0.9968456625938416
0.0,0,0.002381496364250779
1.0,1,0.9472169280052185
1.0,1,0.9859549403190613
1.0,1,0.999885082244873
1.0,1,0.6938042640686035
0.0,0,0.0002634105330798775
0.0,0,0.0004054723249282688
0.0,0,0.0010186134604737163
0.0,0,8.945376066549215e-06
0.0,0,3.195912722731009e-05
1.0,1,0.9985817670822144
1.0,1,0.9986238479614258
0.0,0,0.0007453301222994924
1.0,1,0.9988287091255188
0.0,0,0.00400002533569932
0.0,0,0.003203562693670392
0.0,0,0.00013853410200681537
1.0,0,0.07313957810401917
1.0,1,0.9976990818977356
1.0,1,0.9996335506439209
0.0,0,4.8328634875360876e-05
1.0,1,0.9998698234558105
0.0,1,0.23993967473506927
1.0,1,0.9939640164375305
1.0,1,0.3309602439403534
1.0,1,0.9999995231628418
0.0,0,2.837413558154367e-05
1.0,1,0.9774471521377563
1.0,1,0.5624387264251709
1.0,1,0.9999957084655762
0.0,0,9.798171231523156e-05
1.0,1,0.9997543692588806
0.0,0,0.06254108250141144
0.0,0,0.00673686433583498
1.0,0,0.10436905175447464
1.0,1,0.9865476489067078
1.0,1,0.9999545812606812
0.0,1,0.9701101183891296
0.0,0,3.452734017628245e-05
0.0,0,0.0004804875352419913
0.0,0,3.7942122617096175e-06
0.0,0,0.00025333260418847203
1.0,1,0.9945629239082336
1.0,1,0.9981003403663635
1.0,1,0.9998190999031067
0.0,0,0.0002888855815399438
0.0,0,0.001162138651125133
1.0,1,0.9552285671234131
1.0,1,0.999904990196228
0.0,0,0.01307754684239626
0.0,0,0.0002538127591833472
0.0,0,0.18615300953388214
0.0,0,0.0001222146674990654
0.0,0,0.09911157935857773
0.0,0,0.0029021420050412416
1.0,1,0.9526628851890564
1.0,1,0.9827610850334167
1.0,0,2.45325736614177e-05
0.0,0,0.0011581105645745993
0.0,0,0.028983285650610924
1.0,1,0.9990056157112122
0.0,0,0.003961034119129181
0.0,0,0.00012899246939923614
1.0,1,0.9987990856170654
0.0,0,0.0662100613117218
0.0,1,0.5608136653900146
1.0,1,0.9990346431732178
1.0,1,0.8868072628974915
0.0,0,0.0035431955475360155
1.0,1,0.9998810291290283
1.0,1,0.9987574815750122
0.0,0,0.00818172749131918
1.0,1,0.9803873896598816
1.0,1,0.9973270893096924
0.0,0,0.0004814326239284128
0.0,0,9.704533295007423e-05
0.0,0,4.719038770417683e-05
0.0,0,0.0006383750587701797
0.0,0,0.0001697990228421986
0.0,0,0.00039195563294924796
0.0,0,0.0029853228479623795
1.0,1,0.9984927177429199
0.0,0,0.005157611332833767
0.0,0,0.00013436157314572483
1.0,1,0.9963492155075073
1.0,1,0.9995182752609253
1.0,1,0.9991564750671387
1.0,1,0.9996156692504883
1.0,1,0.9999895095825195
1.0,1,0.9990407824516296
0.0,0,7.091362931532785e-05
0.0,0,0.00021506955090444535
0.0,0,0.0004893204313702881
0.0,1,0.2288857102394104
1.0,1,0.999579131603241
0.0,0,0.018254559487104416
0.0,0,0.0016222023405134678
0.0,1,0.5617257952690125
0.0,0,8.401863306062296e-05
0.0,0,0.03567437827587128
1.0,1,0.9999351501464844
0.0,0,8.985301974462345e-05
1.0,0,0.013410375453531742
1.0,1,0.9909518957138062
0.0,0,0.023728664964437485
1.0,1,0.6641600131988525
0.0,0,0.0129780862480402
0.0,0,0.07842336595058441
0.0,0,0.024475155398249626
0.0,0,0.004231458995491266
0.0,0,0.0007684424053877592
0.0,0,0.013519919477403164
0.0,0,3.5210789064876735e-05
1.0,1,0.9999539852142334
0.0,0,0.004990301560610533
1.0,1,0.9975740313529968
1.0,1,0.9809674620628357
1.0,1,0.9506632685661316
1.0,1,0.9994063377380371
1.0,1,0.8753209114074707
1.0,1,0.9719484448432922
0.0,0,0.026596855372190475
0.0,0,0.0033408072777092457
1.0,1,0.6089377999305725
1.0,0,0.1439168006181717
0.0,0,0.06746918708086014
0.0,0,0.008620534092187881
1.0,1,0.9984573125839233
1.0,1,0.9994389414787292
1.0,1,0.9732456803321838
0.0,0,0.21946966648101807
0.0,0,8.495512156514451e-05
1.0,0,0.1500365436077118
1.0,1,0.5751226544380188
1.0,1,0.9716894030570984
0.0,1,0.97564697265625
0.0,0,9.06328423297964e-05
1.0,1,0.340796560049057
1.0,1,0.9973620772361755
0.0,0,0.09343820065259933
0.0,0,0.00018268526764586568
1.0,1,0.9496745467185974
0.0,0,0.05089353397488594
0.0,0,0.0039807152934372425
0.0,1,0.40707430243492126
1.0,1,0.9986407160758972
1.0,1,0.9225165247917175
0.0,1,0.9171820878982544
1.0,1,0.9540576338768005
1.0,1,0.9928353428840637
0.0,0,0.018807047978043556
0.0,0,0.00025238707894459367
0.0,0,0.003899825969710946
0.0,0,0.0021844741422683
0.0,0,0.08854851871728897
1.0,1,0.9999916553497314
0.0,0,0.0006420843419618905
0.0,1,0.8670804500579834
0.0,0,0.03440067172050476
0.0,0,0.0009900574805215001
0.0,0,0.02160041406750679
1.0,1,0.9937600493431091
1.0,0,0.14902375638484955
0.0,1,0.9940537810325623
0.0,0,0.00044417622848413885
0.0,0,0.007977334782481194
1.0,1,0.975011944770813
0.0,1,0.7356013655662537
0.0,0,0.0004883186775259674
0.0,0,0.003514411160722375
1.0,0,0.06388452649116516
1.0,1,0.6443045139312744
0.0,0,2.5511713829473592e-05
0.0,1,0.8637332916259766
0.0,0,6.645979738095775e-05
0.0,0,0.00122697907499969
1.0,1,0.7565128803253174
0.0,0,0.08703908324241638
0.0,0,0.00015084633196238428
0.0,0,0.037020761519670486
1.0,0,0.17876361310482025
1.0,1,0.9547379016876221
0.0,0,0.008394730277359486
0.0,0,0.011958612129092216
0.0,0,0.05995669960975647
0.0,0,0.009302688762545586
1.0,1,0.9997652173042297
0.0,1,0.5142773985862732
1.0,1,0.993653416633606
1.0,1,0.9943358302116394
0.0,0,0.003668135730549693
1.0,1,0.9981855750083923
0.0,0,0.03313794359564781
1.0,1,0.9852141737937927
0.0,0,0.0035665244795382023
0.0,0,4.6794593799859285e-05
0.0,0,0.00046999173355288804
0.0,0,7.705581811023876e-05
1.0,1,0.9995478987693787
1.0,1,0.9999982118606567
0.0,0,0.0060557653196156025
1.0,1,0.9999899864196777
1.0,1,0.8233486413955688
0.0,0,0.0012602744391188025
0.0,0,0.00046152534196153283
1.0,1,0.9359369277954102
0.0,0,0.00034212670288980007
1.0,1,0.9668426513671875
1.0,1,0.9999274015426636
1.0,1,0.9844366312026978
1.0,1,0.9032187461853027
1.0,1,0.999902606010437
0.0,1,0.6993175745010376
1.0,1,0.9997373223304749
1.0,1,0.9997124075889587
0.0,1,0.443202406167984
0.0,1,0.4376504123210907
1.0,1,0.9997690320014954
0.0,0,0.0035939046647399664
0.0,0,0.00408994359895587
0.0,1,0.7605642080307007
1.0,1,0.9996874332427979
0.0,0,0.0027857597451657057
0.0,0,0.02388179302215576
1.0,1,0.9981955885887146
1.0,1,0.9987457990646362
0.0,0,0.007593447342514992
1.0,1,0.9995889067649841
1.0,1,0.9999138116836548
0.0,0,0.0016720853745937347
1.0,1,0.9942286014556885
1.0,1,0.9956989288330078
0.0,0,0.0011668512597680092
0.0,0,0.0014538613613694906
1.0,1,0.35336193442344666
0.0,0,0.0016190499300137162
0.0,1,0.44115689396858215
1.0,1,0.9640543460845947
0.0,0,0.08148360997438431
0.0,0,0.0001875574525911361
1.0,1,0.9424540400505066
1.0,1,0.9989314675331116
1.0,1,0.9959791898727417
0.0,0,0.006812624167650938
0.0,0,0.042543020099401474
0.0,0,0.005304621532559395
1.0,0,0.00021536668646149337
1.0,1,0.9986466765403748
0.0,0,0.0010802854085341096
0.0,0,0.00018409290350973606
0.0,0,0.07947905361652374
0.0,0,0.008914437144994736
0.0,1,0.7787725329399109
0.0,1,0.3251710832118988
0.0,0,0.0015137301525101066
0.0,0,0.0076248678378760815
0.0,0,0.0010344947222620249
0.0,0,0.00015393653302453458
0.0,0,0.001409706543199718
0.0,0,0.009838338941335678
1.0,1,0.999518632888794
1.0,1,0.9998624324798584
0.0,0,0.006882593967020512
0.0,0,0.00019870720279868692
1.0,0,0.03025551699101925
1.0,1,0.995589017868042
0.0,1,0.9753010272979736
0.0,0,6.384508742485195e-05
0.0,0,0.0020175741519778967
1.0,1,0.5403009653091431
1.0,0,0.06240563839673996
0.0,1,0.9951753616333008
0.0,0,0.0010890788398683071
0.0,0,5.365767719922587e-05
1.0,1,0.9440270066261292
0.0,0,0.0012045915937051177
0.0,0,0.07908318191766739
0.0,0,0.0002445333811920136
0.0,1,0.9633496403694153
0.0,0,0.002474698703736067
0.0,0,0.009570859372615814
0.0,0,0.012990149669349194
1.0,1,0.9993307590484619
1.0,1,0.9999500513076782
1.0,1,0.9991641044616699
0.0,0,0.00015425831952597946
1.0,1,0.27198973298072815
1.0,1,0.9991747736930847
0.0,0,0.023840421810746193
0.0,0,0.003933833912014961
0.0,0,0.03298109769821167
0.0,0,4.352330870460719e-05
0.0,0,0.060153234750032425
0.0,0,0.00242226617410779
1.0,1,0.9992486834526062
0.0,0,0.004321221727877855
0.0,0,0.001116330036893487
0.0,1,0.7271771430969238
1.0,1,0.9956890940666199
1.0,1,0.9612469673156738
1.0,1,0.9947728514671326
0.0,1,0.9358055591583252
0.0,0,0.00010100561485160142
1.0,1,0.9997711777687073
0.0,0,0.1330413967370987
0.0,1,0.40579792857170105
0.0,0,0.000537063111551106
1.0,1,0.8188176155090332
0.0,0,0.00262569822371006
1.0,1,0.9997883439064026
0.0,0,0.0004140902601648122
0.0,0,5.649149557029887e-07
0.0,0,0.0005305856466293335
1.0,1,0.9145365953445435
0.0,0,0.0008306431700475514
0.0,1,0.3837585747241974
0.0,0,0.004482503514736891
1.0,1,0.9958630800247192
1.0,1,0.9833198189735413
1.0,1,0.4561936855316162
0.0,0,0.00815619807690382
1.0,1,0.9907850027084351
0.0,0,0.016948025673627853
1.0,1,0.9993147850036621
0.0,0,0.05488690361380577
0.0,0,0.06221558526158333
0.0,0,7.430331152136205e-06
0.0,0,5.58657529836637e-06
1.0,1,0.9535114765167236
1.0,0,0.07550586760044098
1.0,1,0.6608919501304626
0.0,0,0.0022929178085178137
1.0,1,0.5191896557807922
0.0,1,0.962443470954895
0.0,0,0.03719114512205124
0.0,0,0.10973764210939407
1.0,1,0.997918426990509
0.0,0,0.009190605953335762
1.0,1,0.9999654293060303
1.0,1,0.9968515038490295
0.0,0,0.0003227305132895708
1.0,1,0.9916953444480896
1.0,1,0.9992338418960571
0.0,0,0.004069888032972813
1.0,0,0.12159303575754166
0.0,0,0.0003922550822608173
1.0,1,0.9996169805526733
1.0,1,0.9759979844093323
1.0,1,0.9946240186691284
0.0,0,0.0003566289378795773
0.0,0,2.1727295461460017e-05
1.0,1,0.9997621178627014
0.0,1,0.45286622643470764
1.0,1,0.9997249245643616
0.0,0,0.006243119481950998
1.0,1,0.9345122575759888
0.0,0,2.952935744815477e-07
0.0,0,0.011551608331501484
0.0,0,0.14508940279483795
1.0,0,0.08650441467761993
1.0,1,0.6506109237670898
1.0,1,0.9824153780937195
0.0,0,0.023220879957079887
0.0,0,0.0005235056742094457
1.0,1,0.993279755115509
1.0,1,0.9976258873939514
0.0,0,0.0005602571764029562
0.0,0,0.004774868953973055
0.0,0,0.002928753150627017
1.0,1,0.9997566342353821
1.0,0,0.035242412239313126
1.0,0,0.006774693261831999
0.0,0,9.6399977337569e-05
1.0,1,0.9999462366104126
0.0,0,7.629685569554567e-05
0.0,0,0.05584316328167915
1.0,1,0.9874677658081055
0.0,0,3.4943182981805876e-05
1.0,1,0.9998086094856262
0.0,0,4.6883484174031764e-05
1.0,0,0.1499362736940384
0.0,0,0.07162033021450043
1.0,1,0.991901695728302
1.0,1,0.9985571503639221
1.0,1,0.9986893534660339
0.0,0,0.001565472804941237
0.0,0,0.0005703825736418366
1.0,1,0.9702437520027161
0.0,0,0.04394935071468353
0.0,0,0.0005868254811502993
0.0,0,7.34095056031947e-06
0.0,0,0.027596676722168922
0.0,0,0.0013945457758381963
1.0,1,0.9846540093421936
0.0,0,0.00035725353518500924
1.0,1,0.9999735355377197
1.0,1,0.999910831451416
0.0,0,0.0002453365013934672
0.0,0,0.009842400439083576
1.0,1,0.9671686887741089
0.0,0,0.0008281991467811167
1.0,1,0.97101229429245
1.0,1,0.9938285946846008
1.0,1,0.9999997615814209
1.0,1,0.9885146021842957
0.0,1,0.6977965831756592
0.0,1,0.2848829925060272
1.0,1,0.9986717700958252
1.0,1,0.9803591966629028
0.0,0,6.23137821094133e-05
1.0,1,0.6230992078781128
1.0,0,0.1571100950241089
1.0,1,0.9987825751304626
1.0,1,0.9998688697814941
0.0,1,0.2504298686981201
0.0,0,0.0012131001567468047
0.0,0,0.00014435370394494385
1.0,1,0.9305732846260071
1.0,1,0.9229175448417664
0.0,1,0.34128302335739136
1.0,1,0.9794898629188538
0.0,0,0.0012330630561336875
0.0,0,2.847763607860543e-05
0.0,0,3.7038782920717495e-06
1.0,1,0.9985122084617615
1.0,1,0.9988331198692322
0.0,0,0.00014618923887610435
1.0,1,0.44814273715019226
0.0,0,0.019847339019179344
0.0,0,0.00022006435028743
0.0,0,0.00026208360213786364
0.0,0,0.0015609924448654056
1.0,1,0.8595529198646545
0.0,0,0.00018871735665015876
0.0,0,0.000985871534794569
0.0,0,0.006058434955775738
1.0,1,0.9889149069786072
0.0,0,8.580645953770727e-06
0.0,0,0.0010235216468572617
1.0,1,0.9998010993003845
0.0,0,0.00025997095508500934
0.0,0,0.012698443606495857
1.0,1,0.999733030796051
0.0,0,0.004162048455327749
1.0,1,0.9203853011131287
1.0,1,0.9996067881584167
1.0,1,0.9986332058906555
1.0,1,0.3415021300315857
0.0,0,0.0008491460466757417
1.0,1,0.7555980086326599
1.0,1,0.3052794635295868
1.0,1,0.9895358681678772
0.0,0,0.00038560255779884756
0.0,0,0.012899599969387054
1.0,1,0.9670575261116028
0.0,0,0.004068416077643633
0.0,0,5.5138101743068546e-05
0.0,0,0.0001704654423519969
1.0,1,0.9909555315971375
0.0,0,0.0001518733479315415
0.0,1,0.9393171072006226
1.0,1,0.8997237682342529
0.0,1,0.24290503561496735
0.0,0,0.18219617009162903
1.0,1,0.9997472167015076
0.0,1,0.7235661745071411
1.0,1,0.8363416790962219
0.0,1,0.6813466548919678
0.0,0,1.310316838498693e-05
1.0,1,0.9803732633590698
0.0,0,0.00018701278895605356
1.0,1,0.9986141920089722
1.0,1,0.9894691705703735
1.0,1,0.9767532348632812
1.0,1,0.9931449890136719
0.0,1,0.32230812311172485
0.0,0,0.12053295969963074
1.0,1,0.5150405168533325
1.0,1,0.9999734163284302
1.0,1,0.9999330043792725
0.0,0,0.005914110224694014
0.0,0,0.0031662755645811558
1.0,1,0.9996770620346069
0.0,0,0.0009369065519422293
0.0,0,0.00618323078379035
1.0,1,0.9976170659065247
1.0,0,0.0022209330927580595
1.0,1,0.9998641014099121
0.0,0,0.029032645747065544
1.0,1,0.2978092133998871
0.0,0,0.005121068097651005
0.0,0,0.04687248542904854
1.0,1,0.9950194358825684
0.0,0,0.00034856318961828947
0.0,0,0.009369547478854656
0.0,0,0.00013561501691583544
0.0,0,0.0012244735844433308
0.0,0,0.00011027785512851551
0.0,0,0.00010430539987282827
0.0,0,0.0012331934412941337
0.0,0,0.00018083900795318186
0.0,0,0.02095603011548519
0.0,0,0.08205112814903259
1.0,1,0.9999918937683105
0.0,0,0.0014042137190699577
0.0,0,0.18587329983711243
1.0,1,0.9804626703262329
0.0,0,0.0009427987388335168
1.0,1,0.9804354906082153
0.0,0,0.05099022388458252
0.0,0,0.006497802212834358
1.0,1,0.9055965542793274
1.0,0,0.10689950734376907
0.0,0,0.001480802078731358
1.0,1,0.993593156337738
0.0,1,0.3057946264743805
1.0,1,0.9993422627449036
0.0,0,0.001123514724895358
0.0,0,0.000600544095505029
0.0,0,0.0073850504122674465
0.0,0,0.22231857478618622
0.0,0,0.001473241369239986
0.0,0,0.0011348023544996977
0.0,0,0.03746867924928665
1.0,0,0.05314447358250618
1.0,1,0.480307012796402
1.0,1,0.9330061674118042
0.0,0,3.2112184271682054e-05
1.0,1,0.8496344089508057
0.0,0,0.17108340561389923
1.0,0,0.15640611946582794
0.0,0,0.013157689943909645
0.0,0,6.773503992008045e-05
0.0,0,0.00020484336710069329
0.0,0,0.14178483188152313
0.0,0,0.003530248999595642
1.0,1,0.9943674206733704
1.0,1,0.996886670589447
1.0,1,0.7925631403923035
1.0,1,0.9977555871009827
0.0,0,0.00020914794004056603
1.0,1,0.9867847561836243
0.0,0,0.0006297262152656913
0.0,0,0.0009566766093485057
1.0,1,0.9945559501647949
1.0,1,0.9820741415023804
1.0,0,0.016874093562364578
0.0,1,0.2748217284679413
0.0,0,3.326564183225855e-05
0.0,0,0.21807867288589478
1.0,1,0.9135250449180603
0.0,0,0.018818750977516174
0.0,0,0.0025905161164700985
1.0,1,0.9994040727615356
0.0,1,0.5970196723937988
0.0,0,0.05350034311413765
1.0,1,0.9826716780662537
0.0,1,0.5138694643974304
0.0,1,0.6584909558296204
0.0,0,0.0011049886234104633
0.0,0,0.005170896649360657
0.0,0,0.042092688381671906
1.0,1,0.9484202265739441
0.0,1,0.937220573425293
0.0,1,0.8671631217002869
0.0,0,9.761231194715947e-05
1.0,1,0.9944741129875183
1.0,1,0.9926880598068237
0.0,0,0.0034800623543560505
1.0,1,0.9786249995231628
1.0,0,0.16424088180065155
1.0,1,0.8973855972290039
0.0,0,0.00029279806767590344
0.0,1,0.9964709281921387
0.0,0,0.009365851990878582
0.0,0,0.003929844591766596
1.0,1,0.9800875782966614
0.0,0,0.0007443357026204467
1.0,1,0.9996873140335083
0.0,0,0.00028238975210115314
0.0,1,0.5700066685676575
1.0,1,0.9374747276306152
1.0,1,0.9997925162315369
0.0,0,0.0003739597159437835
1.0,1,0.9998562335968018
1.0,1,0.9999978542327881
1.0,1,0.998056948184967
0.0,0,0.018965983763337135
0.0,0,0.005039169918745756
0.0,0,5.321160642779432e-05
0.0,0,9.62969170359429e-06
0.0,1,0.4698709547519684
1.0,1,0.9848151206970215
0.0,0,0.007574011571705341
1.0,1,0.9973823428153992
1.0,1,0.9440855383872986
0.0,0,0.00044801339390687644
1.0,1,0.9988055229187012
0.0,0,0.0019858956802636385
0.0,0,4.0765040466794744e-05
0.0,0,0.00027978463913314044
0.0,0,0.09356357157230377
1.0,1,0.959291934967041
0.0,0,0.00023814562882762402
0.0,1,0.2993833124637604
0.0,0,0.03846834599971771
0.0,0,8.173572132363915e-05
1.0,1,0.9919593930244446
1.0,1,0.9293022751808167
0.0,0,4.873674697591923e-05
0.0,0,0.000132753120851703
0.0,0,0.1624125838279724
0.0,0,0.023229267448186874
1.0,1,0.6593579053878784
1.0,1,0.9993897676467896
1.0,1,0.9997748732566833
1.0,1,0.9985896944999695
1.0,0,0.07620170712471008
0.0,0,3.043368815269787e-05
0.0,0,0.0003489535884000361
1.0,1,0.9999969005584717
0.0,0,7.48559323255904e-05
1.0,1,0.9832098484039307
0.0,0,0.003769003553315997
0.0,0,0.00017420531366951764
1.0,1,0.9528593420982361
0.0,0,0.0006865534232929349
0.0,0,0.000118478354124818
1.0,1,0.998853325843811
1.0,1,0.9999946355819702
1.0,1,0.9999839067459106
0.0,0,0.0007504545501433313
1.0,1,0.9373406171798706
1.0,0,0.1636568307876587
0.0,0,0.002635486423969269
1.0,1,0.9999699592590332
0.0,0,0.02735663764178753
0.0,0,0.0038227092009037733
0.0,0,1.746410816849675e-05
0.0,0,0.000459572795080021
0.0,0,0.00434569176286459
0.0,1,0.4977249205112457
1.0,1,0.525156557559967
0.0,0,0.10093903541564941
1.0,1,0.9776781797409058
0.0,1,0.9994503855705261
1.0,1,0.7516077160835266
0.0,0,8.05880335974507e-05
1.0,1,0.2559456527233124
0.0,0,0.014288467355072498
1.0,1,0.9995253086090088
1.0,1,0.6431717872619629
1.0,0,0.05370195582509041
1.0,1,0.9905197620391846
0.0,0,0.0005989869823679328
0.0,0,0.0006945721688680351
1.0,1,0.6690338253974915
1.0,1,0.9395625591278076
1.0,1,0.9998378753662109
0.0,0,0.0002790802391245961
0.0,0,0.00018719013314694166
0.0,1,0.3037665784358978
0.0,1,0.3501676023006439
1.0,1,0.9881993532180786
0.0,1,0.8925675749778748
0.0,0,0.0021380423568189144
0.0,1,0.2316182255744934
1.0,1,0.9746877551078796
0.0,0,0.0008001750102266669
0.0,0,7.443099457304925e-05
1.0,1,0.9996874332427979
0.0,1,0.27130430936813354
0.0,0,0.00021608021052088588
1.0,1,0.9693372845649719
0.0,0,0.00021307662245817482
0.0,1,0.8132131099700928
0.0,0,6.950957322260365e-05
0.0,0,0.00034657446667551994
1.0,1,0.8432157635688782
0.0,1,0.9934657216072083
0.0,1,0.5250428318977356
0.0,1,0.6776453256607056
0.0,0,0.0037830809596925974
0.0,0,0.0002979547716677189
0.0,0,0.0001848806132329628
0.0,0,0.0006175357266329229
0.0,0,0.012179018929600716
1.0,1,0.9936892986297607
0.0,0,0.000986010185442865
0.0,0,0.0028312329668551683
0.0,0,0.031123364344239235
0.0,0,0.022509006783366203
1.0,1,0.9875079989433289
1.0,1,0.9994275569915771
0.0,1,0.2286989986896515
1.0,1,0.9972244501113892
0.0,1,0.7079617977142334
1.0,0,0.001721019041724503
0.0,0,5.5123953643487766e-05
1.0,1,0.9626584649085999
1.0,1,0.996465802192688
0.0,0,0.0028068507090210915
0.0,0,0.0005032182671129704
0.0,0,0.14498236775398254
1.0,1,0.7151051759719849
0.0,0,0.082821786403656
1.0,1,0.9998518228530884
0.0,0,0.0001366028154734522
1.0,1,0.36359211802482605
1.0,1,0.9991243481636047
1.0,1,0.9935861229896545
1.0,1,0.9988487958908081
1.0,1,0.9997790455818176
0.0,1,0.4153832495212555
0.0,0,0.00038004847010597587
0.0,0,6.548143574036658e-05
0.0,0,0.005937299225479364
0.0,0,0.000447429483756423
0.0,0,0.0005917210364714265
0.0,0,0.16733592748641968
1.0,1,0.7914708256721497
1.0,1,0.9986593723297119
0.0,0,0.0013178882654756308
1.0,1,0.757484495639801
0.0,0,0.011272438801825047
0.0,0,0.00616819690912962
1.0,1,0.9993452429771423
0.0,0,3.542341437423602e-05
1.0,1,0.9414850473403931
1.0,0,0.07238612323999405
1.0,1,0.49359118938446045
1.0,1,0.9998925924301147
0.0,0,4.1724706534296274e-05
0.0,0,0.016766102984547615
0.0,0,0.0005801193765364587
1.0,1,0.9988956451416016
0.0,0,0.012057237327098846
0.0,0,0.002404924016445875
0.0,1,0.24356521666049957
1.0,0,0.002757198875769973
0.0,0,0.00011864725820487365
0.0,1,0.2644255757331848
0.0,1,0.594592809677124
0.0,0,1.506868215983559e-06
1.0,1,0.9958320260047913
1.0,1,0.9980762004852295
0.0,0,0.012456033378839493
0.0,0,0.04951462149620056
0.0,0,0.0010343436151742935
1.0,1,0.9738908410072327
0.0,0,0.0019273711368441582
1.0,1,0.9956899285316467
1.0,1,0.2972806990146637
1.0,1,0.9246925115585327
0.0,0,0.0010493932059034705
0.0,1,0.9998629093170166
0.0,1,0.5898879170417786
0.0,0,0.0028514331206679344
1.0,1,0.9330743551254272
0.0,0,0.0069206031039357185
0.0,1,0.8543796539306641
0.0,0,2.7395952201914042e-05
0.0,0,0.0007438230095431209
0.0,0,0.0019638286903500557
0.0,0,0.0024766523856669664
1.0,1,0.9979313611984253
0.0,1,0.995387613773346
1.0,1,0.993858277797699
1.0,1,0.9974884986877441
1.0,1,0.9391641020774841
1.0,1,0.9995729327201843
1.0,1,0.9999887943267822
0.0,0,0.005516026169061661
1.0,1,0.9999998807907104
1.0,1,0.9528284072875977
1.0,1,0.8533579111099243
0.0,0,0.0029694412369281054
1.0,1,0.9934149980545044
1.0,1,0.998993456363678
1.0,1,0.999996542930603
1.0,1,0.9887081384658813
1.0,1,0.6617298722267151
1.0,1,0.9968247413635254
0.0,0,0.03377499803900719
0.0,0,6.4724990807008e-06
0.0,0,0.0011101437266916037
0.0,0,0.026855669915676117
1.0,1,0.8254281878471375
0.0,0,0.05698962137103081
0.0,0,0.0005837072967551649
0.0,0,0.010031895712018013
0.0,0,0.0008533603395335376
0.0,0,6.4277664932888e-06
1.0,1,0.9996060729026794
1.0,1,0.9989174604415894
0.0,0,0.00102094910107553
0.0,0,0.0010004009818658233
0.0,0,8.031953484533005e-07
0.0,1,0.5356147289276123
0.0,0,0.0006274696788750589
1.0,0,0.018393531441688538
1.0,1,0.8551648855209351
1.0,1,0.9993982315063477
1.0,1,0.997461199760437
1.0,1,0.9983990788459778
1.0,1,0.9999309778213501
0.0,0,0.012751759961247444
0.0,0,0.007525406777858734
0.0,0,0.00025553186424076557
0.0,0,0.18175412714481354
0.0,0,0.00330870458856225
1.0,1,0.9948069453239441
0.0,0,9.510479867458344e-05
0.0,0,0.17685456573963165
0.0,0,0.10133357346057892
1.0,1,0.9983308911323547
0.0,0,3.4164977478212677e-06
0.0,0,0.022512244060635567
1.0,0,0.07753930985927582
0.0,0,0.020707949995994568
1.0,1,0.9989094734191895
1.0,1,0.9998083710670471
0.0,0,6.948273221496493e-05
0.0,0,0.026556337252259254
1.0,1,0.997931957244873
0.0,1,0.9723581671714783
0.0,0,2.2985848772805184e-05
1.0,1,0.9997648596763611
0.0,0,0.00394740654155612
0.0,0,0.0008920755935832858
0.0,1,0.3128313720226288
1.0,1,0.9997928738594055
0.0,0,0.015214047394692898
0.0,0,0.002433277666568756
0.0,0,0.00024039176059886813
0.0,0,0.0004523149982560426
0.0,0,0.047886453568935394
0.0,0,1.9737666661967523e-05
1.0,1,0.9502279162406921
0.0,0,4.774525950779207e-05
0.0,0,9.47886292124167e-06
1.0,0,0.0001756551064318046
0.0,0,7.738652493571863e-05
0.0,0,0.1872154027223587
0.0,1,0.9993757605552673
1.0,1,0.5112446546554565
1.0,1,0.9996312856674194
1.0,1,0.7190128564834595
0.0,0,0.0012504118494689465
0.0,0,0.012452619150280952
0.0,0,0.003562543075531721
1.0,1,0.9996705055236816
0.0,0,0.0009369105100631714
0.0,0,0.0005404178518801928
1.0,1,0.9009308815002441
0.0,0,3.879298674291931e-05
0.0,0,0.002314966404810548
1.0,0,0.04019070044159889
1.0,1,0.6170260310173035
0.0,1,0.5952402949333191
0.0,0,0.07679801434278488
0.0,0,0.04657703638076782
0.0,0,0.000731047592125833
1.0,1,0.9998149275779724
1.0,0,0.0011691944673657417
0.0,0,0.03264427185058594
0.0,1,0.8918049335479736
1.0,1,0.7903561592102051
1.0,1,0.9999148845672607
0.0,0,0.0008851720485836267
1.0,1,0.9963380098342896
0.0,0,4.388209345052019e-05
1.0,1,0.9640862345695496
1.0,0,0.04326580464839935
1.0,1,0.9115751385688782
1.0,1,0.9869193434715271
0.0,0,0.0011298733297735453
0.0,0,2.591229076642776e-06
1.0,1,0.9690617918968201
0.0,0,0.006418902426958084
1.0,1,0.9191176891326904
0.0,1,0.7588229775428772
1.0,1,0.9999942779541016
0.0,0,0.08411040902137756
1.0,1,0.3688461482524872
0.0,0,0.00011108090257039294
1.0,1,0.990558385848999
1.0,1,0.9999727010726929
0.0,0,0.0677325651049614
0.0,0,0.0009348775492981076
0.0,0,0.10856850445270538
0.0,0,0.0019286087481305003
1.0,1,0.906596302986145
0.0,0,0.0003871737280860543
1.0,1,0.4362487494945526
1.0,0,0.13319188356399536
0.0,0,0.0007473959703929722
1.0,0,0.05461101979017258
0.0,0,0.1408408284187317
0.0,0,0.0023557429667562246
0.0,0,0.008806774392724037
1.0,1,0.862260639667511
0.0,0,0.00018717104103416204
0.0,0,0.0008993221563287079
1.0,0,0.038491979241371155
0.0,0,0.00012919977598357946
1.0,1,0.9999027252197266
0.0,0,0.0001487910922151059
0.0,0,0.001393571961671114
0.0,0,0.0006867160554975271
0.0,0,1.2643789887079038e-05
1.0,1,0.7010452747344971
0.0,0,0.1501925140619278
0.0,0,0.0016401649918407202
0.0,0,0.020832249894738197
1.0,0,0.08071887493133545
0.0,1,0.6226891279220581
0.0,0,0.0016459891339764
1.0,0,0.020421762019395828
1.0,1,0.9990594983100891
1.0,1,0.9671379327774048
1.0,1,0.9983935952186584
1.0,1,0.5995826721191406
1.0,1,0.9999302625656128
0.0,0,7.217493839561939e-05
1.0,1,0.9999010562896729
0.0,0,0.0027651661075651646
0.0,0,0.12774346768856049
1.0,1,0.6676585674285889
1.0,1,0.9999837875366211
0.0,0,8.846726996125653e-05
1.0,1,0.9996789693832397
0.0,0,0.2129729986190796
0.0,1,0.8594304919242859
0.0,1,0.5761914253234863
1.0,1,0.9964210987091064
0.0,0,0.002356274053454399
1.0,1,0.896440327167511
0.0,1,0.7468658089637756
0.0,0,0.009538005106151104
1.0,1,0.9999738931655884
0.0,0,0.010838541202247143
0.0,1,0.4182754456996918
0.0,1,0.7799496650695801
0.0,0,0.0001821050827857107
1.0,1,0.29887476563453674
1.0,1,0.996464729309082
0.0,0,0.00019594373588915914
0.0,0,4.6622571971965954e-05
1.0,1,0.8452991843223572
1.0,1,0.9999892711639404
1.0,1,0.9634408354759216
0.0,0,3.268755244789645e-05
1.0,1,0.8580399751663208
0.0,0,0.04478068649768829
1.0,1,0.3271278738975525
1.0,0,0.07702379673719406
0.0,0,2.5887295578286285e-06
0.0,0,0.00032868169364519417
0.0,0,0.11284205317497253
0.0,0,0.0003320941177662462
1.0,1,0.9994102716445923
1.0,1,0.9978575110435486
0.0,0,0.0027731696609407663
1.0,1,0.9997468590736389
1.0,1,0.8895763754844666
0.0,0,0.006094773765653372
0.0,0,0.00026301053003408015
0.0,0,0.017965015023946762
0.0,0,8.614765829406679e-05
0.0,0,0.002352479612454772
1.0,1,0.9938777089118958
0.0,0,0.0006908067152835429
0.0,0,0.09225700050592422
0.0,1,0.9605649709701538
1.0,1,0.9998973608016968
0.0,1,0.9408610463142395
0.0,0,0.08245661109685898
0.0,0,0.0005561755388043821
0.0,0,0.0008481118711642921
0.0,0,0.004106669221073389
0.0,0,0.05658966675400734
1.0,1,0.9998264908790588
0.0,0,0.0008259809110313654
0.0,0,0.0014687777729704976
1.0,1,0.9999934434890747
1.0,1,0.9999912977218628
0.0,0,0.010118956677615643
0.0,0,0.012210369110107422
1.0,1,0.9997130036354065
0.0,0,0.006676675286144018
0.0,0,0.07170487195253372
0.0,0,0.0029304521158337593
0.0,0,7.613937214046018e-06
1.0,1,0.9995377063751221
1.0,1,0.8905656933784485
1.0,1,0.8468517065048218
1.0,1,0.9760105609893799
0.0,0,0.000935554679017514
0.0,0,2.425657476123888e-05
0.0,0,0.00013463411596603692
0.0,0,0.00024253928859252483
0.0,1,0.30542242527008057
1.0,1,0.9987741112709045
0.0,0,0.002590352203696966
1.0,1,0.9992938041687012
1.0,1,0.9998563528060913
1.0,0,6.627209222642705e-05
0.0,0,0.0030796898063272238
0.0,0,0.0010355031117796898
1.0,1,0.9999542236328125
0.0,0,0.002673953305929899
1.0,1,0.9998629093170166
0.0,0,0.006078527309000492
1.0,1,0.7903416752815247
0.0,0,0.0008202622411772609
1.0,1,0.9462651014328003
1.0,1,0.9602554440498352
1.0,1,0.973362147808075
0.0,0,0.0011438581859692931
1.0,1,0.9243628978729248
1.0,1,0.9997844099998474
0.0,0,0.03839961811900139
1.0,1,0.911945104598999
0.0,0,0.07681750506162643
0.0,0,0.0004649579350370914
1.0,1,0.9928378462791443
0.0,0,0.0036677904427051544
0.0,0,0.0001101436500903219
1.0,1,0.98868727684021
0.0,0,0.025426587089896202
1.0,1,0.9999940395355225
1.0,1,0.4343508780002594
0.0,0,0.0004885882372036576
0.0,0,0.003914319910109043
0.0,0,0.0008449155720882118
0.0,0,0.0007194493664428592
1.0,1,0.9644814133644104
0.0,0,0.0013764066388830543
0.0,0,0.04721233248710632
0.0,0,0.08916415274143219
0.0,0,0.1804373562335968
0.0,0,0.024769853800535202
1.0,1,0.9994755387306213
1.0,1,0.9954871535301208
0.0,0,0.0012215530732646585
0.0,0,5.414976112660952e-05
1.0,1,0.7912173271179199
0.0,0,0.0004472599539440125
0.0,0,0.004613781347870827
0.0,0,0.0004488761769607663
1.0,1,0.35171225666999817
1.0,1,0.9266749024391174
1.0,1,0.9969573020935059
0.0,0,0.029182586818933487
1.0,1,0.9984601736068726
1.0,0,0.03574802353978157
0.0,0,0.011666219681501389
0.0,0,0.001450014766305685
0.0,0,0.001870128558948636
1.0,1,0.988980770111084
1.0,1,0.9802811741828918
0.0,0,0.006360929924994707
1.0,1,0.9277711510658264
0.0,0,0.02711709588766098
1.0,1,0.9986332058906555
0.0,0,0.00035099012893624604
0.0,0,2.9611937861773185e-05
0.0,0,0.0010090167634189129
0.0,0,0.001473550801165402
1.0,1,0.9970543384552002
0.0,0,0.004909501876682043
0.0,0,0.0007901015924289823
0.0,0,0.0005898245726712048
0.0,0,0.021358219906687737
0.0,0,0.12284509837627411
1.0,1,0.9994468092918396
0.0,0,6.013841993990354e-05
0.0,0,3.0310269721667282e-05
0.0,0,0.0006603709771297872
0.0,0,0.00014992314390838146
1.0,1,0.9830731153488159
0.0,0,3.066927456529811e-05
1.0,1,0.9910219311714172
0.0,0,0.007949474267661572
0.0,0,0.01694369688630104
0.0,0,0.005202907603234053
1.0,1,0.9987245202064514
1.0,1,0.703360378742218
0.0,0,5.083705764263868e-05
0.0,0,0.014832958579063416
1.0,1,0.9999963045120239
0.0,0,0.13466045260429382
0.0,0,0.0001052078150678426
0.0,0,0.000377227202989161
1.0,1,0.995396077632904
1.0,1,0.9994912147521973
0.0,0,0.02963445894420147
1.0,1,0.9887567162513733
1.0,1,0.9781644344329834
1.0,1,0.9736683964729309
0.0,0,0.009196365252137184
0.0,1,0.3543066084384918
0.0,0,0.0016602909890934825
1.0,1,0.9983489513397217
0.0,0,0.0084439218044281
0.0,0,4.45582736574579e-05
0.0,0,0.004959620535373688
0.0,1,0.9322168231010437
0.0,0,0.002127963351085782
0.0,0,0.014289145357906818
1.0,1,0.999708354473114
0.0,1,0.22572508454322815
0.0,0,0.00695860106498003
0.0,0,8.246123798016924e-06
0.0,1,0.42517682909965515
0.0,0,0.0013265180168673396
0.0,0,0.0011937870876863599
1.0,1,0.9998666048049927
0.0,1,0.2637357711791992
0.0,0,0.03200599178671837
0.0,0,9.900571603793651e-05
0.0,0,0.02925891987979412
1.0,1,0.9972364902496338
0.0,1,0.7633760571479797
0.0,0,0.003795914351940155
1.0,1,0.9981744289398193
0.0,0,8.636827260488644e-05
1.0,1,0.8570562601089478
0.0,0,0.015239579603075981
0.0,0,0.006383292376995087
0.0,0,0.004703400656580925
0.0,0,0.00036914838710799813
0.0,0,0.003313469933345914
1.0,1,0.9996284246444702
0.0,1,0.5207152962684631
1.0,1,0.9955381155014038
0.0,0,2.0042938558617607e-05
0.0,0,1.3658267562277615e-05
0.0,1,0.9929019808769226
1.0,1,0.5401497483253479
1.0,1,0.9979228377342224
0.0,0,3.863276106130797e-06
0.0,0,0.04110265150666237
0.0,0,0.04239385575056076
1.0,1,0.9995647072792053
0.0,0,0.11368114501237869
1.0,0,0.09280358999967575
1.0,1,0.9966161847114563
0.0,0,2.1564594135270454e-05
1.0,1,0.9999997615814209
1.0,1,0.9750460982322693
1.0,1,0.9836809635162354
0.0,0,0.004478528629988432
1.0,1,0.37547677755355835
1.0,1,0.9992863535881042
1.0,1,0.9999876022338867
1.0,1,0.9996057152748108
0.0,1,0.377931147813797
0.0,0,0.0008910638280212879
0.0,0,0.011571056209504604
1.0,1,0.6918743252754211
0.0,0,0.00014460911916103214
0.0,0,0.033916495740413666
0.0,0,0.0010147937573492527
0.0,0,0.007977765053510666
0.0,0,0.010783850215375423
0.0,1,0.8691444993019104
1.0,1,0.7564738988876343
1.0,1,0.24826660752296448
1.0,1,0.999038815498352
1.0,1,0.9912235736846924
1.0,1,0.9991636276245117
1.0,1,0.5015222430229187
0.0,0,0.020122770220041275
1.0,1,0.9827905893325806
1.0,1,0.8950859904289246
1.0,0,0.04405129700899124
0.0,0,0.061681509017944336
1.0,1,0.2808966040611267
0.0,0,0.0011731203412637115
1.0,1,0.9884856939315796
0.0,0,0.02438860759139061
1.0,1,0.9999010562896729
0.0,1,0.5570958852767944
0.0,0,0.0889105424284935
0.0,0,0.007011443842202425
0.0,0,0.006516532506793737
0.0,0,0.0019358128774911165
0.0,0,0.0005405409610830247
1.0,0,0.032829735428094864
0.0,0,0.0328143835067749
0.0,0,0.002999064512550831
0.0,1,0.31216564774513245
1.0,1,0.9940251708030701
1.0,1,0.9878588318824768
1.0,0,0.031207440420985222
0.0,0,0.0003126039227936417
0.0,0,0.00025478305178694427
1.0,1,0.8827423453330994
0.0,0,0.005901216994971037
1.0,1,0.8417006134986877
0.0,0,0.0009608572581782937
0.0,0,0.0012356473598629236
0.0,1,0.7283670902252197
1.0,1,0.3873070776462555
1.0,1,0.9954519867897034
0.0,1,0.2407032996416092
0.0,0,3.214969183318317e-05
1.0,1,0.9978972673416138
1.0,1,0.9980986714363098
0.0,0,0.00019471564155537635
0.0,0,0.03436053916811943
0.0,0,0.10191241651773453
1.0,1,0.7797720432281494
1.0,1,0.9981718063354492
1.0,1,0.9997251629829407
0.0,0,0.02519611082971096
0.0,0,0.00036564559559337795
0.0,0,0.000575272599235177
1.0,1,0.9992483258247375
0.0,0,0.011442483402788639
0.0,0,0.013897347263991833
0.0,0,0.053449101746082306
0.0,0,0.0009120934410020709
1.0,1,0.9952338337898254
0.0,0,0.007226993329823017
0.0,0,0.011916553601622581
0.0,0,7.354230183409527e-05
1.0,1,0.9852446913719177
1.0,0,0.002327083609998226
0.0,0,0.0020731526892632246
0.0,0,0.013565040193498135
0.0,0,0.0004887519753538072
1.0,1,0.9958277344703674
1.0,1,0.6007809042930603
0.0,0,0.0012937455903738737
0.0,0,0.0008813046733848751
1.0,1,0.9782191514968872
1.0,1,0.5588994026184082
1.0,1,0.4131886065006256
0.0,0,0.05323236808180809
0.0,0,0.00031091092387214303
0.0,0,0.02505943365395069
0.0,1,0.6806514859199524
0.0,0,0.0008492816123180091
1.0,1,0.33591729402542114
1.0,1,0.29979509115219116
0.0,0,0.0032322017941623926
1.0,1,0.8787624835968018
0.0,0,0.0008473844500258565
0.0,0,0.0013378659496083856
0.0,0,0.0033014556393027306
1.0,1,0.48348841071128845
0.0,0,0.001288532163016498
0.0,0,0.017260337248444557
1.0,1,0.9999998807907104
0.0,0,7.336145063163713e-05
1.0,1,0.5403721332550049
0.0,0,0.002851972822099924
1.0,1,0.9886908531188965
0.0,0,0.0069665987975895405
0.0,0,0.023675478994846344
0.0,0,0.0016378751024603844
0.0,0,0.0009855625685304403
0.0,0,0.0002857643994502723
0.0,0,0.00016393436817452312
0.0,1,0.9984036087989807
1.0,1,0.9766632914543152
0.0,0,0.01034972257912159
1.0,1,0.8425117135047913
0.0,0,0.016180654987692833
0.0,0,0.018234126269817352
0.0,0,0.00548563664779067
0.0,0,0.02848910354077816
1.0,1,0.999342143535614
0.0,0,4.9538157327333465e-05
0.0,0,0.05762592703104019
0.0,1,0.9869201183319092
0.0,0,0.0031315337400883436
1.0,1,0.9999723434448242
0.0,1,0.7199420928955078
1.0,1,0.9964706897735596
0.0,0,0.0021967492066323757
1.0,1,0.9949847459793091
1.0,1,0.9995480179786682
0.0,1,0.7379345297813416
0.0,0,0.005970952101051807
1.0,1,0.9999836683273315
1.0,1,0.8311939239501953
0.0,0,0.017213478684425354
0.0,0,0.00019603212422225624
1.0,1,0.9952844977378845
0.0,0,0.040985435247421265
0.0,1,0.6054551601409912
1.0,1,0.6059009432792664
1.0,1,0.8576826453208923
0.0,0,0.00025979155907407403
1.0,1,0.9995874762535095
1.0,1,0.9981876015663147
0.0,0,0.00032945562270469964
1.0,1,0.9656489491462708
0.0,0,0.0060096909292042255
1.0,1,0.8570113778114319
0.0,0,0.0019492277642711997
1.0,1,0.7916504144668579
0.0,0,2.773963933577761e-05
0.0,0,0.005350105464458466
1.0,1,0.9949939846992493
1.0,1,0.9997023940086365
1.0,1,0.9999533891677856
0.0,0,0.00011565215390874073
1.0,1,0.9781952500343323
0.0,0,0.00431862473487854
0.0,0,0.000255071819992736
1.0,1,0.9999669790267944
0.0,0,0.0011589156929403543
0.0,1,0.6844450831413269
1.0,1,0.9991378784179688
0.0,0,0.0007695811218582094
1.0,1,0.9999686479568481
1.0,1,0.9904531240463257
1.0,1,0.9988632202148438
0.0,1,0.3345370888710022
1.0,1,0.9981294274330139
1.0,1,0.9912089109420776
1.0,1,0.9955241680145264
0.0,0,1.5545081623713486e-05
0.0,1,0.32578107714653015
1.0,1,0.9962816834449768
0.0,0,0.0003688087745103985
0.0,0,6.639233470195904e-05
1.0,0,0.0035177741665393114
0.0,0,0.0010040035704150796
0.0,0,0.00017006687994580716
0.0,0,0.0001574302586959675
1.0,1,0.9645897746086121
0.0,0,0.0355939082801342
0.0,0,0.0024969330988824368
0.0,0,0.00032414833549410105
1.0,1,0.9999780654907227
0.0,0,0.0004788987571373582
1.0,1,0.9983175992965698
0.0,0,4.665192318498157e-05
1.0,1,0.9990793466567993
1.0,1,0.9837275743484497
1.0,1,0.9987565279006958
1.0,1,0.9721812605857849
0.0,0,0.04217280074954033
0.0,0,0.00011452563194325194
1.0,1,0.9994813799858093
0.0,0,0.08053433150053024
1.0,0,0.0007238113903440535
1.0,1,0.9999099969863892
1.0,1,0.8255293369293213
1.0,0,0.18855521082878113
0.0,0,0.0013472004793584347
0.0,0,1.2265028999536298e-05
0.0,0,0.00037946595693938434
1.0,1,0.9988272786140442
0.0,0,0.004719164222478867
0.0,0,0.0010491792345419526
0.0,1,0.9995530247688293
1.0,1,0.999823272228241
0.0,1,0.24094828963279724
1.0,0,0.06336887925863266
1.0,1,0.9990785121917725
1.0,1,0.9994041919708252
1.0,1,0.9979988932609558
0.0,0,0.00021187828679103404
1.0,1,0.8324949741363525
0.0,0,0.003333014203235507
0.0,0,0.013470873236656189
1.0,1,0.9182535409927368
0.0,0,0.0004189152386970818
1.0,0,0.19907282292842865
0.0,0,0.002177425194531679
1.0,1,0.9999666213989258
0.0,0,0.17206695675849915
0.0,0,0.06222698092460632
0.0,0,0.00514922384172678
0.0,1,0.9582093954086304
0.0,1,0.3440002202987671
0.0,0,0.00550590455532074
0.0,0,0.0008762880461290479
1.0,0,0.03424118459224701
0.0,0,0.0006224722601473331
1.0,1,0.9998477697372437
1.0,1,0.938517153263092
1.0,1,0.9999544620513916
0.0,0,3.143664071103558e-05
0.0,0,0.09175654500722885
1.0,1,0.999382734298706
1.0,1,0.9995416402816772
1.0,1,0.6560581922531128
0.0,0,0.03625376150012016
1.0,1,0.9969620108604431
0.0,0,2.8026335712638684e-05
0.0,0,0.08245499432086945
0.0,1,0.7007797956466675
0.0,0,0.005021356977522373
0.0,0,0.006473014131188393
0.0,0,0.03583137318491936
0.0,0,0.0002361428050789982
0.0,0,0.040359389036893845
0.0,0,0.01187423337250948
0.0,0,0.005333120469003916
1.0,1,0.5552229285240173
1.0,1,0.996581494808197
1.0,1,0.9769391417503357
1.0,1,0.9987311959266663
1.0,1,0.9988815188407898
0.0,0,0.011228482238948345
0.0,0,0.00022722224821336567
1.0,1,0.8028197884559631
1.0,1,0.9825962781906128
0.0,0,0.02074064314365387
0.0,0,0.0031674797646701336
0.0,0,0.0006082550971768796
1.0,1,0.9972121119499207
0.0,0,0.08000217378139496
1.0,1,0.970966637134552
0.0,0,0.01748036965727806
1.0,0,0.0012672159355133772
1.0,1,0.9806554317474365
1.0,0,0.0007729538483545184
0.0,0,0.01928948424756527
0.0,0,0.12370534986257553
0.0,0,0.0012028440833091736
1.0,1,0.9990813732147217
1.0,1,0.8839166760444641
1.0,1,0.8010402321815491
0.0,0,0.00039024732541292906
0.0,0,0.014718493446707726
0.0,0,0.03678107261657715
0.0,0,0.053464192897081375
1.0,1,0.9450017809867859
0.0,0,0.06995952129364014
0.0,0,0.09180624783039093
1.0,1,0.9990780353546143
1.0,1,0.9989610910415649
0.0,0,0.02137899212539196
0.0,0,0.002342844847589731
0.0,0,0.0024035251699388027
0.0,0,0.00021975109120830894
1.0,1,0.9776753783226013
1.0,1,0.9980400204658508
0.0,0,0.00011735452426364645
0.0,1,0.4314400553703308
0.0,0,0.004323905799537897
0.0,1,0.2819903492927551
1.0,1,0.9976235032081604
1.0,1,0.8498647809028625
0.0,1,0.7169452905654907
1.0,1,0.45267874002456665
1.0,1,0.998588502407074
0.0,0,0.001398551044985652
0.0,0,0.00013969387509860098
0.0,0,2.8495569495134987e-05
0.0,0,0.0004887179238721728
0.0,0,0.00909904669970274
1.0,1,0.9917457699775696
0.0,0,0.0027792449109256268
0.0,0,0.00022592089953832328
1.0,1,0.9827848076820374
0.0,0,0.008217799477279186
0.0,0,0.04442549869418144
1.0,1,0.983695387840271
0.0,1,0.8309319615364075
0.0,0,0.00016741311992518604
0.0,0,0.0033781614620238543
0.0,0,0.008467594161629677
1.0,1,0.9994745850563049
0.0,0,0.11977624893188477
1.0,1,0.8927790522575378
0.0,0,0.003043288830667734
0.0,0,0.00015470758080482483
0.0,0,7.013451977400109e-05
0.0,0,0.0012321807444095612
0.0,0,6.514914275612682e-05
1.0,1,0.9426196813583374
1.0,0,0.010953448712825775
0.0,0,5.291881461744197e-05
1.0,1,0.9999704360961914
0.0,0,0.00015654184971936047
1.0,1,0.9999608993530273
1.0,1,0.9927109479904175
1.0,1,0.9991331696510315
0.0,0,0.007339969743043184
1.0,1,0.5447537302970886
0.0,0,0.0009293685434386134
0.0,0,0.004113063216209412
0.0,0,0.0009079540614038706
0.0,0,0.005610414315015078
1.0,1,0.9999946355819702
1.0,1,0.9999908208847046
1.0,1,0.9945488572120667
0.0,1,0.8920698165893555
0.0,0,0.007309860549867153
0.0,0,0.041194964200258255
0.0,0,0.000826947158202529
1.0,1,0.9998262524604797
1.0,1,0.7010312080383301
0.0,0,0.10096818208694458
0.0,0,0.0029352044221013784
0.0,0,0.002691623056307435
1.0,1,0.851416289806366
1.0,1,0.987784743309021
0.0,0,0.0002462398842908442
1.0,1,0.9960622191429138
0.0,0,0.0004781258467119187
0.0,0,1.3617910553875845e-05
0.0,0,0.0025390402879565954
0.0,0,0.002162791322916746
0.0,0,0.003640218172222376
1.0,1,0.9552188515663147
0.0,0,0.009494256228208542
0.0,0,0.00012450545909814537
0.0,0,0.00011196867853868753
0.0,0,0.0015547386137768626
0.0,0,0.1542172133922577
1.0,1,0.9930241107940674
0.0,1,0.3111908733844757
0.0,0,0.02169172465801239
0.0,0,0.0008535119704902172
0.0,0,0.00011326505045872182
0.0,0,1.9189779777661897e-05
0.0,0,0.04324934259057045
0.0,1,0.7018858194351196
0.0,0,0.0001302656310144812
1.0,1,0.7040126323699951
0.0,1,0.692575991153717
1.0,1,0.9465566873550415
0.0,0,0.00420127809047699
0.0,0,0.0026205372996628284
0.0,1,0.9967233538627625
1.0,1,0.9994807839393616
0.0,0,0.00012676713231485337
0.0,0,9.683575626695529e-05
0.0,1,0.2952050566673279
0.0,0,0.03366117551922798
1.0,1,0.9990084767341614
1.0,1,0.9470003843307495
0.0,1,0.9861315488815308
0.0,1,0.39217692613601685
1.0,1,0.9264353513717651
0.0,0,2.6839525162358768e-05
1.0,1,0.9909654855728149
0.0,0,0.02243136428296566
0.0,0,0.0017786462558433414
0.0,0,0.028450006619095802
0.0,1,0.8734232783317566
1.0,1,0.8978438377380371
1.0,1,0.987672746181488
0.0,0,0.0011750500416383147
1.0,1,0.9845995306968689
0.0,0,0.00014669919619336724
1.0,1,0.7582443952560425
0.0,0,0.00012728068395517766
1.0,1,0.991715133190155
1.0,1,0.9977904558181763
1.0,1,0.9271493554115295
0.0,0,0.008870478719472885
1.0,1,0.9990848302841187
0.0,0,0.07645753026008606
0.0,0,0.001557954354211688
1.0,1,0.9814094305038452
0.0,0,1.0961232874251436e-05
1.0,1,0.99967360496521
1.0,1,0.9838320016860962
1.0,1,0.9988204836845398
0.0,1,0.999940037727356
1.0,1,0.9999997615814209
1.0,1,0.9997430443763733
0.0,0,6.043795292498544e-05
0.0,1,0.8563458323478699
0.0,0,0.014817371964454651
0.0,0,0.00010558137728367001
0.0,0,0.004019852261990309
0.0,1,0.9953715205192566
0.0,0,0.001589493709616363
1.0,1,0.7358033657073975
0.0,0,0.005236018914729357
1.0,1,0.7370606660842896
1.0,1,0.9942975640296936
1.0,1,0.9999924898147583
0.0,0,0.004839995410293341
1.0,1,0.9937544465065002
1.0,1,0.9932029247283936
0.0,0,0.052959755063056946
1.0,1,0.9990323781967163
0.0,0,0.014464183710515499
0.0,0,6.676113844150677e-05
0.0,0,2.2331119907903485e-05
0.0,0,0.0002702283672988415
1.0,1,0.9824932813644409
0.0,0,0.08983541280031204
0.0,0,0.0003975059080403298
0.0,1,0.9587033987045288
0.0,0,0.00013592533650808036
1.0,1,0.9992601275444031
0.0,0,0.005883157253265381
1.0,1,0.9994876384735107
0.0,0,0.0006127665983512998
0.0,0,0.0012608362594619393
1.0,1,0.9902974963188171
1.0,1,0.9713447690010071
0.0,0,0.003324468620121479
0.0,0,0.0016847187653183937
0.0,0,0.012036478146910667
0.0,0,0.00020032361499033868
0.0,0,0.010657240636646748
1.0,1,0.999176561832428
0.0,0,0.12033581733703613
0.0,0,0.04710051044821739
1.0,1,0.9786878824234009
1.0,1,0.9986847043037415
0.0,0,0.0012892159866169095
0.0,0,6.131718237156747e-06
1.0,1,0.999932050704956
1.0,1,0.9970801472663879
0.0,0,0.0007098076748661697
1.0,1,0.9997844099998474
0.0,0,0.01440866757184267
1.0,1,0.9999874830245972
0.0,0,0.0012666875263676047
0.0,0,0.00042186491191387177
1.0,1,0.9331566691398621
0.0,0,0.0008594191749580204
0.0,0,0.004021826665848494
0.0,0,0.013705105520784855
0.0,0,0.007172129582613707
0.0,0,0.0037396352272480726
0.0,0,2.5060910502361367e-06
1.0,1,0.9998160004615784
0.0,0,0.0011399703798815608
1.0,1,0.9977951049804688
0.0,0,0.03999229893088341
0.0,0,0.12964437901973724
1.0,1,0.9882928729057312
0.0,0,0.001888442668132484
0.0,0,0.022158419713377953
1.0,1,0.9999700784683228
1.0,1,0.9999605417251587
1.0,0,0.05744675174355507
0.0,0,7.166427531046793e-05
1.0,1,0.9989979863166809
0.0,0,0.0012456771219149232
1.0,1,0.9981243014335632
0.0,1,0.41771918535232544
0.0,0,0.05845814198255539
1.0,1,0.35335952043533325
0.0,0,0.0022442738991230726
0.0,0,0.01670701429247856
0.0,0,0.001306932303123176
0.0,1,0.6530500650405884
1.0,0,0.002327258698642254
1.0,1,0.7627133131027222
1.0,1,0.9814426302909851
0.0,0,0.0001537626958452165
0.0,0,0.00015399980475194752
1.0,1,0.9830777049064636
0.0,1,0.23243235051631927
0.0,0,9.826119821809698e-06
1.0,1,0.732370913028717
0.0,0,0.01816653273999691
0.0,0,0.00015546918439213187
0.0,0,0.014430596493184566
1.0,1,0.9957398176193237
1.0,1,0.2852807939052582
0.0,0,0.005821162834763527
0.0,0,6.001273141009733e-05
0.0,0,0.0298718623816967
0.0,0,0.04052461311221123
1.0,1,0.9897738099098206
0.0,0,0.00012072398385498673
1.0,1,0.9983620047569275
0.0,0,6.743361154804006e-05
0.0,0,0.0013217296218499541
0.0,0,0.14039961993694305
0.0,0,0.01749422587454319
1.0,1,0.9847780466079712
1.0,1,0.9982452392578125
1.0,1,0.8917092084884644
1.0,1,0.9398228526115417
1.0,1,0.9981650710105896
0.0,0,0.022443203255534172
1.0,1,0.9997230172157288
1.0,1,0.23461051285266876
0.0,0,0.0036647249944508076
0.0,0,0.001364056603051722
1.0,1,0.9933619499206543
0.0,0,0.08324971050024033
1.0,1,0.9932577610015869
1.0,1,0.9765674471855164
0.0,0,0.08333666622638702
1.0,1,0.9999970197677612
1.0,1,0.9994621872901917
1.0,1,0.9905524253845215
1.0,1,0.9479937553405762
0.0,0,0.010344425216317177
0.0,0,0.006517224013805389
1.0,1,0.7549787759780884
0.0,0,0.0011627371422946453
0.0,0,0.02904132939875126
1.0,1,0.9545027017593384
0.0,0,0.0013424558565020561
1.0,1,0.9956426620483398
1.0,0,0.03374136611819267
1.0,1,0.9710015654563904
0.0,0,0.01392658706754446
1.0,1,0.9904024600982666
0.0,1,0.8981064558029175
1.0,1,0.7065128684043884
1.0,1,0.8109636306762695
0.0,0,0.1206309124827385
0.0,0,0.021801967173814774
1.0,1,0.9998824596405029
1.0,1,0.9892957806587219
1.0,0,0.003487619571387768
0.0,0,0.0006659688078798354
1.0,0,0.19309531152248383
0.0,0,0.0004214131331536919
1.0,1,0.993812084197998
1.0,1,0.7794748544692993
1.0,1,0.9996426105499268
0.0,0,7.542081675637746e-06
1.0,1,0.6887253522872925
1.0,1,0.9981895089149475
1.0,1,0.9975011944770813
0.0,0,0.0015345826977863908
1.0,1,0.866837203502655
0.0,0,0.025702642276883125
1.0,1,0.8918381929397583
0.0,0,0.004347309935837984
0.0,1,0.949428915977478
1.0,1,0.7010819911956787
0.0,1,0.3007330298423767
1.0,1,0.9998413324356079
0.0,0,0.003123739268630743
0.0,0,0.00011213237303309143
1.0,1,0.9915534853935242
1.0,1,0.9570319652557373
0.0,0,0.05871787667274475
1.0,1,0.9993699193000793
0.0,0,0.01614266075193882
0.0,0,0.0001526543201180175
0.0,0,0.010838291607797146
0.0,1,0.8503797054290771
0.0,1,0.5956852436065674
0.0,1,0.27920180559158325
1.0,1,0.22657769918441772
1.0,1,0.9607499837875366
1.0,1,0.9867866039276123
0.0,0,0.0023317658342421055
1.0,1,0.9998906850814819
1.0,1,0.8463996648788452
1.0,1,0.9926113486289978
0.0,0,0.01879332773387432
0.0,0,0.0203713309019804
1.0,1,0.999660849571228
1.0,1,0.9999957084655762
0.0,0,0.0019014819990843534
1.0,1,0.9636211395263672
0.0,0,0.005510821007192135
0.0,0,4.9732698244042695e-05
1.0,1,0.23509512841701508
1.0,1,0.9987510442733765
0.0,0,0.0008603068999946117
0.0,0,0.03935231640934944
1.0,1,0.5804619193077087
0.0,0,0.06409993767738342
1.0,1,0.9987534284591675
1.0,1,0.8485059142112732
1.0,1,0.9993441700935364
0.0,0,0.010623829439282417
1.0,1,0.7162178754806519
1.0,0,0.021188005805015564
1.0,1,0.9983514547348022
0.0,0,0.005891887005418539
0.0,0,0.00030524207977578044
0.0,0,9.136174048762769e-05
0.0,0,0.0006584928487427533
1.0,1,0.30561375617980957
0.0,0,0.00048221705947071314
0.0,0,0.1980545073747635
0.0,1,0.5500749349594116
1.0,1,0.572655975818634
0.0,0,0.0008457311778329313
0.0,0,0.00018825961160473526
0.0,0,8.593645907239988e-05
1.0,1,0.9999946355819702
0.0,0,0.00188105134293437
1.0,1,0.9941887855529785
0.0,0,0.001364530180580914
0.0,0,0.00022405548952519894
1.0,1,0.9985613226890564
0.0,0,6.30301728961058e-05
1.0,1,0.8632258772850037
0.0,0,0.036892130970954895
0.0,0,0.002166588557884097
0.0,0,0.0009270969312638044
0.0,0,0.06891390681266785
0.0,0,3.111856130999513e-05
0.0,0,0.03622383624315262
0.0,0,0.0019172574393451214
0.0,0,0.001977439969778061
0.0,0,0.0005021780380047858
1.0,1,0.30630993843078613
0.0,1,0.9982088804244995
0.0,0,0.004181149881333113
1.0,1,0.9316467642784119
1.0,1,0.9990255832672119
0.0,0,0.0025060614570975304
0.0,0,0.04476776719093323
0.0,1,0.9911870360374451
1.0,1,0.9999982118606567
0.0,0,0.005340020637959242
1.0,1,0.9980881810188293
0.0,0,0.00017601069703232497
0.0,0,0.0006546289660036564
0.0,0,0.0021322970278561115
0.0,0,0.00011876441567437723
1.0,1,0.36726662516593933
1.0,1,0.9583794474601746
1.0,1,0.9999850988388062
0.0,0,0.00031713093630969524
1.0,1,0.9704620242118835
0.0,0,5.450791650218889e-05
0.0,1,0.8103494048118591
1.0,1,0.9924401044845581
0.0,0,0.0003751223557628691
1.0,1,0.9399207830429077
0.0,0,0.00010061761713586748
1.0,1,0.9999793767929077
1.0,1,0.9774670004844666
0.0,0,0.0006374581716954708
0.0,0,0.0017486154101788998
1.0,1,0.5766837000846863
1.0,1,0.5451319217681885
0.0,0,0.007889113388955593
0.0,0,0.11619172245264053
0.0,0,0.0018065416952595115
0.0,0,0.00018868641927838326
0.0,0,0.012247152626514435
0.0,0,0.0015513167018070817
1.0,1,0.9989878535270691
0.0,0,0.012196206487715244
0.0,0,0.016089431941509247
0.0,1,0.8380775451660156
0.0,0,0.00952876079827547
0.0,0,8.115331183944363e-06
1.0,0,0.004674961324781179
0.0,0,0.0008270082762464881
0.0,0,0.028894945979118347
1.0,1,0.9971976280212402
0.0,0,0.001025247504003346
0.0,1,0.9631196856498718
1.0,1,0.9424052238464355
1.0,1,0.9999998807907104
1.0,1,0.8260871767997742
0.0,0,0.00016740594583097845
0.0,0,0.004414514172822237
1.0,1,0.9916006326675415
0.0,0,0.0011193414684385061
1.0,1,0.9994910955429077
0.0,0,2.8282205676077865e-05
1.0,1,0.9993084669113159
1.0,1,0.9888598918914795
1.0,1,0.9057542681694031
0.0,0,7.794234988978133e-06
1.0,1,0.9998058676719666
0.0,0,0.0007907682447694242
1.0,1,0.9955803751945496
1.0,1,0.9970890879631042
0.0,0,0.012225573882460594
1.0,1,0.848694384098053
1.0,1,0.941586971282959
0.0,0,0.0019162766402587295
1.0,1,0.9972149133682251
1.0,1,0.9996731281280518
0.0,0,0.00807128194719553
0.0,0,8.867208089213818e-05
0.0,0,0.12635813653469086
0.0,0,0.004106768872588873
1.0,1,0.9975002408027649
0.0,0,0.0024421701673418283
1.0,1,0.9322197437286377
0.0,0,0.008776946924626827
1.0,1,0.9998997449874878
0.0,1,0.819872260093689
0.0,0,0.00010245625162497163
0.0,0,4.683538918470731e-06
1.0,1,0.7061098217964172
0.0,0,0.0018357926746830344
0.0,0,0.0009282897226512432
0.0,0,0.0739496573805809
1.0,1,0.9960399866104126
0.0,0,0.002357162069529295
0.0,1,0.2712506055831909
1.0,1,0.8689484000205994
0.0,0,6.823260628152639e-05
1.0,1,0.9738830924034119
0.0,1,0.6880329251289368
0.0,1,0.24247385561466217
0.0,0,0.0856439471244812
1.0,0,0.04263985902070999
0.0,0,6.454762478824705e-05
1.0,1,0.9999769926071167
1.0,1,0.8734626770019531
1.0,1,0.9491031169891357
1.0,0,0.21737100183963776
0.0,0,0.00020659358415286988
1.0,1,0.9998257756233215
1.0,1,0.9747050404548645
1.0,1,0.9996660947799683
0.0,0,0.00015578749298583716
0.0,0,0.0001302385499002412
0.0,0,0.04725733399391174
0.0,0,0.011788565665483475
1.0,0,0.196334108710289
0.0,0,0.00022738956613466144
0.0,0,1.5210654055408668e-05
0.0,1,0.9851323962211609
1.0,1,0.9998955726623535
1.0,1,0.9935072660446167
1.0,1,0.9996764659881592
0.0,0,0.02580902725458145
0.0,0,0.008869635872542858
1.0,1,0.993080198764801
0.0,0,0.009620619006454945
0.0,0,0.00029096531216055155
0.0,0,0.0002484495926182717
0.0,0,0.0021876944229006767
1.0,1,0.9989578723907471
1.0,1,0.8863333463668823
0.0,1,0.26084887981414795
0.0,0,0.00015945971244946122
1.0,1,0.5388835072517395
0.0,0,0.0010713606607168913
1.0,1,0.9999790191650391
0.0,0,0.1553693562746048
1.0,1,0.9766140580177307
1.0,1,0.9999864101409912
0.0,0,0.0017840227810665965
0.0,0,0.04048353061079979
1.0,1,0.9986250400543213
0.0,0,1.4001160707266536e-05
1.0,1,0.999947190284729
1.0,1,0.9946651458740234
0.0,0,0.0001518808858236298
0.0,0,0.00030902493745088577
0.0,0,0.00025164245744235814
0.0,0,0.0011680645402520895
0.0,0,0.0029976204968988895
0.0,0,0.0006490870146080852
0.0,0,0.005583731457591057
0.0,0,0.15314894914627075
0.0,0,0.0005795263568870723
1.0,1,0.9998867511749268
1.0,1,0.8322101831436157
1.0,1,0.9983944296836853
0.0,0,0.018689719960093498
1.0,1,0.999893069267273
0.0,0,0.01737908460199833
1.0,1,0.9996480941772461
0.0,0,0.02324504777789116
1.0,1,0.9954609274864197
0.0,0,0.005558948963880539
0.0,0,0.00022264996368903667
0.0,1,0.9720027446746826
0.0,1,0.7374725341796875
1.0,1,0.9113764762878418
1.0,0,0.007495223544538021
1.0,1,0.9992000460624695
0.0,1,0.2820867896080017
1.0,1,0.9933904409408569
0.0,1,0.23204827308654785
0.0,0,0.00943627581000328
1.0,1,0.9980620741844177
0.0,0,0.00040637393249198794
0.0,0,0.007617597002536058
0.0,0,0.0006137368036434054
0.0,0,0.0009552799165248871
1.0,1,0.350212037563324
1.0,1,0.9888533353805542
1.0,1,0.9999638795852661
1.0,1,0.8928504586219788
1.0,1,0.956544816493988
1.0,1,0.989281177520752
0.0,0,7.22782569937408e-05
0.0,0,0.00021432561334222555
0.0,1,0.9924362301826477
0.0,0,0.0011795239988714457
0.0,1,0.901961088180542
1.0,1,0.7699763774871826
1.0,0,0.04365802928805351
1.0,1,0.9842401742935181
0.0,0,0.0064971307292580605
0.0,0,0.027647124603390694
0.0,0,0.005316976923495531
1.0,1,0.9992690682411194
1.0,1,0.9956747889518738
1.0,0,0.1516983062028885
0.0,0,0.0028171383310109377
0.0,0,0.00012467238411772996
0.0,0,0.0002804253017529845
1.0,1,0.9917933344841003
1.0,1,0.8511248230934143
0.0,1,0.5582961440086365
0.0,1,0.4253714382648468
0.0,0,0.00023815016902517527
0.0,0,0.0023762001655995846
1.0,1,0.6817855834960938
0.0,0,0.00903404038399458
0.0,0,0.012262245640158653
1.0,1,0.9874324798583984
1.0,1,0.4400622248649597
0.0,1,0.9616188406944275
1.0,1,0.9997486472129822
0.0,1,0.2957662343978882
0.0,0,2.334821692784317e-05
1.0,1,0.9999580383300781
1.0,1,0.9950527548789978
1.0,1,0.9894747734069824
0.0,0,0.0073712109588086605
0.0,0,0.0019538565538823605
1.0,0,0.2070913463830948
0.0,0,0.00012625106319319457
1.0,1,0.9980190992355347
0.0,0,0.0003778593963943422
0.0,0,0.10192369669675827
0.0,0,5.265463187242858e-05
1.0,1,0.22917427122592926
1.0,0,0.12680667638778687
0.0,0,0.023354990407824516
0.0,0,0.0009043881436809897
0.0,0,9.049362415680662e-05
0.0,0,0.08714251965284348
0.0,1,0.8517918586730957
0.0,0,0.00030471375794149935
0.0,1,0.27443256974220276
0.0,0,0.000722445547580719
0.0,0,0.005514763295650482
0.0,0,0.00012960797175765038
0.0,0,0.0014519665855914354
0.0,0,0.002468684921041131
0.0,0,0.0006644210661761463
0.0,0,0.004104587249457836
0.0,0,0.006109969224780798
0.0,1,0.8812171220779419
1.0,1,0.9999110698699951
0.0,0,0.003955070860683918
0.0,0,0.004525531083345413
1.0,0,0.039050616323947906
0.0,0,0.00040560297202318907
0.0,1,0.6309824585914612
1.0,1,0.9985172152519226
0.0,0,0.00015589225222356617
1.0,1,0.7409830689430237
0.0,0,0.015197032131254673
1.0,1,0.6633927822113037
1.0,1,0.724183976650238
0.0,0,0.005040490068495274
0.0,1,0.6881080269813538
0.0,0,0.002107350155711174
0.0,0,0.0009387056925334036
0.0,0,0.010519561357796192
0.0,0,0.0030909215565770864
0.0,0,0.004386714193969965
0.0,1,0.2725866734981537
0.0,0,0.009707161225378513
0.0,0,0.00028110682615078986
0.0,0,0.0003263038524892181
1.0,0,0.052868932485580444
0.0,0,0.19847449660301208
0.0,0,0.0009153062128461897
1.0,1,0.9999462366104126
1.0,1,0.9961989521980286
1.0,1,0.36120036244392395
0.0,0,0.0005863832775503397
0.0,0,0.0002097140677506104
0.0,0,0.00028092035790905356
0.0,0,0.030323628336191177
1.0,1,0.9792056679725647
0.0,0,0.00032066277344711125
0.0,0,0.000953877461142838
1.0,1,0.8165087103843689
0.0,0,2.1819740140927024e-05
0.0,0,1.6538866475457326e-05
0.0,0,1.9078161130892113e-05
0.0,0,0.002181160030886531
1.0,1,0.8721636533737183
0.0,1,0.9694059491157532
1.0,1,0.948135495185852
0.0,0,0.007080169394612312
1.0,1,0.9999876022338867
0.0,1,0.3170856535434723
1.0,0,0.05845827981829643
1.0,1,0.9794768691062927
1.0,1,0.9367339611053467
1.0,1,0.7001184821128845
0.0,0,0.02987627126276493
1.0,1,0.9936123490333557
1.0,1,0.9991186261177063
0.0,1,0.5150779485702515
0.0,0,0.16936840116977692
0.0,0,0.0002170161169487983
0.0,0,0.20146659016609192
0.0,0,0.048296693712472916
1.0,0,0.14728954434394836
0.0,0,0.0754181370139122
1.0,1,0.7841600179672241
1.0,1,0.8893039226531982
0.0,0,5.819972648168914e-05
0.0,0,0.0008445977582596242
0.0,0,0.00033369968878105283
0.0,1,0.6527060270309448
0.0,0,0.0003204063978046179
0.0,0,0.004499594680964947
0.0,1,0.4080250859260559
1.0,1,0.8474373817443848
0.0,0,0.0049985903315246105
1.0,1,0.7598916888237
1.0,0,0.0001897718757390976
1.0,1,0.989935576915741
0.0,0,0.012630537152290344
1.0,1,0.9932976365089417
1.0,1,0.34363439679145813
0.0,0,0.0001275973772862926
1.0,1,0.9980314373970032
0.0,0,0.0093755554407835
0.0,0,0.003127993317320943
0.0,1,0.9617079496383667
0.0,0,4.9142395255330484e-06
1.0,1,0.9999637603759766
1.0,1,0.9606909155845642
0.0,0,0.17243166267871857
0.0,0,7.598529191454872e-05
0.0,0,0.00016630592290312052
1.0,1,0.9927669763565063
1.0,1,0.9998838901519775
1.0,1,0.9989129304885864
1.0,1,0.9730609655380249
0.0,0,7.118280336726457e-05
0.0,0,0.027148481458425522
0.0,0,0.013992523774504662
0.0,0,0.005166919436305761
1.0,1,0.8536553978919983
0.0,1,0.7217176556587219
0.0,0,0.02308710105717182
1.0,1,0.8559604287147522
1.0,0,0.03854959458112717
0.0,0,6.996337469900027e-05
1.0,1,0.999186098575592
0.0,0,0.0013315151445567608
0.0,1,0.6673632860183716
1.0,1,0.9979859590530396
0.0,0,0.0027528926730155945
0.0,0,8.071901538642123e-05
1.0,1,0.998706579208374
0.0,0,0.004065325483679771
0.0,0,2.2432377591030672e-05
1.0,0,0.04454377293586731
0.0,0,0.0011903345584869385
0.0,1,0.749534010887146
0.0,0,3.4174856409663334e-05
1.0,1,0.9906942844390869
0.0,1,0.7756672501564026
1.0,1,0.9999014139175415
1.0,1,0.9931600093841553
0.0,0,0.11943018436431885
1.0,1,0.972489058971405
1.0,1,0.9396541118621826
1.0,1,0.9924446940422058
0.0,0,0.00013903422222938389
0.0,0,0.0002915340010076761
0.0,0,0.00022911182895768434
0.0,0,0.08466345816850662
0.0,0,0.0006864173337817192
0.0,0,0.005976411513984203
0.0,0,0.04108471795916557
1.0,1,0.9987047910690308
1.0,1,0.9982082843780518
0.0,0,0.00016594475891906768
0.0,0,6.873514212202281e-05
1.0,1,0.3784061372280121
0.0,0,0.00011420925875427201
0.0,0,4.6598615881521255e-05
0.0,0,0.0005398083012551069
0.0,0,0.19821378588676453
1.0,1,0.9874373078346252
0.0,0,0.21164661645889282
1.0,1,0.9999713897705078
0.0,0,0.00046882519382052124
0.0,0,0.002165380632504821
1.0,1,0.9724829792976379
1.0,1,0.8087360262870789
1.0,1,0.9996707439422607
0.0,0,0.0001601279800524935
1.0,1,0.9333734512329102
0.0,0,0.002076722914353013
1.0,1,0.9286531209945679
0.0,0,0.00014797018957324326
0.0,0,0.001178942620754242
1.0,1,0.9942877888679504
0.0,1,0.9931216835975647
1.0,1,0.9993705153465271
1.0,1,0.9962410926818848
0.0,1,0.8982097506523132
1.0,1,0.3262019455432892
0.0,0,0.1629258245229721
0.0,0,1.766514833434485e-05
0.0,0,0.007256121840327978
0.0,0,0.0031900133471935987
1.0,1,0.9999943971633911
1.0,1,0.9979004859924316
0.0,0,0.000395654613384977
0.0,0,0.008896722458302975
0.0,0,0.00031234085327014327
1.0,1,0.9703152179718018
0.0,0,0.00019497890025377274
1.0,1,0.9995397329330444
1.0,1,0.3732600808143616
0.0,0,0.07223597913980484
1.0,1,0.9892929792404175
1.0,1,0.9990103244781494
1.0,1,0.9790300130844116
0.0,0,0.04154520481824875
1.0,1,0.984670877456665
1.0,1,0.9996024966239929
0.0,0,8.271125261671841e-05
0.0,0,0.034538887441158295
1.0,1,0.7076503038406372
1.0,0,0.012216249480843544
1.0,1,0.9995929598808289
0.0,0,0.00010264058073516935
0.0,0,0.00899070780724287
1.0,1,0.43532615900039673
1.0,1,0.9988465309143066
1.0,1,0.9683855772018433
0.0,0,0.006686273030936718
0.0,0,0.014501064084470272
1.0,1,0.9998223185539246
0.0,0,0.0001431169075658545
1.0,1,0.8644056916236877
1.0,1,0.9999510049819946
1.0,1,0.9952027797698975
1.0,1,0.5583820939064026
1.0,1,0.999997615814209
0.0,0,0.025124650448560715
1.0,1,0.9998005032539368
1.0,1,0.9977042078971863
0.0,1,0.6319146752357483
0.0,0,0.0494006983935833
0.0,0,0.006505609955638647
0.0,0,1.0972504469464184e-06
0.0,0,0.02754238061606884
0.0,1,0.9809040427207947
0.0,0,0.00037424665060825646
1.0,1,0.41588324308395386
0.0,0,0.0001644573058001697
1.0,0,0.11370708048343658
0.0,0,0.03963690623641014
1.0,1,0.990896999835968
0.0,0,0.13202287256717682
1.0,1,0.9754496812820435
1.0,0,0.12625274062156677
1.0,1,0.48699846863746643
0.0,0,0.0029528909362852573
0.0,0,0.006927387323230505
0.0,0,0.0004452182038221508
1.0,1,0.9999991655349731
1.0,0,0.0008049671887420118
0.0,0,0.0058374530635774136
0.0,0,0.00910942628979683
1.0,1,0.9998879432678223
1.0,1,0.9999302625656128
1.0,1,0.9988368153572083
0.0,0,0.00015821837587282062
0.0,1,0.8927128314971924
0.0,0,0.0038415915332734585
1.0,1,0.907902717590332
0.0,0,0.0006328938179649413
1.0,1,0.9999624490737915
0.0,0,0.017990591004490852
1.0,1,0.6185277700424194
1.0,1,0.5619731545448303
0.0,0,0.0009359139949083328
1.0,1,0.9999892711639404
0.0,0,0.00033256967435590923
0.0,0,5.705741841666168e-06
1.0,0,0.05574646219611168
1.0,1,0.8283926248550415
1.0,1,0.99983811378479
0.0,0,2.390148256381508e-05
1.0,1,0.9999396800994873
0.0,1,0.5254369378089905
1.0,0,0.010779527015984058
1.0,1,0.9550883769989014
1.0,1,0.9913397431373596
0.0,0,0.13989128172397614
1.0,1,0.9811289310455322
0.0,0,0.0014365154784172773
0.0,0,0.07233898341655731
1.0,1,0.982231855392456
0.0,1,0.6669753789901733
1.0,1,0.9990015625953674
0.0,1,0.9722625017166138
0.0,0,0.009856602177023888
0.0,0,8.232285472331569e-05
1.0,1,0.9029664397239685
0.0,0,7.63076968723908e-05
1.0,1,0.9944531321525574
0.0,0,0.027013204991817474
0.0,0,0.001298193004913628
1.0,1,0.99886155128479
1.0,1,0.9996733665466309
1.0,1,0.9714767932891846
1.0,1,0.996966540813446
0.0,0,3.241793456254527e-05
0.0,0,0.0014902849216014147
0.0,0,0.0008640831802040339
0.0,0,7.813294359948486e-05
0.0,0,0.012863335199654102
0.0,0,0.004033762961626053
0.0,0,0.0012452472001314163
0.0,0,0.002393063623458147
0.0,0,0.0008122641011141241
1.0,1,0.997081458568573
0.0,0,0.0618472583591938
0.0,1,0.31236380338668823
0.0,0,0.027927739545702934
0.0,0,0.0018838539253920317
0.0,0,2.430909444228746e-05
1.0,1,0.9981303811073303
0.0,0,0.00031212472822517157
1.0,1,0.8931728601455688
0.0,0,0.1439938247203827
0.0,0,0.0025846015196293592
1.0,1,0.9876943826675415
1.0,1,0.9999985694885254
1.0,1,0.9972347617149353
1.0,1,0.9982531666755676
1.0,1,0.9243419170379639
0.0,0,2.854694685083814e-05
0.0,0,0.011947519145905972
0.0,0,3.534290226525627e-05
0.0,0,5.784990935353562e-05
1.0,1,0.9873513579368591
0.0,0,0.000188845515367575
0.0,0,0.004230006132274866
0.0,1,0.43927717208862305
0.0,0,0.0013114548055455089
0.0,1,0.5371346473693848
1.0,1,0.9999575614929199
1.0,1,0.8624478578567505
1.0,1,0.9999876022338867
0.0,0,0.0003652611339930445
1.0,1,0.9996589422225952
1.0,1,0.9947998523712158
0.0,0,0.03427824005484581
1.0,1,0.9998576641082764
1.0,1,0.9986419081687927
1.0,1,0.9999425411224365
0.0,1,0.24998199939727783
0.0,0,0.00019309381605125964
1.0,1,0.5120412111282349
0.0,1,0.861361563205719
0.0,1,0.9765317440032959
0.0,0,0.001824345556087792
0.0,0,0.0008557839901186526
1.0,0,0.1957135945558548
1.0,1,0.9725885987281799
1.0,1,0.9999508857727051
0.0,0,0.005650016944855452
0.0,0,0.0001655357627896592
0.0,1,0.3236483335494995
1.0,1,0.9926359057426453
0.0,0,0.19746121764183044
0.0,0,0.0006635196623392403
0.0,1,0.5737667679786682
0.0,0,0.001223439467139542
0.0,1,0.9021044373512268
1.0,1,0.9816344380378723
1.0,1,0.49421384930610657
1.0,0,0.11147555708885193
0.0,0,0.0020549313630908728
0.0,0,0.0004991961759515107
1.0,1,0.48900580406188965
0.0,0,0.0005489528411999345
0.0,0,0.029046282172203064
1.0,1,0.22638824582099915
0.0,0,1.0289993952028453e-05
1.0,1,0.9993368983268738
0.0,1,0.857873260974884
0.0,1,0.9343884587287903
0.0,0,6.537979061249644e-05
0.0,1,0.9909310340881348
0.0,0,0.018305188044905663
0.0,0,0.003595224814489484
1.0,1,0.9982101917266846
0.0,0,9.338080417364836e-05
1.0,0,0.050258293747901917
0.0,0,0.043354108929634094
0.0,1,0.4483189880847931
0.0,0,0.0015416382811963558
1.0,1,0.979539155960083
0.0,0,0.04002249985933304
0.0,0,0.011425687931478024
0.0,0,0.0007706298492848873
1.0,1,0.3645457923412323
0.0,0,3.116539301117882e-05
0.0,0,0.000335597840603441
0.0,0,0.00021354520868044347
1.0,1,0.9966758489608765
1.0,1,0.9968400001525879
0.0,0,0.0016831308603286743
0.0,0,0.00017746910452842712
0.0,0,0.009193750098347664
0.0,1,0.5594531297683716
0.0,0,2.5378931240993552e-05
0.0,0,0.0011172294616699219
0.0,0,0.008108416572213173
1.0,1,0.37535861134529114
0.0,0,0.0005749266711063683
1.0,1,0.9999449253082275
0.0,0,0.0004212734056636691
1.0,1,0.998636782169342
0.0,0,0.0003404113231226802
0.0,0,0.0001985015405807644
1.0,1,0.997283935546875
1.0,1,0.996934175491333
0.0,0,0.0016125092515721917
1.0,1,0.9998334646224976
1.0,1,0.9999605417251587
0.0,0,0.0028529709670692682
0.0,0,0.0006320583052001894
0.0,0,0.00011522790737217292
1.0,1,0.9981949925422668
1.0,1,0.5228258967399597
1.0,1,0.9995978474617004
1.0,0,0.0007614382775500417
0.0,0,0.00023095199139788747
0.0,0,0.0005364545504562557
0.0,0,0.004784229211509228
1.0,1,0.987329363822937
0.0,0,5.410820813267492e-05
0.0,0,0.00030505386530421674
0.0,0,0.02755247987806797
1.0,1,0.5896369814872742
0.0,0,0.01589859463274479
1.0,1,0.9171390533447266
0.0,0,0.0009358667302876711
1.0,1,0.9836024045944214
0.0,0,0.0015271998709067702
1.0,1,0.9999420642852783
1.0,1,0.9999561309814453
0.0,0,0.006395331583917141
0.0,0,0.010057332925498486
1.0,1,0.9964832067489624
1.0,1,0.9974575638771057
0.0,0,4.47718812210951e-05
0.0,0,0.002315180143341422
0.0,0,0.0016518599586561322
0.0,1,0.6967166066169739
1.0,1,0.9986720085144043
1.0,0,0.019838593900203705
1.0,1,0.9995669722557068
1.0,1,0.999370276927948
0.0,0,0.00016656683874316514
1.0,1,0.9773361086845398
0.0,0,0.0010426497319713235
0.0,0,0.0012669757707044482
0.0,0,0.0037589033599942923
1.0,1,0.9998353719711304
0.0,1,0.8762519359588623
1.0,1,0.8182081580162048
1.0,1,0.8270055651664734
0.0,0,0.0012590818805620074
0.0,0,0.0033785097766667604
1.0,1,0.9832879900932312
0.0,0,0.002594785066321492
1.0,1,0.9981216788291931
0.0,0,0.003620211035013199
1.0,1,0.8739917874336243
0.0,1,0.9963885545730591
1.0,1,0.9588657021522522
1.0,0,0.008115407079458237
0.0,0,0.004012556746602058
0.0,0,0.003523686435073614
0.0,0,0.00042192364344373345
0.0,1,0.7209727168083191
0.0,0,0.004065647721290588
1.0,1,0.9967107772827148
0.0,0,0.00016652046178933233
0.0,0,1.0723524610511959e-05
1.0,1,0.9693462252616882
0.0,0,0.00010489729174878448
0.0,0,0.00014570313214790076
1.0,1,0.9795817136764526
1.0,1,0.9992691874504089
1.0,1,0.993134617805481
0.0,0,0.00021258958440739661
0.0,0,0.000246104464167729
1.0,1,0.9803047776222229
0.0,0,0.00010417477460578084
1.0,1,0.797702968120575
1.0,1,0.9960001111030579
1.0,1,0.9997839331626892
0.0,0,0.0004463259829208255
1.0,1,0.9818350076675415
1.0,1,0.8687328696250916
0.0,0,0.0010530570289120078
1.0,1,0.9999127388000488
0.0,0,0.14041033387184143
1.0,1,0.26639577746391296
1.0,1,0.9991030693054199
0.0,0,0.025434304028749466
0.0,0,0.060242146253585815
0.0,1,0.7386787533760071
0.0,0,0.17084278166294098
0.0,0,0.05805731192231178
1.0,1,0.9998801946640015
0.0,1,0.6564186215400696
0.0,0,0.0008501163683831692
1.0,0,9.651808068156242e-05
1.0,1,0.3007625639438629
0.0,0,0.009796679951250553
0.0,0,7.069358980515972e-05
1.0,1,0.9766743183135986
1.0,1,0.8231463432312012
0.0,1,0.5393370389938354
1.0,1,0.6815128326416016
0.0,0,0.02403027005493641
0.0,0,0.040956903249025345
0.0,0,0.0001404482318321243
0.0,0,0.005305555183440447
0.0,0,0.0016815811395645142
1.0,1,0.9999475479125977
0.0,1,0.34187138080596924
0.0,0,3.5229699278716e-05
1.0,1,0.9998281002044678
1.0,1,0.9953562617301941
0.0,0,0.000861035194247961
0.0,0,1.4893586921971291e-05
0.0,0,0.002791708568111062
0.0,0,9.49374443734996e-05
0.0,1,0.29281431436538696
0.0,1,0.2559210956096649
0.0,1,0.895148754119873
0.0,1,0.3181936740875244
1.0,1,0.9956796765327454
1.0,1,0.9741784930229187
0.0,0,0.0033490636851638556
0.0,0,0.008274305611848831
0.0,0,0.0004927068948745728
0.0,0,0.00035636420943774283
0.0,0,0.0027129370719194412
1.0,1,0.9863259196281433
0.0,0,0.0004429639666341245
1.0,1,0.9200460314750671
0.0,0,0.015452130697667599
0.0,0,8.243424963438883e-05
1.0,1,0.9543564319610596
1.0,1,0.93752521276474
0.0,0,4.8715792217990384e-05
0.0,1,0.3417800962924957
0.0,0,0.027769938111305237
0.0,0,0.0036579864099621773
0.0,0,3.667456621769816e-05
1.0,1,0.9973801970481873
0.0,0,0.0011530052870512009
1.0,1,0.9967431426048279
1.0,1,0.9984241724014282
0.0,0,2.6821403480425943e-06
0.0,0,0.0028503851499408484
0.0,0,0.0002127430634573102
1.0,1,0.9981828331947327
1.0,1,0.9973949193954468
1.0,1,0.9981639981269836
0.0,0,0.000564114423468709
0.0,0,0.00014519428077619523
1.0,1,0.9524983167648315
1.0,0,0.16698528826236725
1.0,1,0.9589064717292786
1.0,1,0.9980588555335999
0.0,0,0.0006985275540500879
1.0,1,0.9967710375785828
1.0,1,0.9977371692657471
1.0,1,0.9942368268966675
0.0,0,0.04219064116477966
0.0,0,0.0011184817412868142
1.0,1,0.9290866255760193
0.0,0,0.0001970243320101872
0.0,0,0.00021582179761026055
0.0,0,0.0053634182550013065
1.0,1,0.9908455014228821
0.0,0,0.0005636769346892834
1.0,0,0.052267152816057205
0.0,1,0.7403542995452881
1.0,1,0.9990359544754028
1.0,1,0.9984726309776306
1.0,1,0.9997187256813049
0.0,1,0.4738190472126007
1.0,1,0.8916307091712952
0.0,0,0.11979295313358307
1.0,1,0.5052408576011658
0.0,0,0.0020011025480926037
1.0,1,0.9892310500144958
0.0,0,0.006267336197197437
1.0,1,0.9999960660934448
1.0,0,0.004127196967601776
0.0,0,6.8544477471732534e-06
0.0,0,4.586518116411753e-05
1.0,1,0.9998878240585327
1.0,1,0.9914058446884155
0.0,1,0.9782819151878357
0.0,0,0.0024506684858351946
0.0,0,0.0012987308437004685
1.0,1,0.99962317943573
1.0,1,0.762729287147522
0.0,0,0.0009770371252670884
0.0,1,0.3084544539451599
0.0,0,0.09038946032524109
1.0,1,0.4482763707637787
0.0,0,5.2656392654171214e-05
1.0,1,0.9998267292976379
0.0,0,6.656419282080606e-05
1.0,1,0.9987419247627258
0.0,0,0.009141246788203716
1.0,1,0.964076817035675
1.0,1,0.9997910857200623
0.0,0,0.006101158447563648
1.0,1,0.9946444034576416
1.0,1,0.9992653727531433
1.0,1,0.9974138736724854
1.0,1,0.9995582699775696
1.0,0,0.051541876047849655
0.0,0,9.007181688502897e-06
1.0,1,0.9999105930328369
1.0,1,0.9999316930770874
0.0,1,0.23090523481369019
1.0,1,0.9988208413124084
0.0,0,0.0006787643651477993
0.0,1,0.979961633682251
1.0,1,0.9606741666793823
1.0,1,0.9569088220596313
0.0,0,0.0002682699414435774
0.0,0,0.0008828864083625376
1.0,1,0.999734103679657
1.0,1,0.9998286962509155
1.0,1,0.9997650980949402
0.0,1,0.6202726364135742
1.0,1,0.9509021639823914
1.0,1,0.9990671277046204
0.0,0,0.00019800967129413038
1.0,1,0.9999778270721436
0.0,0,0.04166067764163017
1.0,1,0.9774948954582214
0.0,0,0.0009475675178691745
1.0,1,0.958069920539856
0.0,0,0.009313294664025307
0.0,0,0.016476210206747055
0.0,0,0.1424446702003479
1.0,1,0.890952467918396
1.0,1,0.8870161771774292
0.0,0,0.00017152067448478192
1.0,1,0.9998325109481812
0.0,0,0.00010053792357211933
1.0,1,0.9994518160820007
1.0,1,0.693811297416687
1.0,1,0.94203120470047
1.0,1,0.9705125689506531
0.0,1,0.34667763113975525
1.0,1,0.9949461817741394
1.0,1,0.9997203946113586
0.0,0,0.0007865693187341094
1.0,1,0.5569106936454773
0.0,0,0.009595789015293121
0.0,0,0.10705628246068954
1.0,1,0.40949955582618713
0.0,1,0.6065821051597595
0.0,0,3.062122777919285e-05
1.0,1,0.999640703201294
1.0,1,0.9977784752845764
0.0,0,0.0005012936890125275
0.0,0,0.05738642439246178
1.0,1,0.6281413435935974
0.0,0,0.05938849598169327
1.0,0,0.146274596452713
1.0,1,0.9906750321388245
0.0,0,9.58420496317558e-05
1.0,1,0.8843640089035034
0.0,0,0.1341058909893036
1.0,1,0.9330924153327942
0.0,0,0.003060025628656149
1.0,1,0.9988123178482056
0.0,1,0.8903457522392273
1.0,1,0.9999438524246216
1.0,1,0.9997565150260925
0.0,0,0.024510344490408897
0.0,0,0.0038490998558700085
1.0,1,0.9996654987335205
1.0,1,0.9999829530715942
0.0,1,0.30463242530822754
0.0,0,0.0006977930315770209
1.0,1,0.8641745448112488
0.0,1,0.8078961372375488
1.0,1,0.9986836314201355
1.0,1,0.999908447265625
0.0,0,0.0004168301238678396
0.0,0,0.016262251883745193
0.0,0,4.363599146017805e-06
1.0,1,0.9995299577713013
0.0,0,0.0001997565705096349
0.0,0,0.0008800186915323138
1.0,1,0.9995439648628235
0.0,0,0.012260321527719498
0.0,0,0.03440463915467262
0.0,0,0.09523263573646545
1.0,1,0.7017565369606018
1.0,1,0.9996659755706787
1.0,1,0.998724639415741
0.0,0,0.007081214804202318
0.0,0,0.0069128768518567085
1.0,1,0.9892265796661377
0.0,0,0.0068006934598088264
0.0,1,0.3237946033477783
0.0,0,0.0653490275144577
1.0,1,0.995375394821167
0.0,0,0.0025370013900101185
0.0,0,0.00019131945737171918
0.0,1,0.6810581684112549
0.0,0,0.007753889542073011
1.0,1,0.9898748397827148
0.0,0,9.633577974454965e-06
1.0,1,0.2338533103466034
0.0,0,6.959255642868811e-07
0.0,0,0.001942379749380052
1.0,1,0.9996629953384399
1.0,1,0.9731570482254028
0.0,1,0.86365807056427
0.0,0,0.0004053764569107443
1.0,1,0.9956499934196472
1.0,1,0.9996752738952637
0.0,0,0.0001617145462660119
0.0,0,3.0619419703725725e-05
0.0,0,0.01302321720868349
0.0,0,6.131016561994329e-06
0.0,0,0.0006774617941118777
0.0,1,0.6124448180198669
0.0,0,0.00030440252157859504
1.0,0,0.01092544011771679
1.0,1,0.999830961227417
0.0,1,0.8985579609870911
1.0,1,0.9894663691520691
1.0,1,0.9855258464813232
1.0,1,0.995775043964386
0.0,1,0.29178348183631897
0.0,0,3.860955985146575e-05
1.0,1,0.9869376420974731
1.0,1,0.9997875094413757
0.0,0,4.213704596622847e-05
1.0,1,0.9920382499694824
1.0,1,0.9923987984657288
0.0,0,0.005058968439698219
1.0,1,0.9379554390907288
1.0,1,0.9999834299087524
0.0,0,3.5497709177434444e-05
0.0,0,0.03228368982672691
1.0,1,0.9984949827194214
0.0,0,0.014554614201188087
0.0,1,0.36650556325912476
1.0,1,0.9991957545280457
0.0,0,0.00012980685278307647
1.0,1,0.845763087272644
0.0,0,0.033248137682676315
0.0,0,0.0005244578933343291
0.0,0,1.6850340216478799e-06
0.0,0,0.07892534136772156
0.0,0,0.08151423931121826
0.0,0,0.03000548481941223
0.0,0,0.025762474164366722
0.0,0,0.0001376554137095809
1.0,1,0.999535322189331
1.0,1,0.8686279058456421
0.0,0,1.7403028323315084e-05
1.0,1,0.9848459959030151
1.0,1,0.9976202845573425
0.0,0,0.0006613787263631821
0.0,0,5.3562893299385905e-05
0.0,0,0.000480711052659899
0.0,0,0.004554182756692171
1.0,1,0.9992079138755798
1.0,1,0.9945030212402344
1.0,1,0.8111584186553955
1.0,1,0.991763710975647
1.0,0,0.013990655541419983
0.0,0,0.006068895570933819
1.0,1,0.996732234954834
0.0,0,0.00014364943490363657
1.0,1,0.9609503149986267
0.0,0,0.025918539613485336
1.0,1,0.997444748878479
0.0,0,1.0044653208751697e-05
1.0,1,0.29917460680007935
0.0,0,0.004788490477949381
1.0,1,0.9997583031654358
1.0,1,0.9998888969421387
0.0,0,0.05176915228366852
0.0,0,0.0012386214220896363
1.0,1,0.992606520652771
0.0,0,5.803855674457736e-05
0.0,0,0.0007582905236631632
1.0,1,0.8191968202590942
0.0,0,0.0014882889809086919
0.0,0,0.0019653993658721447
1.0,1,0.9979506134986877
0.0,0,0.0018313591135665774
0.0,0,0.001085291733033955
0.0,1,0.9959259033203125
0.0,0,0.009276427328586578
1.0,1,0.9992775321006775
1.0,1,0.9904326796531677
1.0,1,0.9994648098945618
0.0,0,0.004804865922778845
1.0,1,0.9980625510215759
0.0,0,0.0001744298788253218
0.0,0,0.010108797810971737
0.0,0,0.0011704046046361327
1.0,1,0.9918503165245056
0.0,1,0.9998997449874878
0.0,0,0.00020028215658385307
0.0,0,0.0030415591318160295
0.0,0,0.0015008470509201288
1.0,1,0.9992085099220276
0.0,0,0.004222766030579805
0.0,0,0.05361250042915344
1.0,0,0.0655650794506073
0.0,0,0.012737343087792397
1.0,1,0.8232523202896118
1.0,1,0.9871591329574585
0.0,1,0.5394330024719238
0.0,0,0.001279768766835332
0.0,0,0.12241696566343307
0.0,0,0.17322823405265808
1.0,1,0.9277126789093018
0.0,0,0.0005216387799009681
1.0,1,0.9999973773956299
1.0,1,0.9997249245643616
0.0,0,0.0005817103665322065
0.0,0,4.229482146911323e-05
0.0,0,0.0010563109535723925
0.0,0,0.0012549142120406032
1.0,1,0.9998598098754883
1.0,1,0.9999573230743408
0.0,0,0.21396970748901367
0.0,0,0.00040782400174066424
0.0,0,0.03754108026623726
1.0,1,0.9981198906898499
0.0,0,0.0005253819981589913
0.0,1,0.6419928073883057
1.0,1,0.9989516735076904
1.0,1,0.9999885559082031
1.0,1,0.9823046922683716
0.0,1,0.47177305817604065
0.0,0,0.0003162309294566512
0.0,0,0.0012973790289834142
1.0,1,0.9992243051528931
0.0,0,0.014795656315982342
0.0,0,0.02490346133708954
1.0,1,0.7906635999679565
1.0,1,0.9940862655639648
0.0,0,0.0009586981614120305
0.0,0,0.0006331405020318925
0.0,0,0.0056595513597130775
0.0,0,0.000151417450979352
1.0,1,0.9475705623626709
0.0,1,0.9899694323539734
0.0,0,0.025418248027563095
1.0,0,0.12455730885267258
0.0,0,2.03858940039936e-06
1.0,1,0.923651933670044
0.0,1,0.3489193916320801
0.0,0,0.03580505773425102
0.0,0,0.0022978035267442465
0.0,0,0.0042688059620559216
0.0,0,0.11851131170988083
1.0,1,0.8451458811759949
1.0,1,0.9760370254516602
0.0,0,0.019417086616158485
0.0,0,0.0010483969235792756
0.0,0,0.0001666373573243618
0.0,1,0.22894792258739471
0.0,0,0.01058700866997242
0.0,0,0.011044950224459171
1.0,1,0.6926180124282837
0.0,0,0.00015958368021529168
1.0,1,0.9496809840202332
1.0,1,0.3136207163333893
0.0,0,0.03437153995037079
0.0,0,0.009989128448069096
0.0,0,8.865103154676035e-05
0.0,0,0.003352352185174823
1.0,1,0.3612852990627289
0.0,0,0.0023847180418670177
0.0,0,0.0013554138131439686
1.0,1,0.8830830454826355
0.0,0,0.004615726415067911
0.0,0,0.0031572869047522545
0.0,0,8.910650649340823e-05
1.0,1,0.9568864107131958
1.0,1,0.8925856351852417
1.0,1,0.9995928406715393
1.0,1,0.9996429681777954
0.0,0,0.000675874063745141
0.0,0,6.214015229488723e-06
0.0,0,5.7024550187634304e-05
0.0,0,0.0004681850259657949
1.0,1,0.8550537824630737
1.0,1,0.7606079578399658
1.0,1,0.9955577254295349
1.0,1,0.9978358149528503
1.0,1,0.9633321762084961
1.0,1,0.9998983144760132
0.0,0,0.001684754155576229
1.0,1,0.9129446148872375
0.0,0,0.001707557588815689
1.0,1,0.9890462756156921
1.0,1,0.9795029163360596
0.0,0,0.004136112052947283
0.0,0,0.0016889666439965367
0.0,0,0.0034978892654180527
1.0,1,0.9999063014984131
0.0,1,0.4002242684364319
1.0,1,0.9686374068260193
0.0,1,0.44738832116127014
1.0,1,0.6773983836174011
0.0,0,0.00011430982704041526
0.0,0,0.00026319766766391695
1.0,1,0.9853245615959167
0.0,0,0.1390785127878189
0.0,0,0.03116893209517002
0.0,0,0.0011766405077651143
0.0,0,0.0003066240169573575
1.0,1,0.9998016953468323
0.0,0,0.02501513436436653
0.0,0,0.0004209787293802947
1.0,1,0.9889362454414368
1.0,1,0.9942265748977661
1.0,0,0.02417026460170746
0.0,0,0.13878631591796875
1.0,1,0.997661828994751
0.0,0,0.00017932677292264998
0.0,0,4.583846384775825e-05
0.0,1,0.2595858573913574
0.0,0,1.481670460634632e-05
1.0,1,0.9291506409645081
1.0,1,0.9984889030456543
0.0,0,3.550407200236805e-05
0.0,0,0.0023286384530365467
1.0,1,0.9768519997596741
1.0,1,0.9992015957832336
1.0,1,0.9987890124320984
0.0,0,0.014510048553347588
0.0,0,0.0017572196666151285
0.0,0,0.0002614427066873759
1.0,1,0.9996713399887085
1.0,1,0.9987519979476929
1.0,1,0.9997813105583191
0.0,0,2.916751691373065e-05
1.0,1,0.996859073638916
1.0,1,0.3387308120727539
0.0,0,0.016916006803512573
0.0,0,2.429701817163732e-05
0.0,0,0.003252115799114108
1.0,1,0.999962329864502
0.0,0,0.0002023116685450077
1.0,0,0.18132412433624268
1.0,1,0.9101123809814453
0.0,0,9.832988871494308e-05
1.0,1,0.9958885312080383
1.0,1,0.9807873964309692
1.0,1,0.9991064667701721
0.0,0,0.009732220321893692
0.0,0,0.0005135448882356286
0.0,0,0.001782500883564353
0.0,0,0.00036171451210975647
0.0,0,8.932105265557766e-05
0.0,0,0.0006726662395521998
0.0,0,0.0005786477122455835
0.0,0,0.002172187203541398
0.0,0,0.0016337306005880237
0.0,0,0.0011342971120029688
1.0,1,0.890263557434082
0.0,1,0.9762444496154785
0.0,0,0.0016093302983790636
0.0,0,0.011460264213383198
1.0,0,0.14482726156711578
0.0,1,0.8724294304847717
1.0,1,0.9997637867927551
1.0,1,0.995212197303772
1.0,1,0.9964009523391724
1.0,0,0.06071958690881729
1.0,1,0.998490571975708
0.0,0,0.20123669505119324
0.0,0,0.00011466057185316458
1.0,1,0.983960747718811
1.0,1,0.9998722076416016
1.0,1,0.9840818643569946
1.0,1,0.9996945858001709
0.0,0,0.01226877886801958
0.0,0,5.257516022538766e-05
0.0,0,0.0008158781565725803
0.0,0,0.0013818073784932494
0.0,0,0.003539157332852483
0.0,0,6.158155883895233e-05
0.0,0,0.03360835462808609
1.0,1,0.353034108877182
0.0,0,1.0451945854583755e-05
0.0,0,0.07073375582695007
1.0,1,0.999967098236084
1.0,1,0.9986366629600525
1.0,1,0.871458113193512
0.0,0,0.0001565945422044024
0.0,0,0.00033615980646573007
1.0,1,0.8883348107337952
1.0,1,0.9999226331710815
0.0,0,0.004186640959233046
0.0,0,6.759507959941402e-05
0.0,0,0.00015619563055224717
0.0,0,0.004974274896085262
0.0,1,0.9587015509605408
0.0,0,1.3045515515841544e-05
1.0,1,0.9447588324546814
0.0,0,0.00021231103164609522
1.0,1,0.9946787357330322
0.0,0,0.0008557901601307094
0.0,0,0.21793034672737122
0.0,0,0.00020477949874475598
0.0,0,0.0016063383081927896
0.0,0,0.038535889238119125
0.0,0,0.004485670942813158
0.0,0,0.0008620330481790006
0.0,0,0.002528888639062643
0.0,0,9.174274282486294e-07
0.0,1,0.6255922913551331
1.0,1,0.9980111122131348
0.0,0,0.005096320994198322
0.0,0,0.0027622117195278406
0.0,0,0.0019881404004991055
1.0,1,0.9565310478210449
1.0,1,0.9997202754020691
1.0,1,0.9999790191650391
1.0,0,0.005080454051494598
1.0,1,0.9936932325363159
0.0,0,0.00045250714174471796
0.0,0,0.06793874502182007
0.0,0,0.0006503617041744292
1.0,1,0.999714195728302
0.0,0,0.0016645122086629272
0.0,0,0.00021888180344831198
1.0,1,0.9962592124938965
1.0,1,0.9683700203895569
0.0,0,4.4353550038067624e-05
0.0,0,0.025274623185396194
0.0,0,1.4714375538460445e-05
1.0,0,0.17346790432929993
0.0,0,3.399773902401648e-07
0.0,0,0.0006982593331485987
1.0,1,0.9955398440361023
1.0,1,0.9458861947059631
0.0,0,0.0015837490791454911
1.0,1,0.9899354577064514
0.0,0,0.00012953531404491514
0.0,0,5.9973084717057645e-05
0.0,0,0.0010315944673493505
1.0,1,0.9995152950286865
0.0,0,0.0025587279815226793
1.0,1,0.9988896250724792
1.0,1,0.24018733203411102
1.0,1,0.966825008392334
0.0,0,0.002869658637791872
0.0,0,0.00011988219193881378
1.0,1,0.9996398687362671
1.0,1,0.9999562501907349
1.0,1,0.9840930700302124
0.0,1,0.27237799763679504
1.0,1,0.9999939203262329
1.0,1,0.9998084902763367
0.0,0,0.000593140022829175
0.0,0,0.0007851241389289498
1.0,1,0.9486292600631714
0.0,0,0.005906394217163324
0.0,0,0.0022999055217951536
0.0,0,0.0008755761664360762
0.0,0,4.1212908399757e-05
0.0,0,0.0015238929772749543
0.0,0,0.00011142536823172122
0.0,0,0.0008323887013830245
1.0,1,0.967574954032898
0.0,0,0.07225044816732407
0.0,0,0.00011188031203346327
0.0,0,0.005687357392162085
0.0,1,0.9401462078094482
1.0,1,0.8946676850318909
0.0,0,0.0032773767597973347
0.0,0,0.03224598616361618
1.0,1,0.37147536873817444
0.0,0,0.00013477013271767646
1.0,1,0.9882562756538391
1.0,1,0.9995427131652832
0.0,0,0.002635130425915122
1.0,0,0.17498572170734406
0.0,0,0.0027508577331900597
1.0,1,0.9974578022956848
1.0,1,0.9905085563659668
0.0,0,0.0015266815898939967
1.0,1,0.9998807907104492
1.0,0,0.11154963821172714
0.0,0,0.00930100493133068
0.0,0,0.00022527281544171274
0.0,0,0.0034547641407698393
0.0,0,0.0012258096830919385
1.0,1,0.9983402490615845
1.0,0,0.11016958206892014
0.0,0,0.0031937123276293278
0.0,0,0.01508371066302061
1.0,1,0.8600171208381653
0.0,0,0.07889583706855774
0.0,0,0.001151684788055718
0.0,0,0.00011142877337988466
1.0,1,0.9996004700660706
1.0,0,0.0047190249897539616
0.0,0,0.0004179786774329841
0.0,0,0.003602945478633046
0.0,0,0.004292991012334824
0.0,0,0.0005455336649902165
0.0,0,0.0008675522403791547
1.0,1,0.9987977743148804
1.0,1,0.9993564486503601
1.0,1,0.9993960857391357
0.0,0,0.00027306610718369484
0.0,0,0.07321552187204361
0.0,0,0.00012683302338700742
1.0,1,0.8282048106193542
0.0,0,0.00019368925131857395
1.0,1,0.9808493256568909
0.0,0,0.031687505543231964
0.0,0,0.0033393786288797855
0.0,0,0.00037580510252155364
0.0,0,0.000574639649130404
0.0,0,0.0010412550764158368
1.0,1,0.8907267451286316
0.0,0,0.0018303334945812821
1.0,1,0.9874109625816345
0.0,0,0.0005150705110281706
1.0,1,0.9904283285140991
0.0,1,0.908097505569458
0.0,0,0.19362911581993103
1.0,1,0.999923825263977
0.0,0,0.14171691238880157
1.0,1,0.9855121970176697
1.0,0,0.0449298620223999
1.0,1,0.9981417655944824
0.0,0,5.157685518497601e-05
1.0,1,0.9919248223304749
0.0,0,0.00018518671276979148
1.0,1,0.984043538570404
0.0,0,0.0664641410112381
1.0,1,0.996062695980072
1.0,1,0.9981052875518799
0.0,0,0.00031813568784855306
1.0,1,0.9999775886535645
1.0,1,0.5811066031455994
1.0,1,0.9998378753662109
0.0,0,0.07296739518642426
1.0,1,0.9233989119529724
0.0,0,0.022085214033722878
0.0,0,0.0003149134572595358
1.0,1,0.9972193241119385
1.0,1,0.9988195300102234
1.0,0,0.007245885673910379
1.0,1,0.99850994348526
0.0,0,0.0009952025720849633
1.0,1,0.9799289107322693
0.0,0,0.020462006330490112
0.0,0,0.0009515741257928312
0.0,0,0.026490334421396255
1.0,1,0.9887634515762329
0.0,0,0.07309629768133163
0.0,0,0.0009051963570527732
0.0,0,2.803125425998587e-05
0.0,0,9.969955499400385e-06
1.0,1,0.997170627117157
0.0,0,1.1106547390227206e-05
0.0,1,0.5384534001350403
0.0,0,0.014487686567008495
0.0,0,0.12538455426692963
0.0,0,0.00019454973516985774
1.0,1,0.9260123372077942
1.0,1,0.9982728958129883
0.0,0,5.39348075108137e-05
1.0,1,0.7446426153182983
1.0,1,0.999357283115387
0.0,0,0.00958754401654005
0.0,0,0.004050921648740768
0.0,0,9.833157673710957e-05
0.0,0,0.023818159475922585
0.0,0,2.2570096916751936e-05
1.0,0,0.00038758901064284146
0.0,0,0.001249452936463058
0.0,0,6.501235475298017e-05
0.0,0,0.0010557103669270873
0.0,1,0.3827492296695709
0.0,0,0.025264106690883636
0.0,1,0.3414432406425476
1.0,1,0.9991492033004761
0.0,0,0.01587526686489582
0.0,1,0.5488086342811584
0.0,0,0.0012113284319639206
0.0,0,0.005518836434930563
0.0,0,0.0006184286903589964
1.0,1,0.36474668979644775
0.0,0,0.00027414318174123764
1.0,1,0.9992095232009888
0.0,0,7.624201680300757e-05
0.0,1,0.4314756393432617
0.0,0,0.0017411105800420046
1.0,1,0.9998633861541748
1.0,1,0.9930839538574219
0.0,0,0.01694948971271515
1.0,1,0.9942286014556885
1.0,0,0.03800475597381592
0.0,0,0.08487973362207413
1.0,1,0.5543407797813416
0.0,0,6.4288951762137e-06
1.0,1,0.9847190380096436
1.0,1,0.834841787815094
0.0,0,0.08898267894983292
0.0,0,0.00017507205484434962
0.0,0,0.00048558629350736737
0.0,1,0.24643699824810028
0.0,1,0.9989204406738281
1.0,1,0.9981257319450378
0.0,1,0.594176173210144
0.0,1,0.22701624035835266
0.0,0,0.001862314878962934
0.0,0,0.0008923439309000969
0.0,0,0.0010712086223065853
1.0,1,0.9996511936187744
1.0,1,0.9995244741439819
0.0,0,3.9101419133658055e-06
1.0,1,0.9967089891433716
0.0,0,0.06447412818670273
0.0,0,2.1192523490753956e-05
0.0,0,0.04983830451965332
0.0,0,0.0027328100986778736
0.0,1,0.26961153745651245
1.0,0,0.17902278900146484
0.0,0,0.000165378165547736
0.0,0,0.00361457047984004
1.0,1,0.9956982135772705
0.0,0,0.09041829407215118
1.0,1,0.988872230052948
0.0,0,0.0009119184105657041
0.0,0,4.1996438085334376e-05
0.0,0,0.005312328226864338
1.0,1,0.9965364933013916
1.0,1,0.9979498982429504
1.0,1,0.9996022582054138
1.0,1,0.997986912727356
0.0,0,0.0001105812334571965
0.0,0,0.000727097038179636
0.0,1,0.9472991824150085
0.0,0,0.03542175143957138
1.0,0,0.18271242082118988
0.0,0,7.987474964465946e-05
0.0,0,7.741966692265123e-05
0.0,0,0.0001279394782613963
1.0,1,0.2662675082683563
1.0,1,0.7966175079345703
1.0,1,0.9254325032234192
0.0,0,0.14397689700126648
0.0,0,0.0021433960646390915
0.0,0,0.1966877579689026
1.0,1,0.999894380569458
1.0,1,0.9536400437355042
0.0,1,0.45756077766418457
1.0,1,0.9030395746231079
0.0,1,0.5569164156913757
0.0,0,0.0007635392830707133
0.0,0,0.00814748927950859
1.0,1,0.9863017797470093
0.0,0,0.004088110290467739
1.0,1,0.8583579063415527
0.0,1,0.38579344749450684
1.0,1,0.9988118410110474
1.0,0,0.0014534773072227836
0.0,0,0.06815841048955917
1.0,1,0.3388158679008484
1.0,1,0.9983831644058228
0.0,0,7.365726196439937e-05
1.0,0,0.00927727296948433
1.0,1,0.9961646795272827
0.0,0,0.0984060987830162
0.0,1,0.22657281160354614
0.0,0,0.15253056585788727
1.0,0,0.017805680632591248
0.0,0,0.006336504593491554
0.0,0,1.645962765906006e-05
0.0,0,0.00016088449046947062
1.0,1,0.9973443150520325
1.0,1,0.9999452829360962
0.0,0,3.436391489231028e-05
0.0,0,0.004841118585318327
1.0,1,0.9842893481254578
0.0,0,0.0015553707489743829
0.0,0,1.0972285963362083e-05
0.0,0,0.0006195968016982079
1.0,1,0.9981836676597595
0.0,0,0.0006594398873858154
0.0,0,0.00029341227491386235
1.0,1,0.9237765669822693
0.0,0,1.651116144785192e-05
1.0,1,0.9952452778816223
0.0,0,0.0004952656454406679
1.0,1,0.9999840259552002
1.0,1,0.9999372959136963
0.0,0,0.000527826719917357
0.0,0,0.00032537689548917115
0.0,0,0.004898909013718367
0.0,0,0.009542780928313732
0.0,0,0.0008044345886446536
0.0,0,0.001731646596454084
1.0,1,0.9998877048492432
1.0,1,0.9413899183273315
1.0,1,0.9932661056518555
0.0,0,0.000135600013891235
0.0,1,0.4829869270324707
1.0,1,0.97765052318573
0.0,0,0.0007249504560604692
0.0,0,0.00031310171470977366
1.0,0,0.000434290268458426
1.0,1,0.9999730587005615
0.0,0,0.01977451704442501
0.0,0,0.0013394762063398957
1.0,1,0.9999426603317261
1.0,1,0.39944398403167725
0.0,0,0.013346060179173946
0.0,0,0.013760608620941639
0.0,0,0.003667691256850958
0.0,0,0.01419261284172535
1.0,1,0.9038234949111938
0.0,1,0.25823405385017395
0.0,0,0.000900393002666533
0.0,1,0.9690358638763428
1.0,1,0.9683379530906677
0.0,1,0.6461702585220337
1.0,1,0.999417781829834
0.0,0,0.00021882486180402339
1.0,1,0.8697225451469421
1.0,1,0.9787902235984802
0.0,0,0.0019352894742041826
0.0,0,9.70781002251897e-06
1.0,1,0.23623155057430267
0.0,0,0.00012461046571843326
0.0,0,9.622382640372962e-05
0.0,0,0.0037918516900390387
0.0,0,0.002991272835060954
0.0,0,0.028271954506635666
0.0,0,0.00010046605166280642
0.0,1,0.25284096598625183
0.0,0,0.004306556656956673
1.0,0,0.009261749684810638
0.0,0,0.032121527940034866
1.0,1,0.9990932941436768
1.0,1,0.9930612444877625
1.0,1,0.9937314391136169
0.0,1,0.9789702296257019
1.0,1,0.9844484329223633
1.0,1,0.9999445676803589
0.0,0,0.0009456817060709
0.0,0,3.0276874895207584e-05
0.0,0,0.001865312224254012
1.0,1,0.9997473359107971
0.0,0,0.000979315722361207
0.0,0,0.022445427253842354
1.0,1,0.834664523601532
0.0,0,0.00016405181668233126
0.0,0,0.060583725571632385
1.0,1,0.7704411149024963
0.0,0,8.02690556156449e-05
1.0,1,0.9369521737098694
0.0,0,0.00017015803314279765
1.0,1,0.9986434578895569
0.0,0,0.0014210044173523784
0.0,0,0.00010263305011903867
0.0,0,0.0006430025678128004
1.0,1,0.9972665309906006
1.0,1,0.9973862767219543
0.0,0,0.0018488701898604631
0.0,0,0.003830898553133011
1.0,1,0.8892790079116821
1.0,1,0.9249531030654907
1.0,1,0.9976098537445068
0.0,0,0.013852335512638092
1.0,1,0.9999998807907104
0.0,0,0.0013963172677904367
0.0,1,0.3308764398097992
1.0,1,0.9939836859703064
1.0,1,0.9975300431251526
0.0,0,0.027497533708810806
1.0,1,0.8914709687232971
0.0,0,0.10444065928459167
1.0,1,0.9996193647384644
0.0,0,0.019811347126960754
1.0,1,0.7157537937164307
0.0,1,0.9500311613082886
1.0,1,0.9997596144676208
0.0,0,0.0004098926146980375
0.0,0,0.000517077452968806
0.0,0,0.00015005658497102559
0.0,0,0.031792957335710526
0.0,0,1.0964798093482386e-05
0.0,0,0.12884652614593506
0.0,1,0.8855132460594177
1.0,1,0.9379386305809021
0.0,0,0.003299446078017354
1.0,1,0.966116189956665
1.0,1,0.8035586476325989
1.0,0,0.06012757122516632
0.0,1,0.9655394554138184
0.0,0,0.0002012588520301506
1.0,1,0.9647828340530396
1.0,0,0.20604251325130463
0.0,0,9.03373074834235e-05
1.0,1,0.9989929795265198
0.0,1,0.5218626260757446
0.0,0,0.04081568494439125
0.0,0,0.0002920531260315329
0.0,0,0.00010060515342047438
1.0,1,0.999286949634552
0.0,0,4.3212014134041965e-05
1.0,1,0.9990220069885254
1.0,1,0.7638253569602966
0.0,1,0.25987479090690613
1.0,1,0.999984860420227
1.0,1,0.9956485629081726
0.0,1,0.9610114097595215
0.0,0,4.031361095258035e-05
1.0,1,0.999971866607666
0.0,0,0.0009842630242928863
0.0,0,8.73279495863244e-05
0.0,0,0.0385746955871582
1.0,1,0.9998121857643127
0.0,1,0.4162158668041229
1.0,1,0.9954525828361511
1.0,1,0.9501031637191772
0.0,1,0.8675352931022644
1.0,1,0.7875835299491882
1.0,1,0.9999164342880249
0.0,0,0.0017323408974334598
1.0,1,0.9989787340164185
0.0,0,3.0603157938458025e-05
0.0,0,9.947775834007189e-05
0.0,0,0.0011888309381902218
0.0,0,0.21260173618793488
0.0,0,3.551243571564555e-05
0.0,1,0.7007334232330322
1.0,1,0.9823567867279053
1.0,1,0.9995837807655334
0.0,0,6.489503721240908e-05
0.0,0,0.0010024331277236342
1.0,1,0.9989031553268433
0.0,0,0.0016271391650661826
1.0,1,0.9787200093269348
1.0,1,0.38919782638549805
1.0,1,0.9998693466186523
1.0,1,0.9995661377906799
1.0,1,0.999995231628418
0.0,0,0.011419722810387611
0.0,0,3.3113115932792425e-05
0.0,0,0.044231656938791275
0.0,0,0.0014269331004470587
0.0,1,0.8314138054847717
1.0,1,0.9962586164474487
0.0,1,0.3576621413230896
1.0,1,0.999916672706604
0.0,0,0.0031393675599247217
1.0,0,0.12902483344078064
0.0,0,0.00021240032219793648
0.0,0,0.18124322593212128
1.0,1,0.999924898147583
0.0,0,0.0008235661080107093
0.0,0,2.690041219466366e-05
0.0,0,0.008346929214894772
0.0,0,9.95648224488832e-06
0.0,0,0.010063497349619865
0.0,0,0.07557445764541626
1.0,1,0.23469626903533936
0.0,0,6.642166226811241e-06
0.0,0,0.0005433679325506091
0.0,0,0.00011186089250259101
1.0,1,0.9792296290397644
1.0,1,0.946326494216919
0.0,0,0.005322722252458334
0.0,0,0.011661998927593231
1.0,1,0.9997958540916443
1.0,1,0.9973152279853821
1.0,1,0.9252495765686035
0.0,0,0.19618165493011475
0.0,0,8.35305399959907e-06
0.0,0,0.21218331158161163
0.0,0,0.005427779629826546
0.0,0,0.0006077251164242625
0.0,0,0.13423307240009308
0.0,0,0.00927013624459505
1.0,0,0.023963406682014465
1.0,0,0.05383237823843956
0.0,0,0.003798453835770488
0.0,0,0.17304477095603943
1.0,1,0.9860401153564453
1.0,1,0.9994649291038513
0.0,1,0.23299819231033325
0.0,0,0.0031557606998831034
1.0,1,0.9998291730880737
1.0,1,0.9856284856796265
0.0,0,0.00022099012858234346
1.0,1,0.8762617707252502
1.0,1,0.7583959102630615
1.0,1,0.9974936246871948
0.0,1,0.7662811875343323
0.0,0,5.329846430868201e-07
1.0,1,0.9495433568954468
1.0,1,0.9266054034233093
0.0,1,0.5921144485473633
1.0,1,0.8994950652122498
0.0,0,0.00010948926501441747
0.0,0,0.012279646471142769
0.0,0,7.527956768171862e-05
0.0,0,4.739744690596126e-05
1.0,1,0.9994049072265625
0.0,0,0.0024730500299483538
1.0,1,0.9999679327011108
1.0,1,0.9998939037322998
1.0,1,0.9998331069946289
1.0,1,0.992026150226593
0.0,0,6.283680704655126e-05
1.0,0,0.1987837702035904
1.0,1,0.9999977350234985
1.0,0,0.17826974391937256
1.0,1,0.9999494552612305
0.0,0,0.00353538547642529
1.0,1,0.9635661244392395
0.0,0,0.08311314880847931
0.0,0,0.00012907751079183072
1.0,1,0.9999645948410034
0.0,0,0.0001227979373652488
0.0,0,1.01472014648607e-05
1.0,1,0.9087802767753601
1.0,1,0.9998584985733032
0.0,0,0.018166378140449524
0.0,0,0.00020166243484709412
0.0,1,0.3736281991004944
0.0,0,0.004526108503341675
1.0,1,0.9978063702583313
0.0,0,0.026797538623213768
1.0,1,0.9955500364303589
0.0,0,1.1751010788429994e-05
0.0,0,0.012456408701837063
0.0,0,0.0017867328133434057
1.0,1,0.9553041458129883
1.0,1,0.9650431871414185
0.0,0,0.20985530316829681
1.0,1,0.6566928029060364
0.0,0,0.15422357618808746
0.0,0,0.000646711268927902
0.0,1,0.2658514976501465
0.0,0,0.0014520101249217987
1.0,1,0.9956122636795044
1.0,1,0.9958360195159912
1.0,1,0.958784818649292
0.0,1,0.3314816355705261
0.0,0,0.000487721583340317
0.0,0,0.0012966766953468323
0.0,0,0.13895267248153687
0.0,0,0.04028921201825142
0.0,1,0.34660929441452026
0.0,0,0.0004830278630834073
0.0,0,0.015532955527305603
1.0,1,0.993736982345581
0.0,0,0.12725158035755157
0.0,0,0.00022446645016316324
0.0,0,0.00021641814964823425
1.0,1,0.9945334196090698
0.0,1,0.9995768666267395
1.0,0,0.09332706779241562
1.0,1,0.9604495763778687
0.0,0,0.00939810648560524
1.0,1,0.47882816195487976
0.0,1,0.47183138132095337
0.0,0,0.17922750115394592
1.0,1,0.9734551906585693
0.0,0,0.00015070257359184325
0.0,0,0.0020600303541868925
0.0,0,0.0009267051937058568
0.0,0,0.0008757580071687698
0.0,0,0.016838092356920242
0.0,0,0.000685462262481451
0.0,0,0.0013855008874088526
0.0,0,0.06132139638066292
0.0,0,0.13000556826591492
1.0,1,0.921163022518158
0.0,0,0.00029167329194024205
0.0,0,0.0015724344411864877
1.0,1,0.9957043528556824
1.0,1,0.9993057250976562
0.0,0,0.00012054500257363543
1.0,1,0.977929949760437
0.0,0,0.020422177389264107
1.0,1,0.9978646636009216
0.0,0,4.6893052058294415e-05
1.0,1,0.9996045231819153
0.0,0,0.006228280253708363
0.0,0,0.05327829718589783
0.0,0,0.00189945416059345
0.0,0,4.450053893378936e-06
0.0,1,0.8716387748718262
1.0,1,0.9992682337760925
0.0,0,0.19491802155971527
1.0,1,0.9957214593887329
0.0,0,0.004150393884629011
1.0,1,0.9985381364822388
0.0,0,0.0008533057989552617
0.0,0,4.663973959395662e-05
0.0,0,0.00021403768914751709
0.0,0,0.001653862651437521
0.0,0,0.1074136346578598
0.0,0,0.002539523411542177
0.0,0,7.215615187305957e-05
0.0,0,0.00018366299627814442
0.0,0,0.001565349055454135
1.0,1,0.9107171297073364
1.0,1,0.9999996423721313
1.0,1,0.925912618637085
0.0,0,7.457428728230298e-05
1.0,1,0.9995637536048889
1.0,1,0.6559415459632874
0.0,0,7.999579975148663e-05
0.0,0,0.003854247974231839
0.0,0,0.030633464455604553
1.0,1,0.9988062381744385
0.0,0,6.984225910855457e-05
1.0,1,0.9908339381217957
0.0,0,0.15431515872478485
1.0,0,0.027023376896977425
0.0,0,0.0008899748791009188
1.0,1,0.9999358654022217
0.0,0,0.009531304240226746
1.0,0,0.00020724050409626216
0.0,0,0.038023266941308975
0.0,0,0.009050613269209862
0.0,1,0.6668614149093628
0.0,0,3.363049017934827e-06
1.0,1,0.9462347030639648
0.0,1,0.8103639483451843
0.0,1,0.6258227825164795
0.0,0,0.002796377055346966
0.0,0,0.005378467496484518
1.0,0,0.0020006056874990463
1.0,0,0.02777557261288166
0.0,1,0.8633902072906494
0.0,0,0.00023388148110825568
1.0,1,0.8568376898765564
0.0,0,0.05873457342386246
1.0,1,0.9999068975448608
1.0,1,0.9998365640640259
0.0,0,2.61870700342115e-05
1.0,1,0.9988812804222107
1.0,0,0.025297680869698524
1.0,1,0.8288052082061768
1.0,1,0.9993168115615845
0.0,0,1.1945271580771077e-05
0.0,0,0.0038573727943003178
1.0,1,0.9951660633087158
0.0,0,0.035899437963962555
1.0,1,0.4341143071651459
1.0,1,0.999920129776001
1.0,1,0.9992920160293579
0.0,0,0.012121917679905891
0.0,0,4.3885025661438704e-05
0.0,0,0.009077549912035465
1.0,1,0.9970970153808594
0.0,0,0.003875552676618099
0.0,1,0.4453476667404175
0.0,0,0.0005716984160244465
1.0,1,0.9924781322479248
1.0,1,0.9861792325973511
1.0,1,0.9391129016876221
0.0,0,0.04396536573767662
1.0,1,0.9945161938667297
0.0,0,0.012762797996401787
0.0,0,3.704710616148077e-05
1.0,1,0.9994376301765442
1.0,1,0.9915691018104553
0.0,0,0.0001243008446181193
0.0,0,4.559418812277727e-05
1.0,1,0.9990956783294678
0.0,0,0.0007444264483638108
1.0,1,0.9955313801765442
0.0,0,0.06367459893226624
1.0,0,0.08574122935533524
0.0,0,0.03517762944102287
0.0,0,0.00010253542131977156
1.0,1,0.8774528503417969
0.0,0,0.00024671858409419656
1.0,1,0.9757319688796997
0.0,0,0.0042871045880019665
1.0,1,0.26615601778030396
0.0,1,0.7541224956512451
0.0,0,0.024080567061901093
0.0,0,0.00025948361144401133
1.0,1,0.9995181560516357
1.0,1,0.9999407529830933
0.0,0,0.05498352274298668
1.0,1,0.9882458448410034
1.0,1,0.9949670433998108
0.0,0,6.731327448505908e-05
0.0,0,0.006217428483068943
1.0,1,0.9898287653923035
1.0,1,0.9984387755393982
1.0,1,0.998927652835846
1.0,1,0.997752845287323
0.0,1,0.9940394163131714
1.0,1,0.9962472319602966
0.0,1,0.818697452545166
0.0,0,0.00020613943343050778
0.0,0,0.00032720694434829056
1.0,1,0.9995205402374268
0.0,0,0.0007285414612852037
1.0,0,0.07760652899742126
0.0,0,0.032960373908281326
1.0,1,0.8829342126846313
0.0,0,0.00047861470375210047
0.0,0,0.1285409778356552
1.0,1,0.9401523470878601
1.0,1,0.8135327696800232
1.0,1,0.9739833474159241
0.0,0,0.00031331341597251594
1.0,1,0.6584599018096924
1.0,1,0.9889680743217468
0.0,1,0.4236171841621399
1.0,1,0.9999382495880127
1.0,1,0.999947190284729
1.0,1,0.992553174495697
0.0,0,0.0008287473465315998
1.0,1,0.9824992418289185
0.0,0,0.04299534484744072
0.0,0,0.08434624969959259
0.0,0,0.0033970593940466642
0.0,0,0.004985202103853226
0.0,0,0.0005391010199673474
1.0,1,0.9892170429229736
0.0,0,0.007246026769280434
1.0,1,0.4280647337436676
0.0,0,7.135978376027197e-05
1.0,1,0.999984860420227
0.0,1,0.2707080841064453
0.0,0,0.0004550345183815807
0.0,0,0.00010305886826245114
1.0,1,0.9960997104644775
1.0,1,0.9994893074035645
1.0,1,0.9569754004478455
0.0,0,0.04634698107838631
0.0,0,0.0006047592614777386
1.0,1,0.9589748978614807
0.0,0,9.557782323099673e-05
1.0,1,0.9851353764533997
1.0,1,0.9994509816169739
1.0,1,0.9772434830665588
1.0,1,0.9993316531181335
1.0,1,0.7218558192253113
1.0,1,0.9999600648880005
1.0,0,0.02605443075299263
1.0,1,0.4670390486717224
0.0,1,0.81519615650177
0.0,0,5.834824150952045e-06
0.0,0,0.009734426625072956
0.0,0,0.00043522025225684047
0.0,0,5.3022868087282404e-05
0.0,0,0.18330040574073792
0.0,1,0.3712098002433777
0.0,0,0.06318675726652145
0.0,0,0.00819055549800396
1.0,0,0.05092516914010048
0.0,0,0.0004657672543544322
1.0,1,0.9997496008872986
0.0,0,0.0017373849404975772
1.0,1,0.9958849549293518
0.0,0,0.005105378571897745
1.0,1,0.9946650266647339
0.0,0,0.0007019047625362873
1.0,1,0.999756395816803
0.0,0,0.025532200932502747
0.0,0,8.077492384472862e-05
1.0,1,0.9951017498970032
1.0,1,0.9997618794441223
1.0,1,0.9998503923416138
1.0,1,0.8690866827964783
0.0,1,0.2611646354198456
0.0,0,0.0011010555317625403
1.0,1,0.5588763952255249
1.0,1,0.9991238713264465
0.0,0,0.0006001830333843827
1.0,1,0.985897421836853
1.0,1,0.9998444318771362
0.0,0,0.04642051085829735
0.0,0,0.001247741049155593
0.0,0,0.0012837705435231328
0.0,1,0.29261350631713867
0.0,0,0.00048198894364759326
0.0,0,0.00012216293544042856
1.0,1,0.9114210605621338
0.0,1,0.7937247157096863
0.0,0,0.0002015711070271209
0.0,0,0.012019836343824863
0.0,0,0.008068541064858437
1.0,1,0.9572520852088928
0.0,1,0.7834663391113281
1.0,1,0.9787388443946838
0.0,1,0.8605660796165466
0.0,0,0.05020362138748169
1.0,1,0.9939517378807068
0.0,0,0.03649597615003586
0.0,0,0.015258104540407658
1.0,0,0.00029476539930328727
1.0,1,0.9920603036880493
1.0,0,0.0018310437444597483
1.0,1,0.7934210896492004
1.0,1,0.9998254179954529
0.0,0,0.0001237714459421113
1.0,1,0.9999630451202393
1.0,1,0.9998346567153931
1.0,1,0.9974648952484131
0.0,0,0.0030717565678060055
0.0,0,0.17036040127277374
1.0,1,0.9941483736038208
0.0,0,0.004405057989060879
1.0,1,0.91566002368927
1.0,1,0.9710549712181091
0.0,0,0.00030208678799681365
1.0,1,0.7551620602607727
1.0,1,0.9993513226509094
1.0,1,0.9999123811721802
0.0,0,0.04322382062673569
0.0,0,2.2097715373092797e-06
1.0,1,0.9999042749404907
1.0,1,0.9976673126220703
0.0,0,0.0005363448872230947
0.0,0,0.0071746292524039745
0.0,0,0.004415832459926605
0.0,0,0.0003049710066989064
0.0,0,0.0005739909829571843
1.0,1,0.9989432692527771
1.0,1,0.9998489618301392
0.0,1,0.5223981738090515
0.0,0,0.05678926035761833
0.0,1,0.90837562084198
0.0,0,0.20650222897529602
0.0,0,0.010593263432383537
1.0,1,0.9990192651748657
1.0,1,0.9971911311149597
1.0,1,0.6592037677764893
1.0,1,0.999953031539917
0.0,0,5.524725929717533e-05
1.0,1,0.9999858140945435
0.0,0,0.0007196502992883325
0.0,1,0.5616949796676636
1.0,1,0.9999842643737793
0.0,0,0.005326396785676479
0.0,0,3.873963942169212e-05
0.0,0,0.007179301232099533
0.0,0,0.00014713585551362485
1.0,1,0.4656088352203369
0.0,0,0.03172304853796959
1.0,1,0.9403867125511169
0.0,0,9.605825653125066e-06
0.0,0,0.0006766071892343462
1.0,1,0.8598356246948242
0.0,0,7.649807230336592e-05
1.0,1,0.9974212646484375
1.0,1,0.9267981052398682
0.0,1,0.9647430777549744
1.0,1,0.9999706745147705
1.0,0,0.05579831451177597
0.0,0,7.03078649166855e-06
0.0,0,0.00017012898752000183
1.0,1,0.999987006187439
0.0,0,0.00012732535833492875
0.0,0,0.12557898461818695
1.0,1,0.9922096729278564
0.0,0,0.0183767881244421
1.0,1,0.8687853217124939
0.0,0,0.0002732934954110533
1.0,1,0.2931677997112274
0.0,0,0.0038892379961907864
0.0,1,0.7581876516342163
0.0,0,0.00037720781983807683
0.0,1,0.911599338054657
0.0,0,4.235223059367854e-06
1.0,1,0.5799517035484314
1.0,1,0.6865285634994507
1.0,1,0.9026128649711609
0.0,0,0.051945555955171585
0.0,0,0.026229146867990494
1.0,1,0.4857567846775055
1.0,1,0.9993045330047607
1.0,0,0.0016709085321053863
0.0,0,0.0015706043923273683
0.0,0,8.625516784377396e-05
0.0,0,0.000830045435577631
1.0,1,0.9988277554512024
1.0,0,0.00013887097884435207
1.0,1,0.9906396865844727
1.0,1,0.9999991655349731
1.0,1,0.9903083443641663
1.0,1,0.9996252059936523
1.0,1,0.9993591904640198
0.0,0,0.0002746774407569319
1.0,1,0.998421311378479
1.0,1,0.993259847164154
0.0,0,0.00562470406293869
1.0,1,0.9967737793922424
1.0,1,0.9975311160087585
0.0,0,7.152602483984083e-05
1.0,1,0.9572176933288574
1.0,1,0.9779585599899292
1.0,1,0.9912558794021606
1.0,1,0.7527959942817688
1.0,1,0.3998531103134155
1.0,1,0.9994049072265625
0.0,0,0.00047660854761488736
0.0,0,0.00014650837692897767
1.0,1,0.9802905321121216
0.0,1,0.9538430571556091
0.0,0,5.720305125578307e-06
1.0,1,0.8861221075057983
1.0,0,0.02751106023788452
0.0,1,0.30250516533851624
0.0,1,0.66816645860672
0.0,0,0.007434570696204901
1.0,1,0.9998985528945923
0.0,0,0.00015683767560403794
1.0,1,0.9661218523979187
0.0,0,0.0001715489779599011
0.0,0,0.0018188243266195059
0.0,0,0.0008157701231539249
1.0,1,0.9986610412597656
0.0,0,0.012701565399765968
1.0,1,0.9973127245903015
1.0,1,0.7476295232772827
0.0,1,0.6260526180267334
1.0,1,0.9773586988449097
1.0,1,0.9974194765090942
0.0,1,0.9574578404426575
0.0,0,0.07853545993566513
1.0,1,0.9950384497642517
1.0,1,0.9999970197677612
1.0,1,0.9999940395355225
1.0,1,0.999678373336792
0.0,0,0.03550494462251663
0.0,0,0.003331619082018733
0.0,0,0.029845938086509705
0.0,0,0.00925943162292242
0.0,0,9.254953329218552e-05
0.0,0,0.00014097070379648358
0.0,0,0.1705213040113449
0.0,1,0.875580370426178
0.0,0,0.017547931522130966
0.0,0,0.02366718091070652
0.0,0,0.12281197309494019
1.0,1,0.9951409101486206
1.0,1,0.9406015276908875
1.0,1,0.9911686182022095
1.0,1,0.9982962012290955
1.0,1,0.9999732971191406
0.0,0,0.0007355490233749151
0.0,0,0.004245274234563112
0.0,0,0.18344973027706146
0.0,0,0.0024389210157096386
0.0,0,0.00035406433744356036
0.0,0,0.020513929426670074
1.0,1,0.995016872882843
1.0,1,0.6948931217193604
0.0,0,0.00018797673692461103
0.0,0,0.012169946916401386
0.0,0,0.001813713344745338
1.0,1,0.7572036385536194
1.0,1,0.9953083395957947
0.0,0,0.007344369776546955
0.0,0,0.011224119924008846
1.0,1,0.9972546696662903
1.0,1,0.9973125457763672
0.0,0,0.0022210143506526947
1.0,1,0.9962409734725952
1.0,1,0.9990967512130737
1.0,1,0.35420405864715576
1.0,1,0.4705420434474945
1.0,1,0.9999327659606934
0.0,0,1.071618407877395e-05
1.0,1,0.9265775084495544
1.0,1,0.9995061159133911
0.0,0,0.09541928768157959
0.0,0,4.9011592636816204e-05
0.0,0,0.004359955433756113
0.0,0,0.0025084465742111206
0.0,0,0.0011827945709228516
1.0,1,0.9999849796295166
0.0,0,0.0009333150228485465
0.0,1,0.7667216658592224
1.0,0,0.03147152066230774
1.0,1,0.9998762607574463
1.0,1,0.9933276176452637
0.0,0,0.006326280068606138
0.0,0,0.00147136056330055
0.0,0,0.00041664656600914896
0.0,1,0.7376238703727722
1.0,1,0.8200979232788086
0.0,0,0.03668716177344322
0.0,0,0.006453142035752535
1.0,1,0.47756659984588623
0.0,1,0.2769104540348053
1.0,1,0.9896979928016663
0.0,0,0.0007302138255909085
0.0,0,0.044429972767829895
1.0,1,0.9337112903594971
0.0,0,0.00036034194636158645
0.0,0,0.000815088686067611
1.0,1,0.9999616146087646
1.0,0,0.07359184324741364
1.0,1,0.9997186064720154
1.0,1,0.9989425539970398
1.0,1,0.9999940395355225
0.0,0,0.0002688919485080987
1.0,1,0.9999954700469971
0.0,0,0.017608579248189926
1.0,1,0.9998445510864258
0.0,0,0.011168115772306919
0.0,0,0.0010054891463369131
1.0,1,0.9932326078414917
1.0,1,0.550359845161438
0.0,1,0.8867716789245605
0.0,0,0.01994679495692253
0.0,0,0.0007165740826167166
0.0,0,0.000387766573112458
1.0,1,0.25100648403167725
1.0,1,0.3974803388118744
1.0,1,0.9973841309547424
0.0,0,0.010739016346633434
0.0,0,0.0012400628766044974
1.0,1,0.9994614720344543
1.0,1,0.994678258895874
0.0,0,0.005540592595934868
1.0,1,0.9999531507492065
0.0,1,0.7092770934104919
1.0,1,0.9999128580093384
0.0,0,0.15719175338745117
0.0,1,0.2594434916973114
0.0,0,0.00036603587795980275
1.0,1,0.9998617172241211
0.0,0,0.0008314090082421899
0.0,0,0.001386786811053753
0.0,0,0.0005778807681053877
0.0,0,0.0012119077146053314
0.0,0,0.014492983929812908
1.0,1,0.9999258518218994
0.0,0,0.026631413027644157
0.0,0,0.13206921517848969
0.0,0,0.0073966677300632
0.0,1,0.9717088341712952
0.0,0,0.00606722803786397
1.0,1,0.9606043100357056
0.0,0,0.028174439445137978
1.0,1,0.6499584913253784
1.0,1,0.9900785684585571
1.0,1,0.9999539852142334
1.0,1,0.9990019202232361
1.0,1,0.9918962121009827
0.0,0,0.0009724113624542952
1.0,1,0.9995299577713013
0.0,0,3.483063483145088e-05
1.0,1,0.9961405396461487
0.0,0,0.06155097484588623
1.0,1,0.9990367889404297
1.0,1,0.9837391972541809
0.0,1,0.3710169792175293
1.0,1,0.9703001976013184
0.0,0,0.0030850705225020647
0.0,0,0.0024348220322281122
0.0,0,7.233265205286443e-05
1.0,1,0.9966084957122803
1.0,1,0.999724805355072
1.0,1,0.9999561309814453
1.0,1,0.23968973755836487
0.0,0,0.008399523794651031
1.0,1,0.9808719158172607
0.0,0,0.001829697866924107
1.0,1,0.9601892828941345
0.0,0,0.01608455739915371
1.0,1,0.9950087070465088
1.0,1,0.9941504597663879
1.0,1,0.9989494681358337
0.0,1,0.9679678678512573
0.0,0,0.004128453321754932
0.0,0,0.012242122553288937
1.0,1,0.9997900128364563
1.0,1,0.8184127807617188
0.0,1,0.5736722350120544
1.0,1,0.9548105001449585
0.0,0,0.012983615510165691
0.0,0,0.0026489594019949436
0.0,0,5.454483471112326e-06
0.0,0,0.0010608010925352573
0.0,0,0.05701521784067154
0.0,0,3.452639020906645e-06
0.0,1,0.5484844446182251
0.0,0,0.0010485306847840548
1.0,1,0.9997139573097229
0.0,0,7.738453859928995e-05
0.0,0,8.375896140933037e-05
0.0,0,0.004335526376962662
0.0,1,0.8914341926574707
0.0,0,0.019778123125433922
0.0,0,0.0016645858995616436
0.0,0,3.905606718035415e-06
0.0,0,4.488328340812586e-05
1.0,1,0.7570562958717346
1.0,1,0.9992378950119019
0.0,0,0.002876157872378826
1.0,1,0.9999245405197144
0.0,0,0.20803964138031006
1.0,1,0.8024730086326599
0.0,0,0.0032672351226210594
0.0,0,0.003335503861308098
0.0,0,0.01494466233998537
0.0,0,0.007395908236503601
0.0,0,0.001446654205210507
0.0,0,1.1367488696123473e-05
0.0,0,0.0018672371516004205
0.0,1,0.3408372402191162
0.0,0,1.6673317077220418e-05
1.0,1,0.7835276126861572
1.0,1,0.9632033109664917
1.0,1,0.9489420652389526
1.0,1,0.9868896007537842
1.0,1,0.9999065399169922
1.0,1,0.9999926090240479
0.0,0,0.004946638364344835
0.0,0,3.959899549954571e-05
1.0,1,0.9956868290901184
0.0,1,0.9936122298240662
0.0,0,0.0039956276305019855
0.0,0,3.365290831425227e-05
0.0,0,0.02677735686302185
1.0,1,0.9998726844787598
0.0,0,0.004797347821295261
0.0,0,1.231886835739715e-05
0.0,0,0.0007540383958257735
0.0,1,0.6565733551979065
0.0,0,0.006629935931414366
0.0,0,0.029853180050849915
0.0,0,0.00036714583984576166
0.0,0,0.004440836608409882
0.0,0,1.816366784623824e-05
0.0,0,0.0003352177736815065
1.0,1,0.9996957778930664
1.0,1,0.9599143266677856
0.0,0,0.000803624396212399
1.0,0,0.18337146937847137
0.0,0,0.0021202010102570057
1.0,1,0.9997503161430359
0.0,0,0.014472403563559055
0.0,0,0.007044837344437838
0.0,0,5.3627289162250236e-05
1.0,1,0.9995150566101074
1.0,1,0.9999462366104126
0.0,0,2.6603251171763986e-05
0.0,0,0.11185275763273239
1.0,1,0.9993398785591125
1.0,1,0.5364941954612732
1.0,1,0.7863806486129761
1.0,1,0.9991145730018616
0.0,1,0.3349035978317261
0.0,0,0.0008516235975548625
0.0,0,0.010844693519175053
1.0,1,0.7670413255691528
0.0,0,0.004013717174530029
0.0,0,0.028569236397743225
0.0,0,0.00015095942944753915
0.0,1,0.9988653659820557
0.0,1,0.9973791837692261
0.0,0,0.00014332258433569223
0.0,0,0.0005628005601465702
1.0,1,0.9984955787658691
0.0,0,0.00011884779814863577
0.0,0,0.05679548159241676
1.0,1,0.928986132144928
0.0,0,0.0039842561818659306
1.0,1,0.2537999749183655
0.0,0,0.012522724457085133
0.0,0,0.20363172888755798
0.0,0,0.0003311081090942025
0.0,0,0.0020268161315470934
0.0,0,2.0460609448491596e-05
0.0,0,5.385617623687722e-05
0.0,0,0.07186067849397659
0.0,0,0.001571295433677733
0.0,0,0.0026720273308455944
0.0,0,0.012897955253720284
1.0,0,0.08859458565711975
0.0,0,0.0004785850178450346
0.0,0,0.0555410198867321
0.0,0,0.0372563898563385
0.0,0,0.0014149802736938
1.0,1,0.9230119585990906
0.0,0,0.005583255086094141
1.0,1,0.9997342228889465
0.0,0,0.003998151049017906
0.0,0,0.00035369524266570807
1.0,1,0.9584609270095825
1.0,1,0.9977611303329468
0.0,0,0.00219504302367568
1.0,1,0.9798148274421692
0.0,0,0.0010147913126274943
1.0,1,0.9990761280059814
0.0,0,3.3746950975910295e-06
1.0,1,0.9999113082885742
0.0,0,0.0004369595553725958
0.0,1,0.48049038648605347
0.0,0,0.00011025545973097906
0.0,0,0.00011841601371997967
0.0,0,0.08357224613428116
1.0,1,0.9972531199455261
1.0,1,0.9688029289245605
0.0,0,0.0015718686627224088
0.0,0,0.00048309145495295525
0.0,0,0.006600193213671446
1.0,1,0.9025180339813232
0.0,0,0.0003492447722237557
0.0,0,7.092629857652355e-06
1.0,0,0.030919509008526802
1.0,1,0.4401760697364807
0.0,0,2.150794716726523e-05
1.0,1,0.9925855994224548
0.0,0,0.009426376782357693
0.0,0,0.16625218093395233
0.0,1,0.43532031774520874
0.0,0,0.015728183090686798
0.0,0,2.9466669730027206e-05
0.0,0,0.003909867722541094
0.0,0,7.208339229691774e-05
0.0,1,0.5131977200508118
0.0,0,5.956231689197011e-05
0.0,0,0.000254337937803939
1.0,0,0.060097672045230865
0.0,0,0.00016522085934411734
0.0,1,0.7859389781951904
0.0,0,0.0005302923964336514
1.0,1,0.4199262857437134
0.0,0,0.0004331825766712427
0.0,0,0.0725599154829979
1.0,0,0.001918803551234305
1.0,1,0.6644126176834106
0.0,0,0.0491468645632267
1.0,1,0.9997748732566833
0.0,0,0.005264414474368095
0.0,0,0.0017559153493493795
0.0,0,0.0004074662574566901
0.0,0,0.0018480730941519141
0.0,0,0.008235481567680836
0.0,0,0.012786432169377804
0.0,0,0.10808856040239334
1.0,1,0.581718921661377
1.0,1,0.916599452495575
0.0,0,0.16907939314842224
0.0,0,0.05131983384490013
1.0,1,0.9809668064117432
0.0,0,0.0002834141778293997
0.0,0,0.006298156920820475
1.0,1,0.9999858140945435
0.0,0,0.0006679364596493542
1.0,1,0.9984002709388733
1.0,1,0.998658299446106
1.0,1,0.8859763145446777
1.0,1,0.9931761622428894
1.0,0,0.0070953029207885265
1.0,1,0.9997010827064514
0.0,1,0.5357292890548706
0.0,0,0.0015566361835226417
0.0,0,0.011339346878230572
0.0,0,0.04201021417975426
0.0,0,0.05210810527205467
0.0,0,0.00011932302004424855
0.0,1,0.8278928995132446
1.0,1,0.5799727439880371
1.0,1,0.9991900324821472
0.0,0,0.004762128461152315
0.0,0,0.00015528338553849608
0.0,0,0.0011453191982582211
0.0,0,0.0022360491566359997
1.0,1,0.9997667670249939
1.0,0,0.1619054675102234
0.0,0,0.0001074882602551952
1.0,1,0.995692789554596
1.0,1,0.9999552965164185
0.0,0,0.009474921971559525
1.0,1,0.9999046325683594
0.0,0,0.0002996737603098154
0.0,0,0.03973793983459473
0.0,0,3.061851020902395e-05
1.0,1,0.9990350008010864
0.0,0,0.0002327802503714338
0.0,0,0.00046317410306073725
0.0,0,0.004811158403754234
0.0,1,0.9742608666419983
1.0,1,0.997307300567627
0.0,0,8.765982784098014e-07
1.0,1,0.9999594688415527
0.0,0,0.04212205484509468
0.0,0,0.01677882671356201
0.0,0,0.008379601873457432
0.0,0,0.006906476803123951
0.0,0,0.1734837144613266
0.0,0,0.06018565967679024
0.0,0,0.10274728387594223
1.0,1,0.9988007545471191
1.0,1,0.9958726763725281
1.0,1,0.9994277358055115
0.0,0,0.0002082251012325287
0.0,0,0.003221098566427827
0.0,0,0.0003329675237182528
0.0,0,8.745511877350509e-05
0.0,0,0.15318869054317474
0.0,0,0.0345369428396225
1.0,1,0.7852041721343994
0.0,0,6.557579035870731e-05
1.0,1,0.22834111750125885
0.0,0,0.11733313649892807
1.0,1,0.9998189806938171
1.0,1,0.9139589071273804
0.0,0,0.002733101136982441
1.0,0,0.000590311421547085
1.0,1,0.912932276725769
0.0,1,0.9524255394935608
1.0,1,0.9983811378479004
1.0,1,0.8522847294807434
1.0,1,0.9990240335464478
0.0,1,0.9254359602928162
0.0,0,0.00021769088925793767
0.0,0,0.20129074156284332
1.0,1,0.992701530456543
0.0,0,0.22131215035915375
0.0,0,0.008705456741154194
0.0,0,1.9602417523856275e-05
1.0,1,0.9715912342071533
0.0,1,0.6358082294464111
1.0,1,0.9879712462425232
0.0,0,0.019874006509780884
0.0,0,0.020425930619239807
1.0,1,0.9410024881362915
1.0,1,0.9993215799331665
0.0,0,0.000205528674996458
1.0,1,0.9399081468582153
0.0,0,5.2306113502709195e-05
0.0,0,8.68371716933325e-05
1.0,1,0.9866355061531067
0.0,0,0.005075125023722649
0.0,0,0.0011072108754888177
1.0,1,0.7367172241210938
0.0,0,0.016718635335564613
0.0,0,0.0008442396647296846
1.0,1,0.999249279499054
1.0,1,0.9796329736709595
0.0,0,0.058534882962703705
0.0,0,0.09302539378404617
1.0,1,0.9979427456855774
1.0,1,0.8187225461006165
0.0,0,2.8792630473617464e-05
1.0,1,0.9992319345474243
0.0,1,0.3075028359889984
0.0,0,0.005652300082147121
1.0,1,0.9998070597648621
1.0,1,0.9994472861289978
0.0,0,0.0019608568400144577
1.0,1,0.9862573742866516
1.0,1,0.9900245666503906
1.0,0,0.16796012222766876
1.0,1,0.9998934268951416
1.0,1,0.999488115310669
1.0,0,0.00018701313820201904
0.0,0,0.004725300241261721
1.0,1,0.9831772446632385
0.0,1,0.25020313262939453
0.0,1,0.5999562740325928
0.0,0,0.00023368018446490169
0.0,0,0.0001722618326311931
0.0,0,0.006088884547352791
0.0,0,6.766060687368736e-05
0.0,0,0.01652749627828598
0.0,0,2.910946568590589e-05
0.0,1,0.4376189708709717
0.0,0,0.00011515672667883337
0.0,0,0.00013250563642941415
1.0,1,0.6687447428703308
0.0,1,0.3889901340007782
0.0,0,0.000566004600841552
0.0,1,0.35639700293540955
1.0,1,0.9905999302864075
0.0,0,0.0013864501379430294
0.0,0,0.0036573188845068216
1.0,1,0.9972054362297058
1.0,1,0.9994569420814514
1.0,0,0.03460602089762688
0.0,0,0.007944970391690731
0.0,0,0.001533346832729876
0.0,0,0.005705937277525663
0.0,0,0.0009141881600953639
1.0,1,0.9663686156272888
0.0,0,0.0008640896994620562
0.0,0,0.006338164675980806
0.0,0,0.001797130098566413
1.0,1,0.9991375207901001
0.0,0,7.418453606078401e-05
0.0,0,0.13857334852218628
0.0,0,4.6327844756888226e-05
1.0,1,0.5394254922866821
0.0,0,0.0005266161169856787
1.0,1,0.9997244477272034
0.0,0,0.00016199528181459755
1.0,1,0.9971082806587219
1.0,0,0.16522663831710815
1.0,1,0.999924898147583
1.0,1,0.9997027516365051
0.0,0,0.0001896047469926998
0.0,0,0.0007143363473005593
1.0,1,0.9987186193466187
1.0,1,0.858427107334137
0.0,0,0.0024948653299361467
0.0,0,0.0014612122904509306
0.0,0,0.006147308275103569
0.0,0,0.005712235812097788
1.0,1,0.8961435556411743
0.0,0,0.0003713431069627404
1.0,1,0.9955548644065857
1.0,1,0.7966142892837524
0.0,0,0.19609004259109497
1.0,1,0.9999924898147583
0.0,0,0.0697363018989563
0.0,0,0.005814248695969582
0.0,0,0.0012187486281618476
0.0,0,0.016668150201439857
1.0,1,0.9982060194015503
1.0,0,0.19730550050735474
1.0,1,0.9998214840888977
1.0,1,0.9987362027168274
1.0,1,0.9956811666488647
0.0,0,0.008648023940622807
1.0,1,0.9999958276748657
1.0,1,0.9984404444694519
0.0,0,0.07239177078008652
1.0,0,0.14599241316318512
0.0,0,5.3455842135008425e-05
1.0,1,0.9479089975357056
1.0,1,0.9994962215423584
0.0,0,0.02278800494968891
0.0,0,0.00782030913978815
0.0,0,0.009152011014521122
0.0,0,0.003750707022845745
1.0,1,0.9993413090705872
0.0,0,0.0014358623884618282
0.0,0,0.003077468369156122
0.0,0,1.566586797707714e-05
0.0,0,0.00755163561552763
1.0,1,0.9986780285835266
1.0,1,0.9851557612419128
0.0,0,0.0008251387625932693
1.0,1,0.999708354473114
0.0,1,0.960114061832428
1.0,1,0.9997324347496033
1.0,1,0.9987910389900208
0.0,0,0.10897558182477951
1.0,1,0.9997933506965637
0.0,0,0.014673890545964241
1.0,1,0.9998327493667603
0.0,0,0.00010028456745203584
0.0,0,0.0234580859541893
0.0,0,8.674281707499176e-05
0.0,0,0.009348556399345398
0.0,1,0.5927169322967529
0.0,0,0.012384793721139431
1.0,1,0.999079704284668
0.0,0,0.0001111515739466995
0.0,0,0.0012447318295016885
0.0,0,0.0007019529584795237
1.0,1,0.9507806301116943
1.0,1,0.5567781925201416
1.0,1,0.9996063113212585
1.0,1,0.9999750852584839
0.0,0,0.0001415196602465585
1.0,1,0.8709277510643005
0.0,0,0.17079544067382812
0.0,1,0.6413904428482056
0.0,0,0.0010012643178924918
1.0,1,0.9287242293357849
0.0,1,0.3433666527271271
0.0,0,0.01909855753183365
1.0,1,0.8065662384033203
0.0,0,3.373516665305942e-05
0.0,0,0.0024697515182197094
0.0,0,4.8751902795629576e-05
1.0,1,0.9941486120223999
0.0,0,0.0007059499621391296
1.0,1,0.9030394554138184
0.0,0,7.561960228485987e-05
1.0,1,0.9968351721763611
0.0,0,8.723636710783467e-06
0.0,0,0.11220080405473709
0.0,0,0.005079159513115883
0.0,0,0.0006422871956601739
1.0,1,0.9657056331634521
1.0,1,0.9998663663864136
0.0,0,0.0006361672421917319
0.0,0,0.09347593039274216
1.0,0,0.0005486510344780982
0.0,1,0.534465491771698
1.0,1,0.5436914563179016
1.0,1,0.7735499739646912
0.0,0,0.04499771073460579
0.0,0,0.0012694273609668016
1.0,1,0.9998419284820557
0.0,0,0.0029717853758484125
0.0,1,0.5016636252403259
1.0,1,0.99782794713974
1.0,1,0.9957383871078491
0.0,0,0.0018235069001093507
1.0,1,0.9459841251373291
0.0,0,0.00028493301942944527
0.0,0,0.0006649594870395958
1.0,1,0.9525032043457031
0.0,0,4.853226346313022e-05
0.0,0,0.001308849430643022
0.0,1,0.32132580876350403
0.0,1,0.24322904646396637
0.0,1,0.4160972535610199
0.0,0,0.015416271053254604
0.0,1,0.8800798654556274
0.0,1,0.34571999311447144
1.0,1,0.9965425133705139
0.0,0,0.00020115601364523172
0.0,1,0.49711790680885315
0.0,0,3.407889437312406e-07
1.0,1,0.9962260723114014
1.0,1,0.9962324500083923
0.0,0,9.346971637569368e-05
1.0,1,0.9991281628608704
0.0,0,0.0020590033382177353
1.0,0,0.12746138870716095
1.0,1,0.848051130771637
0.0,0,3.585617014323361e-05
1.0,1,0.9625161290168762
0.0,0,0.00013778911670669913
0.0,0,0.0008738355245441198
0.0,0,0.0037925438955426216
1.0,1,0.9901697039604187
1.0,1,0.989250659942627
1.0,1,0.431853711605072
0.0,0,0.00042177928844466805
0.0,0,0.0051352898590266705
1.0,1,0.7617639899253845
0.0,0,8.127163891913369e-05
1.0,1,0.9999823570251465
0.0,0,0.00012986603542231023
1.0,1,0.997187077999115
0.0,0,0.022833598777651787
1.0,1,0.8907638192176819
1.0,1,0.9999738931655884
0.0,1,0.32190054655075073
1.0,1,0.9942037463188171
0.0,0,0.00028086063684895635
0.0,0,1.817527663661167e-05
0.0,0,0.0013036745367571712
0.0,0,0.1396823674440384
0.0,0,0.037265926599502563
1.0,1,0.9853653311729431
0.0,0,0.0006001988076604903
1.0,0,0.06487365067005157
0.0,0,0.05168713629245758
0.0,0,4.461001663003117e-05
1.0,1,0.9975851774215698
1.0,1,0.9954759478569031
0.0,1,0.7153366208076477
1.0,0,0.1915796548128128
0.0,0,0.028562279418110847
1.0,1,0.9996465444564819
0.0,0,0.0004925475222989917
1.0,1,0.9973230957984924
0.0,0,3.1037947337608784e-05
0.0,0,0.0007529854192398489
1.0,1,0.9992625117301941
0.0,1,0.5315254926681519
1.0,1,0.9992733597755432
1.0,1,0.9857628345489502
0.0,0,0.0015004790620878339
1.0,1,0.9915425777435303
0.0,0,0.003092879429459572
0.0,1,0.4060908854007721
0.0,0,4.177136725047603e-05
0.0,0,0.00029800875927321613
0.0,0,0.00015441681898664683
0.0,0,0.046329133212566376
0.0,0,0.003948618192225695
0.0,0,0.00014808170089963824
1.0,1,0.995446503162384
1.0,1,0.9906638860702515
0.0,0,0.00034749219776131213
1.0,1,0.9995517134666443
0.0,0,0.01692024990916252
0.0,1,0.443233460187912
1.0,1,0.9859946966171265
1.0,1,0.9233078360557556
0.0,0,0.11770565807819366
0.0,0,0.008830503560602665
1.0,0,0.08026262372732162
1.0,1,0.9990583062171936
1.0,1,0.9994620680809021
0.0,0,0.00023584376322105527
1.0,1,0.4800586402416229
0.0,1,0.41500377655029297
1.0,1,0.9999982118606567
1.0,1,0.9998112320899963
0.0,0,0.019827576354146004
1.0,1,0.7340419292449951
1.0,1,0.9630098938941956
0.0,0,4.696697487815982e-06
0.0,0,0.09400114417076111
0.0,0,0.00026127498131245375
0.0,0,0.0012868972262367606
1.0,0,0.21529650688171387
0.0,0,0.000689435750246048
0.0,1,0.3567829132080078
1.0,1,0.9999085664749146
1.0,1,0.9402799606323242
1.0,1,0.9990811347961426
0.0,0,0.21696266531944275
0.0,0,0.001880822004750371
0.0,0,0.09155719727277756
0.0,0,2.2245716536417603e-05
1.0,1,0.999988317489624
1.0,1,0.9922693967819214
0.0,1,0.34003549814224243
1.0,1,0.9996321201324463
1.0,1,0.9997639060020447
0.0,0,0.002743192482739687
0.0,0,0.0019681416451931
1.0,1,0.34394440054893494
0.0,0,9.46756117627956e-05
0.0,0,0.002993494737893343
0.0,0,0.003506922861561179
1.0,1,0.9987070560455322
1.0,1,0.9981476068496704
0.0,0,4.0885690395953134e-05
0.0,0,0.006533341482281685
0.0,0,0.0003029104555025697
0.0,0,0.005793200805783272
0.0,0,0.00033570852247066796
0.0,0,0.0635974109172821
0.0,0,8.90278461156413e-05
0.0,0,0.0037284228019416332
1.0,1,0.9947366118431091
0.0,0,0.002147899242118001
0.0,0,0.03631989285349846
0.0,0,0.002083407947793603
0.0,1,0.7048437595367432
1.0,0,0.020138222724199295
0.0,0,1.9125843664369313e-06
0.0,0,0.0019082578364759684
1.0,0,0.07112583518028259
0.0,0,0.0002165465266443789
0.0,0,0.1330302357673645
0.0,0,0.00013605787535198033
1.0,1,0.988517165184021
1.0,1,0.9944986701011658
1.0,1,0.999988317489624
0.0,0,0.07257303595542908
1.0,1,0.999913215637207
0.0,0,0.005942176096141338
0.0,0,0.001057633082382381
1.0,1,0.8844544291496277
0.0,0,0.00044276026892475784
0.0,0,0.011286620981991291
0.0,0,0.0002785597462207079
1.0,1,0.8984462022781372
0.0,0,0.001808634027838707
1.0,1,0.9896523356437683
0.0,1,0.8470445871353149
0.0,0,1.7853002646006644e-05
0.0,0,0.0014710761606693268
1.0,1,0.9987653493881226
1.0,1,0.7979162931442261
0.0,0,0.000270027230726555
0.0,0,2.048440910584759e-05
1.0,1,0.9983513355255127
1.0,1,0.9940052628517151
0.0,1,0.5841774940490723
0.0,0,0.014558219350874424
1.0,1,0.9359070658683777
0.0,0,0.00035228239721618593
0.0,0,0.01703673228621483
1.0,1,0.98982834815979
0.0,1,0.7774759531021118
0.0,0,0.015650346875190735
1.0,1,0.9950287938117981
0.0,0,0.001962680369615555
1.0,1,0.9966206550598145
1.0,1,0.9994215965270996
0.0,1,0.6649507880210876
1.0,1,0.998765230178833
1.0,1,0.8938140869140625
1.0,1,0.6941275596618652
1.0,1,0.9989867806434631
0.0,0,5.946254532318562e-05
0.0,1,0.8071341514587402
0.0,0,0.034415386617183685
1.0,0,0.04673585295677185
1.0,1,0.3965817391872406
0.0,0,0.0386345349252224
1.0,1,0.9966863989830017
1.0,1,0.964664876461029
1.0,0,0.0017155671957880259
0.0,0,0.0008485188009217381
0.0,0,0.01461066398769617
0.0,0,0.00839924905449152
0.0,0,0.00480355741456151
1.0,0,0.028729476034641266
1.0,1,0.7718595266342163
0.0,0,0.001145191490650177
1.0,1,0.9999672174453735
0.0,0,0.19668416678905487
0.0,0,0.0008775480673648417
0.0,1,0.5119425058364868
0.0,0,0.08316401392221451
0.0,0,0.0029553992208093405
0.0,0,0.00045447403681464493
0.0,1,0.48188257217407227
0.0,0,8.669793714943808e-06
1.0,1,0.9637588262557983
1.0,1,0.9999842643737793
0.0,0,0.0005452277837321162
0.0,0,0.0037266816943883896
1.0,1,0.9976352453231812
0.0,0,0.0049935439601540565
0.0,0,0.0025522583164274693
1.0,0,0.025076642632484436
0.0,1,0.24691173434257507
0.0,0,0.026128096505999565
0.0,1,0.27208951115608215
0.0,0,2.702475649130065e-05
0.0,0,0.020423488691449165
0.0,0,0.014337291941046715
1.0,1,0.9219349026679993
1.0,1,0.9711000323295593
0.0,0,0.0007870266563259065
0.0,0,0.0013592668110504746
0.0,0,0.011076489463448524
1.0,1,0.9995563626289368
0.0,1,0.6002305150032043
1.0,1,0.9703139066696167
1.0,1,0.34189853072166443
1.0,1,0.8068467378616333
0.0,0,0.002493942389264703
1.0,1,0.9999966621398926
0.0,0,0.0001415893348166719
0.0,0,3.0014286949153757e-06
0.0,0,0.00034211514866910875
1.0,1,0.9992177486419678
1.0,1,0.9998677968978882
1.0,1,0.9999444484710693
0.0,0,0.002614293247461319
0.0,0,8.334696030942723e-05
0.0,0,0.0014279744355008006
0.0,0,0.0005695337895303965
0.0,0,0.002562204608693719
1.0,1,0.875921368598938
1.0,1,0.9999819993972778
1.0,1,0.9994763731956482
0.0,0,0.007900579832494259
0.0,0,0.11885253340005875
0.0,0,0.0010507060214877129
0.0,0,9.376457455800846e-06
0.0,0,4.168119176028995e-06
0.0,0,0.0638369545340538
0.0,0,0.0001243241858901456
0.0,0,0.00023439717188011855
0.0,0,0.002521135378628969
0.0,0,0.00432136096060276
1.0,1,0.873708963394165
0.0,1,0.9994907379150391
0.0,0,2.5507333702989854e-05
0.0,0,7.571008609374985e-05
0.0,0,5.592053275904618e-05
0.0,1,0.6192676424980164
0.0,0,0.00043335912050679326
1.0,1,0.9324876070022583
1.0,1,0.9999830722808838
0.0,0,0.008311583660542965
0.0,0,0.15747188031673431
0.0,0,0.04316559433937073
0.0,0,0.005957173649221659
0.0,0,0.00018550075765233487
1.0,1,0.9657824039459229
0.0,0,0.0034219101071357727
0.0,0,0.0006469714571721852
0.0,1,0.9981472492218018
1.0,1,0.9902864694595337
1.0,1,0.9185931086540222
1.0,1,0.9772986769676208
0.0,0,1.3648945241584443e-05
1.0,1,0.9988786578178406
0.0,0,0.029431818053126335
1.0,1,0.9305888414382935
0.0,0,0.04766621068120003
0.0,0,0.0008742052596062422
0.0,0,0.01589255966246128
0.0,1,0.6210435628890991
1.0,1,0.9056040048599243
0.0,0,0.008625788614153862
1.0,1,0.9994121789932251
1.0,1,0.9560487866401672
0.0,0,0.024167723953723907
1.0,1,0.9987081289291382
1.0,0,0.00891195610165596
1.0,1,0.9913535714149475
0.0,0,0.012905600480735302
0.0,0,0.00019916394376195967
0.0,0,0.0016298844711855054
0.0,0,0.018884558230638504
1.0,1,0.9998761415481567
0.0,0,0.019961737096309662
0.0,0,0.030558006837964058
1.0,1,0.9998175501823425
0.0,0,0.0016371452948078513
0.0,0,0.15083670616149902
0.0,0,0.0010495056631043553
1.0,0,0.11430726945400238
0.0,0,8.813449676381424e-05
1.0,0,0.0896884948015213
1.0,1,0.9672421813011169
0.0,0,0.007281824480742216
1.0,1,0.8837480545043945
0.0,1,0.8443637490272522
0.0,0,0.0016978597268462181
1.0,1,0.3013271987438202
0.0,0,0.00010817719157785177
0.0,0,0.0005133663071319461
0.0,0,0.0006390701746568084
0.0,0,0.00016696468810550869
1.0,1,0.9997902512550354
0.0,0,7.483080844394863e-05
1.0,1,0.9973352551460266
1.0,1,0.9691079258918762
0.0,0,9.20040620258078e-05
0.0,1,0.9349392652511597
1.0,1,0.9998001456260681
1.0,1,0.7930433750152588
0.0,0,0.0002329985290998593
0.0,0,0.0004953235038556159
0.0,0,0.1281951516866684
0.0,0,4.3263262341497466e-05
1.0,1,0.9975873231887817
1.0,1,0.9999996423721313
1.0,1,0.9960164427757263
1.0,1,0.8835601210594177
0.0,0,8.55628532008268e-05
0.0,0,0.0033440652769058943
1.0,1,0.9995504021644592
0.0,0,9.195871825795621e-05
1.0,0,0.002044978318735957
0.0,0,0.0016274723457172513
0.0,0,0.000830783334095031
1.0,1,0.9996533393859863
0.0,0,0.0004014174919575453
0.0,0,3.751372059923597e-05
0.0,0,0.0007346635102294385
1.0,1,0.4784678816795349
0.0,1,0.9346513748168945
0.0,0,0.0025610767770558596
0.0,0,0.0002965411695186049
0.0,1,0.8403573036193848
0.0,1,0.46204671263694763
0.0,0,0.00013866362860426307
0.0,1,0.6555544137954712
0.0,0,4.5028922613710165e-05
1.0,1,0.962552547454834
0.0,1,0.550436794757843
1.0,1,0.9954258799552917
0.0,0,0.001259300042875111
0.0,0,0.004403810016810894
0.0,0,2.191040402976796e-05
1.0,1,0.9811782240867615
1.0,1,0.31670913100242615
0.0,0,0.0023551410995423794
0.0,0,0.011399902403354645
0.0,0,0.0032004460226744413
1.0,1,0.6480633020401001
1.0,1,0.2516213357448578
1.0,1,0.9746870398521423
1.0,0,0.13769111037254333
0.0,0,0.04495140537619591
1.0,1,0.9999923706054688
1.0,1,0.8720076680183411
1.0,1,0.8510802984237671
0.0,1,0.6578163504600525
1.0,1,0.893804669380188
1.0,1,0.9999864101409912
0.0,0,0.0005951044149696827
1.0,1,0.9738580584526062
0.0,0,0.012334085069596767
0.0,0,5.410057565313764e-05
0.0,0,0.0003654083120636642
0.0,0,0.00027811978361569345
1.0,1,0.998900294303894
0.0,0,0.0025273016653954983
1.0,1,0.749888002872467
1.0,1,0.9944648146629333
0.0,0,0.04554926976561546
1.0,1,0.9993273019790649
0.0,0,0.0001323991600656882
0.0,0,0.000300260609947145
0.0,0,5.9287929616402835e-05
1.0,1,0.8728522658348083
0.0,0,0.00035287029459141195
0.0,0,0.044054243713617325
0.0,0,0.0008786316029727459
0.0,0,0.014415576122701168
1.0,1,0.8851377367973328
0.0,0,0.0754251554608345
0.0,0,0.12632878124713898
0.0,0,0.06386557966470718
1.0,1,0.9918613433837891
0.0,1,0.9713855981826782
0.0,0,0.001472218194976449
0.0,1,0.9532899260520935
0.0,0,0.005776739679276943
1.0,0,0.03227820247411728
0.0,0,0.0023394781164824963
0.0,0,0.02153615839779377
0.0,0,5.7069482863880694e-05
1.0,1,0.9271093606948853
0.0,1,0.23851899802684784
0.0,0,0.10938604176044464
0.0,1,0.2753978371620178
1.0,1,0.8935416340827942
1.0,1,0.4834747612476349
1.0,1,0.9976732134819031
1.0,0,0.005821750499308109
0.0,1,0.855394721031189
0.0,1,0.2325569987297058
0.0,0,0.0005406891577877104
0.0,0,0.21503816545009613
1.0,1,0.959693968296051
0.0,0,0.00017405686958227307
0.0,0,0.009720352478325367
1.0,1,0.9933967590332031
0.0,0,0.0009352575289085507
0.0,0,0.0028783222660422325
1.0,1,0.8885040283203125
1.0,1,0.744642436504364
0.0,0,0.028810186311602592
0.0,0,0.02094315178692341
0.0,0,0.11545996367931366
1.0,1,0.9999071359634399
0.0,0,0.04053577035665512
0.0,0,0.006688945926725864
0.0,0,0.002128597116097808
1.0,1,0.9998961687088013
1.0,1,0.9992684721946716
0.0,0,0.00012759226956404746
1.0,1,0.9981043338775635
1.0,1,0.9292949438095093
1.0,1,0.9125691056251526
0.0,0,0.0013077585026621819
0.0,1,0.565621018409729
1.0,0,0.03836879879236221
1.0,1,0.9987879395484924
0.0,0,4.5644526835530996e-05
0.0,0,0.0012497350107878447
0.0,0,0.0002743175718933344
1.0,1,0.996446430683136
1.0,1,0.9999842643737793
0.0,0,0.0010851703118532896
1.0,1,0.9997537732124329
0.0,0,0.00021367394947446883
0.0,0,0.0003217483463231474
0.0,0,0.0004276077961549163
0.0,0,0.005497094709426165
1.0,1,0.9927076697349548
0.0,0,0.02274056151509285
1.0,1,0.995521068572998
1.0,0,0.03776439279317856
1.0,1,0.9802196621894836
1.0,1,0.9997740387916565
0.0,1,0.6630353927612305
0.0,0,0.11629652976989746
0.0,0,0.0017562253633514047
0.0,0,0.008253834210336208
0.0,0,0.18061834573745728
0.0,0,0.010693072341382504
1.0,0,0.1047058254480362
1.0,1,0.5960783958435059
0.0,0,0.004114822950214148
0.0,0,7.232707139337435e-05
1.0,1,0.9875301122665405
1.0,1,0.591122031211853
1.0,1,0.992284893989563
1.0,0,0.01812960021197796
0.0,0,0.00031430518720299006
0.0,0,0.005849267356097698
0.0,0,0.0003627109108492732
0.0,0,0.0020453191827982664
1.0,1,0.9591637253761292
1.0,1,0.5869410634040833
1.0,1,0.9994726777076721
0.0,0,0.0020313262939453125
0.0,0,0.027385173365473747
1.0,1,0.9969533681869507
1.0,1,0.9985793828964233
0.0,0,0.0167293231934309
0.0,0,0.001957107335329056
1.0,1,0.8689172267913818
1.0,1,0.2975998818874359
0.0,0,0.0005482442793436348
0.0,1,0.9992000460624695
1.0,1,0.9996892213821411
1.0,1,0.7527890801429749
0.0,0,3.109805766143836e-05
0.0,1,0.8886368274688721
1.0,1,0.9998973608016968
0.0,0,0.0005259078461676836
0.0,0,8.580888243159279e-05
1.0,1,0.9252903461456299
0.0,1,0.9995444416999817
1.0,0,0.005474280100315809
0.0,0,0.0035122293047606945
0.0,0,0.0005461298860609531
1.0,1,0.9881592988967896
1.0,1,0.994702160358429
1.0,1,0.9545519351959229
0.0,0,4.9392914661439136e-05
0.0,0,0.0014871576568111777
1.0,1,0.22558662295341492
0.0,0,0.11389172077178955
0.0,0,1.8957923657580977e-06
0.0,0,0.05422578752040863
0.0,0,0.0001504274841863662
0.0,0,0.023767124861478806
0.0,0,0.00010079509229399264
0.0,0,0.00014338738401420414
0.0,0,0.0009748195298016071
0.0,1,0.7218260765075684
1.0,1,0.9686452150344849
1.0,1,0.9991154074668884
0.0,0,0.00011574880045372993
0.0,0,0.0030913595110177994
0.0,0,0.0040314760990440845
0.0,0,0.07948505878448486
1.0,1,0.9997628331184387
1.0,0,0.041773341596126556
1.0,1,0.9514095187187195
0.0,1,0.6198670864105225
0.0,1,0.9967249035835266
0.0,0,0.002538081491366029
0.0,1,0.6389256119728088
1.0,1,0.9997863173484802
0.0,0,0.18161925673484802
1.0,1,0.3754587173461914
1.0,1,0.9982726573944092
1.0,1,0.9608567357063293
1.0,1,0.9999929666519165
0.0,0,2.557864718255587e-06
0.0,0,4.006201197626069e-05
1.0,0,0.11776465177536011
0.0,1,0.6788995265960693
0.0,0,0.00014661850582342595
1.0,1,0.9542784094810486
1.0,1,0.9999990463256836
0.0,0,0.07762490957975388
0.0,0,0.0002640937746036798
0.0,0,1.6993757299132994e-06
1.0,1,0.5843080282211304
0.0,0,0.016747577115893364
0.0,0,0.0023785207886248827
1.0,1,0.9077355861663818
1.0,1,0.9949221014976501
0.0,0,0.018495623022317886
0.0,0,0.008294688537716866
0.0,1,0.29733696579933167
0.0,0,0.001024894998408854
0.0,0,0.0036303785163909197
0.0,0,0.00011243558401474729
0.0,0,0.0076635717414319515
1.0,1,0.44134363532066345
0.0,0,0.01934954710304737
1.0,1,0.9998037219047546
1.0,1,0.9998407363891602
0.0,0,1.4526761333399918e-05
1.0,0,0.006435955874621868
1.0,1,0.9952269792556763
0.0,0,0.0011177904671058059
1.0,1,0.9997842907905579
0.0,0,0.0038565760478377342
0.0,0,0.0001152394397649914
0.0,0,0.00014460802776739
1.0,1,0.32213515043258667
0.0,0,0.00042095824028365314
0.0,0,0.0009594685398042202
1.0,1,0.920158863067627
0.0,0,0.0008615411352366209
0.0,0,0.020330406725406647
0.0,0,0.11343198269605637
0.0,1,0.2785497009754181
1.0,1,0.7836163640022278
1.0,1,0.9542441964149475
1.0,1,0.9999785423278809
1.0,1,0.9999374151229858
0.0,0,0.08841826021671295
0.0,0,0.0002103438600897789
1.0,1,0.9994865655899048
0.0,0,0.08835095167160034
0.0,0,0.00021867072791792452
0.0,0,0.008568082936108112
0.0,0,0.000989691005088389
0.0,0,0.039784930646419525
0.0,1,0.6131860017776489
0.0,1,0.9986157417297363
0.0,0,0.013863583095371723
0.0,0,0.022327566519379616
1.0,1,0.9995380640029907
0.0,1,0.34880566596984863
0.0,0,0.0006431454094126821
1.0,1,0.9999897480010986
0.0,0,0.029063645750284195
1.0,1,0.7123628258705139
0.0,0,0.02542899176478386
1.0,1,0.9982472658157349
0.0,0,0.008151578716933727
0.0,0,0.05908068269491196
0.0,0,0.0006780243711546063
0.0,0,3.8014331948943436e-05
0.0,0,0.00012769061140716076
0.0,0,0.001047744881361723
1.0,1,0.9999974966049194
0.0,0,0.0027512097731232643
0.0,0,0.0011882891412824392
1.0,1,0.9999289512634277
1.0,1,0.9999386072158813
1.0,1,0.9986556768417358
0.0,1,0.9739684462547302
0.0,0,0.0001503698294982314
0.0,1,0.3293154239654541
1.0,1,0.9958685636520386
0.0,1,0.8462305665016174
1.0,1,0.8451862335205078
1.0,0,0.06681134551763535
1.0,1,0.9999912977218628
0.0,0,0.00039783382089808583
0.0,0,0.0016390465898439288
0.0,0,0.00010665287845768034
0.0,0,0.0023445114493370056
1.0,1,0.9983372688293457
0.0,0,0.020927347242832184
0.0,0,0.00011571634968277067
0.0,1,0.9197925925254822
0.0,0,0.004793988075107336
0.0,1,0.9999192953109741
1.0,1,0.9973732233047485
0.0,0,0.009454112499952316
1.0,1,0.9950313568115234
0.0,0,3.598102193791419e-05
0.0,1,0.9585786461830139
1.0,1,0.457424134016037
0.0,0,0.051079314202070236
1.0,1,0.9995614886283875
0.0,0,0.006420235149562359
1.0,1,0.9993370175361633
0.0,0,0.0024740113876760006
0.0,0,0.03628221154212952
1.0,1,0.9999916553497314
1.0,1,0.6630240678787231
0.0,0,0.027301229536533356
0.0,0,0.001914581866003573
0.0,0,0.0005216047284193337
0.0,0,0.0008049376192502677
1.0,1,0.998360812664032
0.0,0,0.00016934516315814108
1.0,1,0.7204095125198364
0.0,0,0.00013000429316889495
1.0,1,0.37932339310646057
1.0,1,0.999035120010376
1.0,1,0.9999289512634277
1.0,1,0.999902606010437
1.0,1,0.9479865431785583
1.0,1,0.999747097492218
0.0,0,2.721822056628298e-05
1.0,1,0.9997910857200623
0.0,0,6.494133685919223e-06
1.0,1,0.9988449811935425
0.0,0,0.0010014165891334414
1.0,1,0.9999674558639526
1.0,1,0.9972146153450012
0.0,0,0.00011390886356821284
0.0,1,0.8344638347625732
0.0,0,0.08018369972705841
0.0,0,0.0020222149323672056
1.0,1,0.9987832903862
1.0,1,0.9963515996932983
0.0,0,0.0009102264884859324
1.0,1,0.9999995231628418
0.0,0,6.222470256034285e-05
0.0,0,0.0009061892051249743
1.0,1,0.7957088947296143
0.0,0,0.01028966624289751
0.0,0,0.045281946659088135
1.0,1,0.903653085231781
0.0,0,0.009127991273999214
0.0,0,0.000431795691838488
0.0,0,0.00017929171735886484
0.0,0,0.17068183422088623
1.0,1,0.7564849853515625
1.0,1,0.9747299551963806
1.0,1,0.9499844908714294
0.0,1,0.655511200428009
0.0,0,0.025446197018027306
0.0,0,0.0005288195097818971
1.0,1,0.5675655603408813
0.0,1,0.4251576066017151
1.0,1,0.6525754332542419
0.0,0,0.12008265405893326
0.0,0,0.0023705866187810898
0.0,1,0.962219774723053
1.0,1,0.8040568828582764
0.0,0,0.0006468056235462427
1.0,1,0.9999459981918335
0.0,0,0.000139588417368941
1.0,1,0.9963494539260864
0.0,0,0.0004984309198334813
1.0,1,0.9990459084510803
1.0,1,0.5660523176193237
0.0,0,4.715286922873929e-05
1.0,1,0.9984000325202942
1.0,1,0.9619924426078796
1.0,1,0.9998674392700195
1.0,1,0.9961051940917969
1.0,1,0.9992035031318665
0.0,0,0.0014011566527187824
0.0,0,0.01426823902875185
0.0,0,0.01383457612246275
0.0,0,0.130106121301651
1.0,1,0.9595474004745483
1.0,0,0.16571132838726044
1.0,1,0.9993878602981567
1.0,1,0.9790589213371277
0.0,0,0.00028285241569392383
1.0,1,0.9960581064224243
0.0,0,0.1442287564277649
0.0,0,0.0038680988363921642
0.0,0,0.14160114526748657
0.0,0,0.0031918094027787447
0.0,0,0.0084881242364645
0.0,0,0.0028616604395210743
0.0,0,0.0007829943206161261
0.0,0,0.0008345501264557242
1.0,1,0.9682329893112183
0.0,0,0.011740881949663162
0.0,0,0.0191288273781538
0.0,0,0.00011556925892364234
1.0,1,0.9838972091674805
0.0,0,0.04372160881757736
0.0,0,0.010510141029953957
0.0,0,0.01030665636062622
1.0,1,0.9974864721298218
1.0,1,0.9964267611503601
0.0,0,0.00018222008657176048
0.0,0,0.00047750893281772733
0.0,0,0.03558233007788658
1.0,1,0.9999727010726929
0.0,1,0.997000515460968
0.0,0,0.00016424588102381676
1.0,1,0.9997931122779846
0.0,0,0.0014242083998396993
0.0,0,0.00020147772738710046
0.0,0,2.450290230626706e-05
0.0,0,0.00027485136524774134
1.0,1,0.982485294342041
0.0,0,0.1842276155948639
0.0,0,0.0012596786255016923
1.0,1,0.5848865509033203
0.0,0,7.75406624597963e-06
1.0,1,0.9977066516876221
1.0,0,0.022773561999201775
0.0,1,0.8644505143165588
0.0,0,0.0016638047527521849
0.0,0,0.00011123142030555755
0.0,0,0.030846944078803062
0.0,0,0.004081084858626127
0.0,0,0.0034843150060623884
1.0,1,0.24699021875858307
0.0,0,0.00017491669859737158
1.0,1,0.9950782060623169
0.0,0,0.00270005757920444
0.0,0,0.04734468087553978
0.0,0,0.0012349402531981468
1.0,1,0.9967209696769714
1.0,1,0.9999995231628418
0.0,0,0.043370526283979416
0.0,0,0.002012184588238597
0.0,0,0.00011504456051625311
0.0,0,0.056094929575920105
0.0,0,0.009676369838416576
0.0,0,0.0010390926618129015
1.0,1,0.9998189806938171
0.0,0,7.053278295643395e-06
0.0,0,5.853088805451989e-05
0.0,0,0.030161648988723755
0.0,0,0.05243188142776489
1.0,1,0.9456745386123657
1.0,1,0.99981290102005
0.0,0,0.02204461768269539
0.0,0,4.631441333913244e-05
0.0,0,0.00014041153190191835
1.0,1,0.9997649788856506
1.0,1,0.999993085861206
1.0,1,0.8578759431838989
0.0,0,0.16719754040241241
1.0,1,0.993500292301178
1.0,1,0.7919087409973145
0.0,0,0.0009315148927271366
0.0,0,0.011751813814043999
0.0,0,0.00026907119899988174
1.0,1,0.9968894124031067
1.0,1,0.999931812286377
0.0,0,0.0008653210825286806
0.0,0,0.029421482235193253
0.0,1,0.5298499464988708
0.0,0,0.0011820782674476504
1.0,1,0.8370425701141357
1.0,1,0.9940318465232849
0.0,0,0.03576496243476868
1.0,0,0.0175358597189188
0.0,0,0.00010164175910176709
1.0,1,0.9987465143203735
0.0,1,0.23925353586673737
1.0,1,0.982709527015686
1.0,1,0.2639451324939728
0.0,0,0.00010417617158964276
0.0,0,6.499989831354469e-05
0.0,0,0.007494897581636906
0.0,0,0.02220340259373188
1.0,1,0.9989327788352966
0.0,0,0.0011713671265169978
0.0,0,0.0010018565226346254
1.0,1,0.9988652467727661
1.0,1,0.9999232292175293
0.0,0,0.002390515059232712
0.0,0,0.0010943255620077252
1.0,0,0.014626558870077133
1.0,1,0.9590678811073303
0.0,0,0.002715771785005927
0.0,1,0.585421621799469
1.0,1,0.7607677578926086
1.0,1,0.9179233908653259
1.0,1,0.7115359306335449
1.0,1,0.9598795175552368
0.0,0,0.0002952657814603299
0.0,0,1.6314709228026913e-06
1.0,0,0.14379087090492249
0.0,0,0.016543904319405556
0.0,0,0.0035138381645083427
1.0,1,0.9725180268287659
0.0,0,7.885343620728236e-06
0.0,1,0.725274920463562
1.0,1,0.998296320438385
1.0,1,0.7428816556930542
1.0,1,0.9997701048851013
0.0,1,0.8842101693153381
1.0,1,0.7394062876701355
0.0,0,0.0003284229605924338
0.0,0,0.07281609624624252
0.0,0,0.00041135819628834724
1.0,1,0.9998915195465088
0.0,0,0.011319659650325775
1.0,1,0.9999845027923584
0.0,0,0.05306704714894295
1.0,1,0.9207324981689453
0.0,0,0.016056658700108528
1.0,1,0.993425726890564
1.0,1,0.7132898569107056
1.0,1,0.9997449517250061
1.0,1,0.9100505709648132
0.0,0,0.00014909557648934424
0.0,0,0.0027374718338251114
1.0,1,0.9963507652282715
0.0,0,0.01004263199865818
0.0,0,0.11825576424598694
0.0,0,0.0001452930155210197
0.0,0,0.01649281568825245
1.0,1,0.7591779232025146
1.0,1,0.9996422529220581
1.0,0,0.1853073686361313
0.0,0,0.08014354109764099
0.0,1,0.4464924931526184
0.0,1,0.5960906147956848
0.0,0,0.14756469428539276
0.0,0,0.0002455695648677647
0.0,0,0.12280994653701782
0.0,0,0.00373356812633574
0.0,0,0.0017974087968468666
0.0,0,0.007973803207278252
0.0,0,0.001391747617162764
0.0,0,0.0002329514391021803
1.0,1,0.9997647404670715
0.0,0,0.005700655747205019
1.0,1,0.9999946355819702
1.0,1,0.8833380341529846
0.0,0,0.030745593830943108
1.0,1,0.9999918937683105
0.0,0,0.01727145165205002
0.0,0,0.003945793025195599
1.0,1,0.9995861649513245
0.0,0,0.0023309860844165087
1.0,1,0.9971790313720703
1.0,1,0.9728306531906128
1.0,1,0.9999539852142334
1.0,1,0.6632925271987915
0.0,0,3.863430720230099e-06
0.0,0,0.13447833061218262
1.0,1,0.9916309714317322
0.0,0,0.0002342043590033427
1.0,1,0.3391628861427307
0.0,1,0.388974666595459
0.0,1,0.2646820843219757
1.0,1,0.9125436544418335
0.0,0,0.0015238472260534763
0.0,0,0.20034901797771454
0.0,0,0.042824313044548035
0.0,1,0.3760002553462982
0.0,1,0.36183077096939087
0.0,0,0.0008099955157376826
1.0,1,0.9887491464614868
0.0,0,0.0001817782613215968
0.0,0,0.0007847149390727282
1.0,1,0.9992940425872803
0.0,0,0.00023430108558386564
1.0,1,0.9981762170791626
1.0,1,0.9938257932662964
1.0,1,0.9504706859588623
0.0,0,0.0024302469100803137
0.0,1,0.7558414936065674
0.0,0,0.0004461622447706759
0.0,0,0.016172291710972786
0.0,0,0.07620636373758316
1.0,1,0.9532981514930725
0.0,0,7.509129500249401e-05
1.0,1,0.990345299243927
0.0,0,0.1603589951992035
1.0,1,0.8534435629844666
1.0,1,0.999552309513092
0.0,0,0.20745529234409332
0.0,0,0.018050001934170723
0.0,0,0.011857310310006142
0.0,1,0.5923735499382019
0.0,0,0.013206244446337223
0.0,0,0.0005271798581816256
0.0,0,8.02234499133192e-05
0.0,0,0.06902887672185898
1.0,1,0.9992915391921997
1.0,1,0.9991588592529297
1.0,1,0.9998462200164795
0.0,0,0.00824239756911993
0.0,0,7.030380220385268e-05
1.0,1,0.999955415725708
0.0,0,0.052793294191360474
1.0,0,0.008917905390262604
1.0,1,0.9996702671051025
0.0,0,0.028979631140828133
0.0,0,0.0035819511394947767
1.0,1,0.9989545345306396
0.0,0,0.0186353400349617
1.0,1,0.9890495538711548
1.0,1,0.9962435960769653
1.0,1,0.9927005767822266
1.0,1,0.9931546449661255
0.0,0,0.0018331697210669518
1.0,1,0.9997351765632629
0.0,0,0.00032154415384866297
0.0,0,0.0002856211212929338
0.0,0,0.0954207256436348
0.0,0,0.03312131017446518
0.0,0,0.05524980649352074
0.0,0,0.0840858444571495
1.0,1,0.9659993648529053
0.0,0,0.00033202703343704343
1.0,1,0.9997373223304749
1.0,1,0.9999802112579346
1.0,1,0.467061847448349
0.0,0,0.005234211217612028
1.0,1,0.8770703673362732
1.0,1,0.9580157399177551
0.0,0,9.291739843320101e-05
0.0,0,0.013065661303699017
0.0,0,0.015122792683541775
1.0,1,0.9930510520935059
0.0,0,3.64946827176027e-05
0.0,1,0.9995741248130798
0.0,0,7.769361400278285e-05
0.0,0,0.07147791236639023
1.0,1,0.9999991655349731
1.0,1,0.9587756395339966
0.0,0,0.02162414975464344
0.0,0,0.054079022258520126
1.0,1,0.9987911581993103
0.0,0,0.00017436651978641748
0.0,1,0.5939751863479614
0.0,0,0.0001248125045094639
0.0,0,0.0889289379119873
0.0,0,0.00011927376908715814
1.0,1,0.9933731555938721
0.0,0,7.790890958858654e-05
0.0,0,0.01946277916431427
0.0,0,0.0028559567872434855
0.0,0,0.00026406534016132355
1.0,1,0.9221368432044983
0.0,0,0.10321302711963654
1.0,1,0.9999790191650391
0.0,0,0.00041418103501200676
1.0,1,0.9521427154541016
0.0,0,0.0014043147675693035
0.0,1,0.4932915270328522
0.0,0,1.5846719179535285e-05
0.0,0,0.002219671616330743
0.0,0,0.010530372150242329
0.0,0,0.025606762617826462
0.0,0,0.0004133616457693279
0.0,0,0.0022443251218646765
0.0,0,0.029019689187407494
0.0,0,0.0873420462012291
1.0,1,0.8429124355316162
1.0,1,0.8895270228385925
0.0,1,0.9969362020492554
0.0,1,0.24640528857707977
0.0,0,0.0022950407583266497
0.0,0,1.2478219105105381e-05
1.0,1,0.9926764965057373
0.0,0,0.00046932982513681054
1.0,1,0.9670746922492981
0.0,0,5.441920802695677e-05
1.0,1,0.9999630451202393
1.0,1,0.9843906760215759
0.0,0,0.03899294137954712
0.0,0,0.0005288510001264513
0.0,0,0.0009895000839605927
1.0,1,0.9706064462661743
1.0,1,0.7954182624816895
0.0,0,6.066688911232632e-06
1.0,1,0.9982452392578125
1.0,0,0.07885979115962982
0.0,0,0.0045842076651751995
0.0,0,0.019913440570235252
1.0,0,0.17459599673748016
0.0,0,0.08067306876182556
0.0,0,0.0005622967728413641
0.0,0,9.28543449845165e-05
0.0,0,0.0005921541014686227
1.0,1,0.997593343257904
0.0,1,0.2744297385215759
0.0,0,0.006662266328930855
1.0,1,0.9997270703315735
0.0,1,0.7505005598068237
0.0,0,0.008884723298251629
1.0,1,0.7820734977722168
0.0,0,0.17753629386425018
0.0,1,0.3872695863246918
1.0,1,0.9989424347877502
0.0,0,0.0037377134431153536
1.0,1,0.9798375964164734
1.0,1,0.9997374415397644
0.0,0,3.031848564205575e-06
1.0,1,0.9998217225074768
0.0,0,0.0778857097029686
0.0,0,0.0004960030782967806
1.0,0,0.04081699252128601
0.0,1,0.9966285824775696
1.0,1,0.9927626252174377
0.0,0,1.1693058695527725e-05
1.0,1,0.9918391108512878
0.0,0,3.0414419597946107e-05
1.0,1,0.9998401403427124
0.0,0,0.007165491580963135
0.0,0,0.00691915862262249
1.0,1,0.999213457107544
0.0,0,0.0004190682084299624
0.0,1,0.7340379953384399
1.0,1,0.988438069820404
1.0,1,0.9992414712905884
0.0,0,0.06032758578658104
0.0,0,0.0011001654202118516
0.0,1,0.34189265966415405
0.0,0,0.02039250172674656
0.0,0,0.013465037569403648
1.0,1,0.9961658716201782
0.0,0,0.000179736249265261
0.0,0,0.03069821186363697
0.0,0,0.00029608409386128187
1.0,1,0.9973906874656677
0.0,0,0.001356438617222011
1.0,1,0.9503208994865417
0.0,0,0.0029895964544266462
0.0,0,0.0015632564900442958
1.0,1,0.9973273277282715
1.0,1,0.9692567586898804
0.0,0,0.08804597705602646
0.0,0,0.011935467831790447
0.0,1,0.4478672444820404
0.0,0,0.0008586408221162856
1.0,1,0.9999617338180542
1.0,1,0.9918743968009949
0.0,0,0.00017298210877925158
1.0,1,0.9989988207817078
1.0,1,0.9819911122322083
0.0,0,0.0004596580401994288
1.0,0,0.0658332034945488
1.0,1,0.9179537296295166
0.0,0,2.0204884094709996e-06
0.0,0,0.0008066741866059601
1.0,1,0.9997838139533997
1.0,1,0.9480956196784973
0.0,0,0.011764990165829659
0.0,1,0.29664549231529236
0.0,1,0.49400046467781067
0.0,0,0.16919519007205963
0.0,0,0.0012971330434083939
0.0,0,4.6296793243527645e-07
0.0,0,9.527843940304592e-05
1.0,1,0.9950745701789856
0.0,0,0.0002565419999882579
0.0,0,0.00011534134682733566
1.0,1,0.9953354001045227
0.0,0,0.0005123011651448905
0.0,0,0.0014161369763314724
0.0,0,1.734631041472312e-05
0.0,0,0.001116624684073031
1.0,1,0.9999719858169556
0.0,0,0.00029692452517338097
0.0,0,0.0003469554358161986
0.0,0,2.6100780814886093e-05
0.0,1,0.9390127062797546
0.0,0,0.0008999131969176233
1.0,0,0.0020423380192369223
1.0,1,0.5930250883102417
0.0,1,0.2976140081882477
0.0,0,0.05271899700164795
0.0,0,0.0005375327891670167
0.0,0,9.567494271323085e-05
0.0,0,0.0004499844799283892
1.0,1,0.9987344145774841
1.0,1,0.9935160875320435
0.0,0,0.0010379296727478504
1.0,1,0.9980900883674622
0.0,0,0.21899645030498505
0.0,0,0.08963797986507416
0.0,0,0.0006591467536054552
0.0,0,0.005201900843530893
1.0,1,0.9998990297317505
1.0,1,0.7863019704818726
1.0,1,0.9993069171905518
1.0,1,0.9983678460121155
0.0,0,5.2909173973603174e-05
0.0,0,0.09986787289381027
0.0,0,0.16018380224704742
0.0,0,0.0012866337783634663
1.0,1,0.9779486656188965
1.0,0,0.1650972217321396
1.0,1,0.9896907806396484
0.0,0,0.01187500637024641
0.0,0,0.044719669967889786
0.0,0,0.004002132918685675
0.0,0,0.008009098470211029
1.0,1,0.9836120009422302
1.0,1,0.8760156035423279
1.0,1,0.9917809367179871
1.0,1,0.9998519420623779
0.0,1,0.24140439927577972
1.0,1,0.9895691275596619
0.0,0,0.006404257845133543
1.0,1,0.9999281167984009
1.0,1,0.8748016953468323
0.0,1,0.8985564708709717
0.0,1,0.7675476670265198
0.0,0,0.0005634663975797594
0.0,0,0.00885970238596201
0.0,0,0.006323140114545822
1.0,1,0.9995003938674927
0.0,0,0.0012946522329002619
0.0,0,0.0014857343630865216
0.0,0,0.005801533814519644
1.0,0,0.006359851453453302
1.0,1,0.9333279728889465
0.0,0,0.0008213549153879285
1.0,1,0.9995323419570923
0.0,0,1.8049442587653175e-05
1.0,1,0.9995940327644348
0.0,0,1.823632192099467e-05
1.0,1,0.860401451587677
1.0,1,0.9970117807388306
0.0,0,4.3967207602690905e-05
0.0,0,0.0006686514243483543
1.0,1,0.9855490326881409
0.0,0,9.718970250105485e-05
1.0,1,0.9974295496940613
0.0,0,0.008086995221674442
1.0,1,0.9949795603752136
1.0,1,0.9997658133506775
0.0,0,0.18057620525360107
1.0,1,0.9949131011962891
1.0,1,0.3003283143043518
1.0,1,0.37719008326530457
1.0,1,0.9376952052116394
1.0,1,0.9741833209991455
0.0,0,0.08390665054321289
0.0,0,6.343761924654245e-05
0.0,1,0.8547081351280212
0.0,0,0.00819825567305088
1.0,1,0.8322018384933472
1.0,1,0.9997380375862122
1.0,1,0.29166701436042786
1.0,0,0.03545700013637543
0.0,0,0.022665802389383316
0.0,0,0.002469718689098954
1.0,1,0.9918947815895081
0.0,0,2.0755518562509678e-05
0.0,0,0.0007833309355191886
0.0,0,0.02689199522137642
0.0,0,0.0003484067565295845
0.0,0,0.005112445913255215
1.0,1,0.9347724914550781
1.0,1,0.9752292633056641
0.0,0,0.0028679505921900272
0.0,0,0.21834038197994232
1.0,0,0.060199663043022156
0.0,0,0.00028918430325575173
0.0,0,0.0006005618488416076
0.0,0,0.010965976864099503
1.0,1,0.9995728135108948
1.0,0,0.11909797787666321
0.0,0,0.009204515255987644
1.0,1,0.9960362315177917
1.0,1,0.999963641166687
1.0,1,0.7915732264518738
1.0,1,0.958703339099884
0.0,0,0.005945069715380669
0.0,0,0.0015424987068399787
0.0,0,5.779609637102112e-05
0.0,0,0.0009906792547553778
1.0,1,0.6062116026878357
0.0,0,8.223783964922404e-08
1.0,1,0.9991855025291443
1.0,1,0.9983693957328796
0.0,0,3.5765362554229796e-05
0.0,0,0.0006789172766730189
1.0,0,0.027974767610430717
1.0,1,0.6920846104621887
0.0,0,0.20904570817947388
1.0,1,0.9542181491851807
1.0,1,0.9998593330383301
0.0,0,0.14625400304794312
0.0,0,0.023605700582265854
0.0,0,0.016210762783885002
0.0,0,0.2204439640045166
0.0,1,0.8429038524627686
0.0,0,0.0031364767346531153
0.0,1,0.9948394894599915
0.0,0,0.00026654344401322305
1.0,1,0.9989757537841797
0.0,0,0.00010658344399416819
0.0,0,0.02330537512898445
1.0,1,0.9284188747406006
0.0,0,0.0009927842766046524
0.0,0,0.015540213324129581
1.0,1,0.9991870522499084
0.0,0,0.002860713517293334
0.0,0,0.08601359277963638
1.0,1,0.9202983975410461
1.0,1,0.998877227306366
0.0,0,0.0009693229221738875
1.0,1,0.9997599720954895
1.0,1,0.9985068440437317
0.0,1,0.3985793888568878
1.0,1,0.9999985694885254
1.0,1,0.7953217029571533
0.0,0,2.7143491024617106e-05
0.0,0,0.03075134940445423
0.0,0,0.00012012915249215439
0.0,1,0.9363794922828674
0.0,0,0.0007741344743408263
0.0,0,0.00462245661765337
0.0,0,0.006880394648760557
0.0,0,0.0005043246783316135
1.0,1,0.9999716281890869
0.0,0,0.00012872192019131035
0.0,0,0.00023358373437076807
1.0,1,0.9979369640350342
1.0,1,0.9991151690483093
1.0,1,0.999955415725708
0.0,0,0.000979279400780797
0.0,0,0.00058273586910218
1.0,1,0.9999327659606934
0.0,1,0.4935968816280365
0.0,0,0.18927393853664398
0.0,0,0.015470989048480988
0.0,0,0.0006258139037527144
0.0,0,0.014168628491461277
0.0,0,5.703574788640253e-05
1.0,1,0.9985785484313965
0.0,0,0.001526473555713892
1.0,1,0.9999287128448486
0.0,0,0.014366338029503822
1.0,1,0.9999051094055176
0.0,0,0.0003998005704488605
0.0,0,0.006301002111285925
0.0,0,0.023409513756632805
0.0,0,0.003943121526390314
0.0,0,0.004520459566265345
0.0,1,0.9685524106025696
0.0,0,0.006233949679881334
0.0,1,0.9124336242675781
1.0,1,0.9994174242019653
1.0,0,0.01476312056183815
0.0,0,0.0025817034766077995
0.0,0,2.5274155632359907e-05
1.0,1,0.824630618095398
0.0,0,0.0802927017211914
0.0,0,0.13740582764148712
1.0,1,0.9999358654022217
0.0,0,0.18356947600841522
0.0,0,0.003811315167695284
0.0,0,0.053480662405490875
0.0,0,0.20044779777526855
1.0,1,0.9488872289657593
1.0,1,0.9909262657165527
0.0,1,0.9133202433586121
1.0,1,0.9980100989341736
0.0,0,0.0304664745926857
0.0,0,3.0472283469862305e-05
1.0,1,0.9998797178268433
0.0,0,0.0007131704478524625
0.0,0,0.0002517339016776532
1.0,1,0.383694052696228
0.0,0,3.3928308766917326e-06
0.0,0,0.0005150140495970845
0.0,0,0.030405722558498383
0.0,0,1.99378755496582e-05
0.0,0,0.005777263082563877
0.0,0,0.04791093245148659
0.0,0,0.0017405172111466527
1.0,1,0.9988960027694702
1.0,0,0.0031791285146027803
0.0,0,0.002318666549399495
1.0,1,0.9994151592254639
0.0,0,0.0011125855380669236
0.0,0,0.0017269538948312402
1.0,1,0.9985768795013428
0.0,0,0.00030273807351477444
0.0,0,0.006831721402704716
0.0,0,0.020168479532003403
0.0,0,2.118050178978592e-05
0.0,0,0.025389432907104492
0.0,0,0.00017614637908991426
1.0,1,0.9329898953437805
1.0,1,0.9998791217803955
1.0,1,0.9975630044937134
1.0,1,0.9999783039093018
1.0,1,0.9921628832817078
1.0,1,0.9993748068809509
0.0,0,0.002001190325245261
0.0,0,0.003072302555665374
1.0,1,0.597801923751831
0.0,0,0.000132663146359846
0.0,0,0.000667525629978627
1.0,1,0.9999797344207764
1.0,1,0.998832643032074
0.0,0,0.0061323498375713825
0.0,1,0.714266300201416
1.0,1,0.9960287809371948
0.0,1,0.2590199112892151
0.0,0,0.003009121399372816
1.0,1,0.9987500905990601
1.0,1,0.9869239926338196
0.0,0,0.0005446831928566098
1.0,1,0.9998624324798584
1.0,1,0.9996775388717651
1.0,0,0.16336502134799957
1.0,1,0.9944041967391968
1.0,1,0.9632647037506104
0.0,0,0.026432137936353683
1.0,1,0.9950271248817444
0.0,0,0.037916336208581924
0.0,1,0.8991177678108215
0.0,0,0.009902640245854855
0.0,0,0.00026261163293384016
1.0,1,0.9657477736473083
0.0,0,0.009394240565598011
0.0,0,0.0036343494430184364
0.0,0,0.008261105976998806
0.0,0,0.002069578506052494
1.0,1,0.9968487620353699
1.0,1,0.9945768117904663
1.0,1,0.6530217528343201
1.0,1,0.9945651292800903
1.0,1,0.9997493624687195
1.0,1,0.9945000410079956
1.0,1,0.9980109333992004
1.0,1,0.9998456239700317
1.0,1,0.9995647072792053
1.0,1,0.9999923706054688
1.0,1,0.9999426603317261
0.0,0,0.00011352152068866417
0.0,0,0.0028655969072133303
1.0,1,0.9664446115493774
0.0,0,0.00016770357615314424
1.0,1,0.9999754428863525
0.0,0,0.00029656439437530935
1.0,1,0.9993131160736084
1.0,1,0.9838510155677795
0.0,0,0.00019399735901970416
0.0,0,0.011293834075331688
1.0,0,0.008270659483969212
0.0,0,6.534794374601915e-05
0.0,0,0.009220763109624386
1.0,1,0.999016523361206
0.0,0,0.11816048622131348
1.0,1,0.971636950969696
0.0,0,4.576525680022314e-05
0.0,0,0.018795358017086983
0.0,1,0.6299648284912109
1.0,1,0.9991428852081299
1.0,1,0.28326183557510376
0.0,0,0.00014957589155528694
0.0,0,0.001508482382632792
0.0,0,0.038150347769260406
1.0,1,0.9993845224380493
0.0,1,0.914409875869751
1.0,1,0.7899513840675354
1.0,1,0.9983012676239014
0.0,1,0.9989771842956543
1.0,1,0.9795638918876648
0.0,0,0.0036100735887885094
0.0,0,7.306196948775323e-06
0.0,0,0.047638796269893646
1.0,1,0.9987280964851379
0.0,0,0.0023174413945525885
1.0,1,0.9999308586120605
0.0,0,9.223791130352765e-05
0.0,0,0.00042375686462037265
0.0,0,3.3695585443638265e-05
0.0,1,0.9808846712112427
0.0,0,0.0003416270774323493
0.0,0,0.0023047206923365593
0.0,0,0.0006698616198264062
0.0,1,0.6623364686965942
0.0,0,1.3530891010304913e-05
1.0,0,0.17985941469669342
1.0,1,0.99101322889328
1.0,1,0.9989560842514038
1.0,1,0.984565258026123
1.0,1,0.9998231530189514
1.0,1,0.9996216297149658
1.0,1,0.992890477180481
1.0,1,0.6823166608810425
0.0,0,0.0284559465944767
0.0,0,0.009462046436965466
1.0,1,0.9995844960212708
1.0,1,0.9972882270812988
0.0,0,0.006149398162961006
0.0,0,4.820725371246226e-05
1.0,1,0.9952143430709839
0.0,0,0.07720895111560822
0.0,0,3.901604486600263e-06
1.0,1,0.9630547165870667
1.0,1,0.9962062835693359
1.0,1,0.9999171495437622
0.0,0,6.196121103130281e-05
0.0,0,0.01400080882012844
1.0,1,0.9979667663574219
0.0,0,0.00017449972801841795
1.0,1,0.8871539235115051
1.0,1,0.9982465505599976
1.0,1,0.2470375895500183
0.0,0,0.03229711577296257
1.0,1,0.6236531138420105
0.0,0,0.0012722621904686093
1.0,1,0.9923789501190186
1.0,0,8.883367627277039e-06
1.0,1,0.9231897592544556
1.0,1,0.7405380606651306
1.0,1,0.9900230765342712
1.0,1,0.9817580580711365
0.0,0,0.004437814466655254
1.0,1,0.9790352582931519
1.0,1,0.9897775053977966
1.0,1,0.9999980926513672
1.0,1,0.9514051675796509
0.0,0,0.00285093835555017
0.0,0,0.028514210134744644
1.0,1,0.3195872902870178
0.0,0,0.0005628896178677678
1.0,0,0.03377225250005722
0.0,0,0.059161476790905
0.0,0,2.631780444062315e-05
0.0,0,0.0007081087678670883
0.0,0,0.0075627220794558525
0.0,0,0.017576364800333977
1.0,1,0.9999721050262451
0.0,0,0.0011346169048920274
0.0,0,9.58298915065825e-05
1.0,1,0.9996299743652344
0.0,0,0.1805562824010849
1.0,1,0.266824334859848
0.0,0,7.293897965610086e-07
1.0,1,0.9222259521484375
0.0,0,8.859905938152224e-05
1.0,1,0.9999915361404419
0.0,0,0.02349730208516121
0.0,0,0.007208456750959158
0.0,1,0.3141937553882599
0.0,0,0.0008299011387862265
0.0,1,0.33156633377075195
0.0,0,1.9446904389042174e-06
0.0,0,0.00023449146829079837
1.0,1,0.9998067021369934
0.0,0,0.0032840739004313946
0.0,1,0.2935410737991333
0.0,1,0.6919071674346924
1.0,1,0.9954406023025513
1.0,1,0.9068920016288757
1.0,1,0.9528070688247681
0.0,0,0.0029334102291613817
0.0,0,0.001223748316988349
0.0,1,0.2432699054479599
0.0,0,0.02746734209358692
0.0,0,1.9900289771612734e-06
0.0,0,1.9577813873183914e-05
1.0,1,0.9946211576461792
0.0,0,4.438136329554254e-06
0.0,0,0.00026144494768232107
0.0,0,0.00013796199345961213
0.0,0,0.10218502581119537
1.0,1,0.968393862247467
1.0,1,0.5294663906097412
0.0,0,2.936691544164205e-06
1.0,1,0.9897065162658691
0.0,0,0.0002376230404479429
1.0,1,0.9996885061264038
0.0,0,0.01968700811266899
0.0,0,0.00010185016435571015
1.0,1,0.9523298740386963
1.0,1,0.573188304901123
1.0,1,0.32239723205566406
0.0,0,0.035966336727142334
1.0,1,0.9869197607040405
1.0,1,0.999165415763855
1.0,1,0.9447072148323059
0.0,0,0.013204257003962994
0.0,1,0.684059739112854
0.0,0,0.0034663951955735683
1.0,0,0.006321869790554047
1.0,1,0.9978243112564087
0.0,0,0.0073104556649923325
0.0,1,0.977225124835968
0.0,0,0.0415547750890255
1.0,1,0.7113439440727234
0.0,0,5.327695544110611e-05
0.0,0,0.0019191562896594405
0.0,0,0.008085174486041069
0.0,0,0.06419903039932251
1.0,1,0.3930351138114929
1.0,1,0.9998606443405151
1.0,1,0.9795427322387695
1.0,1,0.9981118440628052
0.0,1,0.33019188046455383
0.0,0,0.002191458595916629
0.0,0,0.0008838729117996991
0.0,0,0.0005849963636137545
1.0,1,0.9988477230072021
1.0,1,0.9964423775672913
1.0,1,0.9470197558403015
1.0,1,0.7124265432357788
1.0,1,0.9632294178009033
0.0,1,0.37203869223594666
1.0,1,0.99533611536026
0.0,0,0.000157007816596888
0.0,0,0.035619478672742844
0.0,0,1.8816701413015835e-05
0.0,0,0.000133248875499703
1.0,1,0.9969099164009094
0.0,0,0.0434524267911911
0.0,0,0.057896990329027176
0.0,0,0.00029430375434458256
1.0,1,0.9605341553688049
1.0,1,0.9418975114822388
1.0,1,0.9982245564460754
0.0,0,0.004871375393122435
1.0,1,0.9758398532867432
1.0,1,0.8797104954719543
1.0,1,0.9648198485374451
0.0,0,0.00210765702649951
0.0,0,0.0002200928720412776
1.0,1,0.9998522996902466
1.0,1,0.9739105105400085
1.0,1,0.6686519384384155
1.0,1,0.9999991655349731
0.0,1,0.9971694350242615
1.0,1,0.9980297684669495
1.0,1,0.9944950938224792
0.0,0,0.12720999121665955
1.0,1,0.9913163185119629
1.0,1,0.8656672239303589
1.0,1,0.9964344501495361
1.0,1,0.9899242520332336
1.0,1,0.9996492862701416
1.0,1,0.9959457516670227
1.0,0,0.007485185284167528
0.0,0,0.010784460231661797
0.0,0,0.0003607196849770844
0.0,0,0.004420052282512188
1.0,1,0.9994062185287476
0.0,0,0.1921609491109848
1.0,1,0.9897152781486511
0.0,1,0.6388423442840576
1.0,1,0.9997760653495789
1.0,1,0.9992746710777283
0.0,0,0.027897533029317856
0.0,0,0.0016899179900065064
1.0,1,0.9705886840820312
1.0,1,0.994134247303009
1.0,1,0.9987472295761108
0.0,0,0.0004076900950167328
0.0,0,0.04169098287820816
0.0,0,0.0043417965061962605
1.0,1,0.8754118084907532
1.0,1,0.9218344688415527
0.0,1,0.33382856845855713
1.0,1,0.9994634985923767
1.0,0,0.002435252768918872
0.0,0,0.0002249313547508791
0.0,0,0.12055817991495132
1.0,1,0.9593726992607117
0.0,0,0.0013004265492781997
1.0,1,0.9999945163726807
1.0,1,0.9983721375465393
0.0,0,0.0012543178163468838
1.0,1,0.9943332672119141
1.0,1,0.6684099435806274
0.0,1,0.3542725741863251
0.0,0,0.0004954077303409576
0.0,0,0.08747792989015579
1.0,0,0.0057495045475661755
0.0,0,0.0006858157576061785
0.0,0,0.0004363791085779667
0.0,0,0.0002838665677700192
1.0,1,0.9979628324508667
0.0,0,9.554119606036693e-05
0.0,0,0.04153381660580635
0.0,1,0.8507580757141113
1.0,1,0.9957358837127686
0.0,0,0.011326946318149567
1.0,0,0.0014491506153717637
1.0,1,0.9998798370361328
1.0,1,0.995567262172699
1.0,0,0.015553903765976429
1.0,1,0.3617238700389862
1.0,1,0.36879032850265503
1.0,1,0.7011323571205139
1.0,1,0.9987223744392395
0.0,0,0.00582492258399725
0.0,0,0.0001516107440693304
1.0,1,0.998819887638092
0.0,0,0.0207199826836586
0.0,1,0.6267502903938293
0.0,0,5.432114448922221e-06
1.0,1,0.9656350612640381
0.0,1,0.3425876498222351
0.0,0,0.0010723399464040995
1.0,0,0.03748095780611038
1.0,1,0.9969468712806702
1.0,1,0.9964361190795898
1.0,1,0.572265625
0.0,0,0.00011484419519547373
0.0,1,0.9961450099945068
0.0,0,0.16581518948078156
1.0,1,0.9998000264167786
0.0,0,0.0006349963368847966
1.0,1,0.9999915361404419
0.0,0,0.005577102769166231
0.0,0,0.00433454429730773
1.0,1,0.9997993111610413
1.0,1,0.9988530874252319
0.0,0,0.002177168382331729
0.0,1,0.4299403727054596
0.0,0,0.00015410954074468464
0.0,0,9.195556776830927e-05
1.0,1,0.9944705963134766
0.0,0,0.009039168246090412
0.0,0,9.601430065231398e-05
0.0,0,0.01325079333037138
1.0,1,0.984653651714325
1.0,1,0.6150376796722412
1.0,1,0.6905071139335632
0.0,0,0.005751560442149639
0.0,0,0.0032360691111534834
1.0,1,0.9999562501907349
0.0,1,0.7213823795318604
0.0,0,0.0008812076994217932
0.0,0,0.026821782812476158
0.0,0,0.000729468185454607
0.0,0,0.0014413812896236777
0.0,0,0.0018594558350741863
0.0,0,0.0006882344023324549
0.0,0,0.0002041449333773926
0.0,0,0.03246660530567169
1.0,1,0.9971033930778503
1.0,1,0.9997528195381165
1.0,1,0.9972162246704102
1.0,1,0.9863966107368469
0.0,0,3.5599921375251142e-06
0.0,0,0.017301158979535103
0.0,0,0.005806662142276764
0.0,0,0.0006459647556766868
0.0,0,0.07292646169662476
0.0,0,0.09587062895298004
0.0,1,0.961799144744873
0.0,0,0.015267127193510532
0.0,0,0.0006323978304862976
0.0,0,0.017721427604556084
0.0,0,0.00025174638722091913
0.0,1,0.43326497077941895
0.0,1,0.9919906258583069
1.0,1,0.9996767044067383
1.0,1,0.8658156394958496
1.0,1,0.7808331251144409
0.0,0,0.0005691311089321971
1.0,1,0.9999980926513672
0.0,0,3.793463065449032e-06
0.0,1,0.9877503514289856
0.0,0,0.0017667742213234305
1.0,1,0.9996483325958252
0.0,0,0.029470790177583694
0.0,0,0.00019345465989317745
1.0,1,0.9998044371604919
1.0,1,0.9971761703491211
1.0,0,0.16944816708564758
0.0,0,0.0095692602917552
1.0,1,0.9994342923164368
0.0,0,0.0042265490628778934
1.0,1,0.9974713325500488
1.0,1,0.536320686340332
0.0,0,0.0019304107408970594
1.0,1,0.7773635387420654
0.0,0,3.502900938201492e-07
1.0,1,0.9771507978439331
1.0,1,0.9985634684562683
0.0,0,0.00532206054776907
0.0,1,0.833038866519928
1.0,1,0.6269431114196777
1.0,1,0.9997623562812805
0.0,0,0.0017870229203253984
0.0,0,0.001706687267869711
0.0,0,0.0015749180456623435
0.0,0,1.1365548743924592e-05
0.0,1,0.37297236919403076
0.0,0,0.08173075318336487
0.0,0,0.0015317489160224795
1.0,1,0.9996811151504517
0.0,0,0.009559331461787224
1.0,1,0.9261747002601624
0.0,0,9.86738596111536e-05
0.0,0,0.017284821718931198
0.0,0,0.00010271243809256703
0.0,0,0.013472412712872028
0.0,1,0.4754439890384674
0.0,0,0.13556373119354248
1.0,1,0.9973108768463135
0.0,0,5.703750503016636e-06
1.0,0,0.07471742480993271
0.0,0,6.580958870472386e-05
0.0,0,0.000517017615493387
0.0,0,5.295440132613294e-05
1.0,1,0.9980485439300537
0.0,0,0.0027276454493403435
0.0,0,0.0009606686653569341
0.0,0,0.01020659226924181
0.0,0,0.1079937145113945
0.0,0,0.000706866558175534
1.0,1,0.9998660087585449
0.0,0,0.003624300006777048
0.0,0,0.1457122266292572
0.0,0,4.08815176342614e-05
1.0,1,0.9907848834991455
0.0,0,0.0106118218973279
0.0,1,0.8149824142456055
0.0,1,0.36192524433135986
1.0,1,0.8703643083572388
1.0,1,0.9990389347076416
0.0,0,0.0014807949773967266
0.0,1,0.9334399104118347
0.0,0,0.0007914919406175613
0.0,1,0.5454473495483398
0.0,0,0.00015563677879981697
1.0,1,0.9665067791938782
1.0,1,0.9960655570030212
0.0,0,1.715416510705836e-05
1.0,1,0.9938483834266663
1.0,0,0.0023204132448881865
0.0,0,0.006822946947067976
0.0,0,0.000994436675682664
1.0,1,0.9994136095046997
0.0,1,0.9732052683830261
1.0,1,0.9998741149902344
1.0,1,0.9999518394470215
1.0,1,0.9912751913070679
1.0,0,0.004103484097868204
1.0,1,0.9981153011322021
1.0,1,0.2511514723300934
1.0,1,0.8732051849365234
1.0,1,0.9996178150177002
0.0,0,0.1707458645105362
1.0,1,0.9919670224189758
0.0,1,0.9997573494911194
0.0,1,0.341615229845047
0.0,0,0.0005685712676495314
1.0,1,0.9999995231628418
0.0,0,0.040792662650346756
0.0,0,4.890039053861983e-05
1.0,1,0.9842454791069031
1.0,1,0.9987545013427734
1.0,1,0.9982343912124634
0.0,1,0.9798974394798279
0.0,0,0.0021723092067986727
0.0,0,0.05498697608709335
1.0,1,0.6302680373191833
1.0,1,0.9971453547477722
0.0,0,0.0007364285411313176
0.0,1,0.7339970469474792
0.0,0,1.5275560144800693e-05
1.0,1,0.9655274748802185
1.0,1,0.9992024302482605
0.0,0,0.0009089438244700432
1.0,1,0.9423426389694214
1.0,1,0.9993908405303955
0.0,0,0.0001702567096799612
1.0,1,0.9941954016685486
0.0,0,0.00016696134116500616
0.0,0,0.03235865384340286
1.0,1,0.9926306009292603
0.0,0,0.0024173741694539785
1.0,1,0.9998341798782349
1.0,1,0.999656081199646
1.0,1,0.9224653244018555
0.0,0,0.0004910658462904394
1.0,1,0.9879947304725647
1.0,1,0.9567883014678955
0.0,1,0.6085801720619202
0.0,0,0.000625687709543854
1.0,1,0.9999986886978149
1.0,1,0.9928182363510132
1.0,1,0.9995276927947998
1.0,1,0.9696527123451233
1.0,1,0.9961609840393066
0.0,0,0.0006479917792603374
1.0,1,0.7347951531410217
1.0,1,0.9982067346572876
1.0,1,0.9998264908790588
0.0,0,0.00011687530786730349
1.0,1,0.343665212392807
0.0,1,0.4345409870147705
0.0,0,0.00031348131597042084
0.0,0,0.0024138488806784153
0.0,0,0.0001961882517207414
0.0,0,0.005730061791837215
0.0,0,0.01570451259613037
0.0,0,0.0005269339890219271
1.0,1,0.6126121878623962
1.0,1,0.9881728291511536
0.0,0,0.12290814518928528
0.0,0,0.0002622488245833665
0.0,0,0.08707373589277267
1.0,0,0.0009471930679865181
0.0,0,0.00745868356898427
0.0,1,0.9207100868225098
0.0,0,0.00030053697992116213
0.0,0,0.00013847164518665522
0.0,0,0.030003957450389862
1.0,1,0.9519171714782715
0.0,0,0.00015968139632605016
1.0,1,0.7671012878417969
1.0,1,0.999600350856781
0.0,0,0.0005847811698913574
0.0,0,0.000213024381082505
0.0,1,0.8783017992973328
0.0,1,0.7455679178237915
0.0,1,0.6675958633422852
0.0,0,9.535297431284562e-05
0.0,0,0.0364563949406147
1.0,1,0.8950101733207703
0.0,0,0.0005213136901147664
0.0,0,0.005983119830489159
0.0,0,0.0018770609749481082
0.0,0,0.002200649119913578
1.0,1,0.9997690320014954
0.0,0,0.00040612995508126915
0.0,0,0.00017231177480425686
0.0,1,0.9663869738578796
1.0,1,0.8093683123588562
0.0,0,0.0032734274864196777
0.0,0,0.00035422336077317595
0.0,0,0.14193232357501984
1.0,0,0.08143166452646255
0.0,0,0.20417480170726776
1.0,1,0.5966813564300537
0.0,0,0.0002702242345549166
1.0,1,0.9994699358940125
1.0,1,0.8487102389335632
1.0,1,0.998865008354187
0.0,1,0.9570587873458862
0.0,0,0.03473961353302002
0.0,0,0.21528863906860352
0.0,0,0.0474473312497139
0.0,0,0.005958531983196735
0.0,0,0.00022600730881094933
0.0,0,8.85423014551634e-06
1.0,1,0.3866693079471588
1.0,1,0.9999277591705322
1.0,0,0.007793921511620283
0.0,1,0.3749012053012848
1.0,1,0.8916518688201904
1.0,1,0.5621811151504517
0.0,0,0.028805343434214592
0.0,0,0.0010518277995288372
0.0,0,0.03248761221766472
1.0,1,0.9909153580665588
1.0,1,0.685157060623169
1.0,1,0.9998401403427124
1.0,1,0.9999799728393555
1.0,0,0.012153184972703457
1.0,1,0.9359384179115295
0.0,0,3.4999047784367576e-05
0.0,0,1.867180827730408e-07
1.0,0,0.017876118421554565
1.0,1,0.9720621705055237
0.0,0,0.0004536838678177446
0.0,0,0.0006712074391543865
1.0,1,0.9997865557670593
0.0,0,0.0002459996030665934
0.0,1,0.5700166821479797
0.0,0,0.0010436942102387547
1.0,1,0.920166552066803
1.0,1,0.6589009761810303
0.0,0,3.314546847832389e-05
1.0,1,0.9951962828636169
0.0,0,0.0003314725763630122
0.0,1,0.49257874488830566
0.0,0,0.007674131542444229
0.0,1,0.31791844964027405
0.0,0,0.035234235227108
0.0,0,5.5356158554786816e-05
0.0,0,0.1244582012295723
0.0,0,5.963790317764506e-05
1.0,1,0.6515080332756042
1.0,1,0.9932331442832947
0.0,0,6.055073390598409e-05
1.0,1,0.9530414342880249
1.0,0,0.0028526128735393286
0.0,0,8.013139449758455e-05
1.0,1,0.3438330590724945
1.0,1,0.9382043480873108
0.0,0,0.0004484040255192667
0.0,0,8.070816693361849e-05
1.0,1,0.9999700784683228
0.0,0,0.010490234941244125
1.0,1,0.9991294741630554
0.0,0,0.08232173323631287
0.0,0,8.590704965172336e-05
0.0,0,0.0003603108343668282
0.0,0,0.0002334399032406509
1.0,1,0.6414485573768616
0.0,0,0.18648996949195862
0.0,0,0.14858216047286987
0.0,0,6.472415407188237e-05
0.0,0,0.06308591365814209
0.0,0,0.0006492321263067424
1.0,0,0.12037999927997589
1.0,1,0.8702674508094788
1.0,1,0.9999781847000122
0.0,0,0.00018413187353871763
1.0,1,0.9946339130401611
1.0,1,0.9521962404251099
1.0,0,0.0005279268370941281
1.0,1,0.999823272228241
0.0,1,0.9889260530471802
1.0,0,0.0034526537638157606
0.0,1,0.9744320511817932
1.0,1,0.9988946318626404
0.0,0,0.08342356234788895
0.0,0,0.00020378653425723314
0.0,1,0.8370652794837952
0.0,0,0.005387712270021439
0.0,0,0.04580220207571983
1.0,1,0.9976638555526733
1.0,1,0.998664379119873
0.0,0,0.004994242452085018
0.0,0,0.0048463293351233006
0.0,0,0.0817943587899208
0.0,0,7.0617588789900765e-06
1.0,1,0.5908488035202026
1.0,1,0.9952740669250488
0.0,0,0.0005171452648937702
0.0,1,0.6378130912780762
1.0,1,0.994053065776825
0.0,0,0.000185788405360654
1.0,1,0.999687910079956
1.0,1,0.8772332668304443
1.0,1,0.9925757646560669
0.0,1,0.47771093249320984
0.0,0,0.0003579935582820326
0.0,0,0.0008911848999559879
0.0,0,0.0036874166689813137
0.0,0,5.503723514266312e-05
0.0,0,0.19222916662693024
1.0,1,0.9990911483764648
0.0,0,0.0006442760932259262
0.0,0,0.052606403827667236
0.0,0,0.00012128868547733873
0.0,1,0.7175933122634888
0.0,0,0.003825824474915862
0.0,0,0.08024854212999344
0.0,0,0.002408212749287486
1.0,1,0.9829109311103821
1.0,1,0.9940954446792603
1.0,1,0.8544737696647644
1.0,1,0.8921048045158386
1.0,1,0.9537115097045898
0.0,0,0.0014185375766828656
0.0,0,1.497609537182143e-05
0.0,0,0.017685042694211006
1.0,1,0.9350995421409607
0.0,0,0.001118268701247871
0.0,0,0.0012401987332850695
0.0,0,0.0011870204471051693
1.0,1,0.9974506497383118
1.0,1,0.9981058835983276
0.0,0,0.001310087158344686
1.0,1,0.9903912544250488
1.0,1,0.999930739402771
0.0,0,0.0020670767407864332
0.0,1,0.9963390827178955
0.0,0,0.13561776280403137
0.0,1,0.24692735075950623
1.0,1,0.9933416247367859
1.0,1,0.9996691942214966
1.0,1,0.9262070059776306
0.0,0,2.5360204745084047e-05
0.0,0,8.7523199908901e-05
0.0,0,0.08717969805002213
1.0,1,0.9282235503196716
0.0,0,0.04868926852941513
1.0,1,0.9878204464912415
1.0,1,0.9965265393257141
0.0,0,0.04318545013666153
0.0,0,0.00035516562638804317
0.0,0,0.19009540975093842
1.0,1,0.9470787644386292
1.0,0,0.17004898190498352
0.0,0,0.0011690129758790135
0.0,0,0.00042170670349150896
0.0,0,0.007750742603093386
0.0,0,0.00024539264268241823
1.0,0,0.010422502644360065
0.0,0,0.16208241879940033
0.0,0,0.08152616769075394
0.0,0,0.018242334946990013
1.0,0,0.16481447219848633
1.0,1,0.9063184261322021
0.0,0,2.9805274607497267e-05
1.0,1,0.9237692356109619
1.0,1,0.2928438186645508
0.0,0,0.004205497447401285
0.0,0,1.6884339856915176e-05
0.0,0,0.000673793547321111
1.0,1,0.32850024104118347
0.0,0,0.03105744533240795
0.0,0,1.3749631762038916e-05
0.0,0,7.391303370241076e-05
0.0,0,0.1299346387386322
0.0,0,0.004500306211411953
0.0,0,0.021731195971369743
0.0,0,0.004083207342773676
0.0,0,4.120288940612227e-05
1.0,1,0.9984025359153748
0.0,0,3.20564977300819e-05
0.0,0,0.0013583233812823892
1.0,1,0.24499356746673584
1.0,0,0.05385175719857216
1.0,1,0.9997475743293762
0.0,0,0.0064081125892698765
1.0,1,0.96726393699646
1.0,1,0.6535806655883789
0.0,0,0.0006795232184231281
0.0,0,0.00065570481820032
1.0,1,0.9462445974349976
1.0,1,0.9998917579650879
0.0,0,0.0010042847134172916
1.0,1,0.9999957084655762
0.0,1,0.34434810280799866
1.0,1,0.9991994500160217
1.0,1,0.9976308345794678
0.0,0,0.09792045503854752
1.0,0,0.07966561615467072
0.0,1,0.9657580256462097
0.0,0,0.035642359405756
0.0,0,0.0003392545331735164
1.0,0,3.200292121618986e-05
0.0,0,0.005242480896413326
1.0,1,0.994006872177124
1.0,1,0.9939180612564087
0.0,0,0.0001998119696509093
0.0,0,0.00038727890932932496
0.0,0,0.15265145897865295
1.0,1,0.9997954964637756
0.0,0,0.0005093999789096415
0.0,1,0.4255337417125702
1.0,1,0.4784668982028961
0.0,0,0.04815128073096275
0.0,0,0.0004294241371098906
0.0,0,3.0277737096184865e-05
0.0,0,3.847507468890399e-05
0.0,0,0.0031665524002164602
1.0,1,0.9999788999557495
0.0,0,0.00025310833007097244
1.0,1,0.7375344634056091
0.0,0,2.6346382583142258e-05
0.0,0,0.0012030412908643484
0.0,0,0.007485177367925644
0.0,0,0.04568151384592056
1.0,1,0.9993032217025757
1.0,1,0.9918831586837769
0.0,0,9.471471457800362e-06
0.0,0,1.4194435607350897e-05
0.0,0,0.0005681089241988957
1.0,1,0.2635524868965149
1.0,1,0.9997276663780212
0.0,1,0.9999313354492188
1.0,1,0.9491222500801086
1.0,1,0.9999788999557495
0.0,0,0.00011649845691863447
1.0,1,0.7710246443748474
0.0,0,0.0010375268757343292
0.0,0,6.244309770409018e-05
0.0,0,0.020780391991138458
0.0,0,0.035204268991947174
0.0,1,0.9974356293678284
0.0,0,7.3735209298320115e-06
0.0,0,0.0051830606535077095
0.0,0,0.00023300785687752068
1.0,1,0.995563268661499
1.0,0,0.03885195776820183
1.0,1,0.9945687055587769
1.0,1,0.9399316310882568
0.0,0,0.00024174049030989408
1.0,1,0.570185661315918
0.0,0,0.0018600320909172297
1.0,1,0.9899683594703674
1.0,1,0.9995924830436707
0.0,0,0.0003383935254532844
0.0,1,0.9990574717521667
1.0,1,0.9066034555435181
1.0,1,0.999997615814209
0.0,0,0.01611645705997944
1.0,1,0.9902571439743042
1.0,1,0.9997290968894958
0.0,0,0.037271223962306976
1.0,1,0.9650397300720215
0.0,0,0.06172838434576988
0.0,0,0.0011856078635901213
1.0,1,0.999573290348053
1.0,1,0.9258686304092407
1.0,1,0.7835845351219177
1.0,1,0.7241665124893188
0.0,1,0.5057864785194397
1.0,1,0.9430162906646729
0.0,0,0.0001952616876224056
1.0,1,0.4036886394023895
0.0,0,0.0003177137696184218
1.0,1,0.9943363070487976
1.0,1,0.8906606435775757
1.0,0,0.008922318927943707
0.0,0,0.0009829950286075473
1.0,1,0.9978398084640503
1.0,1,0.9999375343322754
0.0,0,5.015199712943286e-05
1.0,1,0.9824036359786987
0.0,0,0.000730485247913748
1.0,1,0.9904782772064209
1.0,1,0.9981641173362732
0.0,0,0.002085911575704813
1.0,1,0.9754348397254944
0.0,1,0.22654561698436737
0.0,0,0.00016853427223395556
0.0,0,0.020884227007627487
0.0,0,4.3002975871786475e-05
1.0,1,0.3858674168586731
0.0,0,0.004398510791361332
0.0,0,0.005793766118586063
0.0,0,0.0038590498734265566
0.0,0,0.00011539107072167099
1.0,1,0.9999154806137085
1.0,1,0.9904053807258606
1.0,1,0.9999122619628906
1.0,1,0.49623849987983704
1.0,1,0.999176561832428
1.0,1,0.6628314852714539
0.0,1,0.29555758833885193
