y_true,y_pred,y_score
0.0,0,0.010688642971217632
1.0,1,0.9080505967140198
1.0,1,0.8540999889373779
1.0,1,0.7960039973258972
1.0,1,0.9821546077728271
0.0,0,0.1801823079586029
1.0,1,0.9907405376434326
0.0,0,0.06436774879693985
1.0,1,0.9936593174934387
1.0,1,0.9891842603683472
1.0,0,0.3593146800994873
0.0,1,0.9857783317565918
0.0,1,0.6736962199211121
0.0,0,0.1431257575750351
1.0,1,0.999599039554596
1.0,1,0.9700807929039001
0.0,0,0.2382640391588211
0.0,0,0.002675288589671254
0.0,0,0.015418238006532192
0.0,0,0.2013673484325409
0.0,0,0.14382413029670715
0.0,1,0.48479244112968445
0.0,0,0.13719315826892853
0.0,0,0.3627166748046875
1.0,1,0.9681110978126526
0.0,0,0.21123090386390686
1.0,0,0.42442163825035095
0.0,0,0.37785211205482483
1.0,0,0.20451468229293823
0.0,0,0.26736193895339966
1.0,1,0.9737991690635681
1.0,1,0.993009090423584
1.0,1,0.999085545539856
0.0,1,0.960993230342865
1.0,0,0.455189049243927
1.0,1,0.9749016165733337
0.0,0,0.057752225548028946
1.0,1,0.9945425987243652
1.0,1,0.9947866201400757
1.0,1,0.9121921062469482
1.0,1,0.9899598360061646
1.0,1,0.9553187489509583
0.0,0,0.004773472901433706
1.0,1,0.9969733953475952
0.0,0,0.16482606530189514
1.0,1,0.8148939609527588
0.0,0,0.004686375614255667
1.0,1,0.9977421760559082
0.0,0,0.013387677259743214
0.0,1,0.7658720016479492
0.0,0,0.12352462857961655
0.0,0,0.3194611966609955
0.0,0,0.015689445659518242
1.0,1,0.9993641972541809
1.0,1,0.6752190589904785
1.0,1,0.9470413327217102
0.0,0,0.04814399406313896
0.0,0,0.4513765871524811
0.0,1,0.6034520864486694
1.0,1,0.9895952343940735
0.0,0,0.0009020873112604022
1.0,1,0.8919000625610352
1.0,1,0.8429283499717712
0.0,0,0.03712756931781769
0.0,0,0.0372546911239624
1.0,1,0.986966609954834
1.0,1,0.9969881176948547
1.0,1,0.976592481136322
0.0,0,0.1281183958053589
0.0,0,0.2757484018802643
0.0,1,0.9158470630645752
0.0,0,0.16594211757183075
1.0,1,0.9501622319221497
0.0,0,0.2821398973464966
0.0,0,0.12121082097291946
1.0,1,0.9861863851547241
1.0,0,0.03023349493741989
1.0,1,0.9693891406059265
0.0,0,0.021363766863942146
1.0,1,0.5598653554916382
1.0,1,0.9281535148620605
1.0,0,0.18154767155647278
1.0,1,0.985767126083374
0.0,1,0.8306995034217834
0.0,1,0.9367513060569763
0.0,0,0.06676704436540604
1.0,1,0.9873582124710083
0.0,0,0.03529886528849602
1.0,0,0.41628363728523254
0.0,1,0.5084974765777588
0.0,1,0.6598724722862244
0.0,0,0.013757334090769291
0.0,1,0.852791428565979
1.0,0,0.14887899160385132
1.0,1,0.9952093958854675
1.0,1,0.997986912727356
0.0,0,0.12104801088571548
1.0,1,0.9941494464874268
0.0,0,0.013074315153062344
0.0,0,0.09623179584741592
0.0,0,0.09563799947500229
0.0,0,0.18289455771446228
0.0,0,0.03872077167034149
1.0,1,0.8913262486457825
0.0,0,0.014442428946495056
1.0,1,0.9962066411972046
0.0,0,0.0067709824070334435
1.0,0,0.08769579976797104
0.0,0,0.0012001695577055216
0.0,0,0.10959961265325546
0.0,0,0.19287921488285065
0.0,0,0.26157110929489136
0.0,0,0.0008926729788072407
1.0,1,0.8817740082740784
0.0,0,0.019308768212795258
0.0,1,0.5602074265480042
0.0,0,0.16436171531677246
1.0,1,0.9823624491691589
1.0,1,0.9737405180931091
1.0,1,0.9350355863571167
0.0,1,0.8967706561088562
0.0,1,0.5253515839576721
0.0,0,0.048811521381139755
1.0,1,0.5118820071220398
0.0,0,0.07410185784101486
0.0,0,0.02757047303020954
1.0,1,0.8998876810073853
1.0,1,0.9713101983070374
0.0,0,0.3209015429019928
1.0,1,0.9911961555480957
1.0,1,0.839816689491272
1.0,1,0.8924731612205505
1.0,1,0.5878644585609436
0.0,0,0.4360349178314209
1.0,1,0.992145836353302
1.0,1,0.9794095754623413
1.0,1,0.9772390127182007
1.0,1,0.7013633847236633
0.0,0,0.08243881911039352
0.0,0,0.03654159978032112
1.0,1,0.8577805161476135
0.0,0,0.01231004111468792
1.0,1,0.8837061524391174
1.0,1,0.9958369731903076
1.0,1,0.9565226435661316
1.0,1,0.6306601762771606
0.0,0,0.06480340659618378
1.0,0,0.1499549150466919
0.0,0,0.2405577301979065
0.0,0,0.1829608678817749
0.0,0,0.05320603772997856
0.0,0,0.106022909283638
0.0,0,0.2641306221485138
0.0,0,0.1406547874212265
0.0,0,0.0027959144208580256
0.0,0,0.005349069833755493
0.0,1,0.5557320713996887
0.0,1,0.8381332755088806
0.0,0,0.006741125136613846
1.0,1,0.7143685817718506
1.0,1,0.910973072052002
1.0,1,0.9218616485595703
0.0,1,0.5135260224342346
0.0,0,0.1513487547636032
0.0,0,0.056308500468730927
0.0,0,0.10544942319393158
0.0,0,0.4718763530254364
0.0,0,0.36076971888542175
1.0,1,0.9733411073684692
0.0,0,0.003032447537407279
0.0,0,0.07379025220870972
0.0,0,0.3034352660179138
0.0,0,0.0015763501869514585
1.0,0,0.2245776355266571
0.0,0,0.23641690611839294
0.0,1,0.8907245993614197
1.0,1,0.7342277765274048
1.0,1,0.8132408857345581
1.0,1,0.6904450058937073
1.0,0,0.05246007815003395
1.0,1,0.5484493970870972
0.0,1,0.610044002532959
0.0,0,0.003163526998832822
1.0,1,0.8414439558982849
1.0,1,0.939967691898346
0.0,1,0.866087019443512
0.0,1,0.7445690631866455
0.0,0,0.03556590527296066
0.0,0,0.12551341950893402
0.0,0,0.007082310970872641
0.0,0,0.09778488427400589
0.0,0,0.3031215965747833
1.0,1,0.8657123446464539
1.0,1,0.9710143208503723
1.0,1,0.9098072052001953
1.0,1,0.9462454915046692
0.0,0,0.01687994971871376
0.0,0,0.023290270939469337
0.0,1,0.8953969478607178
0.0,0,0.36856985092163086
1.0,1,0.9820913672447205
0.0,1,0.47907641530036926
0.0,1,0.7728894352912903
1.0,0,0.16720934212207794
1.0,1,0.9910998940467834
0.0,0,0.025498216971755028
1.0,1,0.8021354079246521
1.0,1,0.8564209342002869
0.0,0,0.2215075045824051
0.0,0,0.09419746696949005
0.0,0,0.3022221028804779
1.0,1,0.9717119932174683
0.0,0,0.26891663670539856
1.0,1,0.9854479432106018
0.0,0,0.15322503447532654
0.0,0,0.011768672615289688
0.0,1,0.553260862827301
1.0,1,0.9916662573814392
1.0,0,0.24548564851284027
0.0,1,0.5478492975234985
0.0,0,0.0374295637011528
0.0,0,0.05502728745341301
1.0,1,0.9944151639938354
0.0,1,0.6943334937095642
1.0,1,0.9826670289039612
0.0,0,0.010563154704868793
0.0,0,0.019980870187282562
0.0,0,0.04607432335615158
0.0,0,0.14317020773887634
0.0,1,0.4949353039264679
0.0,0,0.3001106083393097
1.0,0,0.02906830608844757
0.0,0,0.03915821388363838
1.0,1,0.9427527189254761
0.0,1,0.5525997281074524
0.0,1,0.47997310757637024
0.0,0,0.2493918538093567
0.0,0,0.05620230734348297
1.0,1,0.8519672155380249
0.0,0,0.42379969358444214
1.0,1,0.9980031847953796
0.0,1,0.9649708271026611
0.0,0,0.07004089653491974
0.0,0,0.004155878908932209
1.0,1,0.6550519466400146
1.0,1,0.9920324087142944
0.0,0,0.3280949592590332
0.0,0,0.333882600069046
1.0,1,0.9631473422050476
1.0,1,0.9843536615371704
0.0,1,0.5035696625709534
1.0,1,0.7515493035316467
1.0,1,0.997552216053009
0.0,0,0.0013231333578005433
1.0,1,0.9232683777809143
0.0,0,0.35133370757102966
0.0,0,0.0048878681845963
0.0,1,0.6760624051094055
0.0,0,0.05497489497065544
1.0,1,0.9475081562995911
1.0,1,0.7082865834236145
1.0,1,0.9765337109565735
0.0,0,0.12921832501888275
1.0,1,0.6134503483772278
1.0,1,0.7431248426437378
1.0,0,0.3454853594303131
0.0,0,0.10037457942962646
1.0,1,0.9227187633514404
0.0,0,0.20910952985286713
1.0,1,0.9977911710739136
1.0,1,0.890850305557251
0.0,0,0.00032355121220462024
1.0,1,0.9968512654304504
0.0,1,0.5378111004829407
1.0,1,0.720537543296814
1.0,1,0.9840383529663086
0.0,1,0.8539054989814758
0.0,1,0.505517303943634
1.0,1,0.9795448780059814
1.0,1,0.9753493070602417
0.0,0,0.2963699400424957
0.0,0,0.01638534665107727
1.0,1,0.9855334162712097
1.0,1,0.8436292409896851
0.0,1,0.7431421875953674
0.0,0,0.10174668580293655
0.0,0,0.0577954426407814
0.0,0,0.34785962104797363
0.0,1,0.48790299892425537
1.0,1,0.5070955753326416
1.0,1,0.9919335246086121
1.0,0,0.06530627608299255
0.0,0,0.00787778664380312
1.0,1,0.9413848519325256
0.0,0,0.04178263247013092
1.0,0,0.06941351294517517
1.0,1,0.9917154908180237
1.0,1,0.9618116617202759
1.0,1,0.9858642220497131
1.0,0,0.182075634598732
1.0,1,0.9967252612113953
0.0,0,0.03308781608939171
1.0,1,0.5651609301567078
1.0,1,0.8385374546051025
0.0,0,0.0016416070284321904
1.0,1,0.7631099820137024
0.0,0,0.07832413911819458
1.0,1,0.9131312370300293
1.0,1,0.9891959428787231
0.0,0,0.07685559242963791
0.0,0,0.11570996791124344
1.0,1,0.820042610168457
1.0,0,0.2944350838661194
0.0,1,0.5532058477401733
0.0,1,0.6199159026145935
0.0,0,0.07231239974498749
1.0,1,0.9963114857673645
1.0,1,0.9573699831962585
0.0,0,0.03637139871716499
1.0,1,0.9876853227615356
1.0,1,0.5770584940910339
1.0,0,0.1262567639350891
1.0,0,0.31248989701271057
0.0,0,0.027812719345092773
1.0,1,0.7705490589141846
0.0,0,0.018789339810609818
0.0,0,0.08581948280334473
0.0,0,0.03441644832491875
1.0,1,0.5468891859054565
0.0,0,0.011855203658342361
1.0,1,0.9217763543128967
1.0,1,0.9988743662834167
1.0,1,0.746200442314148
0.0,0,0.3637080490589142
1.0,1,0.8843361139297485
1.0,1,0.9375790357589722
0.0,0,0.0063910456374287605
1.0,1,0.9359340071678162
0.0,0,0.00025325437309220433
1.0,0,0.04442151263356209
1.0,1,0.9695516228675842
1.0,1,0.9911932349205017
1.0,0,0.45567455887794495
0.0,1,0.4879034459590912
0.0,0,0.2349889725446701
1.0,1,0.7931095361709595
1.0,1,0.6940522193908691
1.0,1,0.9403972625732422
0.0,1,0.8678856492042542
0.0,0,0.003848537104204297
1.0,0,0.09616599977016449
0.0,0,0.032029248774051666
0.0,0,0.4200614094734192
1.0,1,0.9854770302772522
0.0,0,0.01446096133440733
1.0,1,0.98069167137146
1.0,1,0.9981807470321655
0.0,0,0.009365785866975784
0.0,0,0.2704375684261322
1.0,1,0.6789748072624207
1.0,0,0.16851580142974854
0.0,0,0.2844376266002655
1.0,1,0.9940407872200012
0.0,1,0.5153436660766602
0.0,1,0.966517448425293
1.0,1,0.9922226071357727
0.0,0,0.11444597691297531
0.0,0,0.014028258621692657
1.0,1,0.8999863266944885
1.0,1,0.9941049814224243
1.0,1,0.6734644770622253
0.0,0,0.0325486846268177
0.0,0,0.020678896456956863
0.0,1,0.8199551105499268
1.0,1,0.6602087020874023
0.0,0,0.0015209241537377238
1.0,1,0.990680992603302
0.0,0,0.18913884460926056
0.0,0,0.20889458060264587
1.0,0,0.02388458140194416
0.0,0,0.1646079570055008
1.0,1,0.9670753479003906
1.0,1,0.9390457272529602
0.0,1,0.846966028213501
1.0,1,0.9949979782104492
0.0,0,0.3195017874240875
1.0,1,0.4894394278526306
0.0,0,0.08548562228679657
0.0,0,0.2603294849395752
0.0,0,0.17983655631542206
1.0,0,0.07899966835975647
1.0,1,0.4751271903514862
1.0,1,0.9741013050079346
0.0,0,0.001323877600952983
1.0,1,0.9703421592712402
0.0,0,0.1510566920042038
1.0,1,0.9794732928276062
1.0,0,0.3111988604068756
1.0,1,0.8927446603775024
0.0,0,0.07048347592353821
1.0,1,0.9342511296272278
1.0,1,0.6492387652397156
0.0,1,0.7663894295692444
1.0,1,0.9980841875076294
0.0,0,0.331747442483902
0.0,0,0.4050493538379669
0.0,0,0.07833337783813477
0.0,1,0.7897100448608398
1.0,1,0.9488047957420349
1.0,1,0.9697400331497192
0.0,0,0.005416149273514748
1.0,1,0.9687453508377075
1.0,1,0.9983941912651062
1.0,1,0.5796238780021667
0.0,1,0.5286278128623962
0.0,0,0.03012390434741974
0.0,0,0.07460838556289673
1.0,0,0.42378854751586914
1.0,1,0.8901466131210327
1.0,1,0.7607001662254333
1.0,0,0.35073742270469666
1.0,1,0.9936110377311707
1.0,1,0.958004891872406
0.0,0,0.04474464803934097
1.0,1,0.9370675683021545
0.0,1,0.6253618001937866
1.0,1,0.9404119253158569
1.0,1,0.9990297555923462
0.0,1,0.7705247402191162
1.0,1,0.9909518957138062
0.0,0,0.0030955651309341192
1.0,1,0.7941871285438538
1.0,1,0.9931775331497192
0.0,1,0.5316895842552185
0.0,0,0.29708802700042725
1.0,1,0.8795814514160156
1.0,1,0.9655620455741882
0.0,0,0.01453164592385292
0.0,0,0.11852036416530609
0.0,0,0.3353939950466156
0.0,0,0.006469791755080223
0.0,0,0.2274724692106247
0.0,0,0.04491512477397919
0.0,1,0.745546817779541
1.0,1,0.4993738532066345
1.0,1,0.9896392822265625
0.0,0,0.05237755551934242
1.0,1,0.9800156950950623
0.0,0,0.4443129003047943
1.0,1,0.7922858595848083
1.0,1,0.8330945372581482
1.0,1,0.9071680307388306
0.0,0,0.25986605882644653
1.0,1,0.9960273504257202
1.0,1,0.9887151122093201
0.0,0,0.0016816348070278764
0.0,0,0.0035292862448841333
1.0,1,0.9980371594429016
0.0,0,0.0028149515856057405
1.0,1,0.9947576522827148
0.0,0,0.413723349571228
1.0,1,0.8380569219589233
1.0,1,0.645759105682373
1.0,1,0.9874528050422668
1.0,1,0.998292863368988
0.0,0,0.08633548766374588
0.0,0,0.12254535406827927
1.0,0,0.291140079498291
1.0,1,0.9972938895225525
1.0,1,0.9908085465431213
1.0,0,0.07718459516763687
1.0,1,0.9684208035469055
1.0,0,0.22360114753246307
1.0,0,0.13451188802719116
0.0,0,0.08420177549123764
0.0,0,0.2853519916534424
1.0,1,0.8618864417076111
0.0,0,0.06860784441232681
1.0,1,0.9713510274887085
0.0,0,0.03264358267188072
1.0,1,0.8903704881668091
0.0,1,0.5038387775421143
1.0,1,0.5196401476860046
0.0,1,0.5324639081954956
0.0,0,0.02385234646499157
0.0,0,0.06192489713430405
0.0,1,0.9171279668807983
1.0,1,0.8319905400276184
0.0,0,0.030382629483938217
1.0,1,0.9930301308631897
0.0,0,0.07609730213880539
1.0,0,0.3213241696357727
0.0,0,0.055374205112457275
1.0,1,0.6218265295028687
1.0,1,0.8449371457099915
1.0,1,0.5543354153633118
1.0,0,0.049395378679037094
1.0,1,0.9873064756393433
1.0,0,0.43807801604270935
0.0,0,0.018509745597839355
1.0,1,0.534671425819397
1.0,1,0.9980521202087402
0.0,0,0.03579782322049141
1.0,1,0.8280513286590576
0.0,0,0.43915513157844543
0.0,0,0.06869832426309586
0.0,0,0.018174774944782257
0.0,0,0.23410046100616455
1.0,1,0.9495288729667664
0.0,0,0.021876482293009758
0.0,0,0.0026621681172400713
0.0,0,0.45650866627693176
1.0,0,0.39111053943634033
0.0,0,0.40133538842201233
0.0,0,0.19969767332077026
0.0,1,0.5320191383361816
1.0,1,0.5988213419914246
0.0,0,0.017558284103870392
1.0,1,0.9645609259605408
0.0,0,0.3364236056804657
0.0,1,0.574677050113678
0.0,1,0.8458074331283569
0.0,0,0.4069533050060272
0.0,0,0.0014351931167766452
1.0,1,0.9923492670059204
1.0,1,0.9074032306671143
1.0,1,0.9867684245109558
0.0,0,0.020560938864946365
0.0,0,0.12475140392780304
1.0,1,0.9923161268234253
1.0,1,0.957525372505188
1.0,1,0.9468338489532471
1.0,1,0.8228305578231812
1.0,1,0.8831760883331299
1.0,1,0.8601507544517517
0.0,0,0.06777793914079666
0.0,0,0.28201577067375183
1.0,1,0.9098744988441467
0.0,0,0.05531846359372139
0.0,1,0.8169649243354797
0.0,0,0.009130536578595638
0.0,0,0.009859520010650158
1.0,1,0.9886673092842102
0.0,0,0.08609893172979355
1.0,1,0.768033504486084
0.0,0,0.24623505771160126
0.0,1,0.5909934043884277
1.0,1,0.92486572265625
1.0,1,0.9907686114311218
1.0,1,0.9819502830505371
0.0,0,0.00768725760281086
0.0,0,0.26988956332206726
1.0,0,0.40726885199546814
1.0,1,0.9934419393539429
1.0,0,0.2519105076789856
0.0,0,0.0015837106620892882
1.0,1,0.9981552958488464
1.0,1,0.9004817605018616
1.0,1,0.9729122519493103
0.0,0,0.09970476478338242
0.0,0,0.1920858770608902
0.0,0,0.4238964021205902
1.0,0,0.18403226137161255
1.0,1,0.9876552224159241
0.0,0,0.34582585096359253
0.0,1,0.6944429278373718
0.0,0,0.08233127743005753
0.0,0,0.16585345566272736
1.0,1,0.9333065748214722
0.0,1,0.6659098863601685
0.0,0,0.11978939920663834
1.0,0,0.15463940799236298
1.0,1,0.8063112497329712
0.0,0,0.004216330591589212
1.0,1,0.8261551260948181
0.0,0,0.10838249325752258
0.0,1,0.8644828796386719
0.0,1,0.8322415947914124
1.0,1,0.9926767349243164
0.0,1,0.5543968081474304
1.0,1,0.9848568439483643
0.0,0,0.06060086190700531
0.0,0,0.1760793775320053
1.0,1,0.997822642326355
1.0,1,0.971109926700592
0.0,0,0.32209038734436035
1.0,1,0.9601394534111023
0.0,0,0.3888155221939087
1.0,1,0.8560545444488525
0.0,1,0.9008063673973083
0.0,0,0.00349811720661819
1.0,1,0.7712966203689575
0.0,0,0.012431755661964417
0.0,0,0.1233992949128151
1.0,1,0.6186959743499756
0.0,0,0.3313170075416565
0.0,0,0.12289249151945114
0.0,0,0.13700176775455475
1.0,1,0.5635170936584473
0.0,0,0.16121156513690948
0.0,0,0.08461645245552063
0.0,0,0.2803879976272583
1.0,1,0.9890279769897461
0.0,0,0.02061798982322216
1.0,1,0.8563455939292908
1.0,1,0.9544843435287476
0.0,0,0.0060590896755456924
1.0,1,0.7467003464698792
0.0,1,0.5589338541030884
0.0,0,0.03862301632761955
1.0,1,0.9896261692047119
0.0,0,0.1930297315120697
1.0,1,0.6274296641349792
0.0,1,0.6671085357666016
0.0,1,0.5100860595703125
1.0,1,0.9955719709396362
1.0,1,0.9703922271728516
0.0,0,0.009118309244513512
0.0,0,0.10850990563631058
1.0,0,0.1416940987110138
1.0,1,0.6632164716720581
1.0,1,0.9393160343170166
1.0,1,0.6570574641227722
0.0,0,0.22352102398872375
0.0,0,0.016579627990722656
0.0,0,0.38807716965675354
1.0,1,0.9507018327713013
0.0,0,0.007695446722209454
0.0,0,0.01666177436709404
0.0,0,0.06966686993837357
0.0,1,0.543580949306488
0.0,0,0.2800527513027191
1.0,1,0.9885408282279968
0.0,1,0.9882104396820068
1.0,1,0.9887598752975464
0.0,0,0.4652855098247528
1.0,0,0.37451475858688354
0.0,0,0.290156751871109
0.0,0,0.2865496277809143
0.0,0,0.004913677927106619
1.0,1,0.9627429246902466
1.0,0,0.13516463339328766
1.0,1,0.9815520644187927
0.0,0,0.038099441677331924
0.0,0,0.002047961112111807
1.0,1,0.7266949415206909
1.0,0,0.37326139211654663
0.0,0,0.011893182061612606
1.0,1,0.9369977116584778
1.0,1,0.9995880722999573
1.0,1,0.9958480596542358
0.0,0,0.042373333126306534
0.0,0,0.15192650258541107
0.0,0,0.16100087761878967
1.0,1,0.9630472660064697
1.0,1,0.6280539035797119
0.0,1,0.6419050693511963
1.0,1,0.995947539806366
1.0,1,0.95731121301651
0.0,0,0.015533741563558578
0.0,0,0.008257581852376461
1.0,1,0.985260009765625
0.0,0,0.08782269060611725
0.0,0,0.3338765501976013
0.0,1,0.6909220814704895
1.0,1,0.9529509544372559
1.0,1,0.908941924571991
0.0,0,0.0016757852863520384
1.0,1,0.9502848386764526
1.0,1,0.8907790780067444
0.0,1,0.6174585819244385
0.0,0,0.026805007830262184
1.0,1,0.9730499386787415
1.0,0,0.037032533437013626
1.0,1,0.5171705484390259
0.0,0,0.2786155939102173
0.0,0,0.0016786098713055253
1.0,1,0.9793233871459961
1.0,1,0.954478919506073
1.0,1,0.9922136664390564
0.0,0,0.09446375072002411
0.0,0,0.002466348232701421
1.0,1,0.9908388257026672
1.0,1,0.983063280582428
1.0,0,0.2226880043745041
1.0,1,0.9711204171180725
1.0,1,0.9576232433319092
1.0,1,0.77497398853302
0.0,0,0.04030878096818924
0.0,0,0.11593163013458252
1.0,1,0.9983842372894287
1.0,1,0.8539208173751831
0.0,1,0.5055365562438965
1.0,1,0.9516966938972473
0.0,0,0.0069137378595769405
1.0,1,0.9076198935508728
1.0,0,0.13831071555614471
0.0,1,0.8577412962913513
0.0,0,0.1816791296005249
0.0,0,0.07859499007463455
1.0,1,0.9401756525039673
1.0,1,0.9544376730918884
1.0,0,0.30121657252311707
1.0,1,0.993281364440918
0.0,0,0.0020261690951883793
0.0,1,0.9149998426437378
0.0,0,0.02773793414235115
0.0,1,0.9831220507621765
0.0,0,0.005705041810870171
0.0,0,0.09904283285140991
0.0,0,0.014536124654114246
1.0,1,0.9783909916877747
1.0,0,0.3105928599834442
1.0,1,0.889624297618866
0.0,1,0.8902201056480408
1.0,1,0.9501074552536011
0.0,0,0.03779187425971031
0.0,0,0.11280211806297302
1.0,1,0.9889677166938782
0.0,0,5.1788090786430985e-05
0.0,0,0.0030229822732508183
0.0,0,0.23946909606456757
0.0,0,0.4026448726654053
1.0,0,0.3082340955734253
1.0,1,0.9981849789619446
0.0,0,0.1274833381175995
1.0,1,0.8507320880889893
1.0,1,0.9260687828063965
0.0,0,0.10223829746246338
0.0,0,0.45969057083129883
0.0,1,0.7529363036155701
1.0,1,0.725028932094574
0.0,1,0.6869780421257019
0.0,1,0.9782264828681946
1.0,0,0.3140794634819031
1.0,1,0.801602303981781
0.0,1,0.5008297562599182
1.0,1,0.9768915772438049
0.0,1,0.7212637066841125
1.0,1,0.8158371448516846
1.0,1,0.9767090082168579
1.0,1,0.9618672728538513
1.0,1,0.9857116341590881
1.0,1,0.9556248784065247
0.0,1,0.9204641580581665
1.0,1,0.9966499209403992
0.0,0,0.35310956835746765
1.0,1,0.6593354940414429
0.0,0,0.1619458645582199
0.0,0,0.18019835650920868
1.0,1,0.9878012537956238
0.0,0,0.03989100083708763
1.0,1,0.9966907501220703
1.0,0,0.22651319205760956
1.0,1,0.9714543223381042
1.0,0,0.012467265129089355
1.0,1,0.48460033535957336
1.0,1,0.8978360891342163
0.0,0,0.42002564668655396
1.0,1,0.6188192367553711
1.0,1,0.9815579056739807
0.0,0,0.15571174025535583
0.0,0,0.02131795510649681
0.0,0,0.0038463566452264786
0.0,1,0.7565370798110962
0.0,1,0.8221020698547363
0.0,0,0.004725069273263216
1.0,1,0.8678311109542847
1.0,1,0.9621361494064331
0.0,0,0.11020310968160629
0.0,0,0.05226123332977295
0.0,1,0.7248849272727966
1.0,1,0.6018084287643433
0.0,0,0.18675535917282104
0.0,0,0.13930225372314453
0.0,1,0.47645944356918335
0.0,0,0.00026103644631803036
1.0,0,0.3101714253425598
0.0,0,0.21782171726226807
1.0,1,0.9916537404060364
0.0,0,0.012217302806675434
0.0,0,0.23942196369171143
1.0,1,0.9645194411277771
0.0,0,0.018747223541140556
1.0,1,0.989800751209259
0.0,0,0.36659932136535645
1.0,0,0.3484421372413635
0.0,0,0.0771336555480957
0.0,0,0.02640455588698387
0.0,0,0.04954146966338158
0.0,0,0.11919467896223068
1.0,1,0.9988582134246826
1.0,1,0.7289995551109314
0.0,0,0.003941353876143694
1.0,1,0.7895023226737976
1.0,1,0.9492983818054199
1.0,0,0.3930879235267639
0.0,0,0.09807480871677399
0.0,0,0.03047921694815159
1.0,0,0.017263265326619148
1.0,1,0.9159013628959656
0.0,0,0.008990087546408176
1.0,1,0.5910948514938354
1.0,0,0.21801576018333435
1.0,1,0.692317008972168
0.0,0,0.01332159899175167
1.0,1,0.9841235280036926
1.0,1,0.9953752160072327
0.0,0,0.02633168175816536
0.0,0,0.351166695356369
1.0,1,0.9904154539108276
0.0,0,0.052291981875896454
0.0,0,0.08833656460046768
0.0,1,0.533091127872467
0.0,1,0.5232418179512024
0.0,0,0.3013613224029541
1.0,1,0.8176411390304565
1.0,1,0.9762759208679199
0.0,0,0.011092155240476131
1.0,1,0.569244921207428
1.0,1,0.7938855290412903
0.0,0,0.013276073150336742
1.0,0,0.42123091220855713
0.0,0,0.030192837119102478
1.0,1,0.8944333791732788
1.0,1,0.7983052730560303
1.0,0,0.023530831560492516
0.0,1,0.5988554358482361
0.0,1,0.731218695640564
0.0,1,0.8703157305717468
0.0,0,0.04676206782460213
1.0,1,0.9508792161941528
1.0,1,0.8732571005821228
0.0,0,0.08153753727674484
1.0,1,0.992936909198761
1.0,1,0.9791558384895325
0.0,0,0.00416785292327404
1.0,1,0.7995943427085876
0.0,0,0.05873021110892296
0.0,0,0.1300925463438034
0.0,0,0.10859580338001251
1.0,1,0.8638553023338318
1.0,0,0.3254634439945221
1.0,0,0.2160010188817978
0.0,0,0.3961731493473053
1.0,0,0.3964037299156189
1.0,1,0.9786953330039978
0.0,0,0.016642574220895767
1.0,0,0.029238833114504814
0.0,0,0.031733155250549316
0.0,0,0.004434983711689711
1.0,0,0.18505114316940308
1.0,1,0.9845063090324402
1.0,1,0.97307950258255
1.0,1,0.7749313116073608
1.0,1,0.6435319185256958
1.0,1,0.9762598276138306
1.0,0,0.028169410303235054
0.0,0,0.010390276089310646
0.0,1,0.6642826795578003
1.0,1,0.5302566885948181
0.0,0,0.024204660207033157
0.0,0,0.02614826336503029
1.0,1,0.994441568851471
0.0,0,0.06136077642440796
0.0,1,0.7192438244819641
0.0,1,0.6998823881149292
1.0,1,0.9705625176429749
0.0,1,0.722733199596405
0.0,0,0.009821584448218346
0.0,0,0.0402226448059082
1.0,1,0.9925762414932251
1.0,1,0.9936890602111816
1.0,1,0.9899429082870483
1.0,1,0.9975271821022034
0.0,0,0.30192428827285767
1.0,0,0.2272571325302124
1.0,1,0.9034931063652039
1.0,0,0.16487284004688263
1.0,1,0.9946967363357544
0.0,0,0.05099332705140114
1.0,1,0.9373378157615662
1.0,1,0.7443811297416687
0.0,0,0.3012493848800659
0.0,0,0.008795497938990593
1.0,0,0.3559931516647339
0.0,0,0.008335060440003872
0.0,0,0.06920681893825531
0.0,1,0.4811980426311493
0.0,1,0.751185417175293
1.0,1,0.8862989544868469
1.0,1,0.8005640506744385
0.0,0,0.024279888719320297
1.0,1,0.9982398748397827
1.0,1,0.486393004655838
0.0,1,0.6220654249191284
1.0,1,0.9580029249191284
0.0,0,0.27573323249816895
1.0,1,0.9960581064224243
0.0,0,0.03054356575012207
1.0,1,0.998196542263031
1.0,1,0.9509341716766357
1.0,1,0.9847632050514221
1.0,1,0.9839109182357788
1.0,1,0.9832027554512024
1.0,1,0.9096989631652832
1.0,1,0.9892578721046448
0.0,0,0.10205517709255219
0.0,0,0.4049340784549713
1.0,1,0.9889376163482666
0.0,0,0.17738884687423706
1.0,1,0.9972959160804749
0.0,1,0.7550302743911743
1.0,1,0.5317642688751221
0.0,0,0.4187992811203003
0.0,0,0.01006331667304039
1.0,1,0.9840065836906433
0.0,0,0.26554256677627563
1.0,0,0.3996548354625702
1.0,0,0.4214421212673187
1.0,1,0.5165214538574219
0.0,1,0.764267086982727
1.0,1,0.8074121475219727
0.0,0,0.04094425216317177
1.0,0,0.27528804540634155
0.0,0,0.21621844172477722
1.0,1,0.9816570281982422
0.0,0,0.0449264757335186
0.0,0,0.45101284980773926
1.0,1,0.994509756565094
0.0,0,0.21559248864650726
1.0,0,0.4651951789855957
0.0,0,0.0016851953696459532
1.0,1,0.9974076151847839
0.0,0,0.1466042846441269
0.0,1,0.7898311018943787
1.0,1,0.7597673535346985
0.0,0,0.17565864324569702
1.0,1,0.837746262550354
1.0,1,0.7460353374481201
0.0,1,0.9118282198905945
1.0,1,0.9291582703590393
0.0,0,0.036682937294244766
0.0,0,0.37009888887405396
1.0,0,0.063359834253788
1.0,0,0.4444570541381836
0.0,0,0.05208483338356018
0.0,0,0.015485716052353382
1.0,1,0.7724124193191528
1.0,1,0.9898642897605896
0.0,0,0.0038310238160192966
0.0,0,0.013433771207928658
0.0,1,0.9512773156166077
1.0,1,0.9791356921195984
1.0,0,0.42014023661613464
0.0,0,0.4582981765270233
0.0,0,0.048119351267814636
0.0,0,0.30590882897377014
0.0,0,0.2081606537103653
0.0,0,0.011992866173386574
1.0,1,0.9909205436706543
1.0,1,0.8145211338996887
0.0,0,0.223453551530838
1.0,1,0.9322589635848999
1.0,1,0.9954217076301575
0.0,0,0.02511144056916237
0.0,1,0.6047005653381348
0.0,0,0.0764334425330162
1.0,1,0.9898859262466431
1.0,0,0.06072457879781723
1.0,1,0.9919044375419617
0.0,0,0.11732331663370132
1.0,1,0.9968940019607544
1.0,1,0.990314781665802
0.0,0,0.2078973650932312
1.0,0,0.18602244555950165
0.0,0,0.03507499024271965
1.0,1,0.9974867105484009
0.0,0,0.08820484578609467
1.0,0,0.3241949677467346
1.0,1,0.9925234913825989
1.0,1,0.9709550738334656
1.0,1,0.9807459115982056
0.0,1,0.5137689709663391
0.0,1,0.8304785490036011
0.0,0,0.28629493713378906
0.0,0,0.1254449337720871
0.0,0,0.1505504697561264
1.0,1,0.6124870777130127
1.0,0,0.4575585722923279
0.0,0,0.39163240790367126
1.0,1,0.7636730670928955
0.0,0,0.0008392967865802348
1.0,1,0.9924720525741577
1.0,1,0.7226021885871887
0.0,0,0.45183122158050537
1.0,1,0.9271768927574158
1.0,1,0.5690879821777344
0.0,1,0.5847283601760864
0.0,0,0.3406033217906952
0.0,0,0.1923312246799469
0.0,0,0.026317348703742027
1.0,1,0.9871325492858887
0.0,1,0.8156246542930603
0.0,0,0.013281315565109253
1.0,1,0.7548803687095642
0.0,1,0.5958542823791504
1.0,0,0.33983924984931946
0.0,0,0.01070871576666832
1.0,1,0.9949498176574707
0.0,0,0.09617271274328232
1.0,1,0.8904733657836914
0.0,1,0.9084305763244629
1.0,1,0.7787143588066101
1.0,1,0.785912036895752
1.0,1,0.9953052997589111
0.0,1,0.9028155207633972
0.0,0,0.3962237238883972
0.0,0,0.003542862134054303
1.0,1,0.9772191047668457
0.0,0,0.04104815050959587
0.0,0,0.4365446865558624
1.0,1,0.47718295454978943
1.0,0,0.27108222246170044
0.0,0,0.0214395672082901
1.0,1,0.9910994172096252
1.0,1,0.9965683221817017
1.0,1,0.9800038933753967
1.0,1,0.9982002973556519
0.0,0,0.2627377510070801
1.0,1,0.9969910383224487
0.0,0,0.02889489196240902
0.0,0,0.07197116315364838
1.0,1,0.9807510375976562
1.0,1,0.9115723967552185
1.0,1,0.9476389288902283
0.0,0,0.009960375726222992
0.0,0,0.16338223218917847
1.0,1,0.9951329827308655
1.0,0,0.13267111778259277
1.0,1,0.7864779233932495
1.0,1,0.9632692337036133
1.0,1,0.9646919369697571
0.0,0,0.0946744978427887
0.0,0,0.332929790019989
0.0,1,0.7020975351333618
1.0,1,0.988111138343811
0.0,0,0.009432199411094189
0.0,1,0.8521495461463928
0.0,1,0.5879544019699097
1.0,0,0.12456020712852478
0.0,1,0.9868476986885071
1.0,1,0.9979599714279175
0.0,0,0.026015784591436386
0.0,1,0.7721255421638489
1.0,1,0.7177268862724304
0.0,1,0.8240848779678345
0.0,0,0.04297839477658272
0.0,0,0.06056274101138115
0.0,0,0.1531786471605301
0.0,0,0.15087446570396423
1.0,1,0.5795385241508484
1.0,0,0.39475828409194946
1.0,0,0.37755903601646423
1.0,1,0.9867264032363892
0.0,1,0.9288722276687622
0.0,1,0.5525908470153809
1.0,1,0.9962994456291199
0.0,0,0.005894895642995834
0.0,0,0.14016565680503845
0.0,0,0.006114525720477104
1.0,1,0.975454568862915
0.0,0,0.12924417853355408
0.0,0,0.06240087002515793
0.0,0,0.023442870005965233
1.0,1,0.9007072448730469
1.0,1,0.5234857797622681
0.0,0,0.042787399142980576
1.0,1,0.8895496726036072
1.0,1,0.9163888692855835
1.0,1,0.5470678806304932
1.0,1,0.9960565567016602
1.0,1,0.9737487435340881
1.0,1,0.6179329752922058
0.0,1,0.8910656571388245
0.0,1,0.5902408361434937
0.0,0,0.32394981384277344
1.0,1,0.9094315767288208
0.0,1,0.8965924978256226
1.0,1,0.9791337251663208
0.0,1,0.7099754214286804
0.0,0,0.09664158523082733
1.0,1,0.8309659361839294
1.0,1,0.6485214233398438
0.0,0,0.002859499305486679
1.0,1,0.9011383652687073
0.0,0,0.34550556540489197
1.0,1,0.9671661257743835
1.0,1,0.9630593657493591
1.0,1,0.6887865662574768
0.0,1,0.5003297328948975
0.0,0,0.0023894179612398148
1.0,1,0.9963878393173218
1.0,1,0.4961727559566498
1.0,1,0.7867226004600525
1.0,0,0.3075801730155945
1.0,1,0.6787198185920715
0.0,0,0.01654680445790291
0.0,1,0.4831911325454712
1.0,1,0.8930224180221558
0.0,1,0.5158345699310303
0.0,0,0.09019062668085098
0.0,0,0.2774356007575989
1.0,1,0.9944011569023132
0.0,0,0.07975394278764725
1.0,1,0.6577038168907166
0.0,0,0.0142916115000844
1.0,1,0.9927045106887817
1.0,1,0.9772700071334839
1.0,1,0.844269871711731
1.0,0,0.0011386702535673976
0.0,1,0.5366178750991821
0.0,0,0.34277641773223877
0.0,1,0.5330531597137451
1.0,1,0.6926912665367126
1.0,1,0.5363419651985168
0.0,0,0.02211945690214634
0.0,0,0.08699478209018707
0.0,0,0.002307305345311761
0.0,0,0.012317830696702003
1.0,1,0.7524399161338806
1.0,1,0.9883092641830444
1.0,0,0.039017967879772186
1.0,1,0.968252420425415
0.0,0,0.26373353600502014
1.0,1,0.9800390601158142
0.0,0,0.17403258383274078
1.0,1,0.973822832107544
1.0,1,0.6126571893692017
1.0,1,0.8099378347396851
0.0,0,0.07167130708694458
0.0,0,0.07349436730146408
1.0,1,0.5146012306213379
0.0,0,0.01065096352249384
1.0,1,0.962578296661377
0.0,0,0.010827704332768917
0.0,0,0.0019849666859954596
0.0,1,0.5322492122650146
1.0,1,0.9474013447761536
0.0,0,0.05610765516757965
1.0,1,0.9079053401947021
1.0,1,0.806327760219574
1.0,1,0.9939124584197998
1.0,1,0.9323481917381287
0.0,0,0.005291428416967392
1.0,1,0.7870579361915588
0.0,0,0.018057163804769516
1.0,1,0.7753645181655884
1.0,1,0.916074812412262
0.0,0,0.011143209412693977
1.0,1,0.995915949344635
1.0,1,0.9248027205467224
1.0,1,0.9148423075675964
0.0,0,0.023699697107076645
0.0,1,0.7863832712173462
1.0,1,0.9923424124717712
1.0,0,0.4173540771007538
1.0,1,0.9955000281333923
1.0,1,0.9034054279327393
0.0,0,0.0755903348326683
0.0,0,0.003951642662286758
1.0,1,0.9776355624198914
1.0,1,0.9652008414268494
1.0,0,0.2560364305973053
1.0,0,0.0037507175002247095
0.0,0,0.04628923535346985
1.0,1,0.7314180731773376
1.0,0,0.4431605041027069
0.0,0,0.0787901058793068
0.0,0,0.007032476365566254
1.0,1,0.7904199957847595
1.0,0,0.16594432294368744
1.0,1,0.47923892736434937
1.0,1,0.9873099327087402
1.0,1,0.9121584892272949
0.0,0,0.29468852281570435
0.0,1,0.8674454092979431
0.0,0,0.05473250150680542
0.0,0,0.015006505884230137
0.0,0,0.1496371030807495
1.0,0,0.11889693886041641
1.0,1,0.9987815022468567
0.0,0,0.06626845896244049
1.0,1,0.9846003651618958
0.0,0,0.11776290833950043
1.0,1,0.9539064764976501
0.0,1,0.6685977578163147
1.0,1,0.6750247478485107
0.0,0,0.11749426275491714
1.0,0,0.2162182629108429
0.0,0,0.09410735219717026
1.0,1,0.9178630113601685
0.0,0,0.002540759276598692
1.0,1,0.9911536574363708
1.0,1,0.9584453701972961
1.0,1,0.9943852424621582
1.0,0,0.10788387060165405
1.0,1,0.9734423160552979
1.0,0,0.14220328629016876
0.0,1,0.6822965145111084
0.0,0,0.14488495886325836
1.0,1,0.9179001450538635
0.0,0,0.04243641719222069
1.0,0,0.08143109083175659
1.0,1,0.8587744235992432
0.0,0,0.06137586757540703
1.0,1,0.9709857702255249
0.0,0,0.19746369123458862
1.0,1,0.9970916509628296
0.0,0,0.00038446192047558725
0.0,0,0.4094986319541931
0.0,0,0.03599892184138298
0.0,1,0.6143316626548767
1.0,1,0.9865360856056213
0.0,0,0.09318197518587112
0.0,0,0.07763655483722687
1.0,1,0.8851706385612488
1.0,1,0.9864524602890015
1.0,1,0.9933566451072693
1.0,1,0.9890516400337219
1.0,1,0.935978889465332
0.0,0,0.008570699952542782
1.0,1,0.9935765862464905
0.0,0,0.05857577174901962
0.0,0,0.09882200509309769
1.0,1,0.9850971698760986
0.0,0,0.2988225221633911
1.0,1,0.8623581528663635
0.0,1,0.7882112860679626
1.0,1,0.9629693627357483
0.0,0,0.020005114376544952
1.0,0,0.26251113414764404
1.0,1,0.9873775839805603
0.0,0,0.2908458411693573
1.0,1,0.9860414862632751
0.0,1,0.7565966248512268
0.0,0,0.27451759576797485
1.0,1,0.9938181042671204
0.0,0,0.40651240944862366
1.0,1,0.8782941102981567
1.0,0,0.447341650724411
0.0,0,0.3968501091003418
1.0,0,0.07372187077999115
1.0,1,0.8820284008979797
1.0,0,0.4269963800907135
0.0,0,0.055478665977716446
1.0,1,0.969439685344696
1.0,1,0.5291351079940796
1.0,1,0.993309736251831
0.0,0,0.004292469471693039
0.0,1,0.6082964539527893
1.0,1,0.7757231593132019
1.0,1,0.9969279170036316
0.0,0,0.3857085108757019
1.0,1,0.9944171905517578
1.0,1,0.9950579404830933
1.0,1,0.9934371113777161
1.0,1,0.961427628993988
0.0,0,0.0020799499470740557
0.0,1,0.6859331727027893
1.0,1,0.9725006818771362
1.0,1,0.7251484990119934
0.0,0,0.17610295116901398
0.0,0,0.06740328669548035
1.0,1,0.9945647716522217
1.0,1,0.8243729472160339
1.0,1,0.62267005443573
0.0,0,0.36275964975357056
1.0,1,0.7702528834342957
0.0,1,0.9476765394210815
1.0,1,0.47692927718162537
1.0,1,0.974202036857605
1.0,1,0.540384829044342
1.0,0,0.3532106280326843
0.0,0,0.02025044895708561
0.0,0,0.00985997635871172
1.0,1,0.650007426738739
0.0,0,0.0038518088404089212
0.0,0,0.05481567606329918
0.0,1,0.7606996297836304
1.0,1,0.7105456590652466
1.0,1,0.9699361324310303
1.0,1,0.8848876953125
1.0,0,0.32182684540748596
1.0,1,0.9831249713897705
0.0,0,0.022999228909611702
0.0,0,0.2132171243429184
1.0,1,0.9362800717353821
1.0,1,0.9951334595680237
0.0,0,0.20783254504203796
0.0,0,0.3264228105545044
0.0,0,0.06490150094032288
1.0,1,0.9930773973464966
0.0,0,0.07669688016176224
0.0,0,0.18326179683208466
1.0,0,0.23697419464588165
1.0,1,0.8669544458389282
0.0,0,0.002207930898293853
1.0,1,0.9766724109649658
0.0,1,0.6254122853279114
1.0,1,0.9795966148376465
1.0,1,0.9895222783088684
1.0,1,0.9279612302780151
1.0,1,0.9819594025611877
1.0,1,0.9730149507522583
1.0,1,0.9258773326873779
1.0,0,0.09644820541143417
1.0,1,0.9858725070953369
0.0,1,0.628203272819519
0.0,0,0.005906987469643354
1.0,1,0.9651405811309814
0.0,0,0.002714965958148241
1.0,1,0.9957150816917419
1.0,1,0.6231310963630676
0.0,0,0.045321784913539886
0.0,1,0.7886331677436829
0.0,1,0.6018093824386597
1.0,1,0.9848353862762451
1.0,1,0.543331503868103
0.0,0,0.041303571313619614
0.0,0,0.23828653991222382
0.0,0,0.04394899681210518
0.0,0,0.002780536189675331
1.0,1,0.9926304817199707
0.0,1,0.7092301249504089
0.0,0,0.2065943032503128
0.0,0,0.014408241026103497
1.0,1,0.9843670725822449
0.0,0,0.28439652919769287
0.0,1,0.8419790863990784
1.0,1,0.6660548448562622
1.0,1,0.5258543491363525
1.0,1,0.8943530917167664
0.0,0,0.07770036906003952
0.0,0,0.2534295618534088
1.0,1,0.9528334736824036
1.0,1,0.9863253235816956
0.0,0,0.17198406159877777
0.0,0,0.043093446642160416
0.0,0,0.08755172044038773
0.0,0,0.01195429265499115
0.0,0,0.0577944740653038
1.0,1,0.9958827495574951
1.0,0,0.4678727686405182
0.0,0,0.021608268842101097
1.0,1,0.9753392338752747
1.0,1,0.9669668674468994
0.0,0,0.08715694397687912
0.0,0,0.2686740458011627
1.0,1,0.9492309093475342
1.0,1,0.9872549772262573
1.0,0,0.05121469497680664
1.0,1,0.9806052446365356
0.0,0,0.006227439735084772
0.0,0,0.14370931684970856
0.0,0,0.09010810405015945
0.0,0,0.4548160433769226
0.0,1,0.8239015340805054
0.0,0,0.022213609889149666
0.0,0,0.35928359627723694
0.0,0,0.05826897174119949
0.0,0,0.08607571572065353
0.0,0,0.028621353209018707
0.0,0,0.002256800187751651
1.0,1,0.9549716114997864
0.0,0,0.10962864756584167
1.0,1,0.9714274406433105
1.0,1,0.9920404553413391
1.0,1,0.9163256883621216
1.0,0,0.40264400839805603
1.0,0,0.3562361001968384
1.0,1,0.8802760243415833
1.0,0,0.32440268993377686
0.0,0,0.01023775339126587
1.0,1,0.9366557002067566
0.0,1,0.9063893556594849
0.0,0,0.26929357647895813
1.0,1,0.8951535820960999
0.0,0,0.0046422467567026615
0.0,0,0.44730791449546814
1.0,1,0.9087941646575928
1.0,1,0.9921894073486328
0.0,1,0.8951956629753113
1.0,1,0.990746021270752
1.0,0,0.23046086728572845
1.0,1,0.9061709046363831
1.0,1,0.9760948419570923
1.0,1,0.9735389351844788
0.0,0,0.2198004424571991
0.0,1,0.5011196136474609
0.0,0,0.11639156192541122
0.0,0,0.11537165194749832
0.0,0,0.4173431694507599
1.0,1,0.5169287919998169
1.0,1,0.9675324559211731
1.0,1,0.9768087863922119
0.0,0,0.1503889113664627
0.0,0,0.41279950737953186
1.0,1,0.7822564244270325
0.0,0,0.24893087148666382
1.0,0,0.33097147941589355
1.0,1,0.9758559465408325
0.0,0,0.013817595317959785
0.0,0,0.3096218705177307
0.0,0,0.07966044545173645
0.0,0,0.1542416214942932
1.0,1,0.9743528366088867
1.0,1,0.693899393081665
0.0,0,0.2370920032262802
1.0,1,0.9976453185081482
0.0,1,0.5632016658782959
0.0,0,0.059041302651166916
0.0,0,0.1241559237241745
0.0,1,0.9772646427154541
0.0,1,0.7780976295471191
0.0,1,0.6447277069091797
0.0,0,0.4247550368309021
1.0,1,0.9883911609649658
0.0,1,0.6975023150444031
1.0,1,0.8997731804847717
1.0,0,0.10304300487041473
1.0,1,0.9248350262641907
0.0,0,0.0006249385769478977
0.0,1,0.5834940671920776
0.0,0,0.040218085050582886
1.0,1,0.9832302927970886
0.0,1,0.6035679578781128
1.0,1,0.9951802492141724
1.0,1,0.9822717905044556
1.0,1,0.9783360958099365
1.0,1,0.7304641008377075
1.0,1,0.9900681972503662
0.0,0,0.03018314205110073
0.0,0,0.051697373390197754
0.0,1,0.6818993091583252
1.0,1,0.7782038450241089
1.0,1,0.49952200055122375
0.0,0,0.04010644555091858
1.0,1,0.9925659894943237
1.0,1,0.6623496413230896
0.0,0,0.026060963049530983
1.0,1,0.6523836851119995
0.0,0,0.01679755002260208
0.0,0,0.39055538177490234
1.0,1,0.9975704550743103
0.0,0,0.40902775526046753
0.0,1,0.6200218796730042
1.0,1,0.5065747499465942
0.0,1,0.9849335551261902
0.0,1,0.6795456409454346
0.0,0,0.016973555088043213
1.0,1,0.7038698792457581
1.0,1,0.9976028800010681
1.0,1,0.6413232088088989
0.0,0,0.037933237850666046
0.0,1,0.9417408108711243
1.0,1,0.8951416015625
1.0,1,0.9757680892944336
1.0,1,0.9658364057540894
1.0,1,0.9933130145072937
1.0,1,0.9805920720100403
1.0,1,0.9945700764656067
1.0,1,0.9801598787307739
0.0,0,0.2189694195985794
1.0,1,0.9768512845039368
0.0,0,0.33692121505737305
0.0,0,0.40751609206199646
1.0,0,0.2207862138748169
1.0,1,0.984553337097168
0.0,0,0.08885817974805832
1.0,0,0.2993637025356293
1.0,1,0.8234630227088928
0.0,0,0.22882936894893646
0.0,0,0.003932520281523466
0.0,0,0.09348826110363007
1.0,0,0.20825019478797913
0.0,0,0.3075246512889862
0.0,0,0.40272268652915955
1.0,1,0.8884985446929932
0.0,1,0.5103258490562439
1.0,1,0.9800098538398743
1.0,0,0.09915483742952347
1.0,0,0.27936607599258423
0.0,0,0.034539490938186646
1.0,1,0.9936134219169617
0.0,0,0.041661009192466736
0.0,1,0.781719982624054
1.0,1,0.933696985244751
0.0,0,0.010382217355072498
1.0,1,0.9884748458862305
0.0,0,0.2923663556575775
1.0,1,0.948398232460022
1.0,0,0.23648598790168762
1.0,1,0.9783325791358948
0.0,0,0.2993711233139038
0.0,0,0.0076008145697414875
1.0,1,0.8009329438209534
1.0,1,0.9842332005500793
0.0,0,0.03101910464465618
1.0,1,0.4923129379749298
0.0,0,0.1911480575799942
1.0,1,0.9894687533378601
1.0,1,0.9455939531326294
1.0,1,0.9971044659614563
1.0,1,0.810469388961792
0.0,0,0.055615656077861786
1.0,1,0.8182463049888611
0.0,0,0.43723681569099426
1.0,1,0.9263253808021545
0.0,0,0.006388344801962376
1.0,1,0.9643200039863586
0.0,0,0.00560852512717247
0.0,0,0.003704286413267255
0.0,1,0.9561161994934082
1.0,1,0.9733102917671204
1.0,1,0.8872849345207214
0.0,0,0.005288395099341869
0.0,0,0.012637676671147346
1.0,1,0.9653483629226685
1.0,1,0.8596954941749573
1.0,1,0.9495412111282349
0.0,0,0.1130952537059784
1.0,1,0.9817222952842712
0.0,0,0.004463912919163704
0.0,0,0.005452505778521299
1.0,1,0.9576950669288635
0.0,0,0.037335120141506195
0.0,0,0.29832902550697327
1.0,1,0.7042675614356995
1.0,1,0.8583759069442749
1.0,0,0.07438501715660095
1.0,1,0.9302549958229065
0.0,0,0.0759739875793457
1.0,1,0.9730947613716125
0.0,0,0.019131135195493698
1.0,1,0.9279454350471497
1.0,0,0.041878629475831985
0.0,0,0.4296956956386566
1.0,1,0.8773547410964966
0.0,0,0.44926217198371887
0.0,0,0.08014202117919922
0.0,1,0.5771110653877258
0.0,0,0.0003051582898478955
0.0,0,0.4064771234989166
1.0,1,0.9980776309967041
1.0,1,0.9919720888137817
0.0,1,0.978036105632782
1.0,1,0.9971858859062195
0.0,1,0.8935256004333496
0.0,1,0.7457245588302612
1.0,1,0.8021539449691772
0.0,1,0.6292554140090942
1.0,1,0.9976110458374023
0.0,0,0.14106117188930511
1.0,1,0.9925920963287354
1.0,1,0.929262101650238
0.0,0,1.955210063897539e-05
1.0,0,0.02160809002816677
0.0,0,0.253349632024765
1.0,1,0.998144268989563
1.0,1,0.9826416969299316
0.0,0,0.15288479626178741
1.0,1,0.6598870158195496
0.0,0,0.267223596572876
0.0,0,0.1110919713973999
1.0,1,0.9760730266571045
0.0,0,0.05831481143832207
1.0,1,0.5967785120010376
0.0,1,0.6992703676223755
0.0,0,0.3504791259765625
0.0,0,0.25246503949165344
0.0,1,0.8546292185783386
1.0,1,0.9459365606307983
1.0,1,0.609563946723938
1.0,1,0.9155665040016174
0.0,1,0.9796801209449768
1.0,1,0.7881006002426147
0.0,1,0.5088766813278198
1.0,1,0.950962245464325
1.0,0,0.37291744351387024
1.0,1,0.826408326625824
1.0,1,0.8965874910354614
1.0,1,0.9581267833709717
0.0,1,0.6809586882591248
0.0,0,0.038045238703489304
1.0,1,0.8674195408821106
0.0,0,0.20483893156051636
1.0,0,0.026541123166680336
1.0,1,0.9283692240715027
0.0,1,0.971900999546051
1.0,1,0.962480902671814
1.0,0,0.18579916656017303
0.0,0,0.14847935736179352
0.0,0,0.10172633081674576
1.0,1,0.9660195112228394
0.0,1,0.861414909362793
1.0,1,0.9123157262802124
0.0,0,0.03851959481835365
1.0,1,0.9791264533996582
1.0,1,0.9835110902786255
1.0,0,0.40744706988334656
1.0,1,0.9925503730773926
0.0,0,0.0021717585623264313
1.0,1,0.49165502190589905
0.0,0,0.04725313559174538
0.0,0,0.012623659335076809
0.0,0,0.18772932887077332
0.0,1,0.752393364906311
1.0,1,0.811510443687439
0.0,0,0.1664469689130783
0.0,0,0.24740742146968842
1.0,1,0.9238682985305786
1.0,1,0.8190664052963257
1.0,0,0.14953453838825226
0.0,0,0.06649457663297653
1.0,1,0.9786665439605713
1.0,1,0.9962999224662781
1.0,1,0.901668906211853
0.0,0,0.0004344645712990314
1.0,1,0.9539726972579956
1.0,1,0.9493768215179443
1.0,1,0.9358648657798767
0.0,0,0.22434373199939728
1.0,1,0.9940351843833923
0.0,1,0.5713357329368591
1.0,1,0.8047394156455994
0.0,1,0.7463171482086182
0.0,0,0.024046819657087326
0.0,1,0.9618600010871887
1.0,1,0.9950332641601562
0.0,0,0.0011627648491412401
1.0,1,0.9820469617843628
0.0,0,0.05382350832223892
1.0,0,0.40804556012153625
1.0,0,0.12931522727012634
0.0,0,0.1129903495311737
1.0,1,0.9571399688720703
0.0,1,0.7150068283081055
0.0,0,0.0695260539650917
0.0,1,0.7366518974304199
0.0,0,0.32046371698379517
0.0,0,0.26935192942619324
1.0,1,0.9969257712364197
1.0,1,0.9789066314697266
0.0,0,0.3493601977825165
1.0,1,0.8795379400253296
1.0,0,0.36690112948417664
1.0,0,0.022911427542567253
1.0,1,0.989557683467865
0.0,0,0.30975931882858276
1.0,1,0.9733876585960388
0.0,1,0.6885809302330017
1.0,1,0.9726905822753906
1.0,1,0.9429705142974854
0.0,0,0.2553478479385376
0.0,0,0.4204481840133667
0.0,0,0.10011190176010132
0.0,0,0.0072859241627156734
0.0,0,0.007643316872417927
0.0,0,0.10121289640665054
0.0,1,0.834219217300415
0.0,0,0.00108551315497607
0.0,0,0.08994518965482712
0.0,0,0.023102566599845886
0.0,0,0.008347714319825172
1.0,1,0.9883805513381958
1.0,0,0.09504329413175583
0.0,0,0.025698479264974594
0.0,0,0.01753542385995388
1.0,1,0.9702951312065125
1.0,0,0.4585217535495758
0.0,0,0.0006396329845301807
0.0,0,0.10546192526817322
0.0,0,0.03330684453248978
1.0,1,0.997563362121582
1.0,1,0.9916784763336182
1.0,1,0.9178693294525146
1.0,1,0.6645302176475525
0.0,0,0.20082317292690277
1.0,1,0.6048886775970459
0.0,0,0.058463409543037415
1.0,1,0.9303595423698425
0.0,0,0.3869483768939972
0.0,0,0.13080811500549316
0.0,0,0.1397491842508316
0.0,0,0.031744152307510376
0.0,0,0.0926399752497673
0.0,0,0.1451171189546585
0.0,0,0.0177225973457098
1.0,1,0.993280827999115
0.0,0,0.02557409554719925
1.0,0,0.2806335985660553
0.0,0,0.029059074819087982
1.0,1,0.990741491317749
1.0,1,0.9901670217514038
0.0,0,0.04036461561918259
1.0,1,0.830598771572113
0.0,1,0.9918573498725891
0.0,0,0.3632386326789856
1.0,1,0.9986900687217712
1.0,1,0.9838535785675049
0.0,0,0.3720967173576355
1.0,1,0.9937320351600647
1.0,1,0.7674236297607422
1.0,1,0.9988659620285034
1.0,0,0.3642316460609436
0.0,0,0.05913224443793297
1.0,1,0.9971646666526794
0.0,1,0.7432131171226501
0.0,0,0.37521809339523315
0.0,0,0.1716456413269043
0.0,1,0.9475828409194946
0.0,0,0.3349262773990631
1.0,1,0.9613884091377258
0.0,0,0.023097433149814606
0.0,1,0.6628882884979248
1.0,1,0.9960311055183411
1.0,1,0.9573603868484497
1.0,0,0.1897391527891159
0.0,0,0.31231212615966797
1.0,1,0.9456905722618103
0.0,0,0.01017350796610117
1.0,0,0.2798318564891815
0.0,0,0.021146338433027267
1.0,1,0.9013262987136841
0.0,0,0.07384099066257477
0.0,0,0.0952405035495758
0.0,0,0.025868458673357964
0.0,0,0.1967194378376007
1.0,1,0.7136003375053406
1.0,1,0.5353232622146606
0.0,0,0.06261203438043594
1.0,1,0.9824259281158447
1.0,0,0.468107134103775
1.0,1,0.9934413433074951
1.0,1,0.671654462814331
0.0,0,0.3056299388408661
1.0,1,0.5150378346443176
0.0,0,0.008631079457700253
1.0,1,0.6302809119224548
0.0,0,0.06604494154453278
1.0,0,0.08844547718763351
1.0,1,0.9562498331069946
1.0,1,0.9871763586997986
0.0,0,0.21379853785037994
1.0,1,0.9779792428016663
1.0,0,0.32466647028923035
0.0,0,0.22592850029468536
0.0,0,0.026973849162459373
0.0,0,0.2327578067779541
1.0,0,0.19900400936603546
0.0,0,0.07220546901226044
1.0,1,0.9851426482200623
1.0,1,0.9765831232070923
0.0,0,0.011324260383844376
0.0,0,0.0037956691812723875
0.0,0,0.051399197429418564
1.0,1,0.9960748553276062
1.0,1,0.8687522411346436
0.0,0,0.08010228723287582
0.0,0,0.00973394326865673
1.0,1,0.8385463356971741
0.0,0,0.0059233964420855045
0.0,0,0.08628269284963608
0.0,0,0.06070229038596153
1.0,1,0.934813916683197
1.0,1,0.9820944666862488
0.0,0,0.0335504412651062
1.0,1,0.6858641505241394
0.0,0,0.3558642864227295
1.0,1,0.9577214121818542
1.0,1,0.94504714012146
0.0,0,0.08531973510980606
0.0,0,0.11690337210893631
0.0,1,0.9005784392356873
0.0,0,0.42448800802230835
1.0,1,0.9936965107917786
1.0,1,0.5790728330612183
0.0,1,0.49035656452178955
1.0,1,0.7467673420906067
1.0,1,0.993044912815094
1.0,0,0.051581431180238724
1.0,1,0.9953775405883789
0.0,0,0.3039782643318176
0.0,0,0.45782971382141113
0.0,0,0.4415149390697479
0.0,0,0.001903367810882628
1.0,0,0.2634139657020569
0.0,0,0.30776864290237427
1.0,1,0.8300504088401794
0.0,0,0.006775200366973877
0.0,1,0.7945255041122437
1.0,1,0.9793745279312134
0.0,0,0.005262764170765877
1.0,0,0.24760857224464417
1.0,1,0.9966499209403992
1.0,1,0.7699762582778931
1.0,0,0.31322887539863586
1.0,1,0.9805752038955688
1.0,1,0.7989867329597473
1.0,0,0.2643277645111084
1.0,1,0.7658680081367493
1.0,1,0.9531546235084534
0.0,0,0.0012116681318730116
1.0,1,0.9055389165878296
1.0,1,0.9992395639419556
1.0,1,0.8526965975761414
0.0,0,0.06356339156627655
0.0,0,0.04013703018426895
0.0,0,0.24325551092624664
0.0,0,0.15497416257858276
0.0,0,0.06338846683502197
1.0,1,0.9345953464508057
1.0,1,0.7366845607757568
0.0,0,0.04429113119840622
1.0,1,0.9680294394493103
0.0,0,0.4142115116119385
0.0,0,0.014576473273336887
0.0,0,0.39357587695121765
0.0,0,0.013845282606780529
0.0,0,0.002337405690923333
0.0,1,0.9064875841140747
1.0,1,0.9147244691848755
1.0,1,0.9687536954879761
0.0,0,0.11384022235870361
1.0,1,0.8132656812667847
1.0,1,0.980087161064148
0.0,0,0.4132956862449646
1.0,1,0.510059118270874
1.0,0,0.257190078496933
0.0,0,0.22971729934215546
0.0,0,0.13949637115001678
0.0,0,0.09721306711435318
0.0,0,0.06181524693965912
1.0,1,0.9571528434753418
0.0,0,0.46512600779533386
0.0,0,0.043792471289634705
1.0,0,0.46736618876457214
1.0,0,0.03980770707130432
0.0,0,0.024799348786473274
0.0,0,0.06206182390451431
1.0,1,0.7425602674484253
1.0,1,0.9939606189727783
1.0,1,0.9971181154251099
0.0,0,0.02404213696718216
0.0,0,0.009522948414087296
0.0,0,0.13191340863704681
0.0,0,0.004097076132893562
0.0,0,0.3059593439102173
1.0,1,0.9833109378814697
0.0,0,0.1503361314535141
1.0,0,0.33278995752334595
0.0,0,0.008800088427960873
0.0,1,0.6334716081619263
0.0,1,0.7781579494476318
1.0,1,0.5068634152412415
0.0,0,0.3521868586540222
0.0,0,0.009880388155579567
0.0,1,0.51462322473526
0.0,1,0.4762069880962372
1.0,1,0.7958036065101624
1.0,1,0.9929865002632141
0.0,0,0.16110500693321228
0.0,0,0.008427456952631474
1.0,1,0.6128652691841125
0.0,0,0.18791022896766663
1.0,1,0.9353312253952026
1.0,1,0.7213113903999329
1.0,1,0.9982307553291321
0.0,0,0.28638458251953125
1.0,1,0.7994138598442078
0.0,1,0.5449200868606567
0.0,0,0.3691168427467346
1.0,1,0.9769598245620728
1.0,1,0.9764500260353088
0.0,0,0.3898720145225525
1.0,1,0.8834588527679443
0.0,0,0.4666917622089386
1.0,1,0.9748734831809998
0.0,0,0.10765548795461655
0.0,0,0.2789067029953003
0.0,0,0.12052229046821594
1.0,1,0.9874979257583618
0.0,0,0.012995719909667969
0.0,0,0.00962704885751009
1.0,1,0.9699451923370361
0.0,0,0.06379131227731705
0.0,0,0.2078518569469452
1.0,1,0.9926373958587646
0.0,0,0.11401736736297607
1.0,1,0.9961502552032471
1.0,1,0.9298070073127747
1.0,1,0.7897341847419739
1.0,1,0.7754219174385071
1.0,1,0.8425363898277283
1.0,1,0.7469939589500427
1.0,1,0.9531506299972534
0.0,0,0.025955548509955406
0.0,0,0.3739427924156189
0.0,0,0.015814242884516716
0.0,1,0.6558420658111572
1.0,1,0.6380344033241272
1.0,0,0.035612042993307114
0.0,0,0.2940027415752411
1.0,1,0.9973565340042114
0.0,0,0.03212035074830055
0.0,0,0.21800854802131653
1.0,1,0.6101476550102234
0.0,0,0.05126217380166054
0.0,0,0.0016948370030149817
0.0,0,0.0011489660246297717
1.0,1,0.9631235599517822
1.0,1,0.9985583424568176
0.0,0,0.018941892310976982
0.0,0,0.0035841658245772123
0.0,0,0.2727701663970947
1.0,1,0.994906485080719
0.0,0,0.08109740912914276
1.0,1,0.8906319737434387
1.0,1,0.997678816318512
0.0,0,0.04569514840841293
1.0,0,0.028317760676145554
1.0,1,0.8887551426887512
1.0,1,0.9711920022964478
1.0,1,0.9613641500473022
1.0,1,0.991198718547821
1.0,1,0.9813560247421265
0.0,0,0.009290304034948349
1.0,0,0.36951687932014465
0.0,0,0.2588035464286804
0.0,1,0.862848699092865
0.0,0,0.11415037512779236
0.0,0,0.12096922844648361
0.0,0,0.00970385130494833
1.0,1,0.9925941824913025
1.0,1,0.9814380407333374
1.0,1,0.901107907295227
1.0,1,0.9941621422767639
0.0,0,0.41817837953567505
1.0,1,0.8823127746582031
1.0,1,0.8199424147605896
1.0,1,0.9818877577781677
0.0,0,0.01140868104994297
1.0,1,0.827118992805481
1.0,1,0.9671535491943359
0.0,0,0.019087884575128555
0.0,1,0.8996822237968445
1.0,1,0.9042648077011108
1.0,1,0.9720426201820374
1.0,1,0.9809308648109436
1.0,0,0.25292104482650757
1.0,1,0.8284212946891785
1.0,1,0.8320205211639404
0.0,1,0.8042269349098206
1.0,1,0.6726722121238708
0.0,0,0.08492043614387512
0.0,0,0.36969220638275146
1.0,1,0.680394172668457
0.0,0,0.05067557096481323
0.0,0,0.0019406788051128387
1.0,0,0.2901376783847809
1.0,1,0.5872694253921509
0.0,0,0.05353955179452896
0.0,0,0.0051811872981488705
1.0,1,0.9964893460273743
1.0,1,0.9941788911819458
1.0,1,0.9900931715965271
0.0,0,0.3914203643798828
0.0,0,0.36716267466545105
0.0,0,0.048378244042396545
0.0,1,0.7902121543884277
1.0,1,0.9906665682792664
1.0,1,0.7936087250709534
0.0,0,0.00719535443931818
1.0,1,0.9913129210472107
1.0,0,0.44948408007621765
0.0,0,0.001185156754218042
0.0,0,0.0015073559479787946
0.0,1,0.7925253510475159
0.0,0,0.23186375200748444
0.0,0,0.017387310042977333
1.0,1,0.6147840619087219
1.0,1,0.7669960856437683
1.0,1,0.9713343977928162
0.0,0,0.0014589958591386676
1.0,0,0.16004084050655365
1.0,1,0.8911561369895935
0.0,0,0.1420469880104065
0.0,1,0.8851275444030762
1.0,1,0.9505695700645447
1.0,1,0.8951189517974854
1.0,1,0.8866983652114868
1.0,1,0.9885421991348267
0.0,0,0.3632916510105133
1.0,1,0.9927369952201843
1.0,1,0.6249474883079529
0.0,0,0.004697437863796949
0.0,0,0.020156679674983025
1.0,1,0.9836230874061584
1.0,1,0.9925950169563293
1.0,1,0.9971094727516174
1.0,1,0.974876344203949
0.0,0,0.021628087386488914
0.0,0,0.43699756264686584
1.0,1,0.9205595254898071
1.0,1,0.8924682140350342
0.0,0,0.06490226835012436
1.0,1,0.9906103014945984
1.0,0,0.36027422547340393
0.0,0,0.23870441317558289
0.0,0,0.11817286908626556
0.0,0,0.23165641725063324
1.0,1,0.909479022026062
0.0,1,0.70371413230896
1.0,0,0.432412713766098
0.0,0,0.06920993328094482
1.0,1,0.9905383586883545
1.0,1,0.7757188677787781
0.0,0,0.24790671467781067
0.0,0,0.25692397356033325
1.0,1,0.9964511394500732
0.0,0,0.0019407764775678515
1.0,0,0.4272012710571289
1.0,0,0.20049522817134857
1.0,0,0.45273357629776
0.0,0,0.04647364467382431
0.0,0,0.39982008934020996
0.0,0,0.07275211066007614
1.0,1,0.5321289896965027
0.0,0,0.0063261245377361774
1.0,1,0.5744860172271729
0.0,1,0.9118374586105347
1.0,1,0.9990509152412415
1.0,1,0.9824986457824707
1.0,1,0.994149923324585
0.0,0,0.0007887283572927117
1.0,1,0.7318872809410095
0.0,0,0.0038322340697050095
0.0,0,0.026106223464012146
1.0,1,0.9964529275894165
1.0,1,0.8209396600723267
1.0,1,0.9357587099075317
0.0,0,0.18492615222930908
0.0,0,0.006442670244723558
1.0,1,0.9988561868667603
0.0,0,0.41706058382987976
1.0,1,0.991769552230835
0.0,0,0.2072395235300064
1.0,1,0.7329741716384888
1.0,1,0.9865542650222778
1.0,0,0.008123478852212429
1.0,1,0.9699500203132629
0.0,0,0.3129328489303589
1.0,1,0.5173646211624146
0.0,0,0.03218560293316841
0.0,1,0.9471633434295654
1.0,1,0.8945221900939941
1.0,1,0.8350698947906494
0.0,0,0.1518370807170868
1.0,1,0.9963552951812744
0.0,0,0.32997167110443115
0.0,0,0.014494203962385654
0.0,0,0.35256245732307434
1.0,1,0.9810870289802551
0.0,0,0.04897615686058998
1.0,1,0.9818122982978821
1.0,1,0.8278948068618774
1.0,1,0.9734383821487427
0.0,1,0.5664259791374207
0.0,0,0.17653556168079376
0.0,0,0.42388075590133667
1.0,0,0.3315720856189728
1.0,1,0.9644378423690796
1.0,1,0.7585210800170898
0.0,0,0.026569511741399765
1.0,1,0.868267834186554
0.0,1,0.6864553093910217
1.0,1,0.5051813721656799
0.0,0,0.02918616682291031
0.0,0,0.007975633256137371
0.0,1,0.970250129699707
1.0,1,0.9959678649902344
1.0,1,0.8030903339385986
0.0,0,0.0806577131152153
1.0,1,0.9760915637016296
0.0,0,0.016032487154006958
0.0,0,0.004728164989501238
0.0,0,0.018709979951381683
0.0,0,0.23846817016601562
0.0,0,0.20055654644966125
1.0,1,0.9736652374267578
1.0,1,0.8911969661712646
1.0,1,0.9903538227081299
1.0,1,0.9940505623817444
0.0,0,0.005072894040495157
0.0,1,0.6282612681388855
1.0,1,0.9326727390289307
0.0,0,0.0022145481780171394
1.0,0,0.26345422863960266
1.0,1,0.9886228442192078
0.0,1,0.8102307915687561
1.0,1,0.9864193797111511
0.0,0,0.024471590295433998
0.0,0,0.06579390168190002
1.0,0,0.17770543694496155
1.0,1,0.6636963486671448
0.0,0,0.28151872754096985
1.0,1,0.6649446487426758
1.0,1,0.9555584788322449
1.0,1,0.9809380173683167
1.0,1,0.9817609190940857
0.0,0,0.007982377894222736
0.0,1,0.8784343600273132
1.0,1,0.938698410987854
0.0,0,0.007521778345108032
1.0,0,0.38148027658462524
0.0,1,0.6480327248573303
1.0,1,0.9405454993247986
1.0,1,0.9678857922554016
1.0,1,0.987908661365509
0.0,0,0.055130306631326675
0.0,0,0.01179562695324421
0.0,0,0.2069089412689209
0.0,1,0.6630555987358093
1.0,0,0.05408947542309761
1.0,1,0.9965948462486267
0.0,0,0.21222536265850067
1.0,1,0.6049985289573669
0.0,0,0.054643336683511734
0.0,0,0.02645278535783291
1.0,1,0.9945164322853088
1.0,1,0.5723830461502075
1.0,0,0.0009091642568819225
0.0,1,0.7830430865287781
0.0,0,0.18608614802360535
1.0,0,0.43337371945381165
1.0,1,0.9933626651763916
0.0,0,0.003493748139590025
0.0,1,0.7752955555915833
0.0,0,0.343885600566864
0.0,0,0.20205259323120117
0.0,0,0.28253045678138733
0.0,0,0.20098404586315155
0.0,0,0.08826716244220734
1.0,1,0.8573181629180908
1.0,1,0.6879330277442932
0.0,0,0.2341555655002594
0.0,1,0.7161344885826111
1.0,1,0.9976697564125061
1.0,1,0.9987549781799316
1.0,0,0.022155465558171272
0.0,0,0.0032657061237841845
1.0,0,0.3987155258655548
1.0,1,0.9934462904930115
0.0,0,0.06222746521234512
1.0,1,0.9951881170272827
1.0,1,0.9932829141616821
1.0,1,0.9789628982543945
1.0,1,0.967589795589447
0.0,0,0.23179079592227936
1.0,1,0.987125813961029
1.0,1,0.9925048351287842
0.0,0,0.13155363500118256
1.0,1,0.947216272354126
0.0,1,0.5466489791870117
0.0,0,0.26078665256500244
1.0,1,0.9898914098739624
0.0,0,0.26532432436943054
0.0,0,0.15481378138065338
0.0,1,0.47898828983306885
1.0,1,0.8341220021247864
1.0,1,0.9995560050010681
1.0,1,0.7235836386680603
0.0,0,0.3635227680206299
1.0,1,0.6308590769767761
0.0,0,0.35459455847740173
0.0,1,0.8357030153274536
0.0,0,0.0766574889421463
0.0,0,0.0018606837838888168
0.0,0,0.05121859535574913
1.0,1,0.8852494359016418
1.0,1,0.9964776635169983
0.0,0,0.15393976867198944
0.0,1,0.9408251643180847
0.0,0,0.00986799132078886
0.0,1,0.8508749604225159
1.0,1,0.9721125364303589
0.0,1,0.5482091307640076
1.0,0,0.3484584093093872
1.0,1,0.9930945634841919
1.0,1,0.9746119379997253
1.0,1,0.9760687351226807
1.0,1,0.8476608991622925
1.0,1,0.9549244046211243
1.0,1,0.8776863217353821
0.0,0,0.19591671228408813
0.0,1,0.6412986516952515
0.0,0,0.4619794487953186
0.0,1,0.8070966005325317
0.0,0,0.0075125121511518955
1.0,1,0.5596860647201538
1.0,0,0.28311431407928467
1.0,1,0.9476580023765564
0.0,0,0.3149389922618866
1.0,1,0.9749695658683777
1.0,1,0.9955363273620605
1.0,1,0.997814416885376
1.0,1,0.9971755743026733
1.0,1,0.9869036674499512
1.0,1,0.9961293935775757
0.0,0,0.009591792710125446
0.0,0,0.08269819617271423
1.0,1,0.657777726650238
0.0,1,0.8306053280830383
0.0,0,0.08758321404457092
0.0,0,0.058888211846351624
1.0,1,0.7825580835342407
0.0,0,0.0762024000287056
0.0,0,0.22043004631996155
1.0,1,0.9405835866928101
0.0,0,0.004103328101336956
0.0,1,0.8272003531455994
0.0,0,0.005306682549417019
1.0,1,0.9989118576049805
1.0,1,0.9656139612197876
1.0,1,0.9066548347473145
0.0,1,0.6631007194519043
1.0,1,0.5989624261856079
1.0,1,0.8941608667373657
1.0,1,0.9950140118598938
0.0,0,0.3954934775829315
0.0,0,0.012477983720600605
0.0,0,0.0032977797091007233
1.0,1,0.7913610935211182
0.0,1,0.5472550392150879
1.0,0,0.2252984195947647
1.0,0,0.29023295640945435
0.0,0,0.007219638209789991
0.0,0,0.038243088871240616
1.0,1,0.8063637614250183
1.0,1,0.99434894323349
1.0,1,0.8398849368095398
0.0,0,0.13111062347888947
1.0,1,0.6456522941589355
0.0,1,0.5318888425827026
0.0,0,0.366115927696228
0.0,0,0.015674740076065063
0.0,0,0.029545748606324196
1.0,1,0.988231360912323
1.0,1,0.9787266254425049
1.0,1,0.9791440367698669
0.0,0,0.4457889199256897
0.0,0,0.43438515067100525
0.0,0,0.3448542356491089
1.0,1,0.9977006316184998
1.0,1,0.970365047454834
1.0,1,0.9763880968093872
1.0,1,0.9978125095367432
0.0,0,0.002052340656518936
0.0,1,0.8836942315101624
1.0,1,0.7509149312973022
1.0,1,0.8100320100784302
0.0,0,0.19733208417892456
1.0,1,0.913101315498352
0.0,0,0.4278242290019989
1.0,1,0.9976593255996704
1.0,1,0.7556518316268921
1.0,1,0.9115900993347168
0.0,0,0.012060288339853287
1.0,1,0.7592447400093079
1.0,1,0.6593234539031982
0.0,0,0.17125658690929413
0.0,0,0.009019858203828335
1.0,0,0.3176109194755554
1.0,1,0.9902918934822083
0.0,0,0.06810417026281357
1.0,1,0.8915435075759888
0.0,0,0.023228948935866356
1.0,0,0.18991665542125702
0.0,0,0.09179849922657013
1.0,1,0.991094708442688
1.0,0,0.32980597019195557
1.0,1,0.9889577031135559
0.0,0,0.06307610869407654
0.0,0,0.38241785764694214
1.0,1,0.9678986072540283
1.0,1,0.9445557594299316
1.0,1,0.9500795006752014
1.0,1,0.9380972385406494
1.0,1,0.9510970115661621
1.0,1,0.6471392512321472
0.0,0,0.03690934553742409
1.0,1,0.8985140323638916
0.0,1,0.9581644535064697
1.0,1,0.9935110211372375
0.0,0,0.005986552685499191
0.0,0,0.10401220619678497
1.0,1,0.979781985282898
1.0,1,0.9731383323669434
0.0,0,0.1719871610403061
0.0,0,0.020546142011880875
0.0,1,0.5418835282325745
0.0,0,0.06724508106708527
0.0,0,0.004776822403073311
1.0,1,0.7738476991653442
0.0,0,0.2197166383266449
0.0,0,0.11954908072948456
0.0,1,0.9474706053733826
0.0,0,0.022554775699973106
1.0,1,0.9695441126823425
1.0,1,0.7681607007980347
1.0,1,0.5528939962387085
1.0,1,0.5577875971794128
0.0,1,0.5581528544425964
0.0,0,0.0012253083987161517
0.0,0,0.05161470174789429
1.0,1,0.9857600331306458
1.0,1,0.9786312580108643
1.0,1,0.980240523815155
0.0,0,0.04012257605791092
0.0,0,0.38782814145088196
0.0,0,0.12284859269857407
1.0,1,0.9026793241500854
0.0,0,0.013617325574159622
0.0,0,0.033154670149087906
1.0,1,0.9973926544189453
1.0,1,0.9901004433631897
0.0,0,0.0382162481546402
1.0,1,0.8295361399650574
1.0,1,0.9929597973823547
0.0,0,0.25262534618377686
0.0,1,0.6702113747596741
1.0,1,0.9912480115890503
0.0,0,0.2087475061416626
1.0,0,0.43957093358039856
1.0,1,0.9988412261009216
0.0,0,0.08415597677230835
1.0,1,0.8237777352333069
1.0,1,0.9932540059089661
0.0,1,0.5686309337615967
0.0,0,0.35804855823516846
0.0,0,0.10635656863451004
0.0,0,0.17644521594047546
1.0,1,0.9943331480026245
0.0,0,0.014950407668948174
1.0,0,0.29707178473472595
1.0,1,0.5016515851020813
1.0,1,0.9316413998603821
1.0,1,0.7655314803123474
1.0,1,0.8838987946510315
0.0,0,0.0020878808572888374
0.0,0,0.012727081775665283
0.0,0,0.239235520362854
1.0,1,0.9834544658660889
1.0,1,0.9703248739242554
0.0,0,0.09305652976036072
1.0,1,0.6096486449241638
1.0,1,0.9277076125144958
1.0,0,0.06436531245708466
1.0,1,0.8568128943443298
0.0,0,0.44123634696006775
1.0,1,0.9868842363357544
1.0,1,0.7412887811660767
1.0,1,0.990736186504364
0.0,1,0.9936820268630981
0.0,0,0.016898903995752335
0.0,0,0.004071121569722891
0.0,0,0.03707487881183624
0.0,0,0.0036252764984965324
0.0,0,0.15070635080337524
1.0,1,0.9460595846176147
1.0,1,0.9039379358291626
1.0,1,0.9541129469871521
1.0,1,0.8333861827850342
0.0,0,0.19958554208278656
1.0,1,0.9958977103233337
0.0,0,0.0005489342147484422
1.0,1,0.7563852071762085
0.0,0,0.004407428205013275
1.0,1,0.9819081425666809
1.0,1,0.9896878600120544
1.0,1,0.9973105192184448
0.0,0,0.07584639638662338
1.0,1,0.9859442710876465
0.0,0,0.013277397491037846
0.0,0,0.25746259093284607
0.0,0,0.1349475085735321
1.0,1,0.750684380531311
1.0,1,0.9952865242958069
1.0,1,0.9632582664489746
0.0,1,0.9749431610107422
1.0,0,0.45274481177330017
1.0,1,0.9988605976104736
1.0,1,0.9640201926231384
0.0,0,0.006363386753946543
0.0,0,0.1310524344444275
0.0,1,0.7968818545341492
1.0,1,0.9798198342323303
1.0,1,0.9639407992362976
1.0,1,0.963151752948761
1.0,1,0.7235252857208252
1.0,1,0.9397280216217041
0.0,0,0.05571753904223442
1.0,1,0.9383336305618286
1.0,1,0.6952552199363708
0.0,0,0.2118881791830063
1.0,1,0.6936247944831848
0.0,1,0.8145433664321899
0.0,0,0.01421509962528944
0.0,0,0.07466321438550949
0.0,1,0.9106195569038391
1.0,1,0.9305739998817444
0.0,1,0.921785831451416
1.0,1,0.9591070413589478
1.0,1,0.9920681715011597
1.0,1,0.9721560478210449
1.0,1,0.9703471064567566
1.0,0,0.38942381739616394
0.0,1,0.976662278175354
1.0,0,0.27647411823272705
0.0,0,0.0023607027251273394
0.0,0,0.042057476937770844
0.0,0,0.039523761719465256
1.0,1,0.5419661402702332
0.0,1,0.9876887202262878
0.0,1,0.6804341077804565
1.0,1,0.7895573377609253
0.0,0,0.39905232191085815
1.0,1,0.9622048735618591
0.0,0,0.11808609962463379
1.0,1,0.9749531149864197
0.0,0,0.053825054317712784
0.0,0,0.010655626654624939
1.0,1,0.9811270833015442
0.0,0,0.14717648923397064
0.0,0,0.01010006945580244
0.0,0,0.030185598880052567
1.0,1,0.9975016713142395
0.0,1,0.6923046112060547
1.0,1,0.9253664612770081
0.0,0,0.15675583481788635
0.0,0,0.004067776259034872
0.0,0,0.1019500344991684
0.0,0,0.05431665852665901
1.0,1,0.9987150430679321
0.0,0,0.4113624393939972
0.0,0,0.03792794793844223
1.0,1,0.5657582879066467
0.0,0,0.11130780726671219
0.0,1,0.6768217086791992
1.0,0,0.18182648718357086
1.0,1,0.9823802709579468
0.0,0,0.3352641463279724
1.0,1,0.9430562853813171
0.0,0,0.13488388061523438
0.0,0,0.0679263174533844
0.0,0,0.07636900991201401
0.0,0,0.14979174733161926
0.0,1,0.6241393089294434
1.0,1,0.9098725318908691
0.0,0,0.1153889149427414
0.0,0,0.031985942274332047
1.0,1,0.9973331689834595
1.0,1,0.9879031777381897
0.0,0,0.010427771136164665
0.0,0,0.05346508324146271
0.0,1,0.8603335022926331
0.0,0,0.03196924552321434
0.0,0,0.13447612524032593
1.0,1,0.95865398645401
1.0,1,0.9642078280448914
0.0,0,0.18609216809272766
0.0,0,0.04655854403972626
1.0,1,0.9188024997711182
0.0,0,0.0015864031156525016
1.0,1,0.9968234300613403
1.0,1,0.8894119262695312
1.0,1,0.982557475566864
0.0,0,0.08044517040252686
1.0,1,0.9379326701164246
0.0,0,0.015848031267523766
0.0,0,0.008155792951583862
1.0,1,0.659439742565155
0.0,0,0.004284280352294445
1.0,1,0.9857202172279358
0.0,0,0.05688934028148651
0.0,1,0.682318925857544
0.0,0,0.3924136757850647
1.0,0,0.00891126599162817
0.0,0,0.013520518317818642
1.0,1,0.9893590211868286
0.0,1,0.8418924808502197
1.0,1,0.9878371953964233
0.0,0,0.0038185406010597944
1.0,1,0.6823287606239319
1.0,1,0.9973300695419312
0.0,0,0.22114919126033783
1.0,1,0.9902939796447754
0.0,0,0.35359838604927063
1.0,1,0.92641681432724
1.0,1,0.8398983478546143
0.0,0,0.006991294212639332
0.0,0,0.0562763586640358
0.0,0,0.2660701870918274
1.0,0,0.020552590489387512
0.0,1,0.5268304944038391
0.0,1,0.667163074016571
0.0,1,0.7531285881996155
1.0,1,0.8848059177398682
1.0,1,0.9840244650840759
1.0,1,0.9850465059280396
1.0,1,0.988828718662262
1.0,1,0.5853099822998047
1.0,0,0.10677951574325562
0.0,0,0.19828985631465912
1.0,0,0.41825899481773376
1.0,0,0.43285655975341797
1.0,1,0.6743707060813904
0.0,0,0.01735258288681507
1.0,1,0.7698115110397339
1.0,1,0.9930395483970642
0.0,0,0.01483809482306242
0.0,1,0.49946239590644836
0.0,1,0.5973159074783325
1.0,1,0.9152993559837341
0.0,0,0.07943245768547058
0.0,0,0.018119007349014282
1.0,1,0.9432698488235474
1.0,1,0.9974889755249023
0.0,0,0.005005361046642065
0.0,0,0.047423772513866425
1.0,1,0.990388810634613
1.0,1,0.9798395037651062
0.0,0,0.04397156834602356
1.0,1,0.9959828853607178
1.0,0,0.45560136437416077
0.0,0,0.07648428529500961
1.0,1,0.8603892922401428
0.0,0,0.006360818166285753
0.0,0,0.03110860474407673
0.0,0,0.016758110374212265
0.0,0,0.21698425710201263
1.0,1,0.8089719414710999
1.0,1,0.995477020740509
1.0,0,0.11828745901584625
1.0,1,0.8020333051681519
0.0,0,0.00041084931581281126
0.0,0,0.08694672584533691
1.0,1,0.9814324975013733
0.0,0,0.08270629495382309
0.0,0,0.35282424092292786
0.0,0,0.2058434635400772
0.0,0,0.12451675534248352
0.0,1,0.966873824596405
1.0,1,0.9918678402900696
1.0,1,0.9986250400543213
1.0,0,0.18434149026870728
0.0,0,0.03790703043341637
0.0,0,0.007931151427328587
1.0,0,0.009193259291350842
1.0,1,0.9961011409759521
1.0,1,0.9936622381210327
1.0,0,0.03757494315505028
1.0,1,0.9675627946853638
0.0,0,0.39841020107269287
1.0,1,0.9613528251647949
1.0,0,0.04906320199370384
1.0,1,0.9928874373435974
1.0,1,0.9647122621536255
0.0,1,0.48478662967681885
1.0,1,0.9103717803955078
0.0,0,0.007835960015654564
0.0,1,0.6364981532096863
0.0,0,0.018408164381980896
1.0,1,0.8370379209518433
0.0,0,0.35356584191322327
0.0,0,0.27634891867637634
1.0,1,0.6093430519104004
1.0,0,0.33553212881088257
0.0,0,0.1056647002696991
1.0,1,0.9640620946884155
1.0,1,0.9833253622055054
1.0,1,0.9689832329750061
1.0,1,0.9580135345458984
0.0,0,0.012205200269818306
0.0,0,0.19169014692306519
0.0,0,0.42624208331108093
0.0,0,0.0651043951511383
1.0,1,0.992915153503418
1.0,1,0.47800809144973755
0.0,1,0.5098111629486084
1.0,0,0.2472255975008011
1.0,1,0.9645519256591797
0.0,0,0.028390245512127876
0.0,0,0.03446429595351219
0.0,0,0.32853803038597107
0.0,0,0.025089770555496216
1.0,1,0.9923287034034729
1.0,1,0.4782288670539856
1.0,1,0.9928421974182129
1.0,1,0.9670607447624207
1.0,1,0.9769495725631714
0.0,0,0.10890813171863556
1.0,1,0.9594191908836365
0.0,0,0.26341548562049866
0.0,1,0.5616437196731567
1.0,1,0.7716538310050964
1.0,1,0.9301424622535706
1.0,0,0.3821936249732971
0.0,0,0.045368265360593796
0.0,0,0.06981361657381058
0.0,0,0.004244998563081026
1.0,1,0.9094059467315674
1.0,0,0.12959171831607819
1.0,1,0.9975844621658325
0.0,0,0.26987773180007935
0.0,0,0.16392359137535095
1.0,1,0.9783627986907959
0.0,0,0.08911000937223434
1.0,1,0.7670061588287354
1.0,1,0.5877423882484436
0.0,0,0.035031795501708984
0.0,0,0.2727837562561035
1.0,1,0.7559024095535278
0.0,0,0.0035689196083694696
0.0,0,0.14961180090904236
1.0,1,0.9853723645210266
1.0,1,0.8378310203552246
0.0,1,0.8014801740646362
0.0,0,0.11028777062892914
1.0,1,0.9979294538497925
1.0,1,0.995280921459198
1.0,1,0.6539412140846252
0.0,1,0.8725454807281494
1.0,1,0.9812546968460083
1.0,1,0.9923727512359619
0.0,0,0.14581473171710968
0.0,0,0.4674779176712036
0.0,0,0.32241636514663696
1.0,1,0.9977625608444214
1.0,1,0.9562724232673645
1.0,1,0.9734840989112854
0.0,0,0.09986332803964615
0.0,0,0.354697048664093
1.0,1,0.9783158898353577
0.0,0,0.01756865158677101
0.0,0,0.0064241960644721985
0.0,1,0.6389036774635315
0.0,0,0.40765416622161865
0.0,0,0.2696644961833954
1.0,1,0.9705629944801331
0.0,0,0.044371429830789566
1.0,1,0.7997133731842041
1.0,1,0.9991607666015625
1.0,1,0.9960811734199524
1.0,0,0.2742958068847656
0.0,0,0.3339790105819702
1.0,1,0.9956001043319702
1.0,1,0.9220396280288696
0.0,0,0.16999928653240204
0.0,0,0.16221600770950317
0.0,0,0.11995553970336914
1.0,1,0.6321399211883545
0.0,0,0.0005741485510952771
0.0,0,0.38958990573883057
0.0,0,0.00897904857993126
0.0,0,0.06593440473079681
0.0,0,0.2031330168247223
0.0,0,0.06776584684848785
0.0,0,0.06812553852796555
1.0,1,0.981427788734436
0.0,0,0.14186324179172516
0.0,0,0.31825852394104004
1.0,1,0.9970124959945679
1.0,0,0.04572996497154236
1.0,1,0.8852055668830872
0.0,1,0.6017194986343384
0.0,0,0.14605340361595154
0.0,0,0.01532378513365984
1.0,0,0.3853369355201721
0.0,1,0.8011810183525085
1.0,1,0.9753944873809814
0.0,0,0.006091213319450617
1.0,1,0.8824067711830139
0.0,0,0.00037852636887691915
0.0,0,0.004673009272664785
0.0,1,0.8322426676750183
0.0,1,0.9822271466255188
0.0,0,0.4037110209465027
0.0,0,0.18437622487545013
0.0,0,0.04407007619738579
1.0,1,0.47556838393211365
1.0,1,0.9541024565696716
0.0,0,0.013956628739833832
1.0,1,0.9772037267684937
1.0,1,0.7907617688179016
1.0,1,0.987556517124176
1.0,1,0.9863989353179932
0.0,0,0.3759334087371826
1.0,1,0.6097428798675537
1.0,1,0.7526096701622009
1.0,0,0.41633808612823486
0.0,0,0.33239278197288513
0.0,0,0.003579492913559079
1.0,1,0.85006183385849
1.0,1,0.9391705989837646
0.0,0,0.08265183120965958
1.0,1,0.9966081380844116
0.0,0,0.2006012201309204
0.0,1,0.6023261547088623
0.0,0,0.3759632706642151
0.0,0,0.04022569954395294
0.0,0,0.03400874137878418
1.0,1,0.9662452340126038
0.0,0,0.2344721555709839
0.0,1,0.8287143707275391
1.0,1,0.9887159466743469
0.0,0,0.014891673810780048
1.0,1,0.9939365983009338
0.0,0,0.06399707496166229
0.0,0,0.05447027459740639
0.0,1,0.7755193114280701
1.0,1,0.9940701127052307
0.0,0,0.1519279032945633
0.0,0,0.007307055406272411
0.0,1,0.5157551765441895
0.0,0,0.017372718080878258
0.0,0,0.2835387587547302
0.0,0,0.12959696352481842
1.0,1,0.8415465354919434
0.0,0,0.027061760425567627
1.0,1,0.9723269939422607
1.0,1,0.9375472068786621
0.0,1,0.7857570648193359
1.0,1,0.9166666269302368
1.0,1,0.9943133592605591
1.0,0,0.363994300365448
0.0,0,0.2797967195510864
1.0,1,0.9359484910964966
0.0,1,0.9737476110458374
0.0,1,0.6424466371536255
0.0,0,0.011498318053781986
0.0,1,0.5936670899391174
0.0,0,0.005017472896724939
0.0,0,0.004848574288189411
1.0,1,0.991361677646637
0.0,0,0.06033632904291153
1.0,1,0.9482190012931824
0.0,0,0.0768100917339325
0.0,0,0.08562574535608292
1.0,1,0.9563663601875305
0.0,0,0.3555350601673126
1.0,1,0.9161388278007507
0.0,1,0.568901002407074
1.0,0,0.22523632645606995
0.0,0,0.09579123556613922
0.0,0,0.3867444694042206
0.0,0,0.2002117931842804
1.0,1,0.993694007396698
0.0,1,0.9190279841423035
0.0,0,0.017858728766441345
0.0,0,0.046640362590551376
0.0,0,0.015121621079742908
0.0,0,0.027880799025297165
1.0,1,0.9810062646865845
1.0,1,0.991178572177887
1.0,1,0.9751344919204712
0.0,0,0.2042052149772644
0.0,0,0.16754931211471558
1.0,0,0.026027709245681763
0.0,1,0.5816587209701538
0.0,0,0.026907917112112045
1.0,1,0.7118422389030457
1.0,1,0.8881896734237671
0.0,1,0.7911381721496582
1.0,1,0.9766291975975037
0.0,0,0.020546872168779373
1.0,1,0.9914085268974304
1.0,0,0.2196311354637146
1.0,1,0.9388331770896912
1.0,0,0.06789585947990417
1.0,1,0.9778081178665161
1.0,1,0.9878813028335571
0.0,0,0.0027800891548395157
0.0,0,0.23670917749404907
0.0,0,0.1844784915447235
1.0,1,0.8944931030273438
0.0,0,0.038411762565374374
0.0,0,0.02715657651424408
0.0,0,0.0148385688662529
1.0,0,0.18657051026821136
1.0,1,0.5393862128257751
1.0,1,0.9908505082130432
0.0,0,0.19782328605651855
1.0,0,0.12893232703208923
1.0,1,0.9606025815010071
0.0,0,0.15288770198822021
0.0,1,0.5045273900032043
1.0,1,0.9202191233634949
1.0,1,0.7683485150337219
1.0,1,0.7617340087890625
1.0,1,0.9871616959571838
1.0,1,0.9206557273864746
0.0,0,0.0867355614900589
0.0,0,0.03612480312585831
0.0,0,0.005618053954094648
1.0,0,0.44224652647972107
0.0,0,0.038677576929330826
1.0,1,0.7237730622291565
1.0,1,0.7093832492828369
0.0,0,0.022081660106778145
1.0,0,0.015183336101472378
0.0,1,0.8103939890861511
0.0,1,0.5048571825027466
0.0,0,0.014815932139754295
0.0,0,0.01972770132124424
0.0,0,0.2251499742269516
1.0,1,0.992375910282135
1.0,1,0.9943660497665405
1.0,1,0.986668586730957
1.0,1,0.991885781288147
0.0,0,0.1914902776479721
0.0,0,0.3453119993209839
1.0,1,0.9824808239936829
0.0,0,0.3320486545562744
0.0,1,0.608979344367981
1.0,1,0.978199303150177
1.0,0,0.13530772924423218
1.0,1,0.9569234251976013
0.0,0,0.2334715574979782
1.0,1,0.9841858744621277
0.0,0,0.2412426769733429
0.0,0,0.17006690800189972
0.0,1,0.5325157046318054
0.0,1,0.8380730748176575
1.0,1,0.9809792637825012
1.0,1,0.994541347026825
1.0,1,0.9851564168930054
0.0,0,0.10683507472276688
0.0,0,0.43936821818351746
1.0,1,0.9574452638626099
1.0,0,0.05045802891254425
1.0,1,0.9915580749511719
1.0,1,0.6908017992973328
0.0,1,0.527264416217804
1.0,1,0.9805163741111755
1.0,1,0.9724766612052917
1.0,1,0.7051004767417908
1.0,1,0.9338327050209045
1.0,1,0.9419876337051392
0.0,1,0.644603967666626
0.0,0,0.032798655331134796
1.0,1,0.9105411767959595
1.0,1,0.9984415173530579
0.0,0,0.28538891673088074
1.0,1,0.9951977133750916
1.0,1,0.98886638879776
1.0,1,0.9955254197120667
0.0,0,0.11671669036149979
0.0,0,0.16465751826763153
0.0,1,0.8827219009399414
1.0,1,0.8440649509429932
0.0,0,0.41825151443481445
1.0,1,0.992104172706604
0.0,0,0.005151009652763605
1.0,1,0.7129603028297424
0.0,0,0.3380347490310669
1.0,1,0.9985565543174744
1.0,1,0.9894121289253235
0.0,0,0.0991789698600769
1.0,1,0.9960759282112122
1.0,1,0.9783430695533752
0.0,0,0.16473957896232605
0.0,1,0.7262067794799805
1.0,1,0.6009250283241272
0.0,0,0.014041667804121971
1.0,1,0.7376057505607605
1.0,1,0.9398488998413086
0.0,0,0.007364796940237284
1.0,1,0.9828117489814758
0.0,0,0.3221414387226105
1.0,1,0.9842208623886108
0.0,0,0.1223115399479866
0.0,1,0.7583140730857849
0.0,0,0.21628445386886597
0.0,1,0.6335649490356445
0.0,0,0.07539857178926468
0.0,0,0.0287754088640213
1.0,1,0.8983747959136963
0.0,1,0.49775516986846924
0.0,0,0.31297165155410767
0.0,1,0.5387188792228699
1.0,1,0.9926403164863586
0.0,0,0.055315226316452026
0.0,0,0.10922374576330185
0.0,0,0.3834661841392517
0.0,0,0.04872717335820198
1.0,1,0.9987102746963501
0.0,0,0.008279835805296898
1.0,1,0.9918918609619141
0.0,0,0.13947582244873047
0.0,1,0.6917906403541565
1.0,1,0.8903962969779968
1.0,1,0.9419450163841248
1.0,1,0.9994187355041504
1.0,1,0.9758564233779907
0.0,0,0.03651440888643265
1.0,1,0.9889081120491028
0.0,0,0.08690448850393295
0.0,0,0.04811603203415871
0.0,0,0.004298283718526363
0.0,0,0.006030951626598835
1.0,1,0.8548229932785034
1.0,1,0.9896690249443054
0.0,0,0.014275798574090004
0.0,1,0.792364239692688
1.0,1,0.9956861734390259
0.0,1,0.6328592896461487
0.0,0,0.20181691646575928
1.0,1,0.7557936906814575
0.0,0,0.10791370272636414
0.0,0,0.0903259813785553
0.0,0,0.11215568333864212
0.0,0,0.013832541182637215
1.0,1,0.5786952376365662
1.0,1,0.9925893545150757
0.0,1,0.4783976972103119
0.0,1,0.5704889297485352
1.0,1,0.7581702470779419
1.0,1,0.9670845866203308
1.0,1,0.9916390776634216
1.0,0,0.22171436250209808
0.0,1,0.8812234997749329
1.0,1,0.9466431140899658
1.0,0,0.3880919814109802
0.0,0,0.01413395069539547
1.0,1,0.9833682179450989
1.0,1,0.9989737272262573
1.0,1,0.9864968657493591
1.0,1,0.9874572157859802
1.0,1,0.9652418494224548
0.0,0,0.014281888492405415
1.0,1,0.963029682636261
1.0,0,0.03800562769174576
0.0,0,0.006798110902309418
0.0,1,0.7179816961288452
1.0,1,0.7598447203636169
1.0,1,0.7955716252326965
0.0,0,0.06698140501976013
0.0,0,0.09295719861984253
0.0,0,0.1513107866048813
1.0,1,0.945167064666748
1.0,1,0.9901927709579468
0.0,0,0.020735781639814377
0.0,1,0.5220236778259277
0.0,0,0.34522196650505066
0.0,1,0.8307777643203735
1.0,1,0.9386917948722839
0.0,1,0.6479363441467285
1.0,1,0.6879667639732361
1.0,1,0.9553921818733215
1.0,1,0.6824781894683838
0.0,0,0.004042563494294882
1.0,1,0.9582000970840454
0.0,1,0.6241594552993774
0.0,0,0.027313437312841415
0.0,0,0.06946748495101929
0.0,0,0.10269632190465927
0.0,0,0.43665269017219543
0.0,1,0.664177656173706
0.0,0,0.0506911464035511
1.0,1,0.9896020293235779
1.0,1,0.853613018989563
0.0,1,0.6518452763557434
1.0,1,0.9048988819122314
0.0,0,0.005895175039768219
0.0,0,0.10453145205974579
1.0,1,0.9960758090019226
0.0,1,0.7124413847923279
0.0,0,0.010082093067467213
0.0,0,0.08771533519029617
1.0,1,0.921257495880127
0.0,0,0.1620778739452362
0.0,0,0.13418471813201904
1.0,1,0.9974386692047119
1.0,1,0.7395445704460144
0.0,0,0.016846422106027603
0.0,0,0.03238769248127937
0.0,0,0.019360700622200966
1.0,1,0.9974303841590881
1.0,1,0.8777138590812683
0.0,0,0.04661060497164726
0.0,0,0.013681123033165932
0.0,1,0.557171642780304
0.0,1,0.4871825873851776
1.0,0,0.05983950197696686
1.0,1,0.8258785009384155
1.0,1,0.9752292633056641
0.0,1,0.6856026649475098
0.0,1,0.8060727715492249
1.0,0,0.2887188494205475
0.0,0,0.017417944967746735
1.0,1,0.9518889784812927
0.0,0,0.011321266181766987
1.0,1,0.6146348714828491
0.0,0,0.4587159752845764
1.0,1,0.9946479201316833
0.0,0,0.05233676731586456
0.0,0,0.0032296618446707726
1.0,1,0.855976939201355
0.0,1,0.8880779147148132
1.0,1,0.9478172063827515
1.0,1,0.9725643992424011
1.0,1,0.48160940408706665
1.0,0,0.3447234332561493
0.0,0,0.31834709644317627
0.0,0,0.022825920954346657
1.0,1,0.7561966776847839
0.0,1,0.8404006958007812
1.0,1,0.978710949420929
0.0,0,0.2438257336616516
0.0,0,0.0670228973031044
1.0,1,0.803095281124115
1.0,1,0.9656286239624023
1.0,0,0.07773655652999878
0.0,1,0.6957957744598389
1.0,1,0.9881858825683594
0.0,0,0.099786177277565
0.0,0,0.04453405737876892
1.0,1,0.9883997440338135
0.0,0,0.02141851931810379
1.0,1,0.9868720769882202
0.0,0,0.15775315463542938
1.0,1,0.9151670932769775
1.0,1,0.9684022068977356
0.0,0,0.2867160439491272
1.0,1,0.8511542081832886
1.0,1,0.6484977006912231
1.0,1,0.9894234538078308
0.0,1,0.5689693689346313
1.0,1,0.9955251812934875
0.0,0,0.14883719384670258
1.0,1,0.9849712252616882
0.0,0,0.025371374562382698
0.0,0,0.11082196980714798
1.0,1,0.9881112575531006
1.0,1,0.9888041615486145
0.0,1,0.7590078711509705
0.0,1,0.9461294412612915
1.0,0,0.017187226563692093
0.0,0,0.24344594776630402
1.0,1,0.9954758286476135
0.0,0,0.03172474727034569
1.0,1,0.9815682768821716
1.0,1,0.8544986248016357
1.0,1,0.714926540851593
0.0,1,0.6407979726791382
1.0,1,0.763003945350647
1.0,1,0.9983042478561401
0.0,0,0.026917394250631332
1.0,1,0.8590173721313477
0.0,1,0.6576274037361145
0.0,0,0.004463295917958021
0.0,0,0.3327605128288269
1.0,1,0.9847091436386108
0.0,0,0.24396131932735443
0.0,0,0.000969030661508441
0.0,1,0.47860968112945557
0.0,0,0.029549311846494675
0.0,0,0.007899719290435314
1.0,1,0.9066397547721863
1.0,1,0.918271541595459
0.0,0,0.016452157869935036
0.0,0,0.05755241587758064
1.0,0,0.12441011518239975
1.0,0,0.10912347584962845
0.0,0,0.11465325206518173
1.0,0,0.0315873846411705
0.0,0,0.11807362735271454
0.0,0,0.015018478967249393
1.0,1,0.7652184963226318
0.0,0,0.014143255539238453
1.0,1,0.9104732275009155
0.0,0,0.0009832015493884683
1.0,1,0.9712200164794922
0.0,0,0.011210761032998562
0.0,1,0.8973746299743652
1.0,1,0.8095645308494568
0.0,0,0.15702907741069794
0.0,0,0.004654308315366507
0.0,0,0.009431734681129456
0.0,0,0.016014760360121727
1.0,1,0.9814336895942688
1.0,1,0.9960961937904358
0.0,0,0.000546052644494921
1.0,1,0.9638049006462097
1.0,1,0.6561617255210876
0.0,0,0.0031182398088276386
1.0,0,0.14229555428028107
1.0,1,0.8331531286239624
0.0,0,0.026119453832507133
1.0,1,0.9725816249847412
0.0,0,0.039411772042512894
0.0,0,0.001450941083021462
1.0,1,0.9628667831420898
0.0,1,0.8824630975723267
0.0,1,0.793103814125061
1.0,1,0.9721704721450806
1.0,1,0.9809738993644714
0.0,0,0.19879180192947388
1.0,1,0.9937396049499512
0.0,0,0.003985240589827299
0.0,0,0.01930047944188118
0.0,0,0.1041109710931778
1.0,1,0.943152129650116
1.0,1,0.948307454586029
1.0,1,0.6554762721061707
0.0,0,0.018350757658481598
0.0,0,0.01185317151248455
1.0,1,0.9537258148193359
0.0,1,0.8046199679374695
1.0,1,0.9867282509803772
1.0,1,0.9889037013053894
1.0,1,0.9266246557235718
1.0,1,0.8890015482902527
0.0,0,0.19862593710422516
1.0,1,0.9808564186096191
1.0,1,0.47247034311294556
1.0,1,0.9869654178619385
1.0,1,0.9895106554031372
0.0,0,0.0040242974646389484
0.0,0,0.3788420855998993
1.0,1,0.9925541281700134
1.0,1,0.7343689203262329
0.0,0,0.0032222361769527197
0.0,0,0.010796415619552135
1.0,0,0.10136622935533524
0.0,0,0.02824447676539421
1.0,1,0.9849099516868591
1.0,1,0.985310435295105
1.0,1,0.9717423915863037
1.0,1,0.9940400123596191
1.0,1,0.9946348667144775
1.0,1,0.8659941554069519
1.0,1,0.9882124066352844
1.0,1,0.7954646944999695
0.0,0,0.45657575130462646
0.0,0,0.3646121323108673
1.0,1,0.813775360584259
1.0,1,0.9980922341346741
1.0,1,0.9167100191116333
0.0,0,0.18768875300884247
0.0,1,0.7275123000144958
0.0,0,0.008496740832924843
0.0,0,0.03448313847184181
0.0,1,0.5943496227264404
1.0,1,0.8936448097229004
0.0,0,0.00612852955237031
0.0,0,0.005042812786996365
0.0,0,0.3662239611148834
0.0,0,0.08255130797624588
1.0,1,0.9650452733039856
1.0,1,0.9569507241249084
1.0,1,0.7827431559562683
0.0,0,0.041182562708854675
0.0,1,0.9258062243461609
0.0,0,0.24353480339050293
1.0,1,0.6532408595085144
0.0,1,0.9179792404174805
0.0,0,0.315157026052475
0.0,0,0.011824525892734528
1.0,1,0.9613167643547058
1.0,1,0.48978784680366516
1.0,1,0.9648116827011108
1.0,0,0.23334382474422455
1.0,1,0.9967030882835388
0.0,0,0.026703357696533203
1.0,0,0.13237407803535461
1.0,1,0.7159043550491333
1.0,1,0.9874136447906494
0.0,1,0.9969052672386169
1.0,1,0.8488600254058838
0.0,1,0.8540003299713135
1.0,1,0.9100971817970276
1.0,1,0.6124646663665771
0.0,0,0.045521754771471024
0.0,0,0.002735614776611328
0.0,0,0.04743177443742752
0.0,0,0.27304530143737793
0.0,0,0.010836844332516193
1.0,1,0.75481778383255
1.0,0,0.2029130607843399
0.0,0,0.2514217495918274
0.0,0,0.29816290736198425
0.0,1,0.8488392233848572
0.0,0,0.05653446167707443
1.0,1,0.9466344714164734
1.0,1,0.9450487494468689
0.0,0,0.15371499955654144
1.0,1,0.727004885673523
1.0,0,0.12616463005542755
0.0,0,0.15648002922534943
1.0,1,0.9664335250854492
0.0,0,0.05114833638072014
1.0,1,0.9056310057640076
1.0,1,0.903542697429657
0.0,0,0.37935298681259155
1.0,1,0.5935772061347961
0.0,1,0.5157255530357361
0.0,0,0.29744789004325867
0.0,0,0.3012763261795044
1.0,1,0.9197053909301758
0.0,1,0.97402024269104
0.0,0,0.035179831087589264
0.0,0,0.002662405138835311
1.0,1,0.9713888168334961
1.0,1,0.5323131680488586
0.0,0,0.08951546251773834
0.0,0,0.16534468531608582
0.0,0,0.06460577994585037
1.0,0,0.2521354854106903
1.0,1,0.9389726519584656
1.0,1,0.9818269610404968
1.0,1,0.9689628481864929
1.0,1,0.9885271787643433
1.0,1,0.9978097081184387
0.0,0,0.030839940533041954
1.0,1,0.6660208106040955
0.0,1,0.6809170246124268
0.0,0,0.025970423594117165
0.0,0,0.00828723143786192
0.0,1,0.941378653049469
0.0,0,0.008183972910046577
1.0,0,0.10123621672391891
1.0,1,0.9502815008163452
1.0,1,0.6713386178016663
1.0,1,0.9948223829269409
1.0,1,0.9688825011253357
1.0,1,0.5736117959022522
0.0,0,0.003804727690294385
0.0,0,0.002019888488575816
0.0,0,0.06425230205059052
0.0,0,0.02511037141084671
0.0,0,0.12867744266986847
1.0,1,0.9726244807243347
0.0,0,0.0923474058508873
0.0,0,0.018704894930124283
1.0,1,0.9578711986541748
1.0,1,0.9969667792320251
1.0,1,0.9715869426727295
1.0,1,0.8628451228141785
1.0,1,0.684449315071106
0.0,0,0.07121922075748444
0.0,0,0.1938682198524475
1.0,1,0.8848235607147217
1.0,1,0.9879112243652344
1.0,0,0.04827257990837097
1.0,1,0.8811235427856445
1.0,1,0.854067325592041
1.0,1,0.8144931793212891
1.0,1,0.9786350131034851
1.0,1,0.6385794281959534
1.0,1,0.9337722063064575
0.0,0,0.025170639157295227
1.0,1,0.720734715461731
1.0,1,0.997761607170105
1.0,1,0.8789201974868774
1.0,1,0.6485357880592346
1.0,1,0.9686890840530396
0.0,1,0.7190448045730591
1.0,0,0.3975038230419159
1.0,1,0.4728409945964813
0.0,0,0.24977926909923553
0.0,1,0.992786705493927
0.0,0,0.09154441952705383
0.0,0,0.008821534924209118
1.0,1,0.5990226864814758
1.0,1,0.9979487061500549
0.0,0,0.45059043169021606
1.0,1,0.9868205189704895
1.0,1,0.9527112245559692
1.0,1,0.9994296431541443
0.0,0,0.0037372249644249678
0.0,1,0.7128769159317017
0.0,0,0.024875013157725334
0.0,0,0.006018684711307287
1.0,1,0.7332602739334106
0.0,0,0.1336636245250702
0.0,1,0.6674531698226929
1.0,1,0.9944843649864197
1.0,1,0.9289644956588745
1.0,1,0.998779833316803
0.0,0,0.24147993326187134
1.0,0,0.3968396782875061
1.0,1,0.9780248403549194
1.0,1,0.6580218076705933
0.0,0,0.3716343939304352
0.0,0,0.004626884590834379
1.0,1,0.9761462807655334
1.0,1,0.9939779043197632
0.0,0,0.10924725234508514
0.0,0,0.4127933382987976
0.0,0,0.005593512207269669
0.0,0,0.0038011521100997925
0.0,1,0.8922924995422363
1.0,1,0.9927164912223816
1.0,1,0.6944080591201782
0.0,0,0.16866542398929596
1.0,1,0.829826295375824
1.0,0,0.2876523733139038
0.0,0,0.34046897292137146
1.0,0,0.3521031141281128
0.0,0,0.009052496403455734
0.0,1,0.5950502753257751
0.0,0,0.07379356026649475
1.0,1,0.9928749799728394
0.0,0,0.021268906071782112
0.0,0,0.1861926168203354
1.0,1,0.8177614212036133
0.0,0,0.4039979875087738
0.0,0,0.11945643275976181
1.0,1,0.623999834060669
1.0,0,0.04031326249241829
1.0,1,0.9495316743850708
0.0,0,0.0644659623503685
0.0,0,0.04831814020872116
1.0,1,0.7551969885826111
0.0,0,0.20972250401973724
0.0,0,0.26958125829696655
0.0,0,0.020162811502814293
1.0,1,0.9060031771659851
1.0,1,0.9931797981262207
1.0,1,0.7283177375793457
1.0,1,0.9496099352836609
0.0,1,0.9114956259727478
1.0,1,0.7995045781135559
0.0,0,0.0882820338010788
0.0,1,0.6045967936515808
1.0,1,0.9243825674057007
0.0,0,0.306753009557724
1.0,1,0.8268775343894958
0.0,0,0.12075735628604889
0.0,1,0.5224869251251221
0.0,0,0.023534178733825684
0.0,1,0.7850229740142822
0.0,0,0.13826903700828552
1.0,1,0.9953188300132751
1.0,1,0.983588695526123
1.0,1,0.9543172717094421
1.0,1,0.9824334383010864
1.0,1,0.9896218776702881
1.0,1,0.8970070481300354
1.0,0,0.15566493570804596
0.0,1,0.761903703212738
0.0,0,0.011904045939445496
1.0,1,0.9261528253555298
1.0,1,0.7401963472366333
1.0,0,0.36792975664138794
1.0,1,0.5789369940757751
1.0,1,0.9981586337089539
1.0,1,0.9985156655311584
1.0,1,0.5422484874725342
0.0,0,0.07947167754173279
0.0,1,0.5989905595779419
0.0,0,0.06101474538445473
0.0,0,0.020910421386361122
1.0,0,0.37271374464035034
0.0,0,0.2863110899925232
0.0,1,0.6475551128387451
0.0,0,0.012243316508829594
0.0,1,0.914834201335907
0.0,0,0.00798566360026598
1.0,1,0.9402540326118469
1.0,1,0.5739981532096863
0.0,0,0.18360678851604462
1.0,1,0.9894756078720093
0.0,1,0.7175511121749878
1.0,1,0.9612300992012024
1.0,1,0.9982084035873413
0.0,0,0.06627101451158524
0.0,0,0.22281819581985474
1.0,1,0.9760143160820007
1.0,1,0.9807581901550293
0.0,0,0.027017252519726753
0.0,0,0.42062607407569885
0.0,0,0.06533954292535782
1.0,1,0.5836219787597656
1.0,0,0.029117761179804802
1.0,1,0.478662371635437
0.0,0,0.019105352461338043
0.0,1,0.6442884206771851
1.0,1,0.9992249011993408
1.0,1,0.9951935410499573
1.0,1,0.961898922920227
0.0,1,0.7579766511917114
0.0,0,0.2481120228767395
0.0,0,0.00648031011223793
1.0,1,0.9626864194869995
1.0,1,0.9990605711936951
1.0,1,0.8823201656341553
0.0,0,0.4720439314842224
0.0,0,0.04473921284079552
1.0,1,0.5459187030792236
1.0,0,0.18193583190441132
1.0,1,0.9814085364341736
1.0,0,0.4216529428958893
0.0,0,0.3381546437740326
0.0,1,0.7416076064109802
1.0,1,0.9844203591346741
0.0,0,0.06330645829439163
0.0,0,0.27314817905426025
1.0,1,0.9986899495124817
0.0,0,0.3695085942745209
1.0,1,0.976963460445404
1.0,1,0.9312679171562195
1.0,0,0.059593115001916885
1.0,0,0.04997706040740013
1.0,1,0.9937746524810791
1.0,1,0.9947332143783569
0.0,1,0.9651405811309814
0.0,0,0.006355083081871271
0.0,1,0.8621828556060791
0.0,0,0.28777894377708435
0.0,0,0.10192912817001343
0.0,0,0.014407007023692131
1.0,1,0.6636427640914917
1.0,1,0.976367175579071
1.0,1,0.923714816570282
0.0,0,0.24618349969387054
0.0,1,0.8533183336257935
1.0,1,0.9985795021057129
0.0,0,0.007376501802355051
1.0,1,0.9988604784011841
1.0,0,0.0203428752720356
0.0,0,0.06176818534731865
1.0,1,0.9259542226791382
1.0,1,0.992716908454895
0.0,0,0.2938671112060547
0.0,0,0.436626136302948
0.0,1,0.5244041681289673
1.0,1,0.9876567125320435
1.0,1,0.9665492177009583
0.0,0,0.009493798948824406
0.0,0,0.04190898686647415
0.0,0,0.008330367505550385
1.0,1,0.9555911421775818
0.0,0,0.16317175328731537
0.0,0,0.03264947608113289
0.0,0,0.019750196486711502
0.0,0,0.4692722260951996
1.0,1,0.9755938649177551
0.0,0,0.11426344513893127
0.0,0,0.2386304885149002
0.0,1,0.9873470067977905
1.0,1,0.8952370285987854
0.0,0,0.29980528354644775
1.0,1,0.9763057231903076
1.0,1,0.9699628353118896
1.0,1,0.7364932298660278
1.0,1,0.9861490726470947
1.0,1,0.9926406741142273
0.0,0,0.11079629510641098
0.0,0,0.01629585586488247
0.0,0,0.1843087375164032
1.0,1,0.8659303188323975
0.0,0,0.28194504976272583
1.0,1,0.9926847219467163
1.0,1,0.5922781229019165
0.0,1,0.7619691491127014
1.0,1,0.7963017225265503
1.0,0,0.3964371383190155
0.0,0,0.09149275720119476
0.0,0,0.002558584325015545
0.0,0,0.2933024764060974
1.0,0,0.16305966675281525
0.0,0,0.04644946753978729
1.0,1,0.9793633222579956
1.0,1,0.9958435893058777
0.0,0,0.21132434904575348
1.0,1,0.7829264998435974
0.0,0,0.002749643987044692
0.0,0,0.033386144787073135
0.0,0,0.2672208547592163
0.0,1,0.977818489074707
0.0,0,0.006098666228353977
0.0,0,0.0004314058751333505
0.0,0,0.025059742853045464
0.0,0,0.34938523173332214
0.0,0,0.005965300370007753
0.0,0,0.02704552188515663
0.0,1,0.9685416221618652
0.0,0,0.4023517072200775
0.0,0,0.21270214021205902
0.0,0,0.3514575958251953
1.0,0,0.061852555721998215
1.0,0,0.03364209458231926
0.0,0,0.4155268669128418
0.0,0,0.01136462390422821
0.0,1,0.9728826880455017
1.0,1,0.9300915002822876
0.0,1,0.7387177348136902
1.0,1,0.8364048600196838
1.0,1,0.6573867201805115
1.0,1,0.9897884130477905
1.0,1,0.8999001383781433
0.0,1,0.7851978540420532
1.0,0,0.16037578880786896
1.0,1,0.9734488725662231
0.0,0,0.17383886873722076
0.0,0,0.012015396729111671
1.0,1,0.85719895362854
1.0,1,0.9786659479141235
0.0,0,0.01385496649891138
1.0,1,0.9940729737281799
0.0,0,0.12409001588821411
0.0,0,0.015432223677635193
1.0,1,0.9981398582458496
0.0,1,0.5229871869087219
0.0,1,0.5407654643058777
1.0,1,0.9849421977996826
1.0,1,0.9876796007156372
1.0,1,0.9856998324394226
1.0,1,0.996266782283783
1.0,1,0.9403847455978394
0.0,0,0.37925150990486145
1.0,1,0.9244469404220581
1.0,1,0.9812517166137695
1.0,1,0.9831916689872742
0.0,0,0.4669267535209656
1.0,1,0.99736088514328
0.0,0,0.005824519321322441
0.0,1,0.5469852685928345
0.0,1,0.8359811902046204
1.0,0,0.15730229020118713
0.0,0,0.4227629601955414
1.0,1,0.9948775768280029
1.0,1,0.9919753670692444
0.0,1,0.6474680304527283
0.0,1,0.7073490619659424
0.0,0,0.011962923221290112
1.0,1,0.9046163558959961
1.0,0,0.15799455344676971
1.0,1,0.9752992987632751
1.0,1,0.9730595350265503
1.0,1,0.9912577867507935
1.0,1,0.5221019387245178
1.0,0,0.12980015575885773
0.0,1,0.6426060795783997
0.0,0,0.3502276837825775
1.0,0,0.39105120301246643
0.0,0,0.009969765320420265
0.0,0,0.0016547611448913813
0.0,0,0.28809651732444763
1.0,1,0.9465604424476624
1.0,1,0.9792755842208862
0.0,0,0.015175104141235352
1.0,1,0.6444418430328369
0.0,0,0.0373438261449337
1.0,1,0.966215968132019
0.0,0,0.008607841096818447
1.0,1,0.9190504550933838
1.0,1,0.9612977504730225
1.0,0,0.36936426162719727
0.0,0,0.008225899189710617
0.0,0,0.1411442756652832
0.0,0,0.031200464814901352
0.0,0,0.20380964875221252
0.0,0,0.37340283393859863
0.0,0,0.12914998829364777
1.0,0,0.12275075912475586
1.0,1,0.7474484443664551
1.0,1,0.9970170259475708
0.0,0,0.011951939202845097
0.0,0,0.0884234681725502
0.0,0,0.016993368044495583
1.0,1,0.998291552066803
1.0,0,0.21270163357257843
1.0,1,0.9593604803085327
1.0,1,0.6678097248077393
1.0,1,0.9896129965782166
0.0,0,0.0823385939002037
1.0,1,0.9917744994163513
0.0,0,0.015424247831106186
1.0,0,0.09052961319684982
1.0,1,0.9787753820419312
1.0,0,0.1862362027168274
1.0,1,0.8239420056343079
1.0,1,0.7706458568572998
0.0,0,0.2310899794101715
1.0,0,0.3480062484741211
1.0,1,0.9645534753799438
1.0,1,0.9948980212211609
1.0,1,0.8727284073829651
0.0,0,0.0600835382938385
0.0,0,0.2692115008831024
0.0,0,0.10275547951459885
0.0,0,0.18667295575141907
0.0,0,0.02033187448978424
0.0,0,0.033308640122413635
1.0,1,0.9453067779541016
1.0,1,0.8389413356781006
0.0,0,0.03220624476671219
1.0,1,0.826937198638916
1.0,0,0.43211567401885986
0.0,0,0.3011683523654938
0.0,0,0.0646902322769165
1.0,1,0.9878816604614258
1.0,1,0.5743299722671509
1.0,1,0.947891116142273
0.0,0,0.3644478917121887
0.0,0,0.12623339891433716
0.0,0,0.0862894058227539
0.0,0,0.007286179345101118
0.0,0,0.16250096261501312
0.0,1,0.6374212503433228
1.0,1,0.7521513104438782
1.0,0,0.38801586627960205
0.0,0,0.03905898332595825
1.0,1,0.9145063757896423
0.0,1,0.8906317353248596
0.0,0,0.4310188591480255
0.0,0,0.10096374899148941
1.0,1,0.9801188707351685
1.0,1,0.6839772462844849
1.0,1,0.9496170282363892
0.0,0,0.22741736471652985
0.0,0,0.0709773525595665
0.0,0,0.07285605370998383
0.0,0,0.09183408319950104
0.0,1,0.9771823287010193
1.0,1,0.9641067385673523
1.0,0,0.4322947561740875
1.0,1,0.9899060130119324
1.0,0,0.00631134957075119
0.0,0,0.32236242294311523
1.0,1,0.9124324917793274
1.0,1,0.9758633375167847
1.0,1,0.9717555642127991
0.0,0,0.4567805230617523
0.0,0,0.0678999200463295
1.0,1,0.523514449596405
1.0,1,0.9629315733909607
0.0,1,0.7948781847953796
0.0,0,0.3154540956020355
1.0,1,0.9871031641960144
1.0,1,0.994297444820404
1.0,0,0.21260516345500946
0.0,0,0.19524076581001282
0.0,1,0.8064735531806946
1.0,1,0.9708240628242493
1.0,1,0.9635661244392395
1.0,1,0.9893617033958435
1.0,1,0.8810805082321167
1.0,1,0.9940215945243835
1.0,1,0.9892199635505676
0.0,0,0.4208204448223114
0.0,0,0.004066563211381435
1.0,1,0.9927670955657959
1.0,1,0.9955333471298218
0.0,0,0.04390718787908554
1.0,1,0.9840195178985596
0.0,0,0.006519919261336327
0.0,0,0.026554260402917862
0.0,0,0.0032043212559074163
1.0,1,0.8348533511161804
0.0,0,0.3342033624649048
0.0,0,0.011210745200514793
0.0,0,0.11899293959140778
0.0,0,0.037894781678915024
0.0,0,0.3936379849910736
0.0,0,0.04383854195475578
0.0,1,0.48331212997436523
0.0,0,0.0015458762645721436
1.0,1,0.9357163310050964
0.0,0,0.060004472732543945
1.0,1,0.5193569660186768
0.0,1,0.8599664568901062
1.0,1,0.9219312071800232
1.0,0,0.41210347414016724
0.0,0,0.01010196190327406
1.0,0,0.016720328480005264
1.0,1,0.9155043363571167
1.0,0,0.2962842881679535
0.0,0,0.023756511509418488
0.0,1,0.5429412722587585
1.0,1,0.962467610836029
1.0,1,0.9916941523551941
0.0,0,0.027922194451093674
0.0,0,0.1334044635295868
0.0,1,0.9662812352180481
1.0,1,0.8081377744674683
1.0,0,0.049197014421224594
0.0,0,0.020186372101306915
0.0,0,0.09308410435914993
1.0,1,0.672839343547821
0.0,0,0.06380467116832733
0.0,0,0.30670806765556335
0.0,0,0.19152317941188812
0.0,0,0.08301343768835068
1.0,1,0.997210681438446
1.0,0,0.47016775608062744
1.0,1,0.9867810606956482
0.0,1,0.7273879051208496
1.0,1,0.9970471262931824
0.0,0,0.04161388799548149
0.0,0,0.05938746780157089
0.0,0,0.1240406334400177
1.0,1,0.7816539406776428
0.0,0,0.020716987550258636
1.0,0,0.15597519278526306
1.0,0,0.030742524191737175
0.0,0,0.04995996877551079
0.0,0,0.058655183762311935
1.0,1,0.7753037214279175
0.0,0,0.19719628989696503
0.0,0,0.09100291132926941
1.0,0,0.022628692910075188
0.0,1,0.9819082617759705
1.0,1,0.9837996959686279
0.0,1,0.5027818083763123
0.0,0,0.05381271615624428
1.0,0,0.4039449989795685
1.0,1,0.9034732580184937
1.0,1,0.9119725227355957
0.0,0,0.05414513498544693
1.0,1,0.7803099155426025
0.0,0,0.0027677009347826242
1.0,1,0.9851219654083252
1.0,1,0.9881049394607544
0.0,0,0.4350491762161255
1.0,1,0.9566478729248047
1.0,1,0.9766601324081421
0.0,0,0.07138541340827942
1.0,1,0.734271228313446
1.0,1,0.9344292879104614
1.0,1,0.9622411131858826
0.0,0,0.02483622543513775
0.0,0,0.0020688155200332403
1.0,1,0.966884195804596
0.0,1,0.7621139287948608
0.0,1,0.5929683446884155
0.0,0,0.06893540918827057
0.0,0,0.20773187279701233
0.0,0,0.059641607105731964
1.0,1,0.9670805931091309
0.0,0,0.15287329256534576
1.0,1,0.5147049427032471
0.0,1,0.6884454488754272
0.0,0,0.09122190624475479
0.0,0,0.4349776804447174
0.0,0,0.16181838512420654
1.0,1,0.9587940573692322
0.0,1,0.5190202593803406
0.0,0,0.18518619239330292
1.0,1,0.9695610404014587
1.0,0,0.43166619539260864
0.0,0,0.025960702449083328
0.0,0,0.3558644652366638
0.0,0,0.006707918830215931
0.0,1,0.8387315273284912
0.0,1,0.7633123397827148
1.0,1,0.8651900291442871
1.0,1,0.9162769317626953
1.0,1,0.9727469682693481
1.0,0,0.0833263173699379
0.0,0,0.008845238946378231
1.0,1,0.9585463404655457
1.0,0,0.37830549478530884
1.0,1,0.7583628296852112
0.0,0,0.4174831807613373
0.0,0,0.23684921860694885
0.0,1,0.8326603174209595
1.0,0,0.01754733733832836
0.0,0,0.08816912770271301
0.0,0,0.12648972868919373
1.0,1,0.5203386545181274
0.0,1,0.9670288562774658
1.0,1,0.8596521615982056
1.0,1,0.6729347705841064
0.0,1,0.8146523237228394
0.0,0,0.008388846181333065
1.0,1,0.9117368459701538
0.0,0,0.40008509159088135
0.0,0,0.0035392732825130224
0.0,1,0.9776008129119873
0.0,0,0.10937509685754776
1.0,1,0.9917336702346802
0.0,0,0.06948932260274887
1.0,1,0.7508623003959656
0.0,0,0.03922371193766594
0.0,0,0.07707236707210541
1.0,1,0.8815337419509888
0.0,0,0.0658743754029274
0.0,1,0.9563784003257751
1.0,1,0.49434176087379456
0.0,0,0.22855140268802643
0.0,1,0.92576003074646
0.0,1,0.8652170300483704
1.0,1,0.9907131791114807
0.0,0,0.4220585525035858
1.0,0,0.23396877944469452
0.0,0,0.02871818281710148
1.0,1,0.9462870955467224
0.0,0,0.06749361008405685
1.0,0,0.027681076899170876
1.0,1,0.9949702620506287
1.0,1,0.9886016249656677
1.0,1,0.9927878975868225
1.0,1,0.9961906671524048
1.0,1,0.9490901231765747
0.0,1,0.49348318576812744
1.0,1,0.9964225888252258
1.0,1,0.7251003384590149
1.0,1,0.9817989468574524
1.0,1,0.9982050657272339
1.0,1,0.9977549910545349
0.0,1,0.8738466501235962
1.0,1,0.7300698161125183
1.0,1,0.6081246137619019
1.0,1,0.9828088879585266
0.0,0,0.010866601951420307
1.0,1,0.8352121710777283
1.0,0,0.35325881838798523
1.0,1,0.562861979007721
1.0,1,0.973494827747345
0.0,0,0.022080758586525917
0.0,0,0.3407799005508423
0.0,0,0.002352935029193759
0.0,0,0.14562144875526428
1.0,1,0.9906606078147888
1.0,1,0.9864625334739685
0.0,0,0.016263006255030632
1.0,1,0.7829285264015198
0.0,1,0.5024308562278748
0.0,0,0.03590346500277519
0.0,0,0.026042640209197998
1.0,1,0.8790642619132996
0.0,0,0.027532683685421944
0.0,1,0.6800611019134521
1.0,1,0.7420456409454346
1.0,1,0.9879129528999329
1.0,0,0.050946176052093506
0.0,1,0.5013613700866699
0.0,0,0.12399828433990479
1.0,1,0.9792355895042419
0.0,0,0.26729094982147217
0.0,0,0.15820495784282684
0.0,0,0.23655688762664795
0.0,1,0.5570650696754456
0.0,0,0.06958598643541336
1.0,1,0.49002811312675476
0.0,0,0.01184083428233862
1.0,0,0.4392296373844147
1.0,1,0.9217929244041443
1.0,1,0.9919617772102356
1.0,1,0.9891828894615173
1.0,1,0.9809097647666931
1.0,1,0.9298093318939209
0.0,0,0.08984408527612686
0.0,1,0.4792468845844269
1.0,1,0.9326504468917847
0.0,0,0.05554801970720291
1.0,1,0.5129988789558411
1.0,0,0.22473293542861938
1.0,1,0.6950705647468567
0.0,0,0.2876228094100952
0.0,0,0.07127237319946289
1.0,1,0.9963537454605103
1.0,1,0.96024090051651
0.0,0,0.020743655040860176
1.0,1,0.7536081075668335
1.0,1,0.865664005279541
1.0,1,0.9883558750152588
0.0,0,0.002994922688230872
0.0,0,0.05535762384533882
1.0,1,0.9834807515144348
0.0,0,0.0023389572743326426
0.0,0,0.15129004418849945
1.0,1,0.8218328952789307
0.0,0,0.11586598306894302
0.0,0,0.05645980313420296
0.0,1,0.5945663452148438
1.0,1,0.9229009747505188
0.0,0,0.16192173957824707
0.0,0,0.011445865035057068
0.0,0,0.03584127873182297
0.0,1,0.4793700575828552
1.0,1,0.9931558966636658
0.0,0,0.4717617928981781
1.0,1,0.9861396551132202
1.0,1,0.9520776867866516
0.0,1,0.5390691757202148
1.0,1,0.7472206354141235
1.0,0,0.13408492505550385
1.0,1,0.917961835861206
0.0,0,0.3810347616672516
1.0,1,0.5128881335258484
1.0,1,0.8902308344841003
1.0,1,0.9977017045021057
1.0,0,0.04709358885884285
1.0,1,0.6531346440315247
1.0,1,0.986213743686676
0.0,0,0.3172197639942169
1.0,1,0.7189168334007263
0.0,0,0.0025734712835401297
0.0,0,0.004936179146170616
0.0,0,0.06243381276726723
1.0,1,0.8066114187240601
0.0,0,0.38119569420814514
1.0,1,0.9990936517715454
0.0,1,0.7892462611198425
1.0,1,0.5051161050796509
0.0,0,0.04706928879022598
0.0,1,0.4791662395000458
1.0,1,0.9865854978561401
0.0,0,0.23400942981243134
1.0,1,0.9955228567123413
0.0,1,0.5094359517097473
1.0,1,0.9967086315155029
1.0,1,0.8334866166114807
0.0,0,0.002961214864626527
1.0,1,0.4999960660934448
0.0,0,0.017802413552999496
1.0,1,0.9542587399482727
0.0,0,0.045876678079366684
0.0,1,0.8805776238441467
0.0,0,0.013044176623225212
1.0,1,0.9467682242393494
0.0,0,0.030856603756546974
1.0,1,0.8644824028015137
0.0,0,0.07399815320968628
1.0,1,0.9547505974769592
1.0,1,0.8250536322593689
1.0,1,0.9835020899772644
0.0,0,0.010026293806731701
1.0,1,0.9890224933624268
1.0,1,0.9396737217903137
0.0,0,0.11135314404964447
1.0,1,0.901638925075531
0.0,1,0.5165095329284668
0.0,0,0.07493948936462402
0.0,0,0.34924086928367615
1.0,1,0.9885089993476868
0.0,0,0.04435470327734947
1.0,1,0.9905417561531067
1.0,1,0.8959993720054626
0.0,0,0.44408226013183594
1.0,1,0.7302097082138062
1.0,1,0.9718765020370483
0.0,0,0.00016773908282630146
1.0,0,0.23023086786270142
0.0,0,0.10754729062318802
1.0,1,0.963287353515625
1.0,1,0.9887556433677673
1.0,1,0.64720219373703
0.0,0,0.10746494680643082
0.0,1,0.5995215177536011
1.0,1,0.9670430421829224
0.0,0,0.01990709826350212
0.0,0,0.436371386051178
1.0,0,0.01612178049981594
1.0,1,0.913090705871582
1.0,1,0.9718690514564514
1.0,1,0.9872178435325623
0.0,0,0.07654399424791336
1.0,1,0.9220690727233887
1.0,1,0.95808345079422
1.0,1,0.9949735403060913
1.0,1,0.9726234674453735
0.0,0,0.05823204293847084
1.0,1,0.9962109327316284
0.0,0,0.1355275809764862
1.0,1,0.9876295328140259
0.0,0,0.35503122210502625
0.0,0,0.08174170553684235
1.0,1,0.5489487051963806
1.0,1,0.9835060238838196
0.0,0,0.000733615888748318
0.0,0,0.07529294490814209
1.0,1,0.8192864060401917
0.0,0,0.010633773170411587
1.0,1,0.6548545360565186
0.0,0,0.29420924186706543
0.0,0,0.43885767459869385
0.0,0,0.017985014244914055
0.0,0,0.266696035861969
0.0,0,0.10785748064517975
0.0,0,0.16214485466480255
1.0,1,0.7230991721153259
0.0,0,0.34493109583854675
1.0,1,0.9407796859741211
0.0,0,0.018635425716638565
1.0,1,0.6539690494537354
1.0,1,0.9046565890312195
0.0,0,0.007567229680716991
0.0,0,0.006007665768265724
0.0,0,0.0944957360625267
1.0,0,0.017475171014666557
0.0,0,0.21163079142570496
0.0,1,0.7367953062057495
0.0,0,0.01751229725778103
1.0,0,0.13519729673862457
0.0,0,0.2595894932746887
0.0,0,0.10506513714790344
0.0,1,0.6669259071350098
0.0,1,0.6591342687606812
1.0,1,0.9961141347885132
1.0,1,0.9970682263374329
0.0,0,0.03339643031358719
0.0,0,0.005111739970743656
1.0,1,0.5063269734382629
1.0,1,0.9936755299568176
0.0,0,0.00022069619444664568
1.0,1,0.961055338382721
0.0,0,0.28801488876342773
1.0,1,0.8818753361701965
0.0,0,0.20578020811080933
1.0,0,0.16254688799381256
1.0,1,0.9968750476837158
1.0,1,0.9992579817771912
0.0,0,0.0018785328138619661
1.0,0,0.31434309482574463
1.0,1,0.972093939781189
1.0,1,0.9910649657249451
0.0,1,0.9379198551177979
1.0,0,0.12445342540740967
0.0,0,0.09340817481279373
0.0,0,0.4715234637260437
0.0,0,0.4419211745262146
1.0,1,0.9645520448684692
0.0,0,0.39961007237434387
1.0,1,0.9953719973564148
0.0,1,0.9790602922439575
1.0,1,0.9517389535903931
1.0,1,0.9943429231643677
0.0,1,0.9328609108924866
0.0,0,0.24916908144950867
1.0,1,0.9610991477966309
0.0,0,0.015693681314587593
1.0,1,0.9875717163085938
0.0,1,0.8082609176635742
1.0,1,0.6445156335830688
0.0,0,0.254103422164917
1.0,0,0.03540726751089096
0.0,1,0.6827986240386963
0.0,0,0.012065073475241661
1.0,1,0.9993416666984558
1.0,0,0.023865895345807076
0.0,0,0.052812281996011734
0.0,0,0.10613890737295151
1.0,0,0.016910234466195107
0.0,1,0.5640417337417603
0.0,0,0.003930645529180765
0.0,0,0.00082709378330037
0.0,0,0.12438486516475677
1.0,1,0.942404568195343
1.0,1,0.997614860534668
1.0,0,0.1471465528011322
1.0,0,0.062475692480802536
0.0,0,0.013648469932377338
0.0,0,0.2658764123916626
0.0,0,0.09032777696847916
1.0,1,0.9487192630767822
0.0,0,0.0049288347363471985
1.0,1,0.6892527937889099
1.0,0,0.13561517000198364
0.0,0,0.10020458698272705
1.0,0,0.38160955905914307
1.0,1,0.9939754605293274
1.0,1,0.9973777532577515
1.0,0,0.3137058615684509
1.0,1,0.9918248057365417
1.0,1,0.9802230596542358
1.0,1,0.9811579585075378
1.0,1,0.8976742625236511
0.0,0,0.015411538071930408
1.0,1,0.9661880731582642
0.0,0,0.06176577880978584
1.0,1,0.9950125813484192
0.0,0,0.013386587612330914
0.0,0,0.4240501821041107
0.0,0,0.049725018441677094
1.0,1,0.9817869067192078
0.0,0,0.10526695102453232
1.0,1,0.9864683151245117
0.0,0,0.007295691408216953
0.0,1,0.9537398219108582
1.0,0,0.1638367772102356
0.0,0,0.1264657825231552
0.0,0,0.002345666289329529
1.0,1,0.8563545942306519
1.0,1,0.9704622626304626
0.0,0,0.42446574568748474
1.0,1,0.5293294787406921
0.0,1,0.4815062880516052
0.0,0,0.24010653793811798
0.0,0,0.04610849544405937
0.0,0,0.2730305790901184
0.0,0,0.26221364736557007
1.0,1,0.7868953943252563
1.0,1,0.9708441495895386
0.0,1,0.7422497868537903
0.0,0,0.0018642215291038156
1.0,1,0.9809297323226929
1.0,1,0.9705003499984741
0.0,0,0.040098611265420914
1.0,1,0.9908986687660217
0.0,0,0.01905733346939087
0.0,0,0.1355159729719162
1.0,1,0.9950842261314392
1.0,1,0.9960160851478577
0.0,0,0.0008264899952337146
0.0,1,0.5360895395278931
1.0,1,0.9458422660827637
1.0,0,0.04897790029644966
0.0,0,0.004981189500540495
1.0,1,0.9993033409118652
1.0,1,0.9964802861213684
0.0,0,0.19206291437149048
1.0,1,0.5157485008239746
0.0,0,0.022703399881720543
0.0,0,0.020756397396326065
1.0,0,0.43408894538879395
0.0,0,0.01026172749698162
1.0,1,0.9862678050994873
1.0,0,0.3089659810066223
0.0,0,0.0745883360505104
0.0,0,0.32179978489875793
0.0,0,0.0072235423140227795
1.0,1,0.9717180728912354
0.0,0,0.00036301391082815826
1.0,0,0.07005827128887177
0.0,0,0.019934993237257004
0.0,0,0.006609028670936823
0.0,0,0.03422688692808151
1.0,0,0.03090798109769821
1.0,0,0.03350586071610451
0.0,0,0.022089261561632156
0.0,1,0.6369675397872925
0.0,0,0.09274925291538239
1.0,1,0.9088192582130432
1.0,1,0.9889878630638123
1.0,1,0.9813243746757507
0.0,1,0.8178162574768066
1.0,0,0.05855889245867729
1.0,1,0.9799213409423828
0.0,0,0.01993655227124691
1.0,1,0.949664294719696
0.0,0,0.058381032198667526
1.0,1,0.9891470670700073
1.0,1,0.4921666085720062
0.0,0,0.00939077977091074
1.0,1,0.6800184845924377
0.0,0,0.20871180295944214
0.0,0,0.2765228748321533
0.0,0,0.004934666212648153
1.0,1,0.6348621845245361
1.0,1,0.806978702545166
0.0,0,0.3427954614162445
0.0,0,0.028158944100141525
0.0,0,0.19982796907424927
1.0,1,0.995086133480072
0.0,0,0.42854049801826477
0.0,0,0.010490532033145428
0.0,0,0.07566320896148682
0.0,0,0.0732385590672493
1.0,0,0.03289750590920448
0.0,0,0.04859514534473419
1.0,1,0.5400754809379578
1.0,1,0.9954729676246643
1.0,0,0.03920452669262886
0.0,0,0.05689213052392006
0.0,1,0.7723278403282166
1.0,1,0.9834227561950684
1.0,1,0.9952704310417175
0.0,0,0.19684527814388275
0.0,1,0.846988320350647
0.0,0,0.41374602913856506
1.0,1,0.9803637862205505
1.0,1,0.9688621163368225
0.0,0,0.06886453181505203
0.0,0,0.17728368937969208
0.0,0,0.0308455228805542
1.0,0,0.2856670916080475
1.0,1,0.9894910454750061
1.0,1,0.9660196900367737
0.0,0,0.0058519188314676285
0.0,0,0.27762505412101746
1.0,1,0.9683440923690796
0.0,0,0.2015676349401474
0.0,0,0.42437663674354553
1.0,1,0.9835562705993652
1.0,1,0.9955459833145142
0.0,1,0.7702723741531372
0.0,0,0.04043663665652275
1.0,1,0.9936074018478394
0.0,0,0.3732185661792755
0.0,0,0.004604346118867397
1.0,1,0.9643027186393738
0.0,1,0.5898268818855286
1.0,1,0.990070641040802
0.0,0,0.013724327087402344
1.0,1,0.9659227132797241
0.0,0,0.022157633677124977
1.0,1,0.49101555347442627
1.0,1,0.9256025552749634
0.0,1,0.6421298980712891
1.0,0,0.11610966920852661
0.0,0,0.3998332619667053
1.0,1,0.9227207899093628
1.0,1,0.8774067759513855
0.0,0,0.1288529336452484
1.0,0,0.16757707297801971
0.0,0,0.013252882286906242
0.0,0,0.12515194714069366
1.0,1,0.9987232089042664
1.0,1,0.9573146104812622
0.0,1,0.7126558423042297
0.0,0,0.04712274298071861
0.0,0,0.1288500428199768
1.0,1,0.5694175958633423
1.0,1,0.9908117055892944
0.0,1,0.7251680493354797
1.0,1,0.9657945036888123
1.0,1,0.9904794096946716
1.0,0,0.3118802607059479
0.0,0,0.011973287910223007
0.0,0,0.023308809846639633
0.0,0,0.16409507393836975
0.0,0,0.2950121760368347
0.0,1,0.6038305759429932
0.0,0,0.0019304812885820866
1.0,1,0.9956514239311218
0.0,1,0.5395722389221191
1.0,1,0.9933199882507324
1.0,1,0.9965699911117554
1.0,1,0.9948794841766357
0.0,0,0.19805406033992767
0.0,0,0.2404433786869049
0.0,1,0.7238778471946716
1.0,1,0.8547526001930237
0.0,0,0.025205593556165695
1.0,1,0.9700218439102173
0.0,0,0.1584869921207428
1.0,1,0.9897023439407349
1.0,1,0.9936375617980957
1.0,0,0.0019048252142965794
1.0,1,0.9679566025733948
1.0,0,0.27167320251464844
0.0,0,0.021826645359396935
1.0,0,0.29958420991897583
0.0,0,0.004256308078765869
0.0,1,0.9737521409988403
1.0,1,0.9872654676437378
0.0,1,0.7114058136940002
1.0,1,0.8657410144805908
0.0,1,0.925489068031311
0.0,0,0.4010959565639496
1.0,0,0.015744447708129883
1.0,1,0.947053849697113
1.0,0,0.42037564516067505
1.0,0,0.1398579627275467
0.0,0,0.008306668139994144
1.0,1,0.6898230314254761
1.0,1,0.9429633021354675
1.0,1,0.9411517381668091
1.0,1,0.6340211033821106
0.0,0,0.4228125512599945
1.0,1,0.9958525896072388
0.0,0,0.4677824378013611
0.0,0,0.12214548885822296
0.0,0,0.0451694130897522
0.0,0,0.005069294944405556
1.0,0,0.13140422105789185
1.0,1,0.8115992546081543
0.0,1,0.6579724550247192
0.0,0,0.06727851927280426
0.0,1,0.8022631406784058
0.0,0,0.10262801498174667
1.0,1,0.9779583811759949
0.0,0,0.20480887591838837
0.0,0,0.04368405416607857
1.0,1,0.6306841373443604
0.0,0,0.2187165468931198
1.0,1,0.9234513640403748
0.0,1,0.7919573783874512
0.0,1,0.6649189591407776
1.0,1,0.9813071489334106
0.0,0,0.029989492148160934
0.0,1,0.6142732501029968
0.0,0,0.27175480127334595
0.0,0,0.23035061359405518
1.0,1,0.48224014043807983
1.0,1,0.7843961715698242
1.0,1,0.9832526445388794
0.0,0,0.015309509821236134
0.0,0,0.009308398701250553
0.0,0,0.08365978300571442
0.0,0,0.003039476228877902
1.0,1,0.9787541031837463
0.0,0,0.16029511392116547
1.0,1,0.9802143573760986
0.0,0,0.09248877316713333
0.0,0,0.3831189274787903
0.0,1,0.5826838612556458
0.0,1,0.7992095351219177
1.0,1,0.942390501499176
1.0,1,0.9932690262794495
0.0,0,0.11152517795562744
1.0,1,0.7232131958007812
0.0,0,0.18999412655830383
0.0,0,0.20452895760536194
1.0,1,0.986039400100708
0.0,0,0.008136807009577751
1.0,1,0.9548665881156921
0.0,0,0.01461751013994217
0.0,1,0.5836095809936523
0.0,1,0.5906434059143066
1.0,1,0.9024025797843933
0.0,0,0.0024011745117604733
1.0,0,0.3589959740638733
1.0,1,0.9335007667541504
0.0,0,0.09292703121900558
1.0,0,0.1428666114807129
1.0,1,0.9862654805183411
1.0,1,0.9920617341995239
0.0,0,0.2386048585176468
1.0,1,0.9519816637039185
0.0,0,0.00516544422134757
1.0,0,0.06936474144458771
0.0,0,0.011549954302608967
1.0,1,0.9922882914543152
0.0,0,0.16537627577781677
0.0,0,0.018105201423168182
0.0,0,0.016468537971377373
0.0,0,0.3574865162372589
0.0,0,0.013271533884108067
1.0,1,0.6444607377052307
1.0,1,0.7402969002723694
0.0,0,0.2616698443889618
1.0,1,0.9916605353355408
0.0,1,0.6036384701728821
0.0,1,0.8107351064682007
1.0,0,0.3499618172645569
0.0,0,0.10205848515033722
1.0,0,0.38412564992904663
1.0,1,0.9915498495101929
1.0,1,0.6949687600135803
1.0,1,0.9419307112693787
0.0,0,0.10660997778177261
0.0,0,0.17697712779045105
0.0,0,0.46920955181121826
0.0,0,0.038290154188871384
1.0,0,0.3146723210811615
1.0,0,0.2533321976661682
1.0,1,0.9644783139228821
1.0,1,0.8360951542854309
0.0,1,0.5056976675987244
1.0,1,0.525054395198822
1.0,1,0.9789025187492371
1.0,1,0.8363626003265381
1.0,1,0.8789823055267334
0.0,0,0.252899706363678
1.0,1,0.4941529333591461
1.0,1,0.4891812801361084
0.0,0,0.06678475439548492
1.0,0,0.14258523285388947
0.0,0,0.03367557376623154
1.0,1,0.9814086556434631
0.0,0,0.013254902325570583
0.0,0,0.23613375425338745
1.0,1,0.9249751567840576
0.0,1,0.58944171667099
0.0,1,0.6212053298950195
1.0,1,0.49493128061294556
0.0,0,0.030479414388537407
0.0,0,0.14941175282001495
1.0,1,0.5887071490287781
0.0,0,0.06815933436155319
0.0,0,0.04997313395142555
0.0,1,0.47702956199645996
0.0,0,0.37054991722106934
0.0,0,0.19595704972743988
1.0,0,0.031012535095214844
0.0,0,0.1896359622478485
0.0,1,0.7156652808189392
0.0,1,0.633232831954956
0.0,0,0.009904038161039352
1.0,1,0.9961016178131104
0.0,0,0.0019954340532422066
0.0,0,0.35454049706459045
1.0,1,0.9995775818824768
1.0,1,0.9814215898513794
1.0,1,0.9713843464851379
1.0,1,0.6783117651939392
0.0,0,0.006232605781406164
1.0,1,0.9723035097122192
1.0,1,0.6143161058425903
1.0,1,0.9295987486839294
0.0,0,0.43274134397506714
0.0,1,0.686496376991272
0.0,0,0.19490334391593933
1.0,0,0.12415499985218048
0.0,0,0.03828277811408043
1.0,1,0.9951842427253723
1.0,1,0.797275722026825
1.0,1,0.9981200098991394
0.0,0,0.000694720190949738
1.0,1,0.9883605241775513
1.0,1,0.9993875026702881
1.0,1,0.9807568788528442
1.0,1,0.9494315981864929
0.0,1,0.8160813450813293
0.0,0,0.15045113861560822
0.0,0,0.003150703851133585
1.0,0,0.07343253493309021
0.0,0,0.39293745160102844
1.0,1,0.7631002068519592
1.0,1,0.9981824159622192
0.0,0,0.05912948399782181
0.0,0,0.09608486294746399
0.0,1,0.9156103730201721
1.0,0,0.3260757625102997
0.0,0,0.005494488403201103
1.0,1,0.9828056693077087
0.0,0,0.0037556851748377085
1.0,0,0.1727738082408905
1.0,0,0.35359227657318115
1.0,0,0.4115510880947113
1.0,1,0.9386139512062073
0.0,0,0.4660838544368744
0.0,0,0.021112101152539253
1.0,1,0.9993689656257629
1.0,1,0.9677317142486572
1.0,1,0.9922022819519043
1.0,1,0.7967649698257446
1.0,1,0.9918023943901062
1.0,1,0.962867021560669
1.0,1,0.9972277283668518
1.0,1,0.9726190567016602
1.0,0,0.41657859086990356
0.0,0,0.05442042276263237
0.0,0,0.09417644143104553
0.0,0,0.021760642528533936
0.0,0,0.06420408189296722
0.0,0,0.12481515854597092
1.0,1,0.9987847208976746
0.0,0,0.16207541525363922
0.0,0,0.037748925387859344
1.0,1,0.9755071997642517
1.0,1,0.9642216563224792
1.0,1,0.9992469549179077
0.0,0,0.12262546271085739
0.0,0,0.006390185561031103
0.0,0,0.0018805903382599354
0.0,0,0.01347681786864996
1.0,1,0.8838552236557007
1.0,1,0.9855362772941589
1.0,0,0.39785099029541016
0.0,0,0.004903380759060383
1.0,1,0.9955807328224182
1.0,1,0.7614896893501282
1.0,0,0.09572199732065201
1.0,1,0.9765081405639648
1.0,0,0.4539016783237457
0.0,1,0.6562473177909851
0.0,1,0.8452239036560059
1.0,1,0.9914155602455139
1.0,1,0.6998320817947388
0.0,0,0.014374881982803345
0.0,1,0.9090822339057922
0.0,0,0.1736539751291275
1.0,1,0.8439515233039856
0.0,0,0.021659832447767258
0.0,1,0.5954221487045288
0.0,0,0.24725349247455597
1.0,1,0.9481247663497925
0.0,0,0.2624823749065399
0.0,0,0.07674103230237961
1.0,1,0.9852478504180908
1.0,1,0.48853573203086853
0.0,1,0.7061145305633545
1.0,0,0.16467411816120148
1.0,0,0.25495079159736633
1.0,0,0.4291989803314209
1.0,1,0.9485039710998535
1.0,1,0.9916878342628479
0.0,0,0.0954056829214096
0.0,1,0.6515664458274841
0.0,0,0.2051950842142105
0.0,0,0.09059072285890579
0.0,0,0.01845112256705761
0.0,0,0.030015595257282257
0.0,1,0.8082477450370789
1.0,1,0.9529774785041809
0.0,0,0.004690077621489763
0.0,1,0.8349310159683228
0.0,1,0.47570550441741943
0.0,0,0.422757089138031
0.0,0,0.12550951540470123
1.0,1,0.7573257684707642
1.0,1,0.9895250797271729
1.0,1,0.9448215961456299
0.0,0,0.07095208764076233
1.0,1,0.7874095439910889
0.0,0,0.04337795451283455
1.0,1,0.9974327683448792
0.0,0,0.08890383690595627
0.0,0,0.0009628672851249576
1.0,0,0.3327730596065521
1.0,0,0.35010287165641785
1.0,0,0.02206132374703884
0.0,1,0.7323680520057678
1.0,1,0.995707094669342
1.0,1,0.6668790578842163
0.0,0,0.1295446753501892
1.0,1,0.9907692074775696
1.0,1,0.9719523787498474
0.0,0,0.0019561275839805603
1.0,1,0.9971749782562256
1.0,1,0.6276145577430725
0.0,0,0.3470393717288971
0.0,0,0.009712832979857922
0.0,0,0.4316622316837311
0.0,0,0.036062274128198624
0.0,0,0.1450982242822647
0.0,0,0.03318294510245323
1.0,1,0.8348649144172668
0.0,0,0.025411108508706093
1.0,1,0.9975889921188354
1.0,1,0.7153676748275757
1.0,1,0.9971363544464111
1.0,0,0.29355937242507935
1.0,1,0.9537310004234314
0.0,1,0.5340529084205627
0.0,0,0.4004199504852295
0.0,1,0.8692095279693604
0.0,0,0.010936393402516842
0.0,0,0.016101809218525887
0.0,0,0.010024230927228928
0.0,0,0.21569320559501648
0.0,0,0.01594577543437481
0.0,0,0.02201172709465027
1.0,1,0.991465151309967
0.0,0,0.4716024100780487
0.0,0,0.027455642819404602
0.0,0,0.10286957025527954
1.0,1,0.9770961403846741
0.0,0,0.0020038881339132786
1.0,1,0.9964147806167603
0.0,1,0.6488315463066101
0.0,1,0.8165382742881775
0.0,0,0.0031781645957380533
1.0,1,0.9992554783821106
0.0,1,0.6141403317451477
1.0,0,0.27527013421058655
0.0,0,0.3447189927101135
1.0,0,0.18145057559013367
1.0,1,0.989177405834198
1.0,0,0.3324952721595764
0.0,0,0.4615935981273651
0.0,0,0.020491693168878555
1.0,0,0.3983306288719177
1.0,1,0.9989175796508789
0.0,0,0.015289588831365108
0.0,0,0.02642969600856304
0.0,0,0.008066724985837936
1.0,1,0.6963406801223755
1.0,1,0.9965564012527466
0.0,0,0.1064024269580841
0.0,0,0.04446173086762428
0.0,0,0.040336329489946365
1.0,1,0.9165914058685303
0.0,0,0.23021049797534943
0.0,0,0.08921238034963608
0.0,0,0.3977973759174347
1.0,1,0.9836754202842712
0.0,0,0.1472899168729782
0.0,0,0.04651327058672905
1.0,0,0.2055920958518982
1.0,1,0.997323215007782
0.0,0,0.05901721492409706
0.0,0,0.08491431921720505
0.0,0,0.05160025879740715
1.0,1,0.9678653478622437
1.0,1,0.9954665899276733
0.0,0,0.11958649754524231
1.0,0,0.39678823947906494
1.0,1,0.6273147463798523
0.0,0,0.0140980901196599
0.0,0,0.06300895661115646
1.0,1,0.6872958540916443
1.0,1,0.9945251941680908
0.0,0,0.014800697565078735
0.0,0,0.0011488255113363266
1.0,1,0.5649179816246033
1.0,1,0.8319441080093384
0.0,0,0.12881918251514435
0.0,0,0.2413976490497589
0.0,0,0.2722608149051666
0.0,0,0.03127126395702362
0.0,0,0.01857631839811802
0.0,0,0.11203793436288834
1.0,1,0.9929439425468445
1.0,1,0.5198847651481628
0.0,0,0.08643360435962677
1.0,1,0.7274023294448853
0.0,0,0.44032302498817444
0.0,1,0.5823867321014404
1.0,1,0.9903911352157593
0.0,0,0.06927131861448288
1.0,1,0.9954735636711121
0.0,0,0.03402559831738472
0.0,0,0.20680545270442963
1.0,1,0.8358373045921326
1.0,1,0.7284507751464844
1.0,0,0.09412302076816559
0.0,0,0.006274723447859287
1.0,1,0.8781362175941467
1.0,1,0.939965546131134
1.0,1,0.919130802154541
1.0,1,0.9586042761802673
0.0,0,0.13168621063232422
1.0,1,0.942952573299408
0.0,0,0.05909668654203415
0.0,0,0.14127016067504883
1.0,0,0.041143979877233505
0.0,0,0.017080033197999
1.0,1,0.9987443685531616
1.0,1,0.9756079912185669
1.0,0,0.1871512085199356
0.0,0,0.07510742545127869
0.0,0,0.2827647924423218
1.0,1,0.9479072690010071
0.0,0,0.06775308400392532
1.0,1,0.9749804735183716
1.0,1,0.7287929654121399
1.0,0,0.07612995058298111
0.0,0,0.0005415381165221334
1.0,1,0.5601118803024292
0.0,0,0.24377907812595367
0.0,0,0.2510996460914612
1.0,1,0.8678728342056274
1.0,0,0.36922910809516907
0.0,0,0.04049229994416237
1.0,1,0.7425190806388855
1.0,1,0.5103920102119446
1.0,1,0.9754053354263306
1.0,1,0.9917808175086975
1.0,1,0.6843148469924927
1.0,1,0.9535816311836243
0.0,0,0.007585535291582346
1.0,1,0.9874427914619446
0.0,0,0.02096155844628811
0.0,0,0.002586719114333391
1.0,1,0.9611508846282959
1.0,1,0.9769847393035889
0.0,0,0.006025280337780714
0.0,0,0.013951754197478294
0.0,0,0.0002625059860292822
1.0,1,0.9960793852806091
1.0,1,0.9812108278274536
0.0,0,0.3754981756210327
0.0,0,0.002516090637072921
1.0,1,0.997406542301178
0.0,0,0.19303877651691437
1.0,1,0.9018858671188354
0.0,0,0.04013192653656006
1.0,1,0.9889577627182007
0.0,0,0.046336401253938675
0.0,0,0.12824371457099915
0.0,0,0.13100801408290863
1.0,1,0.990056574344635
1.0,1,0.8060370087623596
1.0,1,0.6553958058357239
0.0,0,0.008511785417795181
0.0,0,0.032380446791648865
1.0,1,0.6879452466964722
1.0,1,0.813278317451477
0.0,0,0.1836102157831192
1.0,0,0.013570878654718399
0.0,1,0.5726406574249268
0.0,0,0.09754406660795212
0.0,0,0.11918957531452179
0.0,0,0.09274961054325104
0.0,0,0.003991260193288326
0.0,1,0.5286051630973816
1.0,0,0.3296926021575928
1.0,1,0.980769157409668
0.0,0,0.06641826778650284
1.0,1,0.9469780325889587
1.0,0,0.3505288064479828
1.0,1,0.9416603446006775
0.0,0,0.03792428597807884
1.0,1,0.7383944392204285
0.0,1,0.8430663347244263
0.0,0,0.2265072762966156
1.0,1,0.9727282524108887
0.0,0,0.06986382603645325
0.0,0,0.40027859807014465
0.0,1,0.741644561290741
1.0,1,0.9990672469139099
1.0,0,0.06758571416139603
1.0,1,0.9880601763725281
1.0,1,0.997470498085022
1.0,0,0.05644073709845543
0.0,0,0.021225566044449806
0.0,0,0.20221664011478424
1.0,1,0.9673478007316589
1.0,1,0.8734893202781677
1.0,1,0.9191194176673889
1.0,0,0.3798455595970154
1.0,1,0.985547661781311
0.0,0,0.09179796278476715
1.0,1,0.9867523908615112
0.0,0,0.44086286425590515
1.0,1,0.5182119607925415
1.0,1,0.9975806474685669
1.0,1,0.9931550025939941
1.0,1,0.993177056312561
1.0,1,0.9961852431297302
0.0,0,0.0630057156085968
1.0,1,0.8981372117996216
1.0,1,0.9835115671157837
1.0,1,0.6918742060661316
1.0,1,0.9963758587837219
1.0,1,0.6857768893241882
0.0,0,0.28347164392471313
1.0,0,0.16970224678516388
0.0,1,0.9581680297851562
1.0,1,0.5986683964729309
1.0,0,0.44692105054855347
0.0,0,0.04247927665710449
0.0,0,0.016840018332004547
0.0,0,0.12504930794239044
0.0,0,0.4036611318588257
0.0,0,0.3340393006801605
1.0,0,0.3752281367778778
0.0,1,0.9349097609519958
1.0,1,0.6226105690002441
0.0,1,0.5265935063362122
1.0,1,0.9916559457778931
0.0,1,0.5949519276618958
0.0,1,0.49417972564697266
0.0,0,0.022971509024500847
1.0,0,0.30155766010284424
0.0,0,0.05021890252828598
0.0,0,0.024518707767128944
0.0,0,0.08877243101596832
0.0,1,0.542410135269165
0.0,0,0.01317540928721428
0.0,1,0.9251354336738586
0.0,0,0.03095180168747902
0.0,1,0.9310115575790405
0.0,0,0.003061434021219611
1.0,0,0.41651058197021484
0.0,0,0.09307457506656647
0.0,0,0.02244802750647068
0.0,0,0.003171738935634494
0.0,0,0.014715195633471012
0.0,0,0.013913588598370552
0.0,0,0.006239366717636585
1.0,1,0.992425799369812
0.0,1,0.7087572813034058
1.0,1,0.894888162612915
1.0,1,0.9116147756576538
0.0,1,0.5900843739509583
1.0,0,0.06801712512969971
0.0,0,0.07818297296762466
0.0,1,0.8494278788566589
0.0,0,0.05681386590003967
0.0,0,0.35974645614624023
1.0,1,0.5575813055038452
1.0,1,0.978634238243103
0.0,0,0.06310992687940598
0.0,0,0.009056976065039635
1.0,1,0.9929857850074768
0.0,0,0.037616848945617676
0.0,0,0.04243926703929901
1.0,1,0.995159924030304
0.0,0,0.18696686625480652
0.0,0,0.006336693186312914
1.0,1,0.9971362352371216
1.0,1,0.9681218266487122
1.0,1,0.9895580410957336
0.0,0,0.47201302647590637
1.0,1,0.97906094789505
0.0,1,0.9473190903663635
0.0,0,0.028622325509786606
1.0,0,0.4014095067977905
0.0,0,0.36492472887039185
0.0,0,0.003982094116508961
1.0,0,0.16168713569641113
0.0,0,0.009232562966644764
1.0,1,0.964767575263977
0.0,0,0.04918299615383148
0.0,0,0.03353102132678032
0.0,0,0.129263773560524
1.0,1,0.7195482850074768
1.0,1,0.9235695600509644
1.0,1,0.9976598024368286
1.0,1,0.968176007270813
1.0,1,0.7035024762153625
0.0,0,0.22112798690795898
1.0,1,0.9858787655830383
1.0,0,0.014627218246459961
0.0,0,0.03790707513689995
1.0,1,0.4904477894306183
0.0,0,0.16732488572597504
1.0,0,0.26572731137275696
1.0,1,0.9860022068023682
0.0,1,0.915732741355896
0.0,0,0.0007069103303365409
0.0,0,0.011639381758868694
0.0,0,0.2174113392829895
1.0,1,0.7764572501182556
1.0,1,0.9757458567619324
0.0,0,0.4410690665245056
1.0,0,0.03173583000898361
0.0,1,0.9630927443504333
0.0,1,0.6596916913986206
0.0,1,0.6657087206840515
0.0,0,0.07125560939311981
0.0,1,0.7006034255027771
1.0,1,0.7688519954681396
0.0,0,0.02218407765030861
0.0,0,0.0015802010893821716
0.0,0,0.41246238350868225
0.0,0,0.03557999059557915
1.0,1,0.9993663430213928
0.0,0,0.021191298961639404
0.0,0,0.006591931916773319
0.0,0,0.2563515901565552
0.0,0,0.1691342294216156
0.0,0,0.06615517288446426
1.0,1,0.9767696261405945
1.0,1,0.9439806938171387
1.0,1,0.9894910454750061
1.0,1,0.9829066395759583
0.0,1,0.9090617299079895
1.0,1,0.8830199241638184
1.0,1,0.9108273386955261
0.0,1,0.7285969853401184
0.0,1,0.7301563620567322
1.0,1,0.8682900071144104
0.0,0,0.05005527287721634
0.0,0,0.3720066547393799
1.0,1,0.9956983327865601
0.0,1,0.6053623557090759
1.0,0,0.16419555246829987
1.0,1,0.881044864654541
1.0,1,0.9521957039833069
0.0,0,0.049312952905893326
1.0,1,0.9961978793144226
0.0,1,0.6792401075363159
1.0,1,0.981391966342926
1.0,1,0.9943410158157349
1.0,1,0.887691855430603
0.0,0,0.10050411522388458
1.0,1,0.9863823652267456
0.0,0,0.239311084151268
1.0,1,0.9891042709350586
0.0,0,0.004506120458245277
1.0,1,0.9296847581863403
0.0,0,0.07366141676902771
1.0,1,0.9414182305335999
0.0,0,0.20897459983825684
1.0,1,0.8946213722229004
0.0,1,0.9491628408432007
1.0,1,0.9875621795654297
0.0,0,0.013673371635377407
1.0,1,0.9856432676315308
1.0,1,0.9984160661697388
0.0,1,0.6663603782653809
0.0,0,0.3482428193092346
0.0,0,0.08427690714597702
0.0,0,0.014153895899653435
0.0,1,0.5654364824295044
0.0,0,0.0237495806068182
0.0,1,0.7995520234107971
0.0,0,0.0944720208644867
1.0,0,0.018396489322185516
0.0,0,0.03793742507696152
0.0,1,0.5873371362686157
1.0,1,0.9577656984329224
1.0,1,0.9890373349189758
1.0,0,0.0317174457013607
0.0,0,0.23162290453910828
1.0,1,0.9933874607086182
1.0,1,0.9917701482772827
0.0,0,0.02355213277041912
0.0,0,0.12783657014369965
0.0,0,0.41684404015541077
1.0,1,0.9592283368110657
0.0,0,0.041969794780015945
0.0,1,0.6470286250114441
1.0,1,0.9896288514137268
0.0,0,0.08352718502283096
0.0,0,0.037360407412052155
1.0,0,0.15519165992736816
1.0,0,0.24639929831027985
1.0,0,0.18115104734897614
0.0,0,0.3056458830833435
1.0,1,0.9966238737106323
1.0,1,0.9987584352493286
1.0,1,0.8449533581733704
1.0,1,0.8065893054008484
1.0,1,0.7962279915809631
0.0,0,0.010766117833554745
0.0,0,0.011157725937664509
1.0,1,0.947018027305603
0.0,0,0.25274357199668884
0.0,0,0.03292518109083176
1.0,1,0.474159836769104
1.0,1,0.9606224894523621
0.0,1,0.7873317003250122
1.0,1,0.8630695343017578
1.0,1,0.6106109023094177
1.0,1,0.9896240830421448
1.0,1,0.8122307062149048
1.0,1,0.9865411520004272
0.0,0,0.35948190093040466
1.0,1,0.9832083582878113
1.0,1,0.9974594712257385
1.0,1,0.9964544773101807
0.0,0,0.3888634741306305
0.0,0,0.03623136132955551
1.0,1,0.9138820171356201
1.0,1,0.9904438853263855
0.0,1,0.9215913414955139
0.0,0,0.008706431835889816
1.0,1,0.8411836624145508
1.0,1,0.9305974245071411
0.0,0,0.3010749816894531
1.0,0,0.3116098940372467
1.0,1,0.7582840919494629
1.0,1,0.7086909413337708
0.0,1,0.6208571195602417
0.0,0,0.04112507775425911
1.0,1,0.9846978187561035
1.0,1,0.9846656322479248
1.0,0,0.11761435866355896
0.0,0,0.06760969758033752
0.0,0,0.08575230836868286
0.0,0,0.1857103705406189
0.0,0,0.1514933556318283
1.0,1,0.9187901020050049
0.0,0,0.06211197003722191
1.0,1,0.5938783884048462
0.0,1,0.818778932094574
1.0,0,0.40578463673591614
1.0,1,0.9926366806030273
1.0,1,0.9982699155807495
1.0,1,0.9935000538825989
0.0,1,0.7960191965103149
0.0,0,0.2623094916343689
1.0,1,0.8666224479675293
1.0,1,0.8598807454109192
1.0,1,0.9987416863441467
0.0,0,0.17538250982761383
0.0,0,0.07649267464876175
1.0,1,0.7373270392417908
0.0,1,0.975119948387146
0.0,1,0.7665948271751404
1.0,1,0.9680164456367493
1.0,1,0.9603506326675415
0.0,0,0.025094781070947647
1.0,1,0.6847326159477234
0.0,0,0.1234484389424324
1.0,1,0.7930430769920349
1.0,1,0.9678387641906738
1.0,1,0.9949527978897095
0.0,1,0.9270839691162109
1.0,1,0.6084228157997131
1.0,1,0.9139776229858398
1.0,1,0.5339279174804688
1.0,1,0.9972254037857056
0.0,1,0.8828113079071045
1.0,1,0.6658401489257812
0.0,0,0.008753394708037376
0.0,0,0.03468877449631691
1.0,1,0.9775651693344116
1.0,1,0.9897729754447937
0.0,0,0.2917117774486542
1.0,0,0.2843340039253235
0.0,0,0.07763013243675232
1.0,1,0.9747603535652161
0.0,0,0.004177686758339405
1.0,0,0.43113192915916443
0.0,0,0.017277102917432785
0.0,0,0.28207799792289734
0.0,0,0.0006359832477755845
0.0,0,0.020706480368971825
0.0,1,0.8206948637962341
0.0,1,0.8372584581375122
1.0,1,0.9843611717224121
1.0,0,0.08747679740190506
0.0,0,0.26072031259536743
1.0,1,0.9086772203445435
0.0,0,0.281902015209198
1.0,1,0.738013744354248
1.0,1,0.9911501407623291
1.0,1,0.814688503742218
1.0,0,0.20962080359458923
0.0,0,0.016446895897388458
0.0,1,0.6265373229980469
1.0,1,0.9960107803344727
1.0,1,0.994739830493927
1.0,0,0.1748918741941452
0.0,1,0.7369133830070496
0.0,0,0.027874700725078583
1.0,1,0.8034567832946777
0.0,0,0.011310607194900513
0.0,1,0.6934303045272827
1.0,1,0.9425182938575745
1.0,1,0.9946541786193848
0.0,0,0.033043861389160156
1.0,1,0.9923034906387329
0.0,0,0.39571189880371094
1.0,1,0.9882103204727173
1.0,1,0.8799778819084167
1.0,0,0.43716874718666077
0.0,1,0.8309457898139954
0.0,0,0.08365865051746368
1.0,1,0.6838887333869934
1.0,1,0.9379096627235413
1.0,0,0.2850305438041687
1.0,1,0.6415387392044067
1.0,1,0.8358238339424133
0.0,0,0.29931092262268066
1.0,0,0.09913606196641922
0.0,0,0.02173314057290554
0.0,0,0.30802053213119507
0.0,1,0.908549427986145
1.0,1,0.9867416024208069
0.0,0,0.11985646188259125
0.0,0,0.07074382156133652
0.0,0,0.000759589544031769
0.0,1,0.7639597654342651
1.0,1,0.9872788190841675
0.0,0,0.08142492175102234
0.0,1,0.6416972875595093
0.0,0,0.17589282989501953
1.0,1,0.7435420155525208
1.0,1,0.8770560622215271
1.0,1,0.9035815596580505
1.0,1,0.8423030376434326
1.0,1,0.9468501210212708
1.0,0,0.42349791526794434
1.0,1,0.9097568988800049
0.0,0,0.014726441353559494
0.0,1,0.6407989859580994
1.0,1,0.5680750608444214
0.0,0,0.19000549614429474
1.0,1,0.9892513155937195
1.0,1,0.9988324046134949
0.0,0,0.05255570262670517
0.0,0,0.006329986732453108
0.0,0,0.1809200793504715
1.0,1,0.9939397573471069
1.0,1,0.8902265429496765
0.0,0,0.08957985043525696
1.0,1,0.9991539716720581
0.0,1,0.693886935710907
1.0,1,0.9594342708587646
0.0,1,0.4966125786304474
0.0,0,0.32568225264549255
1.0,1,0.9771247506141663
1.0,1,0.6813587546348572
1.0,0,0.08197847008705139
1.0,1,0.9936965107917786
1.0,0,0.4169383943080902
0.0,0,0.00436255382373929
0.0,0,0.25076520442962646
1.0,1,0.7132596373558044
1.0,1,0.8531752228736877
1.0,1,0.9989873766899109
0.0,1,0.8510965704917908
0.0,0,0.15528874099254608
0.0,0,0.17816652357578278
0.0,0,0.01577669568359852
1.0,1,0.9986145496368408
1.0,1,0.9850768446922302
0.0,0,0.12812712788581848
1.0,1,0.7448884844779968
0.0,0,0.041054077446460724
0.0,0,0.26348215341567993
1.0,0,0.43406930565834045
0.0,0,0.4042307436466217
1.0,1,0.7547886371612549
1.0,1,0.9412761926651001
1.0,1,0.9792318344116211
0.0,0,0.32824161648750305
1.0,0,0.3530217707157135
0.0,0,0.1984318345785141
1.0,1,0.9894702434539795
1.0,1,0.9897861480712891
1.0,1,0.9942337870597839
0.0,0,0.06706748902797699
1.0,0,0.2950231432914734
1.0,0,0.05536557734012604
0.0,1,0.9273065328598022
0.0,0,0.17647743225097656
0.0,0,0.025886820629239082
0.0,0,0.21422745287418365
1.0,0,0.16386742889881134
1.0,1,0.6555942296981812
1.0,1,0.9962993264198303
0.0,0,0.002789416816085577
1.0,1,0.9850977659225464
0.0,1,0.6790187954902649
0.0,0,0.08123543858528137
0.0,1,0.9688572287559509
1.0,1,0.9874348044395447
1.0,1,0.5059444308280945
1.0,1,0.987019419670105
1.0,1,0.9313225150108337
1.0,1,0.977532684803009
0.0,0,0.001191127928905189
0.0,1,0.7735852003097534
0.0,1,0.7942914366722107
0.0,0,0.14233754575252533
0.0,0,0.021876445040106773
0.0,0,0.10658872872591019
0.0,0,0.007303236983716488
0.0,1,0.6979367733001709
1.0,1,0.9961037635803223
0.0,0,0.1356472671031952
0.0,0,0.01283060759305954
0.0,0,0.4263511896133423
1.0,1,0.9078096747398376
1.0,1,0.9657154679298401
1.0,0,0.2484210878610611
1.0,1,0.9104970693588257
1.0,1,0.966725766658783
1.0,1,0.8425503969192505
1.0,1,0.7868452072143555
1.0,1,0.918329656124115
0.0,0,0.0010878173634409904
0.0,1,0.9062332510948181
1.0,1,0.7967736124992371
1.0,1,0.8586965203285217
1.0,1,0.7226929068565369
0.0,0,0.14423784613609314
1.0,1,0.7923077940940857
1.0,1,0.9616955518722534
0.0,1,0.7589102387428284
0.0,0,0.008609513752162457
1.0,1,0.9638935923576355
1.0,0,0.2659992575645447
0.0,0,0.0021367070730775595
0.0,1,0.9156123995780945
0.0,0,0.030081693083047867
1.0,1,0.9959269165992737
1.0,1,0.9975630044937134
0.0,0,0.04144128039479256
1.0,1,0.7328904867172241
1.0,1,0.9299079179763794
1.0,1,0.9137954115867615
1.0,1,0.9791065454483032
0.0,0,0.005180221516638994
0.0,0,0.014322199858725071
1.0,1,0.8410343527793884
1.0,1,0.8931593298912048
1.0,0,0.4317525327205658
1.0,1,0.8121633529663086
0.0,0,0.01716829091310501
1.0,1,0.9838610887527466
0.0,0,0.015254320576786995
1.0,1,0.9934053421020508
1.0,1,0.727466881275177
1.0,1,0.7935449481010437
0.0,0,0.09855586290359497
0.0,0,0.02469010464847088
0.0,0,0.06785236299037933
1.0,1,0.9944021105766296
0.0,0,0.001984609756618738
0.0,0,0.03877788037061691
1.0,1,0.989279568195343
0.0,0,0.026554813608527184
1.0,1,0.9447613954544067
0.0,0,0.03422944247722626
0.0,0,0.0032325705979019403
1.0,1,0.9866266846656799
1.0,1,0.8212244510650635
1.0,1,0.9693731069564819
1.0,0,0.43021053075790405
0.0,1,0.962323009967804
0.0,0,0.45419347286224365
0.0,0,0.0381895937025547
1.0,1,0.9828738570213318
0.0,0,0.04474781081080437
0.0,1,0.7661318182945251
0.0,1,0.852111279964447
0.0,0,0.12417462468147278
1.0,1,0.9913498163223267
0.0,0,0.014872247353196144
1.0,1,0.9916313290596008
0.0,0,0.17681750655174255
0.0,1,0.5068333148956299
1.0,1,0.9872561693191528
1.0,1,0.978445291519165
0.0,0,0.37749356031417847
1.0,1,0.9461274147033691
1.0,1,0.9555321335792542
1.0,1,0.9779260754585266
1.0,1,0.9978423118591309
1.0,1,0.8819230794906616
1.0,1,0.9782178997993469
0.0,0,0.029041441157460213
0.0,0,0.0011541976127773523
1.0,0,0.11080183833837509
1.0,0,0.21934638917446136
1.0,1,0.9909861087799072
0.0,1,0.9798740744590759
1.0,1,0.9165850877761841
0.0,1,0.7206594944000244
0.0,0,0.17056220769882202
1.0,1,0.9871305823326111
1.0,1,0.7520691156387329
1.0,1,0.9524111747741699
1.0,1,0.8528109192848206
1.0,1,0.987180769443512
1.0,1,0.9661828279495239
0.0,0,0.032329097390174866
0.0,0,0.0056352620013058186
0.0,0,0.17332889139652252
1.0,1,0.7934978604316711
0.0,0,0.033278871327638626
0.0,0,0.00926929246634245
1.0,1,0.9702543020248413
1.0,1,0.981025755405426
0.0,0,0.03099987469613552
1.0,1,0.7100619077682495
0.0,1,0.8338903188705444
0.0,0,0.1616225391626358
0.0,0,0.24879597127437592
0.0,0,0.36726927757263184
1.0,1,0.6860505938529968
0.0,0,0.08956899493932724
0.0,0,0.14498385787010193
0.0,0,0.058524150401353836
1.0,1,0.9922094345092773
1.0,1,0.9879412055015564
0.0,0,0.04846726357936859
0.0,1,0.6051344275474548
0.0,0,0.004525159019976854
1.0,1,0.9895648956298828
1.0,0,0.106155164539814
0.0,1,0.9670372605323792
0.0,0,0.03543636575341225
0.0,0,0.04383857920765877
1.0,1,0.6737314462661743
0.0,1,0.5923812389373779
0.0,1,0.8675869703292847
0.0,1,0.8347242474555969
1.0,1,0.9914140701293945
1.0,1,0.9915185570716858
0.0,0,0.3537168800830841
1.0,1,0.9827467203140259
1.0,1,0.6047397255897522
1.0,0,0.299480140209198
1.0,1,0.989507257938385
0.0,1,0.7796580791473389
1.0,1,0.9982395172119141
1.0,1,0.9887646436691284
1.0,1,0.6486934423446655
0.0,0,0.27260878682136536
1.0,1,0.7353907227516174
0.0,1,0.6135444641113281
1.0,1,0.9857366681098938
0.0,1,0.5081534385681152
0.0,0,0.19748935103416443
0.0,1,0.7652283310890198
1.0,1,0.6691499948501587
0.0,0,0.007735139690339565
1.0,1,0.578889787197113
0.0,0,0.022595129907131195
1.0,1,0.8756103515625
0.0,0,0.027501696720719337
0.0,0,0.1625637263059616
0.0,0,0.022207865491509438
1.0,1,0.7071194052696228
0.0,0,0.4638700783252716
1.0,1,0.9070858955383301
0.0,1,0.5834378600120544
1.0,1,0.9981213212013245
0.0,0,0.08808650821447372
0.0,0,0.399955689907074
1.0,1,0.7446702122688293
0.0,1,0.8315349221229553
0.0,0,0.020629223436117172
1.0,1,0.798818826675415
0.0,0,0.051277127116918564
1.0,1,0.8101774454116821
0.0,0,0.03552926331758499
1.0,1,0.9911808371543884
1.0,1,0.9943205118179321
1.0,1,0.9866184592247009
0.0,0,0.29671263694763184
0.0,0,0.045015111565589905
1.0,1,0.9346944689750671
0.0,1,0.501691997051239
0.0,1,0.521151065826416
0.0,0,0.2792964279651642
1.0,1,0.9900186061859131
0.0,0,0.08088412135839462
0.0,0,0.46429720520973206
1.0,1,0.9897448420524597
0.0,0,0.04479535296559334
1.0,1,0.7130630612373352
0.0,0,0.12374464422464371
0.0,0,0.11839040368795395
0.0,0,0.04490077495574951
1.0,1,0.5940667986869812
1.0,1,0.8247755169868469
1.0,0,0.05705532431602478
0.0,0,0.10717439651489258
0.0,0,0.09654223918914795
0.0,1,0.6019755601882935
0.0,0,0.07615847140550613
1.0,1,0.9963567852973938
0.0,1,0.526039719581604
1.0,1,0.9668517708778381
1.0,1,0.8206037878990173
1.0,1,0.9483157992362976
0.0,0,0.006240363232791424
1.0,0,0.44661620259284973
0.0,0,0.0273141972720623
0.0,1,0.5779030323028564
1.0,1,0.9821849465370178
1.0,1,0.6651454567909241
1.0,1,0.9879471659660339
1.0,0,0.3996884226799011
0.0,0,0.0258460883051157
0.0,0,0.011531057767570019
0.0,0,0.04706813022494316
0.0,1,0.843514621257782
1.0,1,0.9856522083282471
0.0,0,0.02893202193081379
0.0,0,0.10897108167409897
0.0,1,0.8621053099632263
1.0,1,0.9964466691017151
1.0,1,0.7884864211082458
1.0,1,0.9658640027046204
1.0,1,0.9974284768104553
0.0,0,0.05979975312948227
0.0,0,0.028489112854003906
1.0,1,0.6317684054374695
0.0,0,0.16675563156604767
0.0,0,0.2528018355369568
1.0,1,0.977308452129364
1.0,0,0.35767659544944763
0.0,1,0.9153618216514587
0.0,0,0.020886501297354698
1.0,1,0.9931835532188416
1.0,0,0.06345271319150925
1.0,1,0.9627493023872375
1.0,0,0.06098392978310585
1.0,1,0.9933057427406311
0.0,1,0.5319971442222595
1.0,1,0.9942482709884644
0.0,0,0.26678401231765747
1.0,1,0.99599289894104
1.0,0,0.2229362577199936
0.0,0,0.03663162514567375
0.0,1,0.9867598414421082
1.0,1,0.6783558130264282
0.0,0,0.20043519139289856
1.0,1,0.9682571291923523
0.0,0,0.09055417776107788
0.0,0,0.017995061352849007
0.0,1,0.8803240656852722
1.0,1,0.8051456212997437
1.0,1,0.8950583934783936
0.0,1,0.7725423574447632
1.0,1,0.9169456958770752
1.0,1,0.9971399307250977
0.0,1,0.6477435231208801
0.0,1,0.8207759261131287
1.0,1,0.4925473928451538
0.0,0,0.04408872127532959
0.0,0,0.46986421942710876
1.0,1,0.9890803694725037
0.0,0,0.06288986653089523
0.0,0,0.0941418930888176
0.0,0,0.019023023545742035
1.0,1,0.9924351572990417
0.0,0,0.05735773965716362
1.0,1,0.7540566325187683
1.0,1,0.9164186716079712
1.0,1,0.9897058010101318
1.0,1,0.9945724606513977
1.0,1,0.9584172368049622
0.0,0,0.18949489295482635
0.0,0,0.07384942471981049
0.0,0,0.373075008392334
1.0,1,0.9807928204536438
1.0,1,0.9949811100959778
1.0,1,0.9738995432853699
1.0,1,0.9943728446960449
1.0,1,0.9922195672988892
1.0,1,0.9598367810249329
0.0,0,0.14846013486385345
1.0,1,0.8696620464324951
0.0,0,0.08143948018550873
1.0,1,0.8921636343002319
1.0,0,0.030145786702632904
0.0,0,0.28325891494750977
1.0,1,0.9919924736022949
0.0,0,0.20874279737472534
1.0,1,0.9170869588851929
0.0,0,0.3815092146396637
0.0,0,0.0014863774413242936
0.0,0,0.05189298838376999
1.0,0,0.1312153935432434
0.0,0,0.12848185002803802
1.0,1,0.9852234125137329
1.0,0,0.05200665816664696
1.0,1,0.9227896332740784
0.0,0,0.07566564530134201
0.0,0,0.018935948610305786
0.0,0,0.004630667623132467
1.0,1,0.9714545607566833
0.0,0,0.25095832347869873
1.0,1,0.9772053360939026
0.0,0,0.0600208081305027
1.0,1,0.8009451627731323
1.0,1,0.9754094481468201
1.0,1,0.994838535785675
1.0,0,0.402418315410614
1.0,1,0.976479709148407
1.0,0,0.42325639724731445
1.0,1,0.9940341114997864
0.0,0,0.16609390079975128
1.0,0,0.0475853756070137
1.0,1,0.9879388809204102
1.0,1,0.8994178175926208
1.0,1,0.9756855964660645
0.0,0,0.27275916934013367
0.0,0,0.00270957057364285
1.0,1,0.9816287755966187
0.0,0,0.08004745841026306
0.0,0,0.016695449128746986
1.0,0,0.2326079159975052
0.0,1,0.9412105679512024
1.0,1,0.9282524585723877
0.0,0,0.005770695395767689
0.0,0,0.0025781302247196436
1.0,1,0.9596776962280273
1.0,1,0.8893161416053772
0.0,1,0.6491447687149048
0.0,0,0.027253130450844765
0.0,0,0.049091488122940063
0.0,0,0.029281944036483765
1.0,0,0.026174580678343773
0.0,1,0.7201377153396606
1.0,0,0.050920210778713226
0.0,0,0.09728004038333893
0.0,0,0.0918581485748291
1.0,1,0.5368198156356812
1.0,1,0.941789448261261
1.0,1,0.9875055551528931
1.0,1,0.9926508069038391
1.0,1,0.6827437281608582
1.0,1,0.9209694862365723
0.0,1,0.7676675915718079
1.0,1,0.8384742736816406
0.0,1,0.5139796733856201
0.0,1,0.8423589468002319
0.0,0,0.029221288859844208
1.0,1,0.7477995753288269
0.0,0,0.4424569606781006
1.0,1,0.999517560005188
1.0,1,0.9822081923484802
1.0,1,0.9754282832145691
1.0,0,0.4434175491333008
0.0,0,0.010452589951455593
1.0,0,0.320011705160141
1.0,1,0.9993745684623718
0.0,0,0.42997118830680847
