y_true,y_pred,y_score
1.0,1,0.9991070628166199
0.0,0,0.005107447039335966
0.0,0,0.0001498675555922091
1.0,1,0.9819936156272888
0.0,0,7.851092959754169e-05
0.0,0,0.001035252003930509
0.0,0,0.05556736886501312
0.0,0,0.0002716734306886792
0.0,0,0.026541180908679962
0.0,0,0.0007059075869619846
1.0,0,0.16033019125461578
1.0,1,0.7357079386711121
0.0,0,0.0003211724979337305
0.0,0,0.022539446130394936
1.0,0,0.25231701135635376
1.0,1,0.9978815913200378
1.0,1,0.9880365133285522
0.0,0,0.0018501193262636662
0.0,1,0.9088596105575562
0.0,0,0.007776233833283186
0.0,0,0.000519638299010694
0.0,1,0.36474356055259705
1.0,1,0.4456148147583008
0.0,0,0.002615840407088399
1.0,1,0.9999959468841553
0.0,0,2.946658423752524e-05
1.0,1,0.9678511619567871
0.0,0,0.18320170044898987
0.0,0,0.0004567051655612886
1.0,0,0.06784824281930923
1.0,0,0.00029383160290308297
0.0,0,0.00016401552420575172
0.0,0,0.0016264228615909815
0.0,1,0.999679684638977
0.0,0,0.006075986661016941
1.0,1,0.7431235909461975
1.0,0,0.2945837676525116
1.0,1,0.99994957447052
1.0,0,0.17316733300685883
0.0,0,0.00012445953325368464
1.0,1,0.9968937635421753
0.0,0,0.00426412234082818
0.0,0,0.2933299243450165
1.0,1,0.9997838139533997
0.0,0,0.01327403075993061
1.0,1,0.9939792156219482
1.0,1,0.9895036220550537
0.0,1,0.34775814414024353
0.0,0,0.0021865435410290956
1.0,1,0.9937029480934143
0.0,0,0.0002660694008227438
0.0,0,0.01930154114961624
0.0,0,0.00034295799559913576
0.0,0,0.008289759047329426
0.0,0,0.012032249942421913
1.0,0,0.0085934242233634
0.0,0,0.0009181865607388318
1.0,1,0.9974449872970581
0.0,0,1.0244297300232574e-05
1.0,1,0.9446967840194702
1.0,1,0.9028958082199097
1.0,1,0.8678629398345947
0.0,0,0.0034360033459961414
0.0,0,0.0002527593751437962
1.0,1,0.9751352667808533
1.0,0,0.1832696795463562
1.0,1,0.9994180202484131
0.0,0,0.00013261711865197867
1.0,1,0.9851052761077881
0.0,1,0.513932466506958
0.0,0,0.026423826813697815
0.0,1,0.7579829692840576
0.0,0,0.011427966877818108
1.0,1,0.9782724380493164
0.0,0,0.0012598867760971189
0.0,0,0.003454324323683977
0.0,0,0.0020757063757628202
1.0,1,0.9897890686988831
0.0,0,0.006328492891043425
1.0,1,0.9999980926513672
0.0,0,0.0002951669739559293
1.0,1,0.9999228715896606
1.0,1,0.9963366985321045
0.0,0,6.181520438985899e-05
0.0,0,0.0010267411125823855
0.0,0,0.008294383063912392
1.0,1,0.9972278475761414
0.0,0,0.00013112153101246804
0.0,0,0.001229449873790145
0.0,0,0.004532035440206528
0.0,1,0.5440447330474854
1.0,1,0.9870374202728271
0.0,1,0.4411367177963257
1.0,0,0.09713538736104965
1.0,1,0.585147500038147
0.0,1,0.4003971219062805
1.0,1,0.9415715932846069
0.0,0,0.05243004858493805
1.0,1,0.9998792409896851
1.0,0,0.024231985211372375
1.0,1,0.6981574892997742
1.0,1,0.9997074007987976
1.0,1,0.8880699276924133
0.0,0,0.00018710947188083082
0.0,0,0.02941562980413437
1.0,1,0.9874321222305298
1.0,1,0.9864257574081421
0.0,0,0.006772560067474842
1.0,1,0.9964776635169983
1.0,1,0.9971454739570618
1.0,1,0.9709024429321289
0.0,0,0.0009225339745171368
1.0,1,0.961891770362854
1.0,1,0.9498711824417114
0.0,0,0.0028675172943621874
0.0,0,0.1316051483154297
0.0,0,0.0007200556574389338
0.0,1,0.776474118232727
0.0,0,0.00013421317271422595
0.0,0,5.852162939845584e-05
1.0,1,0.999648928642273
1.0,1,0.9779292941093445
1.0,1,0.996166467666626
0.0,1,0.9982459545135498
1.0,1,0.9878398776054382
0.0,0,4.897683538729325e-05
1.0,1,0.9998408555984497
1.0,1,0.9999603033065796
0.0,1,0.8754268288612366
1.0,1,0.9997288584709167
1.0,1,0.9986662864685059
0.0,0,0.034775055944919586
0.0,0,0.00021086916967760772
0.0,0,0.0010232185013592243
0.0,0,0.006295991130173206
1.0,1,0.9976615905761719
1.0,0,0.22182470560073853
0.0,0,0.21487031877040863
0.0,1,0.5002294778823853
1.0,1,0.9999963045120239
1.0,1,0.9156964421272278
0.0,0,0.000225444498937577
1.0,1,0.7592962980270386
1.0,0,0.01390781905502081
0.0,0,0.014616129919886589
0.0,0,0.052851513028144836
1.0,1,0.999908447265625
1.0,1,0.9999954700469971
0.0,0,0.021197525784373283
0.0,0,0.07192181050777435
1.0,1,0.9999978542327881
1.0,1,0.9999864101409912
0.0,0,0.018284250050783157
0.0,0,0.11662530153989792
0.0,0,0.00026720421737991273
0.0,0,6.486602069344372e-05
1.0,1,0.7365703582763672
1.0,1,0.4837149679660797
0.0,0,0.014415291137993336
1.0,1,0.9740800857543945
0.0,0,0.026305614039301872
1.0,1,0.9146312475204468
0.0,0,0.002801852533593774
1.0,1,0.5831815600395203
1.0,0,0.06598682701587677
0.0,0,0.012188563123345375
0.0,0,0.00013514036254491657
0.0,0,0.0004161006072536111
1.0,1,0.9999614953994751
1.0,1,0.9991738200187683
0.0,0,2.5199307856382802e-05
0.0,0,0.00012463625171221793
1.0,1,0.9996680021286011
0.0,0,0.020262300968170166
0.0,0,0.00024247547844424844
0.0,0,8.105578308459371e-05
1.0,1,0.9913034439086914
1.0,1,0.9991275668144226
1.0,1,0.8480786681175232
0.0,0,0.0003902353928424418
0.0,0,0.005778220947831869
0.0,0,0.0004275800893083215
1.0,1,0.9999178647994995
1.0,1,0.9595822095870972
0.0,1,0.7550860643386841
1.0,1,0.9969118237495422
1.0,1,0.999733030796051
1.0,1,0.5858557224273682
0.0,0,0.018011562526226044
1.0,1,0.9920612573623657
0.0,0,0.002390169305726886
1.0,1,0.9967907071113586
0.0,1,0.9874459505081177
0.0,0,0.029620127752423286
0.0,0,0.22019146382808685
1.0,1,0.9999924898147583
0.0,0,0.008620844222605228
0.0,0,0.0036301231011748314
1.0,1,0.9997851252555847
1.0,1,0.998845100402832
1.0,1,0.9417120218276978
1.0,1,0.9999167919158936
1.0,1,0.9995796084403992
0.0,0,2.7470696295495145e-05
0.0,0,0.0002035119541687891
0.0,1,0.5732742547988892
0.0,0,0.010140098631381989
0.0,0,0.0013083440717309713
1.0,1,0.7813850045204163
0.0,0,0.011767313815653324
0.0,0,0.012625263072550297
0.0,0,0.08515974134206772
1.0,1,1.0
0.0,0,0.00015415067900903523
1.0,1,0.9993013143539429
1.0,1,0.9991297125816345
0.0,0,0.00042464627767913043
0.0,0,0.007060160860419273
0.0,0,0.005342414602637291
1.0,1,0.9997797608375549
0.0,0,0.004876122809946537
0.0,0,0.0003502223698887974
0.0,0,0.01118459366261959
0.0,0,0.0002511848579160869
1.0,1,0.9993736147880554
1.0,1,0.9988704323768616
0.0,1,0.4644259214401245
0.0,0,0.014050099067389965
1.0,1,0.9999938011169434
1.0,0,0.04133843258023262
0.0,1,0.9945441484451294
0.0,0,0.0016304206801578403
0.0,1,0.7657462954521179
1.0,1,0.9991256594657898
0.0,0,0.0011504144640639424
1.0,1,0.42227399349212646
0.0,0,0.009131877683103085
1.0,0,0.10948757827281952
1.0,1,0.9962564706802368
0.0,0,0.007852897979319096
0.0,0,0.2180328518152237
0.0,0,0.000479173002531752
0.0,0,0.004674688912928104
0.0,0,0.002707176376134157
1.0,1,0.8496054410934448
1.0,1,0.9899611473083496
1.0,1,0.9999991655349731
1.0,1,0.9995336532592773
1.0,0,0.06997277587652206
0.0,0,0.10012885183095932
1.0,1,0.995468020439148
1.0,1,0.9999780654907227
0.0,0,7.761408051010221e-05
1.0,1,0.9922873973846436
1.0,1,0.9750989079475403
0.0,0,0.06299196928739548
1.0,1,0.8797754645347595
1.0,1,0.9999899864196777
1.0,0,0.020287608727812767
0.0,0,0.00024741608649492264
1.0,1,0.9933062195777893
1.0,1,0.9946753978729248
1.0,1,0.9011239409446716
0.0,0,0.0823344737291336
0.0,0,0.0004962892271578312
1.0,1,0.9838311672210693
0.0,0,0.0011694907443597913
0.0,0,0.00014191587979439646
0.0,0,4.524866380961612e-05
0.0,0,0.0206203181296587
1.0,1,0.9999698400497437
0.0,0,0.0010792432585731149
1.0,0,0.0007148886215873063
0.0,0,0.01837730035185814
1.0,1,0.9964101910591125
0.0,0,0.0012515367707237601
0.0,1,0.9275458455085754
0.0,0,0.012321334332227707
0.0,0,0.0007959904032759368
0.0,0,0.0014091241173446178
1.0,1,0.9999747276306152
1.0,1,0.986549437046051
1.0,1,0.9909816384315491
0.0,0,0.005020494572818279
0.0,0,0.001442371984012425
1.0,1,0.9998071789741516
1.0,1,0.57358318567276
0.0,0,1.1033596365450649e-06
0.0,0,0.008690420538187027
1.0,1,0.9104754328727722
0.0,1,0.9467902779579163
0.0,0,0.00561809167265892
0.0,0,0.00010232775821350515
0.0,0,0.0027802451513707638
0.0,1,0.3682926595211029
0.0,0,0.09022117406129837
1.0,1,0.9781791567802429
0.0,0,0.0008113380754366517
0.0,0,3.30952498188708e-05
0.0,0,0.0008241659379564226
1.0,1,0.9998379945755005
0.0,0,0.00011387388803996146
1.0,1,0.9980483055114746
0.0,0,0.0015036022523418069
1.0,1,0.9999823570251465
0.0,0,0.00042092372314073145
0.0,0,0.1546422243118286
0.0,0,0.0008166097104549408
1.0,1,0.9999033212661743
0.0,0,0.004134444985538721
1.0,1,0.9999840259552002
1.0,1,0.885186493396759
1.0,1,0.9954858422279358
0.0,1,0.5413944125175476
0.0,0,2.6903560410573846e-06
1.0,1,0.9336345195770264
1.0,1,0.9930850267410278
1.0,1,0.9999715089797974
1.0,1,0.8752806186676025
0.0,1,0.5043402314186096
0.0,0,0.0016026694793254137
1.0,1,0.9999151229858398
0.0,0,0.018330981954932213
1.0,1,0.9968756437301636
0.0,0,0.025802727788686752
1.0,1,0.5362502932548523
0.0,0,0.008969862945377827
1.0,1,0.4068266749382019
0.0,0,0.006478745024651289
0.0,0,0.005611419677734375
1.0,1,0.9899292588233948
1.0,1,0.9944467544555664
1.0,1,0.9973368048667908
0.0,0,0.012188717722892761
0.0,1,0.9534094333648682
0.0,0,0.10730613023042679
1.0,1,0.9999666213989258
0.0,0,0.000625362794380635
0.0,0,0.001976920757442713
0.0,0,0.004072926007211208
1.0,1,0.8681338429450989
0.0,0,0.007103638257831335
1.0,0,0.021162282675504684
0.0,0,0.0056293015368282795
0.0,0,0.0002568023919593543
1.0,1,0.9996607303619385
1.0,1,0.9999692440032959
1.0,1,0.8311135768890381
0.0,0,0.02229907549917698
0.0,0,0.020986096933484077
0.0,0,0.13991914689540863
0.0,0,2.951456372102257e-05
1.0,1,0.9966568946838379
1.0,1,0.9999841451644897
0.0,0,0.0003074662236031145
0.0,0,0.09993976354598999
0.0,0,0.0015307501889765263
0.0,0,0.031836699694395065
0.0,0,0.17219991981983185
0.0,0,0.043666403740644455
1.0,1,0.9853901863098145
1.0,1,0.9949126243591309
0.0,1,0.8544484376907349
0.0,0,0.00021718669449910522
0.0,0,0.002384359482675791
0.0,0,0.1381753832101822
0.0,0,0.021079203113913536
0.0,0,0.00023404388048220426
1.0,1,0.896876335144043
0.0,0,7.055525202304125e-05
1.0,1,0.34188488125801086
0.0,0,0.005901602562516928
0.0,0,0.00013648120511788875
0.0,1,0.6678864359855652
0.0,0,0.00289780437014997
1.0,1,0.9783174991607666
0.0,0,0.016231201589107513
1.0,1,0.9999997615814209
0.0,0,0.005767104681581259
1.0,0,0.0009329968597739935
1.0,1,0.9984607696533203
0.0,1,0.3868387043476105
1.0,1,0.9652798175811768
1.0,1,0.9615144729614258
1.0,1,0.9996907711029053
1.0,1,0.999995231628418
0.0,0,0.0014048791490495205
0.0,1,0.93506920337677
0.0,0,0.005870359018445015
1.0,1,0.994634747505188
1.0,1,0.9364652037620544
0.0,0,0.0004983206745237112
0.0,0,0.009049604646861553
1.0,1,0.9933263063430786
1.0,1,0.9842618703842163
0.0,1,0.31864285469055176
1.0,1,0.998239278793335
0.0,0,0.061434514820575714
1.0,1,0.9999374151229858
1.0,1,0.9994698166847229
1.0,1,0.790834903717041
1.0,0,0.11976862698793411
1.0,1,0.994171679019928
1.0,1,0.9985590577125549
1.0,1,0.9992584586143494
1.0,1,0.9999120235443115
1.0,1,0.9964427351951599
0.0,1,0.9723471403121948
1.0,1,0.9978639483451843
1.0,1,0.9122644066810608
0.0,1,0.5307930111885071
0.0,0,0.0007845071377232671
0.0,0,0.0005733671132475138
0.0,0,4.799615635420196e-05
0.0,0,0.0012739113299176097
0.0,0,0.0013217057567089796
0.0,0,0.005126300733536482
0.0,1,0.5982722640037537
0.0,0,0.0003331773914396763
0.0,0,0.09457702189683914
1.0,1,0.9077572822570801
1.0,1,0.9999743700027466
1.0,1,0.9998661279678345
1.0,1,0.9905727505683899
0.0,1,0.7356083989143372
1.0,1,0.9995055198669434
0.0,1,0.9997820258140564
0.0,0,0.05849906802177429
1.0,1,0.9944930076599121
0.0,0,0.004628931637853384
0.0,1,0.8263294100761414
1.0,1,0.8901850581169128
1.0,1,0.9960315823554993
0.0,0,0.001558669493533671
0.0,0,0.053994372487068176
1.0,1,0.7887918949127197
1.0,0,0.0051200236193835735
0.0,0,0.05355121195316315
1.0,1,0.9998430013656616
0.0,0,0.02853451855480671
0.0,0,0.00010722106526372954
1.0,1,0.9749864339828491
0.0,0,0.17332984507083893
1.0,1,0.9999207258224487
0.0,0,0.0172995924949646
0.0,0,0.08374461531639099
0.0,0,0.003600700292736292
0.0,0,1.5495736079174094e-05
0.0,1,0.5486651062965393
1.0,1,0.8899239897727966
0.0,0,0.00017027439025696367
0.0,0,0.0021948437206447124
1.0,1,0.9889841675758362
0.0,0,0.0007151523604989052
0.0,0,0.0005927726742811501
0.0,0,4.646270099328831e-05
0.0,0,0.0136159872636199
0.0,0,0.2997235953807831
0.0,1,0.999669075012207
0.0,0,0.008742714300751686
0.0,0,0.0027462048456072807
1.0,1,0.9999560117721558
0.0,0,0.008228396996855736
1.0,1,0.9993230104446411
1.0,1,0.9999850988388062
1.0,1,0.9948223829269409
0.0,0,0.040189698338508606
0.0,0,0.0016498483018949628
1.0,1,0.9999996423721313
0.0,0,2.107534783135634e-05
0.0,0,0.07898105680942535
0.0,0,0.0004952726885676384
0.0,1,0.32215794920921326
0.0,0,0.07726108282804489
1.0,1,0.9998621940612793
0.0,1,0.8208826780319214
1.0,0,0.0671491026878357
0.0,0,0.019764449447393417
1.0,1,0.998638927936554
0.0,0,0.00033091590739786625
1.0,1,0.9923555850982666
0.0,0,0.002103347796946764
1.0,1,0.9958809614181519
1.0,1,0.42642781138420105
0.0,0,0.04351924732327461
1.0,0,0.00911695696413517
0.0,0,8.850701851770282e-05
1.0,1,0.9974617958068848
1.0,1,0.9999788999557495
0.0,0,0.01625928469002247
1.0,1,0.9955737590789795
0.0,0,0.0008075459627434611
1.0,1,0.9994202852249146
0.0,0,0.00036732875742018223
1.0,1,0.9518269300460815
1.0,0,0.13594894111156464
0.0,0,0.3113258481025696
1.0,1,0.9565334320068359
0.0,0,0.08589517325162888
0.0,0,0.00022737438848707825
0.0,0,0.02921449765563011
1.0,1,0.7305929660797119
0.0,0,0.000104016755358316
0.0,0,1.5899791833362542e-05
0.0,0,0.0005781700019724667
1.0,0,2.6338542738812976e-05
0.0,0,0.0021170699037611485
0.0,1,0.6825554966926575
1.0,1,0.9917922019958496
1.0,1,0.9999827146530151
1.0,1,0.9999215602874756
0.0,0,0.00010681735875550658
1.0,1,0.9909892678260803
1.0,1,0.9918960928916931
1.0,1,0.8679980039596558
0.0,1,0.989057719707489
0.0,0,0.00025664674467407167
1.0,1,0.9905921816825867
1.0,1,0.970998227596283
0.0,0,0.001715726568363607
0.0,0,0.07561296224594116
1.0,1,0.9999945163726807
0.0,0,0.0970664918422699
0.0,0,0.003134234109893441
0.0,0,0.016112131997942924
1.0,1,0.9941377639770508
0.0,0,0.0001425772497896105
1.0,1,0.9382762312889099
0.0,1,0.938230037689209
0.0,0,0.2646411061286926
1.0,1,0.9972814321517944
1.0,1,0.9998332262039185
1.0,1,0.8399218916893005
0.0,0,0.0016889184480533004
0.0,0,0.0005193912074901164
0.0,0,9.893607057165354e-05
1.0,0,0.014104333706200123
1.0,0,0.03414984792470932
0.0,0,8.731894013180863e-06
1.0,1,0.9956871867179871
0.0,0,0.031127125024795532
0.0,0,0.0007249013287946582
0.0,1,0.9623775482177734
0.0,0,0.018129192292690277
0.0,0,0.019844043999910355
0.0,0,0.04222014173865318
0.0,0,0.05290066823363304
1.0,1,0.9941207766532898
1.0,1,0.9978491067886353
1.0,1,0.9848218560218811
1.0,1,0.9960675239562988
1.0,1,0.9989000558853149
1.0,1,0.9993058443069458
1.0,1,0.8683739900588989
1.0,1,0.9625808596611023
1.0,1,0.9993034601211548
1.0,1,0.9997413754463196
1.0,1,0.9988667964935303
0.0,0,0.0042581334710121155
0.0,0,0.012994667515158653
0.0,0,0.000451870437245816
0.0,0,0.1601073145866394
0.0,0,0.02023780159652233
0.0,0,0.0009532832773402333
0.0,0,5.632836473523639e-05
0.0,0,0.00019438618619460613
1.0,1,0.9867991805076599
1.0,1,0.9918022751808167
1.0,1,0.9714880585670471
0.0,0,0.2698352038860321
0.0,0,0.005502921063452959
0.0,0,0.006588797550648451
0.0,0,0.00026163295842707157
0.0,0,0.0009868734050542116
0.0,0,0.0011268921662122011
1.0,1,0.6499864459037781
0.0,0,0.00033159207669086754
0.0,0,0.006215732078999281
0.0,0,5.092930587125011e-05
0.0,0,0.0005426766583696008
0.0,0,0.0003244324179831892
1.0,1,0.9997139573097229
0.0,0,0.0027012634091079235
1.0,1,0.9690194129943848
0.0,0,0.0007691041682846844
0.0,0,0.010059003718197346
0.0,0,0.1006358191370964
0.0,0,1.3561767445935402e-05
0.0,0,0.015238228254020214
0.0,0,0.021528935059905052
0.0,0,0.000912956427782774
1.0,1,0.9999885559082031
1.0,1,0.9997729659080505
1.0,1,0.9347259402275085
0.0,1,0.9805383086204529
0.0,0,0.00011897570948349312
1.0,1,0.994659960269928
1.0,1,0.9984622001647949
0.0,0,0.010954249650239944
1.0,1,0.9918768405914307
1.0,1,0.999994158744812
0.0,0,0.0004469569830689579
0.0,0,0.003543013473972678
0.0,0,0.0025539426133036613
1.0,1,0.9226676225662231
0.0,0,0.08532306551933289
0.0,0,0.0021600378677248955
1.0,1,0.9712092280387878
1.0,1,0.99981290102005
0.0,0,0.002261628396809101
1.0,1,0.5360658168792725
0.0,0,0.00020596577087417245
1.0,1,0.5769702196121216
0.0,0,0.000788531091529876
1.0,1,0.8983450531959534
1.0,0,0.03784758597612381
1.0,1,0.9999616146087646
0.0,1,0.7963630557060242
1.0,1,0.9996626377105713
0.0,1,0.39968225359916687
0.0,0,0.0011869678273797035
0.0,0,0.006010856479406357
1.0,1,0.8348870873451233
0.0,0,0.0867660641670227
0.0,1,0.994107723236084
0.0,0,0.2699083685874939
0.0,0,0.026475215330719948
0.0,0,0.00016434708959423006
1.0,0,0.16951434314250946
1.0,1,0.9998186230659485
0.0,0,0.00037246703868731856
0.0,0,0.00015670657739974558
0.0,0,7.461305358447134e-05
1.0,1,0.6280159950256348
0.0,0,0.0007127634598873556
0.0,1,0.9979034662246704
1.0,1,0.9374305009841919
0.0,0,0.057878993451595306
0.0,0,0.016549039632081985
0.0,0,0.00267845974303782
0.0,0,0.01234351098537445
1.0,1,0.9863503575325012
0.0,0,0.0021649182308465242
0.0,0,0.005692485719919205
0.0,0,0.00014342894428409636
0.0,0,0.004256474319845438
1.0,0,0.008626354858279228
1.0,0,0.16865764558315277
1.0,1,0.9999922513961792
0.0,1,0.9509202837944031
1.0,1,0.9992702603340149
0.0,0,0.004626214969903231
1.0,1,0.9041016697883606
1.0,1,0.9974141120910645
1.0,1,0.996326744556427
0.0,0,0.00010552149615250528
1.0,1,0.9993539452552795
0.0,0,0.0893164724111557
1.0,1,0.995524525642395
1.0,1,0.998382568359375
1.0,1,0.37482160329818726
0.0,0,0.07689054310321808
1.0,1,0.9916794896125793
0.0,1,0.4624021649360657
1.0,1,0.9504640102386475
1.0,1,0.9973215460777283
0.0,0,0.042169518768787384
1.0,1,0.8404984474182129
0.0,0,0.0011231241514906287
0.0,0,0.0006874658283777535
1.0,1,0.621345579624176
0.0,0,0.008786640129983425
1.0,1,0.9123911261558533
1.0,1,0.9996497631072998
0.0,0,0.021173691377043724
0.0,0,0.08522433042526245
0.0,0,5.02750197028945e-07
0.0,0,0.00037243435508571565
0.0,0,0.00023763075296301395
0.0,0,0.07294567674398422
1.0,1,0.9999943971633911
0.0,0,0.1255042999982834
0.0,0,0.00016532029258087277
0.0,1,0.9812343716621399
0.0,0,0.11130009591579437
0.0,0,4.432750210980885e-05
0.0,0,0.0011152282822877169
0.0,1,0.9064422249794006
1.0,0,0.011735577136278152
1.0,1,0.9998459815979004
0.0,0,0.03434285521507263
0.0,0,0.0019538928754627705
0.0,0,8.383008389500901e-05
0.0,0,0.00020739210594911128
0.0,0,0.003294532187283039
1.0,0,0.071819007396698
0.0,0,0.005567374173551798
1.0,1,0.9990202188491821
0.0,1,0.9997145533561707
0.0,1,0.7512337565422058
1.0,0,0.18712836503982544
0.0,0,0.0005124573945067823
0.0,0,0.0007106743869371712
0.0,0,0.00018710803124122322
0.0,0,0.0003207474364899099
0.0,0,0.0027379042003303766
0.0,0,0.002593517769128084
1.0,1,0.9361984729766846
1.0,0,0.004961270373314619
1.0,0,0.05836229771375656
1.0,1,0.9997870326042175
0.0,0,0.25239744782447815
0.0,0,0.07398797571659088
0.0,0,0.000416699011111632
1.0,1,0.998683750629425
1.0,1,0.8245171904563904
0.0,0,0.0013421770418062806
1.0,1,0.9931278228759766
0.0,0,0.036832328885793686
0.0,0,0.0024522996973246336
0.0,0,0.011432281695306301
1.0,1,0.7416274547576904
0.0,0,2.411790228507016e-05
1.0,0,0.25846344232559204
1.0,1,0.9999639987945557
1.0,0,0.15401342511177063
1.0,1,0.9877174496650696
0.0,0,0.004617978818714619
0.0,0,1.0751234185590874e-05
1.0,1,0.9998138546943665
1.0,1,0.9999947547912598
0.0,0,0.09228972345590591
1.0,1,0.9997707009315491
1.0,1,0.9999792575836182
0.0,1,0.9535697102546692
1.0,1,0.6233870983123779
1.0,1,0.9999855756759644
0.0,0,0.008991251699626446
0.0,0,0.044563181698322296
0.0,0,0.1706695556640625
1.0,0,0.11511079221963882
0.0,0,0.17127515375614166
1.0,1,0.9978684186935425
0.0,0,0.0008528969483450055
0.0,0,0.000426912127295509
0.0,0,0.0027369067538529634
0.0,0,3.0320619771373458e-05
1.0,1,0.9987221360206604
0.0,0,0.1383051723241806
0.0,0,0.12719425559043884
0.0,0,0.002523083472624421
1.0,1,0.9999715089797974
0.0,0,0.2342446893453598
1.0,1,0.9989581108093262
1.0,1,0.9996364116668701
1.0,1,0.9998706579208374
1.0,0,0.24402721226215363
1.0,1,0.9999065399169922
0.0,0,0.0002108369953930378
0.0,0,1.91265808098251e-05
1.0,1,0.9998372793197632
1.0,1,0.9999899864196777
1.0,1,0.9993688464164734
1.0,1,0.9999936819076538
1.0,1,0.9945090413093567
0.0,0,0.0007566938293166459
1.0,1,0.9998736381530762
0.0,0,0.0006942899199202657
1.0,1,0.9997966885566711
0.0,0,0.0005207073409110308
1.0,1,0.9996935129165649
0.0,1,0.9277018904685974
0.0,0,0.012046643532812595
0.0,0,0.051421117037534714
1.0,1,0.9988179802894592
0.0,0,9.256066550733522e-05
1.0,1,0.9971074461936951
1.0,1,0.9935464262962341
0.0,0,0.0029555426444858313
0.0,0,0.06857269257307053
0.0,0,0.06503435969352722
1.0,1,0.9998990297317505
0.0,0,0.0001140368840424344
0.0,0,0.013451722450554371
0.0,0,0.0009726360440254211
0.0,1,0.33654311299324036
1.0,1,0.7330499887466431
1.0,1,0.9921740293502808
0.0,0,0.0018656665924936533
0.0,1,0.4048149585723877
0.0,0,0.0003345958248246461
0.0,0,0.007259313482791185
1.0,1,0.9999982118606567
1.0,1,0.8516839146614075
0.0,1,0.9856743216514587
0.0,0,2.9671244192286395e-05
1.0,1,0.9971428513526917
1.0,1,0.658815324306488
1.0,1,0.995448887348175
1.0,1,0.7289807796478271
1.0,0,0.0013912845170125365
0.0,0,5.5274875194299966e-05
1.0,1,0.5359216332435608
0.0,0,0.0035179229453206062
0.0,0,0.00018858678231481463
0.0,0,0.07773535698652267
1.0,1,0.7803571820259094
0.0,1,0.7689589858055115
0.0,0,0.011436685919761658
0.0,0,0.00035158771788701415
0.0,0,0.014701051637530327
0.0,1,0.6255972385406494
0.0,0,0.012463714927434921
0.0,0,0.0029289729427546263
1.0,1,0.45556193590164185
0.0,0,0.29833894968032837
0.0,0,0.05753745138645172
1.0,1,0.36749133467674255
0.0,0,0.13499531149864197
0.0,1,0.5222921371459961
1.0,1,0.9990731477737427
0.0,1,0.7262820601463318
1.0,0,0.010326568968594074
1.0,1,0.9652583003044128
0.0,0,2.0148112525930628e-05
1.0,1,0.9990218877792358
0.0,0,0.05048881098628044
0.0,0,0.0005911216139793396
0.0,1,0.6203179359436035
0.0,1,0.6073070168495178
0.0,0,0.1942002922296524
1.0,1,0.9992634654045105
1.0,1,0.9996213912963867
1.0,0,0.0014265690697357059
0.0,0,0.00010560806549619883
1.0,1,0.9957427382469177
0.0,1,0.9625712037086487
0.0,0,2.1484249373315834e-05
0.0,0,0.00017267921066377312
0.0,0,0.04935535043478012
0.0,0,0.0007265833555720747
0.0,0,0.02807939425110817
0.0,0,0.00036797102075070143
0.0,0,9.473504178458825e-05
1.0,1,0.9844033718109131
0.0,0,0.0010492362780496478
1.0,1,0.9003167152404785
0.0,1,0.8800193667411804
1.0,1,0.9999183416366577
0.0,0,0.007334708236157894
0.0,0,0.10409519821405411
1.0,1,0.9560047388076782
0.0,0,0.00029152733623050153
1.0,1,0.9121682047843933
0.0,0,0.00028195392224006355
1.0,1,0.9998636245727539
0.0,0,7.327782805077732e-05
0.0,1,0.9008575677871704
1.0,1,0.9999523162841797
0.0,0,0.20258517563343048
1.0,1,0.999828577041626
1.0,1,0.9990532994270325
0.0,0,0.16727137565612793
0.0,0,0.00271959719248116
0.0,0,0.3083195090293884
0.0,1,0.5537324547767639
1.0,1,0.9999129772186279
0.0,0,0.005703465081751347
1.0,1,0.999815046787262
1.0,1,0.9960122108459473
0.0,0,0.0051770745776593685
0.0,1,0.890110969543457
1.0,0,0.1653348058462143
1.0,1,0.9738353490829468
1.0,1,0.9987190961837769
0.0,0,0.0006722593097947538
0.0,0,6.550116813741624e-05
0.0,0,2.7775637136073783e-05
1.0,1,0.9669643044471741
1.0,1,0.9498841166496277
0.0,0,0.0008733814465813339
1.0,0,0.010857068933546543
0.0,0,0.000906514294911176
1.0,1,0.5067380666732788
0.0,1,0.6106260418891907
1.0,1,0.9919420480728149
1.0,1,0.9356563091278076
0.0,0,0.0013562306994572282
0.0,0,0.0009495048434473574
0.0,0,0.010158859193325043
0.0,1,0.9964117407798767
1.0,1,0.9956034421920776
0.0,0,0.00022308599727693945
0.0,0,0.0020357768516987562
0.0,0,0.0008539801347069442
0.0,0,0.007563287392258644
1.0,1,0.993735134601593
0.0,0,0.005151070654392242
1.0,1,0.7088475823402405
1.0,1,0.9976409673690796
0.0,0,6.378046236932278e-05
0.0,0,0.10551795363426208
0.0,0,0.011652812361717224
1.0,1,0.9984307885169983
1.0,1,0.9986172914505005
0.0,0,0.00018495606491342187
1.0,1,0.8849633932113647
0.0,0,0.001831510802730918
0.0,0,0.0007963693933561444
0.0,1,0.8665686249732971
0.0,0,0.00013571372255682945
0.0,1,0.47304075956344604
0.0,0,0.005163474474102259
1.0,1,0.9966913461685181
0.0,0,0.0003796675009652972
0.0,0,0.009046039544045925
0.0,0,0.04066769778728485
0.0,0,0.15062759816646576
1.0,1,0.9728264808654785
0.0,0,0.00028823027969338
0.0,0,0.0010004658252000809
1.0,1,0.9933276176452637
1.0,1,0.9997691512107849
1.0,1,0.9999988079071045
1.0,0,0.2524348199367523
0.0,0,0.008721581660211086
1.0,1,0.8053484559059143
1.0,0,0.2297467291355133
1.0,1,0.31938251852989197
0.0,0,0.010360815562307835
1.0,1,0.9999605417251587
1.0,1,0.9997207522392273
0.0,0,0.00507376017048955
1.0,1,0.970413327217102
1.0,1,0.988852858543396
1.0,1,0.999014139175415
1.0,1,0.9952697157859802
0.0,1,0.9877979159355164
1.0,1,0.9988210797309875
1.0,1,0.9800799489021301
1.0,1,0.939211905002594
0.0,0,0.000534487480763346
1.0,1,0.9999505281448364
0.0,0,0.0005889909225516021
0.0,0,0.0015161458868533373
1.0,1,0.9973477125167847
0.0,1,0.9887012243270874
0.0,0,0.0017033483600243926
1.0,1,0.9994193315505981
1.0,0,0.06888962537050247
0.0,0,0.0006197872571647167
0.0,0,9.742799738887697e-05
1.0,1,0.9982207417488098
1.0,0,0.005647582467645407
0.0,0,0.01334446482360363
1.0,1,0.9998747110366821
0.0,0,0.017307840287685394
0.0,0,9.970225801225752e-05
0.0,0,0.053326644003391266
0.0,0,0.19161221385002136
0.0,0,0.03526576980948448
0.0,0,0.0017867140704765916
1.0,1,0.9993413090705872
1.0,1,0.9997159838676453
1.0,1,0.9998031258583069
1.0,1,0.9999613761901855
0.0,0,0.0009475287515670061
0.0,0,0.007503575179725885
0.0,0,1.985717608476989e-05
0.0,0,0.0007353296387009323
0.0,0,0.008232238702476025
0.0,0,4.697388067143038e-05
1.0,1,0.9999163150787354
0.0,0,0.02256288006901741
1.0,1,0.996828019618988
0.0,0,8.8614942796994e-05
0.0,0,0.002127618994563818
0.0,0,0.0004672258219216019
0.0,0,0.000657922588288784
0.0,1,0.9717535376548767
0.0,0,0.028626656159758568
0.0,1,0.33538809418678284
0.0,0,0.29850533604621887
0.0,0,0.004555473569780588
0.0,0,0.0002616903220769018
1.0,1,0.3524909019470215
0.0,0,0.10533574968576431
1.0,1,0.999815046787262
0.0,0,0.15835700929164886
0.0,0,0.007273728959262371
1.0,0,0.015398879535496235
1.0,1,0.9999754428863525
0.0,0,7.008581633272115e-06
0.0,0,0.002022696193307638
1.0,1,0.47189992666244507
1.0,1,0.998939573764801
0.0,0,0.0018433182267472148
0.0,0,0.0005912351189181209
1.0,0,0.08030131459236145
1.0,1,0.9972201585769653
1.0,1,0.999495267868042
0.0,0,0.140314519405365
1.0,0,0.06122969835996628
0.0,0,0.009804362431168556
1.0,1,0.9593267440795898
1.0,1,0.9754272699356079
0.0,0,0.024396724998950958
1.0,1,0.9955465793609619
0.0,0,0.0072492132894694805
0.0,0,0.030483491718769073
0.0,0,0.0002645073109306395
1.0,1,0.9999969005584717
0.0,0,0.013973226770758629
0.0,0,0.028785424306988716
0.0,0,0.0007917570765130222
0.0,0,0.011689268052577972
0.0,0,0.004688170738518238
1.0,1,0.9814358353614807
0.0,0,0.03677019104361534
1.0,1,0.9945278763771057
0.0,0,0.16999736428260803
0.0,0,0.11952389776706696
0.0,0,0.001022986019961536
0.0,0,7.224814180517569e-05
1.0,1,0.9997929930686951
1.0,1,0.9986466765403748
0.0,0,0.00011868357978528365
0.0,0,0.09888389706611633
1.0,0,0.07567716389894485
1.0,0,0.06227152422070503
0.0,0,0.0029762915801256895
0.0,0,0.00016731560754124075
1.0,1,0.9999741315841675
0.0,0,0.003563428297638893
0.0,0,4.590347089106217e-05
1.0,1,0.9499267935752869
1.0,1,0.7250139117240906
0.0,1,0.9997509121894836
1.0,1,0.9644739627838135
0.0,0,0.0009817301761358976
1.0,1,0.9959568381309509
0.0,1,0.7251790761947632
0.0,0,0.020228544250130653
0.0,0,0.00043619339703582227
0.0,0,0.003140136133879423
1.0,1,0.9983128309249878
0.0,0,0.04994920641183853
1.0,1,0.9998194575309753
0.0,0,0.030578460544347763
1.0,1,0.9524502158164978
0.0,0,0.06481047719717026
0.0,0,5.48814787180163e-05
1.0,1,0.3252888321876526
0.0,0,1.8593618733575568e-05
1.0,1,0.9997014403343201
1.0,1,0.9964787364006042
0.0,0,6.902698805788532e-05
0.0,0,0.006392235867679119
0.0,0,0.017548630014061928
0.0,0,4.693089795182459e-05
1.0,1,0.9192146062850952
1.0,1,0.514579176902771
0.0,0,0.021454453468322754
0.0,0,0.0004882932989858091
0.0,1,0.9622741937637329
1.0,1,0.465267539024353
0.0,1,0.9957564473152161
0.0,0,5.550379864871502e-05
0.0,0,0.026792436838150024
1.0,1,0.9995500445365906
1.0,1,0.7793667316436768
0.0,1,0.6433665156364441
0.0,0,0.0020266473293304443
0.0,0,6.0519501857925206e-05
0.0,0,0.0010137767530977726
1.0,1,0.999941349029541
0.0,0,0.011340041644871235
0.0,0,0.08931772410869598
0.0,0,0.0008568426128476858
1.0,1,0.7479270696640015
0.0,0,0.004827515222132206
1.0,1,0.986577033996582
0.0,0,8.549736230634153e-05
1.0,1,0.8173847794532776
1.0,1,0.9958423972129822
0.0,1,0.4545610547065735
1.0,1,0.9992150068283081
0.0,0,0.03202589973807335
0.0,0,0.002999928779900074
0.0,0,0.0003444089670665562
0.0,0,0.0069254194386303425
0.0,0,0.00012315594358369708
0.0,0,0.00011629688378889114
1.0,1,0.9999983310699463
0.0,0,0.04410848021507263
0.0,0,0.05858520418405533
1.0,1,0.977929949760437
0.0,0,0.3112960755825043
0.0,0,0.0007880153716541827
0.0,0,0.014770335517823696
0.0,0,0.00022318556148093194
0.0,0,0.061284389346838
0.0,0,0.0014101994456723332
1.0,1,0.3661631643772125
0.0,0,0.005672607570886612
1.0,1,0.9999456405639648
0.0,0,0.0022776881232857704
0.0,0,0.0002770910214167088
1.0,1,0.9123755693435669
0.0,0,0.017814548686146736
0.0,1,0.3961459994316101
0.0,0,0.05687180161476135
0.0,0,2.7051728466176428e-05
1.0,0,0.0405237153172493
0.0,0,6.067487902328139e-06
0.0,0,0.05719327926635742
0.0,0,0.2698315680027008
0.0,1,0.9796740412712097
0.0,0,0.0009564774809405208
1.0,1,0.9965412020683289
1.0,1,0.7524715065956116
1.0,1,0.9979968667030334
1.0,1,0.9407451152801514
0.0,1,0.7574638724327087
0.0,0,0.0007294275565072894
0.0,0,0.19958999752998352
0.0,0,0.00017860255320556462
0.0,0,3.86111787520349e-05
0.0,0,0.0004110876761842519
0.0,0,0.00122526113409549
0.0,0,7.055094465613365e-05
0.0,0,0.003513870295137167
0.0,0,2.923053216363769e-05
1.0,1,0.7306039333343506
0.0,0,0.07038040459156036
0.0,1,0.8927745819091797
0.0,1,0.8664314150810242
0.0,0,0.001061135670170188
0.0,0,0.0005440823151730001
0.0,0,0.11732951551675797
0.0,0,7.299787102965638e-05
1.0,1,0.9843196272850037
0.0,0,1.1454142622824293e-05
0.0,0,0.045120447874069214
1.0,1,0.9994376301765442
1.0,1,0.9879468083381653
1.0,1,0.8320629000663757
1.0,1,0.9583821892738342
0.0,0,6.628194387303665e-05
1.0,1,0.9999550580978394
0.0,1,0.9702656269073486
0.0,0,0.009340972639620304
0.0,0,0.06585759669542313
1.0,1,0.9992961883544922
0.0,1,0.33457550406455994
1.0,1,0.9981922507286072
1.0,1,0.9978460073471069
0.0,0,0.0001717645354801789
0.0,0,0.2182568609714508
1.0,1,0.9836739301681519
0.0,0,0.0002904226421378553
1.0,1,0.9990658164024353
1.0,0,0.16179348528385162
0.0,1,0.41743937134742737
0.0,0,0.0010404259664937854
0.0,0,0.000769033853430301
0.0,0,0.007148035801947117
1.0,1,0.8853245973587036
0.0,0,0.004230526741594076
1.0,1,0.9915383458137512
0.0,0,0.0009747555013746023
1.0,1,0.8168304562568665
0.0,0,0.0008404703694395721
1.0,1,0.9998667240142822
0.0,0,0.013742138631641865
1.0,1,0.9104616641998291
0.0,0,0.04973568767309189
1.0,1,0.9996527433395386
1.0,1,0.9998855590820312
1.0,1,0.8871011734008789
1.0,1,0.9917939305305481
0.0,0,0.011480756103992462
0.0,1,0.9642757773399353
1.0,1,0.9994402527809143
0.0,0,0.00011405318946344778
0.0,1,0.7157726287841797
1.0,1,0.9997453093528748
0.0,0,0.00018499344878364354
1.0,1,0.9960499405860901
0.0,0,0.0139828035607934
0.0,0,0.0009581976919434965
1.0,1,0.9988948702812195
1.0,1,0.9994795918464661
0.0,0,0.000898830418009311
0.0,0,0.0012788244057446718
1.0,1,0.9995068311691284
0.0,0,0.0003501389001030475
0.0,0,5.72195858694613e-06
1.0,1,0.9999476671218872
1.0,1,0.5040144324302673
0.0,0,0.0001733443496050313
1.0,1,0.9896893501281738
1.0,1,0.9102931618690491
0.0,0,0.05549874156713486
1.0,1,0.9510201215744019
1.0,1,0.9998797178268433
0.0,0,0.001226960332132876
0.0,0,0.00032193641527555883
1.0,1,0.9951503872871399
0.0,0,1.1290379916317761e-05
0.0,0,0.046861641108989716
0.0,0,0.00018953281687572598
1.0,1,0.9996680021286011
1.0,1,0.9821842908859253
0.0,0,0.00017792130529414862
0.0,0,0.000567335169762373
1.0,1,0.9999986886978149
0.0,0,0.0023542216513305902
0.0,1,0.808786153793335
0.0,0,0.01566663384437561
0.0,0,0.0009680474759079516
0.0,0,0.001683362410403788
1.0,1,0.9971550703048706
1.0,1,0.9999854564666748
1.0,1,0.9968143105506897
0.0,0,0.0007814621785655618
1.0,1,0.9643707871437073
0.0,0,0.012865377590060234
0.0,0,0.0021728179417550564
1.0,1,0.7440635561943054
0.0,0,0.01631150394678116
1.0,1,0.9930110573768616
1.0,0,0.08707739412784576
0.0,0,9.541081089992076e-05
1.0,1,0.999967098236084
1.0,1,0.6009669899940491
0.0,0,3.233491224818863e-05
1.0,1,0.9817814826965332
0.0,0,0.00034767892793752253
1.0,1,0.9976397752761841
1.0,1,0.8015713691711426
0.0,0,0.039910681545734406
0.0,0,0.001092757796868682
0.0,0,0.00047935868497006595
1.0,1,0.9974445104598999
0.0,0,0.09836705774068832
1.0,1,0.6202669143676758
1.0,1,0.8267688155174255
1.0,1,0.9998389482498169
0.0,1,0.8043023943901062
1.0,0,0.24178484082221985
1.0,1,0.4723184406757355
1.0,1,0.6641746759414673
0.0,0,0.0006495279376395047
0.0,0,0.001438176492229104
1.0,1,0.9999370574951172
1.0,1,0.9995831847190857
1.0,1,0.8846231698989868
1.0,1,0.6698877215385437
0.0,0,0.004751028958708048
0.0,0,0.0003858555282931775
1.0,1,0.9904278516769409
1.0,1,0.9999793767929077
1.0,1,0.6698722243309021
1.0,1,0.9566349983215332
1.0,1,0.9999867677688599
1.0,1,0.9988194108009338
1.0,1,0.9925599098205566
0.0,0,0.0002496944216545671
0.0,0,0.0013754882384091616
1.0,1,0.4416992962360382
1.0,1,0.9971254467964172
0.0,0,0.01656399294734001
0.0,0,5.747531758970581e-06
0.0,0,0.03216928988695145
0.0,0,0.0007386181387118995
1.0,1,0.9951019287109375
1.0,1,0.9999083280563354
0.0,0,0.01907079480588436
0.0,1,0.9753501415252686
0.0,0,0.0009783002315089107
1.0,1,0.9807814359664917
0.0,0,0.00010650428885128349
0.0,0,0.2569827437400818
1.0,1,0.999832034111023
0.0,0,0.020862799137830734
0.0,1,0.4163731336593628
1.0,1,0.9407792687416077
0.0,0,0.0002859350061044097
1.0,1,0.9873599410057068
1.0,1,0.9702723622322083
1.0,1,0.9246819019317627
1.0,1,0.9997633099555969
0.0,0,0.0016180828679352999
0.0,0,5.135859100846574e-05
1.0,1,0.9632765650749207
0.0,0,0.16432909667491913
1.0,1,0.9990609288215637
0.0,0,0.27869436144828796
0.0,0,0.0015522897010669112
0.0,0,0.00012733726180158556
0.0,0,0.024878500029444695
0.0,0,0.005702759139239788
0.0,0,0.0006546348449774086
0.0,0,0.0022519833873957396
0.0,0,0.09104032814502716
0.0,0,0.0017652577953413129
0.0,1,0.8264672756195068
0.0,0,0.014247484505176544
0.0,0,0.010067645460367203
1.0,1,0.9992859959602356
0.0,0,0.0012544469209387898
0.0,0,0.0024717648047953844
0.0,0,0.0014871498569846153
1.0,1,0.99988853931427
0.0,1,0.9445602893829346
0.0,0,0.0009666889091022313
0.0,0,0.001128881936892867
0.0,0,0.0005400342051871121
1.0,1,0.9997584223747253
1.0,1,0.5864627957344055
1.0,1,0.9999812841415405
0.0,0,0.0030288957059383392
0.0,0,0.011365893296897411
0.0,0,0.04413938522338867
1.0,1,0.5991541147232056
0.0,0,0.007387273944914341
0.0,1,0.8257469534873962
0.0,0,0.013198286294937134
0.0,0,0.2974592447280884
1.0,1,0.9991655349731445
0.0,0,0.00014611132792197168
1.0,1,0.9733632206916809
1.0,1,0.9650542736053467
0.0,0,4.31323132943362e-06
1.0,1,0.9860299229621887
0.0,0,0.002577576320618391
0.0,0,0.0011070499895140529
0.0,1,0.9900598526000977
0.0,0,0.0006866863113828003
0.0,0,0.00160392583347857
0.0,0,0.004004638642072678
0.0,0,0.0019225351279601455
0.0,0,6.760887481505051e-05
1.0,1,0.9997912049293518
1.0,1,0.999891996383667
0.0,0,0.00018181084305979311
0.0,0,0.003276266623288393
0.0,0,0.0034192658495157957
0.0,1,0.9952011108398438
0.0,1,0.5981387495994568
0.0,0,0.024572119116783142
1.0,1,0.9999994039535522
0.0,0,0.0009150333935394883
0.0,0,0.0003895272093359381
0.0,0,0.00035780828329734504
1.0,1,0.9998307228088379
0.0,1,0.8579967617988586
1.0,1,0.9997325539588928
0.0,1,0.6319025158882141
0.0,0,5.634258741338272e-06
0.0,0,0.0007326639024540782
0.0,0,0.0002282297209603712
1.0,1,0.8941684365272522
1.0,1,0.9999595880508423
1.0,1,0.9999974966049194
0.0,1,0.4613614082336426
0.0,0,0.00014471064787358046
0.0,0,0.004291016608476639
0.0,0,0.0010825373465195298
1.0,1,0.6025277972221375
0.0,1,0.48480090498924255
0.0,0,0.02168044075369835
1.0,1,0.9992225170135498
0.0,0,0.0002822556998580694
0.0,1,0.8188897967338562
1.0,1,0.9383950233459473
1.0,1,0.999994158744812
1.0,1,0.9685037136077881
0.0,0,0.0005543327424675226
0.0,0,0.0024093014653772116
0.0,0,0.00026966779842041433
1.0,0,0.07395883649587631
1.0,1,0.9999754428863525
1.0,1,0.9937137961387634
1.0,1,0.7777706980705261
0.0,0,0.03716125339269638
0.0,0,0.00047585455467924476
0.0,0,1.4916075087967329e-05
0.0,0,6.527444929815829e-05
0.0,0,0.019388731569051743
0.0,0,0.1075935959815979
0.0,0,0.021968508139252663
0.0,1,0.4835561215877533
1.0,1,0.9997909665107727
1.0,1,0.9992361068725586
0.0,0,0.005607116501778364
1.0,1,0.9978577494621277
0.0,1,0.5464751124382019
0.0,0,0.00037721171975135803
0.0,0,0.032219912856817245
0.0,0,0.08201313018798828
1.0,1,0.9480074644088745
0.0,0,0.0008491805056110024
1.0,1,0.9998055100440979
0.0,0,2.5037188606802374e-05
1.0,1,0.9982498288154602
0.0,0,3.246165215387009e-05
0.0,0,0.03113883174955845
1.0,1,0.9999836683273315
0.0,0,0.0003852729278150946
0.0,0,0.0038684902247041464
1.0,1,0.9999964237213135
0.0,0,1.5804853319423273e-05
0.0,0,0.0012806735467165709
1.0,1,0.9893929958343506
1.0,1,0.9847769737243652
1.0,1,0.881304144859314
0.0,0,5.704403520212509e-06
0.0,0,0.027102550491690636
1.0,1,0.9993748068809509
0.0,0,0.0002765963727142662
0.0,0,2.6292469556210563e-05
1.0,1,0.8875409960746765
0.0,1,0.9342076182365417
1.0,1,0.9953044652938843
0.0,0,0.00037095058360137045
1.0,0,0.016324974596500397
0.0,1,0.5791589021682739
1.0,1,0.7162246704101562
0.0,0,6.156095332698897e-05
0.0,0,0.0013568054419010878
1.0,1,0.9991439580917358
1.0,1,0.3191733658313751
1.0,1,0.7005084156990051
1.0,1,0.9999865293502808
0.0,0,0.0009442267473787069
0.0,0,0.0007227747119031847
1.0,1,0.9984028935432434
1.0,0,0.04475780948996544
1.0,1,0.9959153532981873
0.0,1,0.8340243697166443
0.0,0,0.061716772615909576
0.0,0,0.023277273401618004
0.0,0,2.2341230305755744e-06
1.0,1,0.9986572265625
1.0,1,0.9999687671661377
1.0,1,0.9968112111091614
1.0,1,0.9982738494873047
0.0,0,0.00022019258176442236
1.0,1,0.9605026841163635
0.0,1,0.7431787848472595
0.0,1,0.4108445644378662
0.0,1,0.6948842406272888
0.0,0,0.0035621027927845716
0.0,0,0.0036185362841933966
1.0,1,0.9987982511520386
0.0,0,0.0010548466816544533
0.0,0,0.016760138794779778
0.0,0,0.01480642706155777
0.0,0,1.95465654542204e-05
1.0,0,0.024163389578461647
0.0,0,0.00033840324613265693
1.0,1,0.9999194145202637
0.0,0,0.12613795697689056
0.0,0,0.00020612686057575047
0.0,0,3.503700099827256e-06
0.0,0,0.0007177981897257268
0.0,0,0.1938018947839737
0.0,1,0.9338613748550415
0.0,0,0.00010241503332508728
1.0,1,0.9999061822891235
0.0,0,0.002316289348527789
0.0,0,0.0003713241603691131
0.0,0,0.0001523396495031193
0.0,0,0.014618011191487312
1.0,1,0.6441129446029663
0.0,0,0.007596114184707403
0.0,0,0.22325237095355988
0.0,0,0.011124210432171822
0.0,0,0.042135875672101974
0.0,0,0.0025945750530809164
1.0,1,0.9999536275863647
0.0,0,9.91612469078973e-05
0.0,0,0.001996491337195039
0.0,1,0.5470133423805237
0.0,0,8.755825547268614e-05
1.0,1,0.5625165700912476
0.0,0,0.011682351119816303
1.0,1,0.9931221604347229
0.0,0,0.10245641320943832
0.0,0,0.00018380911205895245
1.0,1,0.40677380561828613
0.0,0,1.5915053154458292e-05
0.0,0,0.00782169308513403
0.0,1,0.9774700403213501
0.0,0,0.00661461940035224
0.0,0,0.09175070375204086
0.0,0,0.2836818993091583
0.0,0,0.00032448844285681844
0.0,0,0.00023547819000668824
1.0,1,0.9999172687530518
1.0,1,0.905261754989624
0.0,0,0.0005976445972919464
1.0,1,0.998753547668457
0.0,0,0.0010208693565800786
0.0,0,0.19839781522750854
1.0,1,0.9999477863311768
0.0,1,0.6732221245765686
0.0,1,0.9785414338111877
0.0,0,0.0008226183126680553
0.0,0,0.0005710124387405813
0.0,0,0.00042299204505980015
1.0,1,0.9994353652000427
1.0,1,0.9371358156204224
1.0,1,0.9957461953163147
1.0,1,0.9940599203109741
0.0,0,3.2245977763523115e-06
1.0,1,0.893285870552063
1.0,1,0.9996851682662964
0.0,0,0.021983226761221886
0.0,1,0.9837575554847717
1.0,0,0.22634023427963257
1.0,1,0.9980981945991516
1.0,1,0.9948627352714539
0.0,0,0.02534903772175312
1.0,1,0.9854281544685364
0.0,0,1.2261636584298685e-05
0.0,0,0.001144670182839036
0.0,0,0.003358260029926896
1.0,1,0.3599323332309723
0.0,0,0.007485153619199991
0.0,1,0.7403485178947449
0.0,0,0.0007954190368764102
0.0,0,0.0006676404736936092
0.0,0,0.0006851141806691885
0.0,0,5.8523528423393145e-05
0.0,0,0.0006314023048616946
1.0,1,0.9999344348907471
0.0,0,0.06224697828292847
1.0,0,0.15279258787631989
0.0,0,0.014176378026604652
0.0,0,0.006273272447288036
1.0,1,0.990727424621582
0.0,0,0.020631937310099602
0.0,0,0.00042176363058388233
1.0,1,0.9993153810501099
0.0,0,0.005149399396032095
0.0,0,0.0021934479009360075
1.0,1,0.9999295473098755
1.0,1,0.9933070540428162
0.0,0,0.033828455954790115
0.0,0,0.00037694390630349517
1.0,0,0.2570917010307312
1.0,1,0.9994716048240662
0.0,0,0.00505275372415781
0.0,0,0.0031857648864388466
0.0,0,0.000807040894869715
1.0,1,0.509968638420105
1.0,1,0.9986991882324219
1.0,1,0.8942266702651978
0.0,0,0.09527672827243805
0.0,0,0.0004907607799395919
0.0,0,0.0005282258498482406
0.0,0,0.00046352657955139875
1.0,1,0.700881838798523
1.0,1,0.9016034603118896
0.0,1,0.9840096235275269
1.0,0,0.234794020652771
1.0,1,0.510751485824585
0.0,0,0.06470098346471786
0.0,0,0.00011018441000487655
1.0,1,0.966925859451294
0.0,0,0.06765135377645493
0.0,0,0.05792047083377838
0.0,0,7.626495062140748e-06
1.0,1,0.9999955892562866
1.0,1,0.9995051622390747
0.0,0,0.002986675826832652
0.0,1,0.9803865551948547
1.0,1,0.6005508303642273
1.0,0,0.13032473623752594
0.0,0,0.002329364186152816
0.0,0,0.0002560093707870692
0.0,0,0.0004376298747956753
1.0,1,0.9992156028747559
0.0,0,1.023162440105807e-05
1.0,1,0.9848465919494629
1.0,1,0.9640286564826965
1.0,1,0.868783712387085
1.0,1,0.968430757522583
1.0,0,0.022713733837008476
0.0,0,0.0006051695090718567
0.0,0,0.0010567045537754893
0.0,0,2.6311432520742528e-05
0.0,0,0.0015341429971158504
0.0,0,7.793551776558161e-05
0.0,0,0.056441254913806915
1.0,1,0.9999210834503174
1.0,1,0.9960071444511414
1.0,1,0.9677425026893616
0.0,0,0.00027136021526530385
0.0,0,0.00010913933510892093
0.0,0,6.875933468108997e-05
0.0,0,0.13470938801765442
1.0,1,0.9999661445617676
0.0,0,4.34350295108743e-05
1.0,1,0.9996390342712402
1.0,1,0.9998611211776733
1.0,0,0.008618769235908985
0.0,0,0.00042785261757671833
1.0,1,0.9992844462394714
1.0,0,0.00657699815928936
0.0,0,0.0018059511203318834
1.0,0,0.03356451913714409
1.0,1,0.9998692274093628
1.0,0,0.021595697849988937
1.0,1,0.947188138961792
1.0,1,0.9998005032539368
0.0,1,0.9670029282569885
0.0,1,0.8988478183746338
0.0,1,0.949851393699646
1.0,1,0.9431694149971008
0.0,0,0.0022116664331406355
0.0,0,0.0006099964375607669
0.0,0,3.267501961090602e-05
1.0,1,0.9972034692764282
1.0,1,0.9998027682304382
1.0,1,0.9996592998504639
1.0,1,0.9475890398025513
1.0,1,0.9929803013801575
0.0,0,0.0059433369897305965
1.0,1,0.8031728863716125
1.0,1,0.9999759197235107
0.0,0,0.00262066931463778
1.0,1,0.9999349117279053
0.0,0,0.08485111594200134
1.0,1,0.7544427514076233
0.0,0,0.005359552800655365
1.0,1,0.9984439015388489
0.0,0,3.301662945887074e-05
0.0,0,0.04109390452504158
0.0,0,0.06830794364213943
1.0,1,0.95618736743927
0.0,0,7.707655640842859e-06
1.0,1,0.8917888402938843
1.0,1,0.9870951771736145
1.0,1,0.9800715446472168
1.0,1,0.9350813031196594
0.0,0,0.0037580356001853943
0.0,1,0.7366607785224915
0.0,0,0.0004298558342270553
0.0,0,2.075731936201919e-05
1.0,1,0.9999016523361206
1.0,1,0.9998948574066162
1.0,1,0.9915044903755188
1.0,1,0.9963046312332153
1.0,1,0.9519602656364441
0.0,0,0.00012676640471909195
0.0,0,0.04200669005513191
1.0,0,0.014037850312888622
0.0,0,0.0009129990357905626
0.0,0,0.02987140789628029
0.0,0,0.03165999427437782
1.0,1,0.5778027772903442
0.0,0,0.009814871475100517
0.0,0,0.1761058270931244
1.0,1,0.9999407529830933
1.0,0,0.01171424426138401
0.0,0,0.2939990162849426
0.0,0,0.0004636388330254704
1.0,1,0.9963422417640686
1.0,1,0.9416497945785522
0.0,0,0.003827066393569112
0.0,0,8.783707016846165e-05
0.0,0,0.08095671981573105
1.0,1,0.99988853931427
0.0,0,0.035928692668676376
0.0,1,0.5439568161964417
0.0,0,0.04122098162770271
1.0,1,0.9993571639060974
0.0,1,0.6661583781242371
1.0,1,0.972802460193634
0.0,0,0.0011203901376575232
1.0,0,0.0006130525725893676
1.0,1,0.996780514717102
1.0,1,0.9697986245155334
1.0,0,0.18723976612091064
0.0,0,0.0007691103965044022
0.0,0,6.538858724525198e-05
1.0,1,0.9946446418762207
0.0,0,0.020247675478458405
0.0,0,0.0005266178632155061
1.0,1,0.9998568296432495
0.0,0,0.0008233146509155631
0.0,0,0.002150358632206917
0.0,0,0.010371644981205463
1.0,1,0.9971355199813843
1.0,1,0.9998927116394043
0.0,0,0.002347536152228713
0.0,0,0.008697357960045338
1.0,0,0.012104256078600883
0.0,0,0.04676412418484688
1.0,1,0.9998458623886108
1.0,1,0.999810516834259
1.0,1,0.6555050015449524
0.0,1,0.5028756260871887
1.0,1,0.9969504475593567
0.0,0,0.003927956335246563
1.0,1,0.9977614879608154
1.0,1,0.9965968728065491
1.0,1,0.9965434670448303
1.0,1,0.9994755387306213
1.0,1,0.9997791647911072
1.0,1,0.7703478932380676
1.0,0,0.09224849194288254
0.0,1,0.6918411254882812
0.0,0,0.006974534131586552
1.0,0,0.0030626002699136734
1.0,1,0.9985148310661316
0.0,0,0.00015248381532728672
1.0,1,0.8032118678092957
0.0,0,0.0004189991159364581
1.0,1,0.9968867897987366
0.0,0,0.0016303283628076315
0.0,0,0.041991863399744034
0.0,0,0.005878089461475611
1.0,1,0.9991656541824341
1.0,1,0.9999747276306152
0.0,0,0.0001323710021097213
1.0,1,0.9827958941459656
0.0,0,2.0284067431930453e-05
0.0,0,0.009497713297605515
0.0,0,0.006737011019140482
0.0,0,0.18121664226055145
0.0,0,0.027393609285354614
1.0,0,0.23264794051647186
1.0,1,0.999818742275238
1.0,1,0.9998327493667603
1.0,1,0.9989510774612427
1.0,1,0.9996687173843384
0.0,0,0.03757408261299133
0.0,0,0.0005950890481472015
0.0,0,0.00911390408873558
0.0,0,0.05237158015370369
1.0,1,0.9964763522148132
0.0,0,0.009295501746237278
0.0,0,0.017305025830864906
1.0,1,0.9873308539390564
1.0,1,0.9984979629516602
1.0,1,0.9150387644767761
0.0,0,0.0011168027995154262
1.0,1,0.9988834261894226
0.0,0,0.010482020676136017
0.0,0,0.0002070613409159705
1.0,1,0.9998611211776733
0.0,0,0.0005044451099820435
1.0,1,0.9999992847442627
0.0,1,0.4017326831817627
1.0,1,0.9996639490127563
0.0,0,0.0008352156146429479
1.0,1,0.9946814179420471
0.0,0,0.000137249895487912
0.0,1,0.8692372441291809
0.0,0,0.0007213729550130665
0.0,0,0.012948550283908844
0.0,0,1.3563913853431586e-05
1.0,1,0.9970982074737549
1.0,1,0.999096155166626
1.0,1,0.99791020154953
0.0,0,0.26321572065353394
1.0,1,0.9853734374046326
1.0,1,0.9467950463294983
0.0,0,0.10160502791404724
1.0,1,0.9996815919876099
0.0,0,0.024737343192100525
1.0,1,0.9993972778320312
0.0,0,0.00022778580023441464
1.0,0,0.006434007082134485
0.0,0,0.00780136976391077
0.0,0,0.0016856581205502152
1.0,1,0.9990554451942444
1.0,1,0.999997615814209
1.0,1,0.9993125200271606
0.0,0,0.013124637305736542
1.0,1,0.9978082776069641
0.0,0,0.07187899947166443
0.0,0,1.943692950590048e-05
0.0,0,0.008090300485491753
1.0,1,0.9998931884765625
0.0,0,0.0008970926865004003
1.0,1,0.9938826560974121
0.0,0,0.01713210716843605
1.0,0,0.03120771236717701
0.0,0,0.012278929352760315
0.0,0,0.16106931865215302
0.0,0,8.623659232398495e-05
0.0,0,0.00027160404715687037
0.0,0,0.0007605517748743296
0.0,0,0.04578034579753876
1.0,1,0.9944450259208679
0.0,0,0.18039613962173462
1.0,1,0.9939806461334229
1.0,1,0.9859555959701538
1.0,1,0.9990924596786499
0.0,0,0.0004925275570712984
1.0,1,0.9954274892807007
0.0,1,0.4497207999229431
1.0,1,0.9830665588378906
0.0,0,9.285992746299598e-06
0.0,0,0.00010653538629412651
0.0,0,0.001796436496078968
1.0,1,0.9996029734611511
1.0,1,0.9999339580535889
0.0,0,0.020281562581658363
0.0,0,0.00015125467325560749
0.0,0,0.2784464955329895
1.0,1,0.39222636818885803
0.0,0,0.0014823779929429293
0.0,0,0.009078433737158775
1.0,1,0.9999099969863892
1.0,1,0.9862744212150574
1.0,1,0.7728365063667297
0.0,0,0.009991632774472237
1.0,1,0.9999938011169434
1.0,1,0.9999856948852539
1.0,1,0.9987786412239075
1.0,1,0.9982761144638062
0.0,0,0.0008477042429149151
0.0,0,0.09212849289178848
0.0,0,0.0005524736479856074
1.0,1,0.3536157011985779
0.0,0,0.0006198053015395999
0.0,0,0.05756053328514099
0.0,0,5.920182593399659e-05
0.0,0,3.62699938705191e-05
0.0,0,8.92319148988463e-05
0.0,0,0.002639652229845524
1.0,1,0.999981164932251
1.0,1,0.9988551139831543
0.0,0,0.00048658251762390137
1.0,1,0.9999921321868896
1.0,1,0.9352662563323975
0.0,0,0.000593062024563551
1.0,1,0.969207227230072
0.0,0,0.0027956778649240732
1.0,1,0.99998939037323
1.0,1,0.9993717074394226
0.0,0,0.0021360807586461306
0.0,0,0.049008745700120926
0.0,0,0.0016442810883745551
1.0,0,0.033217962831258774
1.0,1,0.99998939037323
0.0,0,0.0015763697447255254
0.0,0,0.007009023800492287
1.0,1,0.9485432505607605
0.0,0,0.0011494203936308622
1.0,1,0.949150025844574
0.0,0,0.00012436011456884444
0.0,0,0.001402693917043507
1.0,1,0.9996691942214966
0.0,0,0.0005297227762639523
0.0,0,1.658618748479057e-05
0.0,0,0.0007085459074005485
0.0,0,0.0015574425924569368
1.0,1,0.9774651527404785
0.0,0,0.00019418352167122066
0.0,0,0.00197700341232121
1.0,1,0.9981378316879272
0.0,0,0.0001134695703512989
0.0,0,6.935649435035884e-05
0.0,0,0.011393611319363117
1.0,1,0.8920438289642334
0.0,1,0.6101558208465576
1.0,1,0.9994990825653076
1.0,1,0.9979172348976135
0.0,0,0.0029857715126127005
0.0,0,0.00022059395269025117
0.0,0,0.02049759402871132
0.0,0,0.008088119328022003
0.0,0,0.0030227163806557655
1.0,1,0.9512061476707458
0.0,0,0.009115156717598438
0.0,0,8.9013330580201e-05
0.0,0,0.004194249864667654
0.0,1,0.7772372961044312
1.0,0,0.05976824462413788
0.0,0,0.001124800182878971
0.0,0,0.0006350792828015983
0.0,0,0.0011302673956379294
1.0,1,0.997639536857605
1.0,1,0.972968578338623
0.0,0,0.003540347795933485
0.0,0,0.20948146283626556
0.0,0,1.7991545973927714e-05
0.0,0,0.0009017032571136951
0.0,0,0.00011596290278248489
0.0,0,0.025102300569415092
0.0,0,0.049297038465738297
0.0,0,0.005755985155701637
0.0,0,0.05841673165559769
0.0,1,0.9973461627960205
0.0,0,0.003478714730590582
1.0,1,0.9483598470687866
0.0,0,0.00124074995983392
1.0,1,0.9999909400939941
0.0,0,0.0007653502398170531
0.0,0,0.06960776448249817
0.0,0,0.00046098450548015535
0.0,0,0.020167868584394455
1.0,1,0.9999642372131348
0.0,0,8.112692012218758e-05
1.0,1,0.9995368719100952
0.0,0,0.013073398731648922
0.0,0,0.00018560478929430246
1.0,1,0.9977898597717285
0.0,0,0.004358436446636915
1.0,1,0.9967478513717651
0.0,0,0.003012674394994974
0.0,0,0.003302006283774972
0.0,0,5.763900117017329e-05
1.0,1,0.9952168464660645
0.0,0,0.11435429006814957
1.0,1,0.9999964237213135
1.0,0,0.0036953364033252
1.0,1,0.9947762489318848
1.0,1,0.9996102452278137
0.0,0,8.586584590375423e-05
1.0,1,0.990081250667572
0.0,0,0.007995747961103916
1.0,1,0.993220329284668
1.0,1,0.9869937300682068
1.0,1,0.9998971223831177
1.0,0,0.1330067664384842
0.0,0,0.26061418652534485
0.0,0,0.004316538106650114
0.0,0,0.0006236046319827437
1.0,1,0.6203311681747437
0.0,0,0.00018933159299194813
1.0,1,0.9997146725654602
1.0,1,0.999811589717865
1.0,1,0.996471643447876
0.0,0,0.020217450335621834
0.0,1,0.9862934350967407
0.0,0,0.0008588723721913993
1.0,1,0.9891981482505798
0.0,0,0.013695080764591694
0.0,0,0.0011370312422513962
1.0,1,0.7417395710945129
0.0,0,0.19221872091293335
1.0,1,0.9998995065689087
1.0,1,0.9118050336837769
0.0,0,0.0945994034409523
1.0,1,0.9977251887321472
0.0,0,5.886046710656956e-05
1.0,0,0.0012106506619602442
0.0,0,0.010288204066455364
0.0,0,0.21621215343475342
1.0,1,0.9998863935470581
1.0,1,0.9938675761222839
0.0,0,0.0010338017018511891
1.0,1,0.9994590878486633
0.0,0,5.626340862363577e-05
1.0,1,0.8303931355476379
0.0,0,4.336317942943424e-05
0.0,0,0.007058767136186361
0.0,0,0.0807628259062767
0.0,0,0.08722031116485596
1.0,1,0.653816819190979
1.0,1,0.9829537868499756
1.0,1,0.9614803194999695
0.0,0,1.4186898624757305e-05
1.0,1,0.9997753500938416
1.0,0,0.24410535395145416
1.0,1,0.9957952499389648
1.0,1,0.9912625551223755
1.0,0,0.001559049473144114
0.0,0,1.139076630352065e-05
1.0,1,0.9989631175994873
0.0,0,3.0430581318796612e-05
1.0,1,0.9526233673095703
1.0,0,0.04502943158149719
0.0,0,0.00019353398238308728
0.0,0,3.515807838994078e-05
0.0,0,0.000254189595580101
1.0,1,0.9984250068664551
0.0,0,0.006904191337525845
1.0,1,0.9995380640029907
1.0,1,0.9952360987663269
1.0,1,0.9990873336791992
0.0,0,0.000267153256572783
0.0,0,0.050376590341329575
1.0,1,0.9959656000137329
0.0,0,0.028658801689743996
1.0,1,0.9999867677688599
1.0,1,0.8125248551368713
1.0,1,0.9999414682388306
0.0,0,0.0037781856954097748
0.0,0,0.004029175732284784
0.0,0,0.0023442115634679794
1.0,1,0.9835202097892761
1.0,1,0.9939939379692078
0.0,0,0.0011110303457826376
0.0,0,5.5910295486683026e-05
0.0,0,0.00014905777061358094
0.0,0,0.09375351667404175
0.0,0,0.0010890315752476454
0.0,0,0.0007413296261802316
0.0,0,0.00652937451377511
0.0,0,0.005213812924921513
1.0,1,0.8002210855484009
0.0,0,7.129653386073187e-05
0.0,0,0.04127187281847
0.0,0,0.02360893227159977
0.0,0,0.00011674175766529515
0.0,0,0.010833711363375187
1.0,1,0.38554033637046814
0.0,0,0.2689916789531708
0.0,0,0.010238995775580406
0.0,0,0.001812340458855033
1.0,1,0.8679290413856506
0.0,0,0.0008008822333067656
0.0,0,0.020009439438581467
0.0,0,0.0007133815088309348
0.0,0,0.00028914958238601685
1.0,1,0.9999809265136719
1.0,1,0.5504129528999329
0.0,0,0.002974803326651454
1.0,1,0.9979530572891235
0.0,0,0.006896534934639931
0.0,1,0.981090247631073
0.0,0,0.0014804424718022346
0.0,0,0.0023356613237410784
0.0,0,1.1566064586077118e-06
1.0,0,0.17002952098846436
0.0,0,0.0001414532889612019
0.0,1,0.8502941727638245
0.0,0,0.06346826255321503
0.0,1,0.9972044825553894
0.0,0,0.0018046002369374037
0.0,0,0.0020900010131299496
1.0,1,0.9991869330406189
0.0,0,0.0385173000395298
1.0,1,0.7749884724617004
1.0,1,0.9986147880554199
0.0,0,0.061734091490507126
1.0,1,0.9995836615562439
0.0,0,0.07450127601623535
0.0,0,7.563994586234912e-05
0.0,0,0.0001592945191077888
1.0,1,0.9409965872764587
1.0,1,0.9926266074180603
0.0,0,0.04144132882356644
0.0,0,0.0009145478252321482
1.0,1,0.9989296793937683
1.0,1,0.9817302227020264
1.0,1,0.8079034686088562
1.0,1,0.9928914308547974
0.0,0,0.0055572642013430595
0.0,0,0.0192395132035017
1.0,1,0.9988768696784973
1.0,0,0.04927164688706398
0.0,0,0.0006363267311826348
0.0,0,0.0002456264919601381
0.0,0,0.0001863101206254214
0.0,0,0.039044130593538284
0.0,0,0.0003842397127300501
1.0,1,0.9974828362464905
0.0,0,0.09659646451473236
0.0,0,0.0040998007170856
0.0,0,0.01201718021184206
0.0,0,0.1014956384897232
0.0,0,0.010938875377178192
1.0,1,0.9997947812080383
0.0,0,0.021488547325134277
0.0,1,0.5616940855979919
1.0,1,0.9999799728393555
0.0,0,0.2679695785045624
1.0,1,0.9971088767051697
1.0,1,0.9999240636825562
0.0,0,0.0004498177149798721
1.0,1,0.9999985694885254
0.0,0,0.28430306911468506
0.0,0,0.0014867228455841541
0.0,0,0.0037246195133775473
1.0,1,0.99998939037323
0.0,0,0.002855105558410287
0.0,0,0.010246159508824348
1.0,1,0.9913116693496704
0.0,1,0.7816846370697021
1.0,1,0.7786628603935242
0.0,1,0.5296244025230408
1.0,1,0.9621926546096802
0.0,0,0.003747371258214116
0.0,0,0.0005039330571889877
1.0,1,0.9997357726097107
1.0,0,2.2139727661851794e-05
0.0,0,0.0001511344307800755
0.0,1,0.7261720895767212
0.0,0,0.010952018201351166
0.0,1,0.3318696618080139
0.0,0,0.0011702575720846653
1.0,1,0.9933218359947205
0.0,0,0.008982974104583263
0.0,0,0.04155849665403366
0.0,0,0.014326178468763828
1.0,1,0.9949210286140442
1.0,1,0.9931254386901855
1.0,1,0.999992847442627
1.0,1,0.9070208668708801
1.0,1,0.9999909400939941
0.0,0,0.0017706705257296562
0.0,0,0.07143057137727737
0.0,0,0.015769826248288155
1.0,1,0.9999058246612549
0.0,0,0.000414783600717783
0.0,0,0.20030637085437775
1.0,1,0.9906947612762451
1.0,1,0.9999845027923584
0.0,0,0.005017706658691168
0.0,0,0.08990823477506638
0.0,0,0.017126165330410004
0.0,0,0.012194202281534672
0.0,0,0.011371638625860214
0.0,0,0.09723886847496033
0.0,0,0.0007600529934279621
0.0,0,0.005502650048583746
0.0,0,0.0002159905998269096
1.0,1,0.994712233543396
0.0,0,0.004758403170853853
0.0,0,0.004015293903648853
1.0,1,0.9996631145477295
1.0,1,0.9988229870796204
0.0,0,0.0002549225464463234
1.0,1,0.9999388456344604
0.0,0,0.09003499895334244
0.0,0,0.00046993527212180197
0.0,1,0.7337906360626221
0.0,0,0.04989150911569595
0.0,0,0.001454933313652873
0.0,0,0.11543978005647659
0.0,0,0.026565048843622208
0.0,0,0.16711479425430298
0.0,0,0.00013569483417086303
1.0,1,0.7557023763656616
0.0,1,0.655790388584137
1.0,1,0.9999626874923706
0.0,0,0.0056733931414783
0.0,0,0.0010802854085341096
0.0,0,0.00405192980542779
1.0,1,0.807134747505188
1.0,1,0.9695828557014465
0.0,0,0.00033476174576207995
1.0,1,0.9990515112876892
1.0,1,0.998491644859314
0.0,0,0.005616234615445137
0.0,0,0.001858564792200923
1.0,1,0.9977224469184875
0.0,0,0.00043131294660270214
1.0,1,0.9999861717224121
0.0,0,0.0003552474081516266
0.0,0,0.01082967035472393
0.0,0,0.22733765840530396
1.0,1,0.9930015802383423
0.0,1,0.747734546661377
1.0,1,0.7785540223121643
0.0,0,0.0002774203603621572
1.0,1,0.9798521399497986
0.0,0,0.001257765805348754
0.0,0,0.0455683209002018
0.0,0,0.013004451990127563
0.0,0,5.075127410236746e-05
0.0,0,0.0005962668801657856
1.0,1,0.9990444779396057
0.0,0,0.011445379815995693
1.0,0,0.00223963288590312
0.0,0,0.00010231351188849658
0.0,1,0.9925523996353149
1.0,1,0.9978627562522888
1.0,1,0.996154248714447
1.0,1,0.9983330368995667
1.0,1,0.9994331002235413
0.0,0,0.0002651723916642368
0.0,0,0.008445953950285912
1.0,1,0.9999357461929321
0.0,0,0.004034130834043026
0.0,0,0.008974704891443253
1.0,1,0.986041247844696
1.0,1,0.9987732768058777
0.0,0,0.02281271293759346
1.0,1,0.9963713884353638
0.0,0,0.0006625524838455021
0.0,0,0.0010872610146179795
0.0,0,0.04483295604586601
1.0,1,0.9999909400939941
1.0,1,0.9994035959243774
1.0,1,0.9999711513519287
0.0,1,0.9991320967674255
0.0,0,0.00013493176084011793
1.0,1,0.9998915195465088
1.0,1,0.9980661273002625
0.0,0,5.75228150410112e-05
1.0,1,0.9381018280982971
0.0,0,0.0014352314174175262
1.0,1,0.99873286485672
0.0,0,0.0003711023018695414
1.0,1,0.47825902700424194
1.0,1,0.9999326467514038
0.0,0,0.0001653578074183315
0.0,0,0.013636546209454536
0.0,0,0.006057510618120432
1.0,1,0.9999932050704956
1.0,1,0.993423581123352
1.0,1,0.9992996454238892
1.0,1,0.9998735189437866
0.0,0,0.14165028929710388
0.0,0,0.0013903817161917686
1.0,0,0.010553102940320969
0.0,0,0.007768872193992138
0.0,0,0.03778313845396042
0.0,0,0.005825342144817114
0.0,0,0.00198025768622756
1.0,1,0.9999855756759644
1.0,1,0.9979521632194519
0.0,0,0.0040421029552817345
1.0,1,0.9690263271331787
1.0,1,0.9106056690216064
0.0,0,0.0006489352090284228
0.0,1,0.45757055282592773
1.0,1,0.9999464750289917
0.0,0,0.006135241594165564
1.0,1,0.9824710488319397
0.0,0,0.006158827338367701
1.0,1,0.9789861440658569
1.0,1,0.9997598528862
1.0,1,0.9974822402000427
1.0,1,0.9999997615814209
0.0,0,0.0006504820194095373
0.0,0,0.08903717994689941
0.0,0,0.0017055292846634984
0.0,0,0.0002777114568743855
0.0,0,0.004165798891335726
1.0,1,0.9997168183326721
1.0,1,0.8973110318183899
0.0,0,0.015444384887814522
0.0,0,0.0006635458557866514
1.0,1,0.9698250889778137
1.0,1,0.9973106384277344
1.0,1,0.4161229729652405
1.0,1,0.9997873902320862
0.0,0,0.0015571966068819165
0.0,0,9.666177356848493e-05
1.0,1,0.9987875819206238
1.0,1,0.9997062087059021
0.0,0,0.0005736811435781419
0.0,0,0.013480083085596561
1.0,1,0.9990195035934448
0.0,0,0.004767338279634714
1.0,1,0.5080341100692749
1.0,1,0.9996182918548584
1.0,0,0.001641333568841219
0.0,0,0.2071683555841446
0.0,0,0.001528685330413282
0.0,0,0.039774805307388306
0.0,0,0.0010197844821959734
0.0,1,0.7638857364654541
1.0,1,0.55484938621521
1.0,0,0.28454485535621643
0.0,0,0.00253698811866343
0.0,0,0.14549903571605682
1.0,1,0.33931076526641846
0.0,1,0.9984813332557678
0.0,0,6.97702998877503e-05
1.0,1,0.6897180676460266
1.0,1,0.9999996423721313
0.0,0,0.015036934986710548
0.0,0,0.00016801200399640948
0.0,0,0.006818815134465694
0.0,0,9.139415487879887e-05
0.0,0,7.026465027593076e-05
0.0,0,0.010566040873527527
1.0,1,0.9977005124092102
0.0,0,0.04836244136095047
0.0,0,0.052396755665540695
1.0,1,0.9992691874504089
1.0,1,0.9941387176513672
0.0,1,0.9582744240760803
1.0,1,0.8000493049621582
1.0,1,0.9999977350234985
1.0,1,0.9993972778320312
1.0,1,0.895258903503418
1.0,1,0.9791183471679688
0.0,0,7.477988401660696e-05
0.0,0,0.02484048716723919
0.0,0,0.003128777025267482
0.0,0,0.016096634790301323
0.0,0,0.003519624937325716
0.0,0,0.0008870207238942385
1.0,1,0.9456274509429932
0.0,1,0.8755360245704651
0.0,0,0.0005784599343314767
1.0,1,0.9335224032402039
1.0,1,0.9544644951820374
0.0,0,0.09259122610092163
0.0,0,0.022907651960849762
0.0,1,0.5045970678329468
1.0,1,0.5617677569389343
0.0,1,0.9987438321113586
0.0,0,0.015322316437959671
0.0,0,0.005063278134912252
0.0,0,0.002068891189992428
0.0,0,0.00016458609024994075
1.0,1,0.9981650710105896
0.0,0,0.06449564546346664
1.0,1,0.9947132468223572
0.0,0,0.01930328458547592
1.0,1,0.9991401433944702
1.0,1,0.9998701810836792
1.0,1,0.995215654373169
0.0,0,0.02086912840604782
1.0,1,0.9972332119941711
0.0,0,0.0012332105543464422
1.0,1,0.9853677153587341
0.0,0,0.0012964352499693632
1.0,1,0.8249111175537109
0.0,0,0.0013715069508180022
0.0,0,0.000354616844560951
0.0,0,0.006675738841295242
0.0,0,0.002621122868731618
0.0,0,0.0005655430140905082
0.0,0,0.00016704907466191798
1.0,1,0.9966841340065002
1.0,1,0.48444148898124695
0.0,0,0.0002522937429603189
1.0,1,0.9978539347648621
1.0,1,0.9159573912620544
1.0,1,0.9355898499488831
1.0,1,0.9999717473983765
0.0,0,0.007349436637014151
1.0,1,0.9669332504272461
0.0,0,0.02148447558283806
0.0,0,0.001361912814900279
1.0,1,0.994998574256897
0.0,0,0.0011217842111364007
1.0,1,0.3227370083332062
0.0,0,0.1265314221382141
0.0,0,0.04552622511982918
1.0,1,0.9911590218544006
0.0,1,0.9998111128807068
1.0,1,0.9539244174957275
0.0,0,0.15215381979942322
0.0,0,0.080134317278862
0.0,0,0.18313273787498474
1.0,1,0.9952728152275085
0.0,0,0.000248585594817996
1.0,1,0.9998795986175537
1.0,1,0.9963197708129883
0.0,0,0.05044727027416229
0.0,0,0.0033064442686736584
0.0,0,0.01642327755689621
0.0,1,0.5640478134155273
0.0,0,0.009713781997561455
1.0,1,0.9997072815895081
1.0,1,0.9997987151145935
1.0,1,0.9997839331626892
0.0,0,2.3244067051564343e-05
1.0,1,0.9702305197715759
0.0,0,0.000761144096031785
1.0,1,0.9971535205841064
1.0,0,0.016994811594486237
0.0,1,0.4071115255355835
0.0,0,0.010956833139061928
1.0,1,0.8665427565574646
1.0,1,0.9999631643295288
0.0,0,0.0009556098957546055
0.0,0,0.061612050980329514
0.0,0,0.03765249624848366
0.0,0,0.00012926584167871624
0.0,0,1.2245626749063376e-05
0.0,0,0.0004913016455247998
0.0,0,0.004393754526972771
1.0,1,0.9992021918296814
1.0,0,0.05350646749138832
1.0,1,0.9987077713012695
0.0,0,0.006315555423498154
0.0,0,0.002169280778616667
1.0,1,0.9727998971939087
0.0,0,0.001725297304801643
0.0,0,0.012013359926640987
0.0,0,0.0037933781277388334
1.0,1,0.981656014919281
0.0,0,0.0007148831500671804
1.0,1,0.9839943647384644
1.0,1,0.33807921409606934
1.0,1,0.9824591875076294
0.0,0,0.00491973664611578
0.0,0,0.00048429894377477467
0.0,0,0.0016288954066112638
1.0,1,0.5071461200714111
1.0,0,0.0360981747508049
0.0,0,0.02159818261861801
1.0,1,0.9877948760986328
0.0,1,0.5370557308197021
0.0,0,0.00141939427703619
0.0,0,0.2124733328819275
1.0,0,0.03403349593281746
1.0,1,0.9999938011169434
1.0,1,0.9969195127487183
1.0,1,0.9473161697387695
1.0,1,0.38963979482650757
0.0,0,0.00024677763576619327
0.0,0,0.01356973685324192
0.0,0,0.0033249647822231054
0.0,0,0.0001580038369866088
1.0,1,0.9992119073867798
0.0,0,0.05983368679881096
1.0,1,0.9998053908348083
0.0,0,0.0001884311204776168
0.0,0,0.0035025812685489655
0.0,0,0.039795707911252975
1.0,1,0.9932330250740051
0.0,0,0.0006183585501275957
0.0,1,0.8674300312995911
0.0,0,0.0005830975715070963
0.0,1,0.9908610582351685
1.0,1,0.9998327493667603
0.0,1,0.4897301197052002
0.0,0,0.002324003493413329
0.0,0,0.0010006431257352233
1.0,1,0.9999405145645142
1.0,1,0.9967247843742371
0.0,0,0.00037790462374687195
0.0,1,0.35467636585235596
0.0,0,0.020594634115695953
1.0,1,0.9999951124191284
0.0,0,0.02597999759018421
1.0,1,0.46560171246528625
0.0,0,0.0012930816737934947
1.0,1,0.9719051718711853
1.0,1,0.33539676666259766
1.0,1,0.9995662569999695
0.0,0,0.0002717071329243481
0.0,0,0.0009027575142681599
0.0,0,0.0031326403841376305
0.0,0,0.0037666000425815582
0.0,0,0.0026993039064109325
1.0,1,0.6945765614509583
1.0,1,0.9973214268684387
0.0,0,0.018555184826254845
0.0,0,0.03509446606040001
1.0,1,0.9975987076759338
0.0,0,0.0011437066132202744
0.0,1,0.8696199655532837
0.0,0,2.446211510687135e-05
1.0,1,0.9857723116874695
0.0,0,0.003977042157202959
0.0,0,0.014425551518797874
1.0,1,0.9996592998504639
0.0,0,0.002163067925721407
0.0,0,0.00019685007282532752
1.0,0,0.006680239457637072
1.0,1,0.9999284744262695
1.0,1,0.9920037388801575
0.0,0,0.0002534722734708339
0.0,0,1.6794119801488705e-05
1.0,1,0.999963641166687
0.0,0,3.1460363970836625e-05
0.0,1,0.7449769973754883
1.0,0,0.007721554487943649
0.0,1,0.7301691770553589
0.0,0,0.00011766199895646423
1.0,1,0.6463932394981384
1.0,1,0.6510675549507141
1.0,0,0.17042219638824463
1.0,1,0.9999909400939941
0.0,0,0.00018812845519278198
0.0,0,0.013307461515069008
0.0,0,5.064375000074506e-05
0.0,0,0.0004544157418422401
0.0,0,0.197611466050148
0.0,0,8.103722939267755e-05
1.0,1,0.8195800185203552
1.0,1,0.9976958632469177
0.0,0,0.010157641023397446
0.0,0,0.00028829951770603657
0.0,0,0.11188562959432602
1.0,1,0.9999983310699463
1.0,1,0.9999864101409912
1.0,1,0.8159263134002686
0.0,0,0.0048536015674471855
0.0,0,0.014838652685284615
0.0,0,5.873744157725014e-05
1.0,1,0.9943740367889404
1.0,1,0.9979146122932434
1.0,1,0.8039484620094299
0.0,0,0.03323135897517204
0.0,0,0.07250411808490753
0.0,0,0.0051352172158658504
1.0,1,0.9999622106552124
0.0,0,0.00661461241543293
0.0,0,0.020513158291578293
0.0,0,0.0002008834562730044
0.0,0,0.11311159282922745
1.0,1,0.9630153179168701
1.0,1,0.9999955892562866
0.0,0,0.001019043498672545
0.0,0,0.0005556106916628778
0.0,1,0.9833300709724426
0.0,0,2.114274502673652e-05
1.0,1,0.6172410249710083
1.0,1,0.9902946949005127
0.0,1,0.8468736410140991
0.0,0,0.002182768192142248
0.0,0,2.2163090761750937e-05
0.0,0,0.002811973448842764
0.0,0,0.04659738019108772
0.0,0,0.0003935097483918071
0.0,0,0.011570102535188198
0.0,0,0.009778199717402458
1.0,1,0.9991111159324646
1.0,1,0.9998165965080261
1.0,1,0.9999991655349731
1.0,1,0.9718796610832214
1.0,1,0.9685351848602295
1.0,0,0.26755714416503906
1.0,0,0.1509183645248413
1.0,0,0.13400855660438538
0.0,1,0.9383718371391296
1.0,1,0.9983925223350525
1.0,1,0.9185560345649719
1.0,1,0.9997077584266663
0.0,0,0.0017320894403383136
1.0,1,0.9999964237213135
0.0,0,0.0005318628973327577
1.0,1,0.9577873349189758
1.0,1,0.9974609613418579
0.0,0,0.05353814363479614
0.0,0,0.045472659170627594
1.0,1,0.9973141551017761
0.0,0,0.005031103268265724
1.0,1,0.9972099661827087
0.0,0,0.012064606882631779
1.0,1,0.9999874830245972
1.0,1,0.6978030204772949
0.0,0,0.0008366262773051858
1.0,0,0.2251444309949875
1.0,1,0.9954779744148254
1.0,1,0.9902514219284058
0.0,1,0.9395654201507568
0.0,0,0.0013121732044965029
0.0,1,0.9196981191635132
0.0,0,4.9883932661032304e-05
0.0,0,0.00856514647603035
0.0,0,0.0001926006661960855
0.0,0,0.11964748799800873
0.0,0,0.0010406381916254759
0.0,0,0.04012256860733032
0.0,0,0.00027351349126547575
0.0,0,3.288314837845974e-05
0.0,1,0.3616049885749817
0.0,0,0.010796991176903248
0.0,0,0.05392066761851311
0.0,0,0.02172135002911091
1.0,1,0.9999924898147583
1.0,1,0.9876402020454407
0.0,0,2.3350889023276977e-05
0.0,0,0.00021897869009990245
0.0,0,0.011905094608664513
0.0,1,0.5352711081504822
0.0,1,0.5401957035064697
1.0,1,0.5985813736915588
1.0,1,0.9996943473815918
0.0,0,0.046769946813583374
0.0,0,0.0010785501217469573
0.0,0,0.0016575000481680036
0.0,0,0.002126318635419011
1.0,0,0.03222459927201271
0.0,1,0.3421773612499237
0.0,0,0.05457506328821182
0.0,0,0.0001525041734566912
0.0,0,0.07571838796138763
0.0,0,0.0003079467569477856
0.0,0,0.001093158032745123
0.0,1,0.3223951458930969
0.0,0,0.0002942835562862456
0.0,0,0.029550034552812576
0.0,0,0.0011587555054575205
1.0,1,0.9281756281852722
0.0,0,0.03800187259912491
0.0,0,7.788707443978637e-05
0.0,0,0.00022312556393444538
1.0,1,0.9996484518051147
0.0,0,0.004968629684299231
0.0,0,0.004444609396159649
0.0,0,0.007116942200809717
1.0,1,0.9992272853851318
0.0,0,0.11224585771560669
1.0,1,0.9999935626983643
0.0,0,0.002284521935507655
0.0,0,3.515519347274676e-05
1.0,1,0.999893307685852
0.0,1,0.42259877920150757
1.0,0,0.037070367485284805
0.0,0,0.14423848688602448
0.0,0,0.0002717325114645064
0.0,0,0.08400817960500717
1.0,0,0.10026036947965622
1.0,1,0.9996302127838135
1.0,1,0.9841495156288147
1.0,0,0.04038798436522484
0.0,0,0.00753676937893033
0.0,0,0.00142379489261657
0.0,0,0.08873685449361801
0.0,0,1.6405436326749623e-05
0.0,0,0.0031386660411953926
1.0,1,0.9985588192939758
0.0,0,0.14656326174736023
1.0,0,0.15333141386508942
0.0,0,0.001116525148972869
0.0,0,0.012608868069946766
0.0,0,0.0006407657056115568
0.0,0,2.096269599860534e-05
0.0,0,0.005106284283101559
0.0,1,0.43030357360839844
1.0,1,0.9997829794883728
1.0,1,0.9966464638710022
0.0,0,1.8349541278439574e-05
0.0,1,0.8829210996627808
0.0,0,7.532093150075525e-05
0.0,0,1.7689255400910042e-05
1.0,1,0.9984920024871826
1.0,1,0.9901767373085022
1.0,1,0.9987109899520874
0.0,1,0.6866647005081177
0.0,0,0.009118116460740566
1.0,1,0.9999990463256836
0.0,1,0.7726086974143982
0.0,0,0.08041060715913773
0.0,0,0.0004948368878103793
1.0,0,0.08827773481607437
0.0,0,0.0007841147598810494
0.0,0,5.612988388747908e-06
0.0,0,0.0024347305297851562
0.0,0,0.04095298796892166
0.0,0,0.3099547028541565
0.0,0,0.011899515986442566
0.0,0,0.00395395141094923
0.0,0,0.0013330962974578142
0.0,0,0.00027337114443071187
0.0,0,0.1204226091504097
1.0,1,0.9987149238586426
0.0,0,0.0005608155042864382
0.0,0,0.001568867010064423
0.0,0,0.00660896860063076
0.0,0,0.2218649983406067
1.0,0,0.001031012856401503
1.0,1,0.4030672311782837
1.0,0,0.11049585044384003
1.0,0,0.18350830674171448
0.0,0,0.002249794313684106
1.0,1,0.9998183846473694
1.0,1,0.3341376781463623
1.0,1,0.8873316645622253
0.0,0,0.010245714336633682
1.0,1,0.9800443053245544
0.0,0,0.20902204513549805
0.0,0,0.15431298315525055
0.0,0,0.04252146556973457
1.0,1,0.9830114841461182
1.0,1,0.9958141446113586
0.0,0,0.0049868738278746605
0.0,0,0.0018561602337285876
0.0,0,0.001192746451124549
0.0,0,0.005181155167520046
0.0,0,0.0006582719506695867
0.0,0,0.008871744386851788
0.0,0,0.0017510559409856796
1.0,1,0.9999954700469971
1.0,1,0.9995818734169006
0.0,0,0.1351490169763565
1.0,1,0.9999734163284302
0.0,1,0.6196144819259644
1.0,1,0.9970472455024719
0.0,0,0.09264004230499268
1.0,1,0.9932181239128113
0.0,0,0.0020390625577419996
1.0,1,0.9846240282058716
0.0,0,0.0031467974185943604
1.0,1,0.9985888600349426
0.0,0,0.00028391016530804336
1.0,1,0.977865993976593
0.0,0,0.016977207735180855
0.0,0,0.195923313498497
1.0,0,0.11515644192695618
0.0,0,0.0004600038519129157
0.0,0,0.0004690384375862777
0.0,0,0.008645926602184772
0.0,1,0.8717653155326843
0.0,0,0.11933007091283798
0.0,1,0.5973458886146545
0.0,0,0.017720280215144157
0.0,0,4.5759061322314665e-05
0.0,0,0.004162678960710764
0.0,1,0.9338182806968689
0.0,1,0.8128185868263245
0.0,1,0.9114219546318054
0.0,0,0.005129227880388498
1.0,1,0.9699243307113647
0.0,0,0.12627138197422028
0.0,0,0.0006771499756723642
1.0,1,0.9941791296005249
1.0,1,0.9872430562973022
1.0,1,0.5707843899726868
1.0,1,0.936875581741333
0.0,0,0.024284636601805687
0.0,0,8.986998727777973e-05
1.0,1,0.7806132435798645
0.0,0,0.006943197455257177
0.0,1,0.9452754855155945
0.0,1,0.9865633249282837
0.0,0,0.003715710947290063
0.0,0,1.1814463505288586e-05
1.0,1,0.9997619986534119
0.0,1,0.9998249411582947
1.0,1,0.9893227219581604
1.0,1,0.9666686058044434
0.0,0,0.08748243749141693
0.0,0,0.2641458511352539
1.0,1,0.9995946288108826
0.0,0,0.0006642121006734669
1.0,1,0.9999841451644897
0.0,0,0.000969964952673763
0.0,0,0.004047196824103594
0.0,1,0.5269300937652588
0.0,0,0.009849177673459053
0.0,0,0.015966296195983887
0.0,0,0.00013586028944700956
1.0,1,0.7251695394515991
1.0,1,0.6580021977424622
0.0,0,1.896562025649473e-05
0.0,0,0.0026553303468972445
1.0,1,0.999854326248169
0.0,0,0.1485155075788498
1.0,1,0.9996567964553833
0.0,0,0.0002657824079506099
1.0,1,0.9989670515060425
0.0,0,0.21647967398166656
0.0,0,0.0173427052795887
0.0,1,0.9828741550445557
0.0,1,0.4877481162548065
1.0,1,0.9896144270896912
0.0,0,1.1617862583079841e-05
0.0,0,0.00014327175449579954
1.0,1,0.9999884366989136
1.0,0,0.0105106420814991
0.0,0,0.011650215834379196
1.0,1,0.9977177381515503
0.0,0,0.0029224783647805452
0.0,0,0.0013653036439791322
0.0,0,0.002247788244858384
1.0,1,0.9747023582458496
1.0,1,0.9190747141838074
1.0,1,0.9991036057472229
0.0,0,0.0007081347866915166
1.0,1,0.9772064685821533
0.0,0,0.0020750288385897875
0.0,0,0.0003931972023565322
0.0,0,0.0011876396602019668
0.0,1,0.4311051666736603
0.0,0,0.00021935188851784915
1.0,1,0.9999090433120728
0.0,0,0.00010703351290430874
1.0,0,0.18336249887943268
0.0,0,0.00014850845036562532
1.0,0,0.020101813599467278
1.0,1,0.8016954064369202
0.0,0,0.004862668924033642
1.0,0,0.02319968119263649
0.0,0,0.23870691657066345
0.0,0,0.0007953273598104715
1.0,1,0.9995743632316589
0.0,0,0.000494844454806298
0.0,0,0.0004039070045109838
0.0,0,0.00338620413094759
0.0,0,0.0022098340559750795
0.0,1,0.3850960433483124
0.0,0,0.0012471784139052033
0.0,0,0.0010387868387624621
0.0,0,0.0027589011006057262
1.0,1,0.9995250701904297
1.0,1,0.9953836798667908
0.0,0,0.0008429984445683658
0.0,0,0.06859598308801651
1.0,1,0.7126695513725281
0.0,0,0.015208776108920574
1.0,1,0.999103307723999
1.0,1,0.9238874316215515
0.0,0,0.22620488703250885
0.0,0,0.002342317719012499
0.0,0,0.00016540732758585364
0.0,1,0.4610445201396942
1.0,1,0.9989655017852783
1.0,1,0.6375454664230347
1.0,1,0.9999984502792358
1.0,1,0.9991967082023621
1.0,1,0.9999128580093384
1.0,1,0.9971541166305542
1.0,1,0.9981149435043335
0.0,0,0.0033309259451925755
0.0,0,0.0042650941759347916
0.0,0,6.435083196265623e-05
0.0,0,1.3519644198822789e-05
1.0,1,0.935804545879364
0.0,0,0.002764533506706357
0.0,0,0.04178131744265556
0.0,0,0.001039355993270874
0.0,0,0.0054045566357672215
1.0,1,0.9995207786560059
0.0,0,0.16909204423427582
1.0,1,0.9586981534957886
1.0,1,0.9486761093139648
0.0,0,0.0002996766415890306
1.0,1,0.9691030979156494
0.0,0,0.04092225432395935
0.0,0,0.04459531232714653
1.0,1,0.9347242712974548
0.0,0,9.367501661472488e-06
0.0,0,0.000745130586437881
1.0,1,0.7475708723068237
1.0,1,0.9963129162788391
1.0,0,6.666634726570919e-05
1.0,1,0.9986103773117065
0.0,0,0.21317607164382935
0.0,1,0.427666574716568
0.0,1,0.3954920172691345
0.0,0,0.00034220190718770027
0.0,0,0.06839954107999802
1.0,1,0.9999017715454102
0.0,0,0.0011144960299134254
0.0,0,0.0006140577606856823
1.0,1,0.5346575379371643
1.0,0,0.07811658084392548
0.0,1,0.9759284853935242
1.0,1,0.9998492002487183
0.0,0,0.004034728743135929
0.0,0,0.00019382356549613178
1.0,1,0.9988094568252563
0.0,0,0.00130934314802289
1.0,1,0.9940563440322876
0.0,0,0.0018932303646579385
0.0,1,0.8788729906082153
1.0,1,0.9999526739120483
0.0,0,0.06292763352394104
1.0,1,0.9997937083244324
0.0,0,0.0034776702523231506
0.0,0,0.0017186881741508842
1.0,1,0.986692488193512
0.0,0,0.01267068088054657
0.0,0,0.0009774253703653812
1.0,1,0.8851584792137146
0.0,0,0.1420929878950119
0.0,0,0.0017488901503384113
0.0,0,0.00026060378877446055
1.0,1,0.9895840287208557
1.0,1,0.9987125396728516
0.0,0,0.01147796306759119
0.0,0,0.2225952297449112
0.0,0,0.003965774085372686
0.0,0,0.011389181017875671
1.0,1,0.9994897842407227
1.0,0,0.009464693255722523
0.0,0,0.007851381786167622
0.0,0,0.000538033084012568
0.0,0,0.0011030965251848102
0.0,0,0.005039014853537083
0.0,0,0.010236908681690693
0.0,0,0.007499226368963718
0.0,0,0.0023537445813417435
0.0,0,3.281724730186397e-06
1.0,0,0.26027166843414307
0.0,1,0.9839163422584534
0.0,0,0.011192312464118004
0.0,0,2.201332063123118e-05
0.0,0,0.0007975822663865983
0.0,0,0.0020993961952626705
1.0,1,0.9970443844795227
0.0,0,0.0008352462318725884
0.0,1,0.6270008087158203
0.0,0,0.03567285090684891
1.0,1,0.9999786615371704
0.0,0,0.09725558757781982
1.0,1,0.9998815059661865
1.0,0,0.04965480789542198
0.0,0,0.0010929804993793368
0.0,0,0.0003583216748666018
0.0,0,5.8256035117665306e-05
1.0,1,0.9938971400260925
0.0,0,0.002705925377085805
0.0,1,0.9520909786224365
0.0,0,0.0004486052494030446
0.0,1,0.830060601234436
0.0,0,0.00036630555405281484
0.0,0,0.002290427917614579
1.0,1,0.9964655637741089
0.0,0,0.029978010803461075
1.0,0,0.0018755909986793995
1.0,1,0.9999816417694092
0.0,0,0.0015240837819874287
0.0,1,0.8706485033035278
1.0,1,0.9050047993659973
0.0,0,0.12840501964092255
1.0,1,0.45480987429618835
0.0,0,0.0009543183259665966
0.0,0,0.00040779891423881054
0.0,0,0.03350415080785751
0.0,0,0.0031520400661975145
0.0,1,0.7678269147872925
0.0,0,0.001956803724169731
1.0,1,0.9890908598899841
1.0,1,0.9770630598068237
1.0,1,0.5500675439834595
1.0,1,0.9961226582527161
0.0,0,0.0004052621079608798
0.0,0,0.02219543233513832
0.0,0,0.00048443698324263096
0.0,0,0.19733937084674835
0.0,0,0.0031733904033899307
0.0,0,0.024679744616150856
1.0,0,0.29545822739601135
1.0,0,0.1252954751253128
0.0,0,0.0007248882902786136
0.0,0,0.001276304479688406
0.0,0,0.0519515685737133
0.0,1,0.7195394039154053
0.0,0,0.002603312721475959
0.0,0,0.046265192329883575
1.0,1,0.9994180202484131
1.0,1,0.47111791372299194
0.0,0,0.03310122340917587
0.0,0,0.0036565670743584633
1.0,1,0.9793400764465332
0.0,0,9.502148895990103e-05
0.0,0,0.0010681902058422565
0.0,0,0.0004930071299895644
1.0,1,0.9999951124191284
1.0,1,0.9458304643630981
0.0,0,0.0009994764113798738
0.0,0,0.019242186099290848
0.0,0,0.0012221488868817687
0.0,0,1.1193548743904103e-05
0.0,0,0.03477686271071434
0.0,0,0.0001199560720124282
1.0,1,0.9985154271125793
0.0,0,0.02299157902598381
1.0,1,0.9999966621398926
1.0,0,0.03969835862517357
1.0,1,0.9645905494689941
1.0,1,0.9918954968452454
0.0,1,0.9959000945091248
0.0,0,0.0011231305543333292
0.0,0,0.00573881296440959
1.0,1,0.9999371767044067
1.0,1,0.7291151881217957
0.0,0,0.24346721172332764
0.0,1,0.6283027529716492
1.0,1,0.9968826770782471
1.0,1,0.9998168349266052
0.0,1,0.4240403175354004
0.0,0,0.01528222393244505
1.0,0,0.18002603948116302
0.0,0,0.22972050309181213
1.0,1,0.9999853372573853
1.0,1,0.9949819445610046
0.0,0,0.3119069039821625
0.0,0,2.4421744456049055e-05
0.0,1,0.6124992370605469
0.0,0,0.001586603233590722
0.0,0,0.003741700202226639
0.0,1,0.9753633737564087
1.0,1,0.9999531507492065
1.0,1,0.9976454377174377
1.0,1,0.6719862818717957
0.0,1,0.9358295798301697
0.0,1,0.98974609375
0.0,0,0.000135949972900562
0.0,0,0.10904340445995331
0.0,0,0.00017938832752406597
0.0,0,0.0019098115153610706
1.0,1,0.9751949906349182
0.0,0,0.0003620341303758323
1.0,1,0.999645471572876
0.0,0,0.00012404484732542187
0.0,0,0.010198724456131458
1.0,1,0.829669713973999
1.0,1,0.999987006187439
0.0,0,8.304635412059724e-05
0.0,0,0.008530022576451302
0.0,1,0.70171719789505
1.0,1,0.9996315240859985
0.0,0,0.01815004274249077
1.0,1,0.9992669224739075
0.0,0,0.00203350349329412
1.0,1,0.9967430233955383
1.0,1,0.995416522026062
1.0,1,0.9981423616409302
0.0,0,0.00029777074814774096
0.0,0,9.795881487661973e-05
1.0,1,0.9917914867401123
1.0,0,0.23402000963687897
0.0,0,0.0054866536520421505
0.0,0,0.0023150271736085415
1.0,1,0.9940863847732544
1.0,1,0.9693339467048645
0.0,0,0.11356725543737411
0.0,1,0.9854883551597595
0.0,0,0.000716538866981864
1.0,1,0.8534932732582092
1.0,1,0.9849653244018555
1.0,1,0.9990654587745667
0.0,0,0.008565765805542469
1.0,1,0.9700906872749329
0.0,0,0.0003924140182789415
1.0,1,0.32519251108169556
0.0,0,0.14243175089359283
0.0,1,0.995966911315918
0.0,1,0.7920241355895996
0.0,1,0.3901020586490631
0.0,0,0.0004869669210165739
0.0,0,0.000557142251636833
1.0,1,0.9787156581878662
1.0,0,0.07171759754419327
1.0,1,0.9746832847595215
0.0,1,0.9896243214607239
1.0,1,0.9999885559082031
1.0,1,0.9573442935943604
0.0,0,0.20374391973018646
0.0,0,0.10455980151891708
0.0,0,0.008657721802592278
1.0,1,0.9993871450424194
0.0,0,0.0005178538267500699
1.0,1,0.9999121427536011
0.0,0,0.0002926055167336017
0.0,0,0.01706060767173767
0.0,1,0.9306311011314392
1.0,1,0.9989483952522278
0.0,0,0.000661725178360939
1.0,1,0.9475027918815613
1.0,1,0.9681913256645203
0.0,0,0.01826922968029976
0.0,0,1.0247807722407742e-06
0.0,0,0.0019163544056937099
0.0,0,0.00014244760677684098
0.0,0,0.01643798127770424
1.0,1,0.9853847622871399
0.0,0,0.002762398449704051
0.0,1,0.9702643752098083
1.0,1,0.9999984502792358
0.0,0,0.0066650439985096455
0.0,0,0.008189556188881397
0.0,0,7.293861017387826e-06
1.0,1,0.9999113082885742
0.0,0,0.00022919749608263373
1.0,1,0.9999555349349976
1.0,1,0.9997889399528503
1.0,1,0.36245694756507874
1.0,1,0.9773375988006592
1.0,1,0.9951459765434265
0.0,0,0.0007944608223624527
0.0,1,0.924832284450531
1.0,1,0.999967098236084
1.0,1,0.9997404217720032
0.0,0,7.504834502469748e-05
0.0,1,0.9987969398498535
0.0,0,0.01679309271275997
1.0,1,0.9943519830703735
1.0,1,0.999840259552002
0.0,0,0.06250233203172684
0.0,1,0.6210189461708069
1.0,0,0.06537725776433945
1.0,1,0.9877036809921265
1.0,1,0.9993088245391846
0.0,0,0.0051040370017290115
0.0,1,0.6810322403907776
1.0,1,0.9864146113395691
0.0,0,0.0031124758534133434
0.0,0,0.010372218675911427
0.0,0,0.013262911699712276
1.0,1,0.9989957213401794
0.0,0,0.00020056690846104175
1.0,1,0.9994527697563171
0.0,1,0.39254260063171387
0.0,0,0.0006106255459599197
1.0,1,0.9621682167053223
0.0,0,0.024873808026313782
0.0,0,0.0007632628548890352
1.0,1,0.9998192191123962
0.0,0,0.001081658061593771
1.0,0,0.00991525687277317
1.0,1,0.9249760508537292
0.0,0,0.003098771907389164
1.0,1,0.96758633852005
1.0,1,0.989409327507019
1.0,1,0.9981200098991394
1.0,1,0.9704809188842773
0.0,0,0.007588404230773449
0.0,0,1.569823143654503e-05
0.0,0,0.00044449325650930405
0.0,0,1.2109322824471747e-06
0.0,0,0.00010209657193627208
1.0,1,0.7729672193527222
1.0,1,0.9996097683906555
0.0,0,0.0002635612909216434
1.0,1,0.862707257270813
0.0,0,8.320314373122528e-05
0.0,0,0.23868811130523682
0.0,0,3.6850909964414313e-05
1.0,0,0.005484637338668108
1.0,1,0.9999613761901855
1.0,1,0.9163743257522583
0.0,0,0.0029287657234817743
1.0,1,0.9999904632568359
0.0,0,0.005080140195786953
1.0,1,0.9942254424095154
1.0,1,0.9660824537277222
1.0,1,0.9999988079071045
0.0,0,0.005552609916776419
1.0,1,0.9994338154792786
1.0,1,0.9973682761192322
1.0,1,0.9998611211776733
0.0,0,4.905480091110803e-05
1.0,1,0.9992086291313171
0.0,0,0.00347157777287066
0.0,0,0.0011229005176573992
1.0,0,0.3050290048122406
1.0,1,0.9885528087615967
1.0,1,0.999273955821991
0.0,0,0.2599608600139618
0.0,0,2.5912313503795303e-06
0.0,0,0.0034838311839848757
0.0,0,2.25648454943439e-05
0.0,0,0.03774506226181984
1.0,1,0.9943416118621826
1.0,1,0.9189197421073914
1.0,1,0.9993361830711365
0.0,0,1.4086874671193073e-06
0.0,0,0.00014790840214118361
1.0,1,0.9956169128417969
1.0,1,0.9821107983589172
0.0,0,0.01884123682975769
0.0,0,0.08520957827568054
0.0,1,0.5685331225395203
0.0,0,0.00016315263928845525
0.0,0,0.0052957795560359955
0.0,0,0.0363575741648674
1.0,1,0.7857357859611511
1.0,1,0.999607264995575
1.0,0,0.0005480407853610814
0.0,0,0.004658527206629515
0.0,0,0.010222443379461765
1.0,1,0.998695433139801
0.0,0,0.001911211758852005
0.0,0,9.725461131893098e-05
1.0,1,0.9983437061309814
0.0,0,0.0026326829101890326
0.0,0,0.03129417449235916
1.0,1,0.9923285841941833
1.0,0,0.08985909819602966
0.0,0,0.0020474116317927837
1.0,1,0.9992833733558655
1.0,1,0.9999327659606934
0.0,0,5.686115400749259e-05
1.0,1,0.47365862131118774
1.0,1,0.9998985528945923
0.0,0,0.008437042124569416
0.0,0,0.0009205061360262334
0.0,0,0.0060765547677874565
0.0,0,0.0061903963796794415
0.0,0,0.02023777924478054
0.0,0,0.0020911151077598333
0.0,0,0.000700906093697995
1.0,1,0.9841701984405518
0.0,0,0.0785241574048996
0.0,0,0.002310255542397499
1.0,1,0.9982421398162842
1.0,1,0.9956293106079102
1.0,1,0.981306791305542
1.0,1,0.9958062171936035
1.0,1,0.9999974966049194
1.0,1,0.9399884343147278
0.0,0,0.009003016166388988
0.0,0,0.0005154673126526177
0.0,0,0.002325567416846752
0.0,0,0.295784056186676
1.0,1,0.9997019171714783
0.0,1,0.6371954083442688
0.0,0,0.033251646906137466
0.0,0,0.0030764034017920494
0.0,0,0.0003492171526886523
0.0,0,0.045434217900037766
1.0,1,0.9998822212219238
0.0,0,0.0009655667818151414
1.0,0,0.0009549664100632071
1.0,1,0.9925104379653931
0.0,1,0.7238866090774536
1.0,1,0.9105983972549438
0.0,0,2.5230279788956977e-05
0.0,0,0.19290706515312195
0.0,0,0.0016967462142929435
0.0,0,0.0008231174433603883
0.0,0,0.0008312085410580039
0.0,0,0.027152713388204575
0.0,0,0.0003771944611798972
1.0,1,0.9869301319122314
0.0,0,0.0027545776683837175
1.0,1,0.9085429310798645
1.0,1,0.9919567108154297
1.0,1,0.6838871836662292
1.0,1,0.9979881048202515
1.0,0,0.0628238320350647
1.0,1,0.9928627610206604
0.0,0,0.00300276349298656
0.0,0,0.004313039127737284
1.0,0,0.1759539097547531
1.0,1,0.5083479285240173
0.0,1,0.41845908761024475
0.0,0,0.00024228225811384618
1.0,1,0.9994736313819885
1.0,1,0.9999407529830933
1.0,1,0.999993085861206
0.0,0,0.013293718919157982
0.0,0,0.005512007512152195
1.0,1,0.9847012758255005
1.0,0,0.12424378097057343
1.0,1,0.9992074370384216
0.0,1,0.9775762557983398
0.0,0,0.0018351548351347446
1.0,0,0.0010662280255928636
1.0,1,0.9999997615814209
0.0,0,0.0024198524188250303
0.0,0,0.0036911501083523035
1.0,1,0.9994096755981445
0.0,0,0.009686208330094814
0.0,0,0.003817309159785509
0.0,0,0.06005232036113739
1.0,1,0.9921777844429016
1.0,0,0.06804755330085754
0.0,0,0.049180131405591965
1.0,1,0.8739007115364075
1.0,1,0.7227110862731934
0.0,0,0.0031139322090893984
0.0,0,0.0033874674700200558
0.0,0,0.00014632604143116623
0.0,0,0.0002563214802648872
0.0,1,0.9773371815681458
1.0,1,0.9931502938270569
0.0,0,0.04116014391183853
0.0,0,0.19132578372955322
0.0,0,0.0024231120478361845
0.0,0,0.001015285961329937
0.0,0,0.004825146868824959
1.0,1,0.9966078996658325
1.0,0,0.12849509716033936
0.0,1,0.8044964075088501
0.0,0,8.809934115561191e-06
0.0,0,0.001011591055430472
1.0,1,0.9971897006034851
0.0,0,0.08011700958013535
0.0,0,0.005694062449038029
0.0,0,0.004848594777286053
1.0,0,0.2754242718219757
1.0,1,0.9323139786720276
0.0,0,0.0015973130939528346
0.0,0,0.015130138956010342
0.0,0,0.00040155433816835284
0.0,0,0.01320395153015852
1.0,1,0.7060635089874268
0.0,1,0.9781469702720642
0.0,0,0.0002776802284643054
0.0,1,0.8995590806007385
1.0,1,0.95121830701828
1.0,1,0.961042582988739
0.0,0,0.10072853416204453
0.0,0,0.00022440653992816806
0.0,0,0.1979658454656601
0.0,0,0.002396058291196823
1.0,1,0.9999910593032837
0.0,0,0.0032667196355760098
1.0,1,0.9974392652511597
1.0,1,0.9940705895423889
0.0,0,0.011911749839782715
1.0,1,0.9288666844367981
0.0,0,0.01085188239812851
1.0,1,0.7720449566841125
0.0,0,0.0005051444750279188
0.0,0,0.00025805216864682734
0.0,0,0.21765853464603424
0.0,0,0.06406623125076294
1.0,1,0.9999978542327881
1.0,1,0.9996052384376526
0.0,0,0.010342936031520367
1.0,1,0.9999388456344604
1.0,1,0.9945396780967712
0.0,0,0.004180125426501036
0.0,0,0.00019818647706415504
1.0,1,0.8406532406806946
0.0,0,0.00010779289732454345
1.0,1,0.9985523819923401
1.0,1,0.9999837875366211
1.0,1,0.9485896825790405
1.0,1,0.9926785230636597
1.0,1,0.9999517202377319
0.0,1,0.9756872653961182
1.0,1,0.9994003772735596
1.0,1,0.9984394907951355
0.0,0,0.0010925402166321874
0.0,0,0.31161361932754517
1.0,1,0.9896915555000305
0.0,0,0.0021181562915444374
0.0,0,0.001224150531925261
0.0,0,0.25817060470581055
1.0,1,0.9999877214431763
0.0,0,0.0008555760723538697
0.0,0,0.07153376936912537
1.0,1,0.9914608001708984
1.0,1,0.9975106716156006
0.0,0,0.00019623427942860872
1.0,1,0.9997977614402771
1.0,1,0.9998677968978882
0.0,0,0.0008391343872062862
1.0,1,0.9848572015762329
1.0,1,0.9999961853027344
0.0,0,0.00035402955836616457
0.0,0,0.0034853729885071516
1.0,1,0.8353713750839233
0.0,0,0.005932387430220842
0.0,1,0.8320800065994263
1.0,1,0.4487367570400238
0.0,0,0.09075145423412323
0.0,0,0.0006355894147418439
1.0,1,0.9998800754547119
1.0,1,0.9999746084213257
1.0,1,0.9989681243896484
0.0,0,0.011628526262938976
0.0,0,0.014983025379478931
0.0,0,0.16543535888195038
1.0,0,0.0011625870829448104
1.0,1,0.9998358488082886
0.0,0,0.0003659437643364072
0.0,0,6.127034430392087e-05
0.0,0,0.0013358326395973563
0.0,0,0.0014237569412216544
0.0,0,0.0013995843473821878
0.0,0,0.009316127747297287
0.0,0,0.002917287638410926
0.0,0,0.00029278351576067507
0.0,0,0.0263673085719347
0.0,0,0.0014135546516627073
0.0,0,0.004594928119331598
0.0,0,0.001678503816947341
1.0,1,0.9971016049385071
1.0,1,0.9999631643295288
0.0,0,4.6471475798171014e-05
0.0,0,0.0046896967105567455
1.0,1,0.6384052634239197
1.0,1,0.9857578277587891
0.0,1,0.6321465373039246
0.0,0,0.003385917516425252
0.0,0,0.00010183559788856655
1.0,0,0.014602401293814182
1.0,0,0.13921093940734863
0.0,1,0.8562890887260437
0.0,0,0.0001598349481355399
0.0,0,0.09907034784555435
1.0,1,0.4903830289840698
0.0,0,2.6997504392056726e-05
0.0,0,0.002842682646587491
0.0,0,0.0007529807044193149
0.0,1,0.9566628336906433
0.0,0,6.020085129421204e-05
0.0,1,0.7702897787094116
0.0,1,0.3988792598247528
1.0,1,0.988477885723114
1.0,1,0.9999947547912598
1.0,1,0.9998936653137207
0.0,0,0.0008318547625094652
1.0,0,0.06810309737920761
1.0,1,0.9983944296836853
0.0,0,0.052075378596782684
0.0,0,0.0001148203227785416
0.0,0,0.0002497058594599366
0.0,0,8.762224751990288e-06
0.0,0,0.30522873997688293
0.0,0,0.0023750565014779568
1.0,1,0.9975327253341675
0.0,0,0.0011959654511883855
0.0,0,0.027702752500772476
0.0,1,0.5363684296607971
1.0,1,0.3711198568344116
1.0,1,0.9970025420188904
1.0,1,0.9997711777687073
0.0,0,0.24699027836322784
0.0,0,0.0030504788737744093
1.0,1,0.9999195337295532
0.0,0,0.010932243429124355
0.0,0,0.006988212466239929
0.0,0,0.00011129889026051387
1.0,1,0.44642552733421326
0.0,0,0.0003335836227051914
1.0,1,0.9999932050704956
0.0,0,0.299785315990448
0.0,0,4.152725887252018e-05
0.0,0,0.0002637809666339308
1.0,1,0.977611780166626
0.0,0,0.04364689067006111
0.0,1,0.5672233700752258
0.0,0,0.04164176806807518
1.0,1,0.9999682903289795
1.0,1,0.9997857213020325
1.0,0,0.008918154053390026
0.0,1,0.42821794748306274
1.0,1,0.9999737739562988
0.0,0,0.011513177305459976
1.0,1,0.9981582760810852
0.0,0,0.18977157771587372
0.0,0,0.003045614343136549
0.0,0,0.0011600864818319678
0.0,0,0.00011502613051561639
1.0,1,0.9976129531860352
1.0,0,0.07005414366722107
1.0,1,0.9889693260192871
0.0,0,0.006178327836096287
1.0,0,0.02589558996260166
0.0,0,0.061030272394418716
0.0,0,0.07164949923753738
0.0,0,0.11636637151241302
1.0,1,0.999763548374176
0.0,0,0.0017164520686492324
1.0,1,0.9999679327011108
1.0,1,0.996091902256012
0.0,0,0.0002702628553379327
1.0,1,0.972102165222168
1.0,1,0.9998311996459961
0.0,0,0.006634214427322149
1.0,0,0.2803768813610077
0.0,0,0.0012681680964305997
1.0,1,0.9591265320777893
1.0,1,0.9459172487258911
1.0,1,0.990858256816864
0.0,0,0.000896443787496537
0.0,0,2.7443989893072285e-05
1.0,1,0.9998517036437988
0.0,0,0.11522027850151062
1.0,1,0.9981182813644409
0.0,0,0.00016609957674518228
1.0,1,0.9989833235740662
0.0,0,4.371560862637125e-05
0.0,0,0.0010367205832153559
0.0,0,0.0032475898042321205
1.0,0,0.2040349841117859
1.0,1,0.9998630285263062
1.0,1,0.9960671067237854
0.0,0,0.02318747341632843
0.0,0,0.003170260228216648
1.0,1,0.9884971380233765
1.0,1,0.9997708201408386
0.0,0,0.0001090415462385863
0.0,0,0.004076460842043161
0.0,0,0.21081764996051788
1.0,1,0.9983739852905273
1.0,1,0.7820647358894348
1.0,0,0.2556282877922058
0.0,0,8.175442781066522e-05
1.0,1,0.9944165945053101
0.0,0,9.790239346330054e-06
0.0,1,0.5321153402328491
1.0,1,0.5094361901283264
0.0,0,2.020263855229132e-05
1.0,1,0.9998874664306641
0.0,0,2.6671277737477794e-05
1.0,0,0.14488445222377777
0.0,0,0.02221747674047947
1.0,1,0.8659063577651978
1.0,1,0.9989833235740662
1.0,1,0.9997662901878357
0.0,0,0.00257612275891006
0.0,0,0.0001632394705666229
1.0,1,0.9993025064468384
0.0,0,0.004028853960335255
0.0,0,0.004981121048331261
0.0,0,0.0005368960555642843
0.0,0,0.006642147898674011
0.0,0,0.001309505314566195
1.0,1,0.9924255609512329
0.0,0,0.015637371689081192
1.0,1,0.9991185069084167
1.0,1,0.9977012276649475
0.0,0,2.5080347768380307e-05
0.0,0,0.08908913284540176
1.0,1,0.995877742767334
0.0,0,0.02370094321668148
1.0,1,0.9916046261787415
1.0,1,0.9999703168869019
1.0,1,0.9999959468841553
1.0,1,0.9179180264472961
0.0,1,0.8009235262870789
0.0,0,0.05014726147055626
1.0,1,0.999993085861206
1.0,1,0.9801382422447205
0.0,0,0.00748467119410634
1.0,1,0.9781332015991211
1.0,1,0.5246504545211792
1.0,1,0.9995775818824768
1.0,1,0.9998505115509033
0.0,0,0.00013273097283672541
0.0,1,0.6353936195373535
0.0,0,0.01761557348072529
1.0,1,0.984155535697937
1.0,1,0.9991357922554016
0.0,1,0.9009762406349182
1.0,1,0.9999833106994629
0.0,0,0.004810483194887638
0.0,0,0.0003729573800228536
0.0,0,1.144099860539427e-05
1.0,1,0.9997074007987976
1.0,1,0.9892120361328125
0.0,0,0.005162651650607586
1.0,1,0.7052890062332153
0.0,0,0.0481477826833725
0.0,0,0.013047068379819393
0.0,0,0.03808722272515297
0.0,0,0.004989120177924633
1.0,1,0.9982326030731201
0.0,0,0.0027565564960241318
0.0,0,0.0026775263249874115
0.0,1,0.5258495211601257
1.0,1,0.9999517202377319
0.0,0,0.0005460336105898023
0.0,0,0.0006464431644417346
1.0,1,0.9977275729179382
0.0,0,0.001707362593151629
0.0,0,0.015401097945868969
1.0,1,0.999998927116394
0.0,0,0.01557503268122673
1.0,1,0.9915315508842468
1.0,1,0.9993268251419067
1.0,1,0.6893674731254578
1.0,1,0.4221269190311432
0.0,0,0.17632493376731873
1.0,1,0.5747920274734497
1.0,1,0.9961590766906738
1.0,1,0.9998729228973389
0.0,0,0.0008771689608693123
0.0,0,0.013062612153589725
1.0,1,0.9663990139961243
0.0,0,0.0006255776970647275
0.0,0,0.0003842320293188095
0.0,0,0.0010966673726215959
1.0,1,0.9993436932563782
0.0,0,0.0023231040686368942
0.0,1,0.9171330332756042
1.0,1,0.38212504982948303
0.0,0,0.0013084423262625933
0.0,1,0.9784603714942932
1.0,1,0.9996203184127808
0.0,1,0.7439156174659729
1.0,1,0.8064588904380798
0.0,1,0.4199572801589966
0.0,0,9.226966358255595e-05
1.0,1,0.9970171451568604
0.0,0,0.00020216431585140526
1.0,1,0.9999990463256836
1.0,1,0.9988012313842773
1.0,1,0.9898562431335449
1.0,1,0.9038081765174866
0.0,1,0.44522494077682495
0.0,0,0.037637192755937576
1.0,1,0.9973371624946594
1.0,1,0.994063675403595
1.0,1,0.9939223527908325
0.0,0,0.0962287038564682
0.0,0,0.00014931154146324843
1.0,1,0.9998365640640259
0.0,0,0.017668621614575386
0.0,0,0.0003763428539969027
1.0,1,0.9986593723297119
1.0,0,0.032097168266773224
1.0,1,0.9994248151779175
0.0,0,0.008937104605138302
1.0,1,0.6602498888969421
0.0,0,0.0004117513308301568
0.0,0,7.040013588266447e-05
1.0,1,0.7049640417098999
0.0,0,3.8556798244826496e-05
0.0,0,0.007356957532465458
0.0,0,0.00018168675887864083
0.0,0,0.07243872433900833
0.0,0,0.0059389378875494
0.0,0,0.01016017235815525
0.0,0,0.0005400203517638147
0.0,0,0.0002879940439015627
0.0,0,0.009745483286678791
0.0,0,0.0021223609801381826
1.0,1,0.9999239444732666
0.0,0,0.0005759337218478322
0.0,0,0.050453655421733856
1.0,1,0.999897837638855
0.0,0,0.0018034985987469554
1.0,1,0.8656193614006042
0.0,0,0.014268413186073303
0.0,0,0.04297923669219017
1.0,1,0.6157551407814026
1.0,0,0.02026965096592903
0.0,0,0.29193487763404846
1.0,1,0.981084406375885
0.0,1,0.7647778987884521
1.0,1,0.9980144500732422
0.0,0,0.0013207814190536737
0.0,0,0.049608197063207626
0.0,0,3.9418820961145684e-05
0.0,0,0.0026768946554511786
0.0,0,0.007697329390794039
0.0,0,0.0005731392884626985
0.0,0,0.005624894052743912
1.0,1,0.7368335127830505
1.0,0,0.0524548701941967
1.0,1,0.9973500967025757
0.0,0,0.00016811296518426389
1.0,0,0.14974161982536316
0.0,0,0.002469125436618924
1.0,1,0.8860592246055603
0.0,0,0.0004845081130042672
0.0,0,0.0023634466342628
0.0,0,0.00021271081641316414
0.0,1,0.6462322473526001
0.0,0,0.0034129151608794928
1.0,1,0.9973516464233398
1.0,1,0.9999923706054688
1.0,1,0.9999897480010986
1.0,1,0.9987697005271912
0.0,0,0.0019415016286075115
1.0,1,0.9999476671218872
0.0,0,0.00407401891425252
0.0,0,0.009594647213816643
1.0,1,0.9999977350234985
1.0,1,0.998128354549408
1.0,1,0.5333914756774902
0.0,0,0.046251729130744934
0.0,0,0.00015393798821605742
0.0,1,0.448927104473114
1.0,1,0.9506164193153381
0.0,0,0.00025346598704345524
0.0,0,0.0002829665027093142
1.0,1,0.9991883635520935
0.0,1,0.42607754468917847
0.0,0,0.003630569903180003
1.0,0,0.26843583583831787
0.0,1,0.9655427932739258
0.0,1,0.8708407878875732
0.0,0,0.0037059166934341192
0.0,0,0.015841085463762283
0.0,0,0.08591257780790329
1.0,1,0.999923825263977
0.0,1,0.9936203360557556
0.0,0,0.29991835355758667
0.0,0,0.0001261889556189999
1.0,1,0.9970826506614685
1.0,1,0.9969112277030945
0.0,0,0.0008302131318487227
1.0,1,0.9963926672935486
1.0,0,0.016195455566048622
1.0,1,0.8359081149101257
0.0,0,3.7959267501719296e-05
0.0,1,0.7106412053108215
0.0,0,0.00014096478116698563
0.0,0,3.567522799130529e-05
1.0,1,0.9998915195465088
0.0,0,0.00024668683181516826
1.0,1,0.9998407363891602
0.0,0,0.0015433237422257662
0.0,1,0.9975326061248779
1.0,1,0.8976442813873291
1.0,1,0.9904629588127136
0.0,0,0.0003916381683666259
1.0,1,0.9983021020889282
1.0,1,0.9968985319137573
1.0,1,0.999371349811554
0.0,0,0.03752116858959198
0.0,0,0.00012706653797067702
0.0,0,0.0005213820259086788
0.0,0,0.0001820960605982691
0.0,0,0.06767632067203522
1.0,1,0.9998130202293396
0.0,0,0.30796751379966736
1.0,1,0.9999148845672607
1.0,1,0.9846162796020508
0.0,0,0.0013006143271923065
1.0,1,0.9999953508377075
0.0,0,0.029241153970360756
0.0,0,0.047091055661439896
0.0,0,0.004309412091970444
0.0,0,0.0523749440908432
1.0,1,0.9983047246932983
0.0,0,0.024630149826407433
0.0,1,0.535929262638092
0.0,0,0.0010526914848014712
0.0,0,0.018470125272870064
1.0,1,0.9996863603591919
1.0,1,0.9984368681907654
0.0,0,0.0007765711634419858
0.0,0,0.0001992475299630314
0.0,0,0.005009979475289583
0.0,0,0.006380755454301834
1.0,1,0.8043936491012573
1.0,1,0.9780500531196594
1.0,1,0.9999960660934448
1.0,1,0.9999872446060181
1.0,1,0.533346951007843
0.0,0,0.021088825538754463
0.0,0,0.00031595065956935287
1.0,1,0.9999860525131226
0.0,0,0.0005718073807656765
1.0,1,0.9961642026901245
0.0,0,9.149617108050734e-05
0.0,0,2.8374338967296353e-07
1.0,1,0.9763770699501038
0.0,0,0.0063620577566325665
0.0,0,0.00024755342747084796
1.0,1,0.9981866478919983
1.0,1,0.9999966621398926
1.0,1,0.9943410158157349
0.0,0,0.00038045700057409704
1.0,1,0.5876935124397278
1.0,0,0.11772637814283371
0.0,0,7.162267138483003e-05
1.0,1,0.9991439580917358
0.0,0,0.0023803047370165586
0.0,0,0.038586415350437164
0.0,0,0.0001352801191387698
0.0,0,0.0009502274333499372
0.0,0,0.010118622332811356
0.0,0,0.07594286650419235
1.0,1,0.7793293595314026
0.0,0,0.09679856151342392
1.0,1,0.9998962879180908
0.0,1,0.9952671527862549
1.0,1,0.9866244792938232
0.0,0,3.439519423409365e-05
1.0,1,0.3226999342441559
0.0,0,0.0011784727685153484
1.0,1,0.9998664855957031
1.0,1,0.9975109100341797
1.0,0,0.0016798577271401882
1.0,1,0.9998185038566589
0.0,0,0.005221277475357056
0.0,0,0.0007285098545253277
1.0,0,0.2518920302391052
1.0,1,0.6518229842185974
1.0,1,0.999822199344635
0.0,0,0.007678809575736523
0.0,0,0.17869001626968384
0.0,0,0.006495777051895857
0.0,0,0.0007638143724761903
1.0,1,0.9845359921455383
0.0,0,0.1696769893169403
0.0,0,0.04739615321159363
0.0,0,0.2020345777273178
1.0,1,0.9497524499893188
0.0,0,0.00032284006010740995
0.0,0,0.00012203858204884455
1.0,1,0.9915836453437805
0.0,0,0.03304494544863701
0.0,0,0.005830975715070963
1.0,0,0.1374541074037552
0.0,0,0.0011378152994439006
0.0,0,0.10600204020738602
0.0,0,4.521933078649454e-05
0.0,0,1.265686751139583e-05
1.0,1,0.9830656051635742
0.0,1,0.516781210899353
0.0,0,0.2183525264263153
0.0,1,0.8625805377960205
0.0,0,0.0008572126389481127
0.0,0,0.0028497481252998114
0.0,0,0.0002557414991315454
0.0,0,0.015372744761407375
0.0,0,0.011716805398464203
1.0,1,0.999129593372345
0.0,0,0.0011943686986342072
0.0,0,0.010233010165393353
0.0,0,0.010686874389648438
0.0,0,0.04299638420343399
1.0,1,0.9691585302352905
1.0,1,0.9999336004257202
0.0,0,0.27704817056655884
1.0,1,0.8097044825553894
0.0,0,0.07129090279340744
1.0,0,0.2633124887943268
0.0,0,0.0002101850841427222
1.0,1,0.9371456503868103
1.0,1,0.9888784885406494
0.0,0,0.042725834995508194
0.0,0,0.0005937950336374342
0.0,0,0.00773583073168993
1.0,0,0.2187279909849167
0.0,1,0.40001171827316284
1.0,1,0.9999904632568359
0.0,0,0.00026210135547444224
1.0,1,0.48193594813346863
1.0,1,0.9999186992645264
1.0,1,0.9952698349952698
1.0,1,0.9999703168869019
1.0,1,0.9999967813491821
0.0,0,0.06852348893880844
0.0,0,0.03275872394442558
0.0,0,0.00015668387641198933
0.0,1,0.8970804214477539
0.0,0,0.00044573648483492434
0.0,0,4.049721246701665e-05
0.0,0,0.017403872683644295
1.0,1,0.3328257203102112
1.0,1,0.9981169700622559
0.0,0,0.0009598543983884156
1.0,1,0.9987888932228088
0.0,0,0.009881861507892609
0.0,0,8.127621549647301e-05
1.0,1,0.9987024068832397
0.0,0,0.0004579124797601253
1.0,1,0.9989493489265442
1.0,1,0.6985613107681274
1.0,1,0.9783742427825928
1.0,1,0.9996764659881592
0.0,0,0.0001668577315285802
0.0,1,0.5901507139205933
0.0,0,0.005868338979780674
1.0,1,0.9956217408180237
0.0,0,0.06524354219436646
0.0,0,0.00013074673188384622
0.0,0,0.0051701609045267105
1.0,0,0.03082834929227829
0.0,0,0.0004504465323407203
0.0,1,0.8550989627838135
0.0,0,0.007166675291955471
0.0,0,0.0061241271905601025
1.0,1,0.9974488615989685
1.0,1,0.9972990155220032
0.0,0,0.006388263311237097
0.0,0,0.0009691497543826699
0.0,0,0.0006212323787622154
1.0,1,0.9998737573623657
0.0,0,0.00014867422578390688
1.0,1,0.9996987581253052
1.0,1,0.8960476517677307
1.0,1,0.868721604347229
0.0,0,0.008921618573367596
0.0,1,0.9987993240356445
0.0,1,0.7516696453094482
0.0,0,0.0001094542967621237
1.0,1,0.998016357421875
0.0,0,0.034385617822408676
0.0,0,0.2807260751724243
0.0,0,0.0008782951044850051
0.0,0,2.1506144548766315e-05
0.0,0,2.2801691557106096e-06
0.0,0,0.00017808152188081294
1.0,1,0.8538280725479126
0.0,1,0.7292363047599792
1.0,1,0.9998283386230469
1.0,1,0.8873279690742493
1.0,1,0.9990119934082031
1.0,1,0.986613929271698
1.0,1,0.9999984502792358
0.0,0,4.261737922206521e-05
1.0,1,0.9995231628417969
1.0,1,0.999521017074585
1.0,1,0.9978613257408142
0.0,1,0.5786633491516113
1.0,1,0.9969430565834045
1.0,1,0.9939938187599182
1.0,1,0.9998340606689453
1.0,1,0.9349453449249268
1.0,0,0.05217573046684265
1.0,1,0.9945488572120667
0.0,0,0.009395084343850613
0.0,0,0.00048788831918500364
0.0,0,0.00035565521102398634
0.0,0,0.015607248991727829
1.0,1,0.5666194558143616
0.0,0,0.0034911942202597857
0.0,0,0.00011602130689425394
0.0,0,0.24623841047286987
0.0,0,2.444482561259065e-06
0.0,0,1.4635976185672916e-05
1.0,1,0.9999901056289673
1.0,1,0.9987213015556335
0.0,0,3.916148853022605e-05
0.0,0,2.6099212846020237e-05
0.0,0,6.442019753194472e-07
0.0,1,0.989930272102356
0.0,0,0.0004864280635956675
1.0,0,0.006124963518232107
1.0,1,0.9284651875495911
1.0,1,0.9999405145645142
1.0,1,0.9001325368881226
1.0,1,0.9935708045959473
1.0,1,0.99982750415802
0.0,0,0.06394891440868378
0.0,0,0.0024133287370204926
0.0,0,0.000768172147218138
0.0,0,0.024388069286942482
0.0,0,0.00041380024049431086
1.0,1,0.9996614456176758
0.0,0,2.93437024083687e-05
0.0,1,0.765004575252533
0.0,0,0.00284192874096334
1.0,1,0.9997062087059021
0.0,0,2.1737329007009976e-05
0.0,0,0.00042208132799714804
1.0,0,0.20173519849777222
0.0,0,0.07869799435138702
1.0,1,0.9999953508377075
1.0,1,0.9999992847442627
0.0,0,0.00011054305650759488
0.0,0,0.032676395028829575
1.0,1,0.9985536932945251
0.0,1,0.8861697912216187
0.0,0,0.009249567985534668
1.0,1,0.9875768423080444
0.0,0,0.040741585195064545
0.0,0,4.3701129470719025e-06
0.0,1,0.7069462537765503
1.0,1,0.9997318387031555
0.0,0,0.005694440566003323
0.0,0,0.2734576165676117
0.0,0,0.00018403533613309264
0.0,0,0.00026894014445133507
0.0,0,0.1778285801410675
0.0,0,0.001914159394800663
1.0,1,0.995144248008728
0.0,0,0.0015600132755935192
0.0,0,5.169657470105449e-06
1.0,0,0.001716311671771109
0.0,0,7.677182111365255e-06
0.0,1,0.8272286653518677
0.0,1,0.9995498061180115
1.0,1,0.9538887143135071
1.0,1,0.9999847412109375
1.0,1,0.9878366589546204
0.0,0,0.0030770765151828527
0.0,1,0.7139803767204285
0.0,0,0.014674565754830837
1.0,1,0.9918026328086853
0.0,0,0.00284520722925663
0.0,0,4.888239345746115e-05
1.0,1,0.9984362721443176
0.0,0,0.00019080461061093956
0.0,0,4.398054807097651e-05
1.0,0,0.2784164547920227
1.0,1,0.9935154914855957
0.0,1,0.9212589263916016
0.0,1,0.9919227957725525
0.0,0,0.010631425306200981
0.0,0,0.005931800231337547
1.0,1,0.9960054755210876
1.0,0,0.008936184458434582
0.0,0,0.0035320876631885767
0.0,1,0.995387852191925
1.0,1,0.9729817509651184
1.0,0,0.30311381816864014
0.0,0,5.712431084248237e-05
1.0,1,0.9999145269393921
0.0,0,0.001961055677384138
1.0,1,0.983379065990448
1.0,1,0.8752418160438538
1.0,1,0.9586790204048157
1.0,1,0.9575141072273254
0.0,0,0.0012378324754536152
0.0,0,0.0059641576372087
1.0,1,0.9902405738830566
0.0,0,0.005167047027498484
1.0,1,0.9779154062271118
0.0,0,0.002316294936463237
1.0,1,0.9994722008705139
0.0,0,0.001888910075649619
1.0,0,0.031166264787316322
0.0,0,0.00690804049372673
1.0,1,0.9967702627182007
1.0,1,0.9992528557777405
0.0,0,0.017142033204436302
0.0,0,0.0013703807489946485
0.0,0,0.31024816632270813
0.0,0,6.986004154896364e-05
1.0,1,0.9992108345031738
0.0,0,0.00014284423377830535
1.0,1,0.6063450574874878
1.0,0,0.120001420378685
0.0,0,0.011096271686255932
1.0,0,0.016560669988393784
0.0,0,0.005223397631198168
0.0,0,0.012191646732389927
0.0,0,0.013086787424981594
1.0,1,0.5709017515182495
0.0,0,0.00014821166405454278
0.0,0,1.9304627130622976e-05
1.0,0,0.0006741750985383987
0.0,0,0.006619963329285383
1.0,1,0.9999988079071045
0.0,0,0.003505140310153365
0.0,0,0.0036857635714113712
0.0,0,0.0001479817583458498
0.0,0,0.0014107372844591737
1.0,1,0.9295352101325989
0.0,0,0.01896214485168457
0.0,0,0.005439945962280035
0.0,0,0.04481373354792595
1.0,0,0.05285480618476868
0.0,1,0.9788520336151123
0.0,0,0.0015448881313204765
1.0,0,0.0014376554172486067
1.0,1,0.9982706308364868
1.0,1,0.9867153763771057
1.0,1,0.9990496039390564
1.0,1,0.9303567409515381
1.0,1,0.99967360496521
0.0,0,0.0004731572116725147
1.0,1,0.9995039701461792
0.0,0,0.0016027633100748062
0.0,0,0.0464022122323513
1.0,0,0.06013287976384163
1.0,1,0.9999772310256958
0.0,0,3.0585008062189445e-05
1.0,1,0.9999442100524902
0.0,1,0.9999547004699707
0.0,1,0.9167834520339966
0.0,1,0.4441506862640381
1.0,1,0.9974415302276611
0.0,0,0.0015998838935047388
1.0,1,0.9900997281074524
0.0,1,0.8604298830032349
0.0,0,0.03514605015516281
1.0,1,0.9999536275863647
0.0,0,0.00013550888979807496
0.0,0,0.028391171246767044
0.0,1,0.6715525984764099
0.0,0,0.0010627167066559196
1.0,1,0.5859553217887878
1.0,1,0.9987970590591431
0.0,0,0.00015884100866969675
0.0,0,7.696813554503024e-05
1.0,1,0.7453543543815613
1.0,1,0.9957614541053772
1.0,1,0.9549582004547119
0.0,0,0.000684393395204097
1.0,1,0.9966456294059753
0.0,1,0.995711088180542
1.0,1,0.8782784938812256
1.0,1,0.6778426766395569
0.0,0,0.00015973957488313317
0.0,0,0.015516011044383049
0.0,0,0.11915984004735947
0.0,0,0.10699938237667084
1.0,1,0.9999088048934937
1.0,1,0.9995753169059753
0.0,0,0.0005906184087507427
1.0,1,0.9999829530715942
1.0,0,0.12491488456726074
0.0,0,0.02545495703816414
0.0,0,0.001695336657576263
0.0,0,0.0022974908351898193
0.0,0,0.0013329682406038046
0.0,0,0.001331101986579597
1.0,1,0.9999083280563354
0.0,0,0.00041773825068958104
0.0,0,0.18800336122512817
0.0,1,0.36324796080589294
1.0,1,0.9997637867927551
0.0,1,0.8978789448738098
0.0,0,0.00893923919647932
0.0,0,0.007474292069673538
0.0,0,0.008176679722964764
0.0,0,0.0052683306857943535
0.0,0,0.12875860929489136
1.0,1,0.9998674392700195
0.0,0,0.00013247910828795284
0.0,0,0.00041139975655823946
1.0,1,0.9999996423721313
1.0,1,0.9918661713600159
0.0,0,0.004213170614093542
0.0,0,0.16874586045742035
1.0,1,0.8954442143440247
0.0,0,0.031149880960583687
0.0,0,0.0452781617641449
0.0,0,6.338041566777974e-05
0.0,0,0.004191524349153042
1.0,1,0.9995555281639099
1.0,1,0.9947326183319092
1.0,1,0.6624319553375244
1.0,1,0.4813131093978882
0.0,0,0.033041197806596756
0.0,0,2.3267177311936393e-05
0.0,0,0.0009540950995869935
0.0,0,0.030765268951654434
0.0,0,0.006013817153871059
1.0,1,0.9944930076599121
0.0,0,0.00019642598635982722
1.0,1,0.9999692440032959
1.0,1,0.9999719858169556
1.0,0,0.0007041576318442822
0.0,0,0.0002924883447121829
0.0,0,0.20910488069057465
1.0,1,0.9998735189437866
0.0,0,4.7850640839897096e-05
1.0,1,0.999967098236084
0.0,0,0.011778370477259159
1.0,1,0.7932518124580383
0.0,0,9.192750439979136e-05
1.0,1,0.7786693572998047
1.0,1,0.9998258948326111
1.0,1,0.9972497820854187
0.0,0,0.008705789223313332
1.0,1,0.890741765499115
1.0,1,0.9999310970306396
0.0,0,0.0029158773832023144
1.0,1,0.9953582882881165
0.0,0,0.1739950031042099
0.0,0,0.0001250531495315954
1.0,1,0.9523323178291321
0.0,0,0.004608863033354282
0.0,0,1.6860138202900998e-05
1.0,1,0.8312665224075317
0.0,0,0.010697709396481514
1.0,1,0.9999523162841797
1.0,0,0.26304078102111816
0.0,0,0.006099935155361891
0.0,0,0.006615119986236095
0.0,0,0.006301545072346926
0.0,0,0.022237425670027733
1.0,1,0.9978476762771606
0.0,0,0.01870540715754032
0.0,0,0.011720345355570316
0.0,0,0.0031390362419188023
0.0,0,0.004842846654355526
0.0,0,0.0027437417302280664
1.0,1,0.9960957169532776
1.0,1,0.9998681545257568
0.0,0,0.000691122142598033
0.0,0,0.001766696572303772
1.0,1,0.9239498376846313
0.0,1,0.41068461537361145
0.0,0,0.0005517677054740489
0.0,0,0.0013233204372227192
1.0,0,0.03922870755195618
1.0,1,0.9603376388549805
1.0,1,0.9997550845146179
0.0,1,0.33633726835250854
1.0,1,0.9997671246528625
1.0,1,0.6323766708374023
0.0,0,0.00033236524905078113
0.0,0,0.0005026531289331615
0.0,0,0.00011874878691742197
1.0,1,0.9979209303855896
1.0,1,0.9864434003829956
0.0,0,0.0010761591838672757
1.0,1,0.9994972944259644
0.0,0,0.0003548239474184811
1.0,1,0.9936144351959229
0.0,0,0.016551367938518524
0.0,0,7.453241414623335e-05
0.0,0,0.00015630543930456042
0.0,0,0.0006794827058911324
1.0,1,0.8003366589546204
0.0,0,6.474514520959929e-05
0.0,0,0.0003504828782752156
0.0,0,0.0023074918426573277
0.0,0,0.16115933656692505
0.0,0,0.004759721923619509
1.0,1,0.9997184872627258
0.0,0,7.333528628805652e-05
0.0,0,0.01109694130718708
0.0,0,0.0016511478461325169
0.0,0,9.187807881971821e-05
1.0,0,0.19322369992733002
0.0,0,0.007912106812000275
1.0,1,0.9990435242652893
0.0,0,5.246442015049979e-06
0.0,0,0.011170649901032448
0.0,0,0.006501337047666311
1.0,0,0.22362467646598816
1.0,1,0.9994400143623352
0.0,0,0.013056269846856594
0.0,0,0.00010557725181570277
1.0,1,0.9999074935913086
0.0,1,0.8919246196746826
0.0,0,1.1739215551642701e-05
0.0,0,0.00031404817127622664
1.0,1,0.8986361026763916
1.0,1,0.9996976852416992
0.0,1,0.9218411445617676
1.0,1,0.9998682737350464
1.0,1,0.9501156210899353
1.0,1,0.7865192294120789
0.0,0,0.001359305577352643
0.0,1,0.982954204082489
0.0,1,0.3331964313983917
1.0,1,0.8478010296821594
0.0,0,0.29823508858680725
0.0,0,0.0032188748009502888
0.0,0,0.0001672489452175796
0.0,1,0.9987953901290894
0.0,0,0.030200691893696785
0.0,0,0.022045353427529335
1.0,1,0.9989532232284546
0.0,0,0.040901944041252136
0.0,0,0.017772603780031204
0.0,0,2.906364534283057e-05
0.0,1,0.832831621170044
0.0,0,0.002208551624789834
0.0,0,0.0018963406328111887
1.0,1,0.9998478889465332
0.0,1,0.974346399307251
0.0,0,0.0002595974365249276
0.0,0,0.00019388750661164522
0.0,0,0.09043700248003006
1.0,1,0.9981359243392944
0.0,1,0.8774214386940002
0.0,0,0.0007629341562278569
1.0,1,0.9949658513069153
0.0,0,0.004563786555081606
1.0,1,0.7091103196144104
0.0,0,0.0170814897865057
0.0,0,0.05408782511949539
0.0,0,0.00032790363184176385
0.0,0,0.00019212892220821232
0.0,0,0.2449471801519394
1.0,1,0.9930685758590698
0.0,0,0.0013001806801185012
1.0,1,0.9941859245300293
0.0,0,0.001991560682654381
0.0,0,0.023169903084635735
0.0,0,0.2461375743150711
1.0,0,0.030041979625821114
1.0,1,0.4974699020385742
0.0,0,0.000938796903938055
0.0,1,0.3265404999256134
0.0,0,0.006362171843647957
1.0,1,0.9998928308486938
0.0,1,0.9716075658798218
1.0,1,0.9648836851119995
1.0,1,0.9995999932289124
0.0,0,5.931190389674157e-05
1.0,1,0.999922513961792
1.0,1,0.9888871312141418
1.0,1,0.9896442890167236
0.0,0,0.010401386767625809
1.0,1,0.960602879524231
1.0,1,0.978630006313324
1.0,1,0.9982810020446777
1.0,1,0.9997721314430237
0.0,1,0.8702122569084167
0.0,0,4.1684063035063446e-05
0.0,0,0.007543819956481457
1.0,0,0.23438410460948944
0.0,0,0.004414868075400591
0.0,0,0.0022839687298983335
0.0,0,0.0026186658069491386
0.0,0,0.0007614019559696317
0.0,0,0.008758621290326118
0.0,1,0.9866570830345154
1.0,1,0.9909630417823792
1.0,1,0.9244373440742493
1.0,1,0.9981235861778259
1.0,1,0.9947702288627625
1.0,1,0.9998763799667358
1.0,1,0.9820780158042908
0.0,0,0.0017644051695242524
1.0,1,0.9982036352157593
1.0,0,0.15160606801509857
1.0,0,0.03899014741182327
0.0,0,0.005435027647763491
1.0,1,0.8046033382415771
0.0,0,5.840046469529625e-06
1.0,1,0.9966362714767456
0.0,0,0.09646480530500412
1.0,1,0.998802900314331
0.0,0,0.25104621052742004
0.0,0,0.0021259065251797438
0.0,0,0.04899495095014572
0.0,0,0.16639651358127594
0.0,0,0.18178045749664307
0.0,0,0.0004529626457951963
1.0,1,0.8746452331542969
0.0,0,0.06460360437631607
0.0,0,0.006547240074723959
0.0,0,0.006929471157491207
1.0,1,0.4838949739933014
1.0,1,0.9986701011657715
1.0,0,0.0064749461598694324
0.0,0,0.01029358059167862
0.0,0,0.002446593251079321
1.0,1,0.9941073656082153
0.0,0,0.0008075324585661292
1.0,1,0.520147442817688
0.0,0,0.014706564135849476
0.0,0,0.008063048124313354
0.0,1,0.8202192783355713
1.0,1,0.8234180808067322
1.0,1,0.9980636239051819
0.0,1,0.39383482933044434
0.0,0,0.002049795351922512
1.0,1,0.9997041821479797
1.0,1,0.999681830406189
0.0,0,0.00016355013940483332
0.0,0,0.016435883939266205
0.0,0,0.014787200838327408
1.0,1,0.8380341529846191
1.0,1,0.9998972415924072
1.0,1,0.999843955039978
0.0,0,0.013393081724643707
0.0,0,0.006569341290742159
0.0,0,0.0027550312224775553
1.0,1,0.9972313046455383
0.0,0,0.0172216035425663
0.0,0,0.00018727080896496773
0.0,0,0.00019286124734207988
0.0,0,0.0003017091366928071
1.0,1,0.9898585677146912
0.0,0,0.0010840120958164334
0.0,0,0.0006091809482313693
0.0,0,0.0097131859511137
1.0,1,0.9981884360313416
1.0,1,0.4031382203102112
0.0,0,0.00021304815891198814
0.0,1,0.7648674249649048
0.0,0,0.0019759396091103554
1.0,1,0.9998830556869507
1.0,0,0.02171485126018524
0.0,0,0.0779954195022583
0.0,0,0.00014546547026839107
1.0,1,0.9918026328086853
1.0,0,0.17899733781814575
1.0,0,0.19447270035743713
0.0,0,0.007619151379913092
0.0,0,0.00969745684415102
0.0,0,0.00028840071172453463
0.0,0,0.032155584543943405
0.0,0,0.03231874853372574
1.0,0,0.3108117878437042
1.0,0,0.2488781064748764
0.0,0,0.07929500937461853
1.0,1,0.9980853796005249
0.0,0,0.06215038150548935
0.0,0,0.021580146625638008
0.0,0,0.010238207876682281
1.0,1,0.6892312169075012
0.0,0,0.0019989509601145983
0.0,0,0.0005265099462121725
1.0,1,0.9463606476783752
0.0,0,4.787556463270448e-05
1.0,1,0.7008378505706787
0.0,0,0.0013909937115386128
1.0,1,0.9994200468063354
0.0,0,0.000490899255964905
0.0,0,0.02266259491443634
0.0,0,3.0561930088879308e-06
0.0,0,0.010621513240039349
0.0,0,1.3037799817539053e-06
0.0,0,0.00017396261682733893
0.0,1,0.9955527186393738
1.0,1,0.9945567846298218
0.0,0,0.1529841423034668
1.0,1,0.999915599822998
0.0,0,0.0009625193197280169
0.0,0,0.22638848423957825
0.0,0,0.0038307143840938807
0.0,1,0.9515215158462524
1.0,1,0.8927693367004395
0.0,0,0.003828342305496335
0.0,0,0.202819362282753
0.0,1,0.9983254075050354
0.0,0,0.0005131710786372423
1.0,1,0.9962726831436157
0.0,0,0.04623036086559296
1.0,1,0.9979720711708069
0.0,0,8.020539826247841e-05
1.0,1,0.9983987212181091
1.0,1,0.9998306035995483
0.0,0,0.053445592522621155
0.0,0,0.0008338423795066774
1.0,1,0.9997218251228333
1.0,1,0.9999046325683594
0.0,0,0.00047941695083864033
0.0,0,0.02009791135787964
1.0,1,0.995808482170105
0.0,1,0.6475777626037598
0.0,1,0.8140061497688293
1.0,1,0.7590833306312561
1.0,1,0.5404520630836487
0.0,0,0.00070551986573264
1.0,1,0.997930645942688
1.0,1,0.999932050704956
0.0,0,0.00017898956139106303
1.0,1,0.9785650372505188
0.0,0,0.0004822439805138856
1.0,1,0.9994972944259644
0.0,0,0.001454973709769547
1.0,0,0.11679916828870773
0.0,0,0.0008182629244402051
0.0,0,0.0013147966237738729
1.0,1,0.9995444416999817
1.0,1,0.9979965090751648
1.0,1,0.9999873638153076
0.0,0,0.002554887905716896
1.0,1,0.9996399879455566
0.0,0,0.05973483622074127
0.0,0,0.00013617209333460778
1.0,1,0.9855807423591614
0.0,0,1.2828551007260103e-05
0.0,1,0.9189958572387695
1.0,1,0.9991441965103149
0.0,0,0.019899077713489532
1.0,1,0.9999898672103882
1.0,1,0.9991461038589478
1.0,1,0.999977707862854
0.0,1,0.49124374985694885
1.0,1,0.33694347739219666
1.0,1,0.9973256587982178
1.0,1,0.9724918603897095
0.0,0,5.852218600921333e-05
0.0,1,0.36330080032348633
1.0,1,0.9999269247055054
0.0,0,0.003998084459453821
0.0,0,0.00043985465890727937
1.0,0,0.0008370384457521141
0.0,0,0.0005373199237510562
0.0,0,0.001219531404785812
0.0,0,0.00035819323966279626
1.0,1,0.995654821395874
0.0,0,0.0026008228305727243
0.0,0,0.0013426820514723659
0.0,0,0.004720232915133238
1.0,1,0.9999880790710449
0.0,0,0.013015693053603172
1.0,1,0.999915361404419
0.0,0,0.004040011204779148
1.0,1,0.9962918758392334
1.0,1,0.9995324611663818
1.0,1,0.9995018243789673
1.0,1,0.9927659034729004
0.0,0,0.040020786225795746
0.0,0,2.4227721951319836e-05
1.0,1,0.9709308743476868
0.0,1,0.5011174082756042
1.0,1,0.6894437074661255
1.0,1,0.9999946355819702
1.0,1,0.8907409310340881
1.0,1,0.5753467679023743
0.0,0,0.0011285518994554877
0.0,0,0.0001014571898849681
0.0,0,0.0013051001587882638
1.0,1,0.9997010231018066
0.0,0,0.0009130160324275494
0.0,0,0.01480136439204216
0.0,1,0.9999988079071045
1.0,1,0.9933153986930847
0.0,0,0.0473761148750782
1.0,1,0.9257571697235107
1.0,1,0.9980473518371582
1.0,1,0.999750554561615
1.0,1,0.9999935626983643
0.0,0,0.00257045472972095
1.0,0,0.14711667597293854
0.0,0,0.0014025450218468904
0.0,0,0.0031571006402373314
1.0,1,0.9631747603416443
0.0,0,0.004793897271156311
1.0,0,0.026328787207603455
0.0,0,0.0006997475284151733
1.0,1,0.9999985694885254
0.0,0,0.11214685440063477
0.0,0,0.007673230022192001
0.0,1,0.36339282989501953
0.0,0,0.14484302699565887
0.0,0,0.005108905956149101
0.0,0,0.0001858739706221968
0.0,0,0.00011743713548639789
1.0,1,0.6962016820907593
0.0,0,3.542523700161837e-05
1.0,1,0.9993791580200195
1.0,1,0.49754583835601807
1.0,1,0.9999576807022095
0.0,0,1.7048469089786522e-05
0.0,0,0.004972233437001705
1.0,1,0.996849000453949
1.0,1,0.9999501705169678
1.0,1,0.3857942223548889
0.0,0,0.0004068150301463902
1.0,1,0.9999001026153564
0.0,0,1.142385917773936e-05
0.0,1,0.49281805753707886
0.0,1,0.8870707154273987
0.0,0,0.0001878373441286385
0.0,0,0.0005620535812340677
0.0,1,0.33187350630760193
0.0,0,0.0003828327462542802
0.0,0,0.008826559409499168
0.0,0,0.18445776402950287
0.0,0,4.965346306562424e-05
1.0,1,0.9717143774032593
1.0,0,0.3015088438987732
1.0,1,0.9406024813652039
1.0,1,0.9895485639572144
1.0,1,0.9999077320098877
0.0,0,0.12404996901750565
0.0,0,9.598518226994202e-05
1.0,1,0.8728242516517639
1.0,1,0.996644914150238
0.0,0,0.004159596282988787
0.0,0,0.015210055746138096
0.0,0,0.0002974483941216022
1.0,1,0.8769310116767883
0.0,0,0.0009714757325127721
1.0,1,0.9900720119476318
0.0,0,0.004967303015291691
1.0,0,0.0005082732532173395
1.0,1,0.9997708201408386
1.0,0,0.166633740067482
0.0,0,0.0020812239963561296
0.0,0,0.00044823612552136183
0.0,0,0.0050699892453849316
1.0,1,0.9472046494483948
1.0,1,0.7055476903915405
1.0,1,0.9876009225845337
0.0,0,0.023172486573457718
0.0,0,0.12084073573350906
0.0,1,0.43341130018234253
0.0,0,0.002803389448672533
1.0,1,0.9983844757080078
0.0,0,0.00024342240067198873
0.0,1,0.7339977622032166
1.0,1,0.9999949932098389
1.0,1,0.9754065871238708
0.0,0,0.006736997980624437
0.0,0,0.007763996254652739
0.0,0,0.00010660855332389474
0.0,0,0.04103006422519684
1.0,0,0.27213114500045776
1.0,1,0.9999762773513794
0.0,0,8.888695447240025e-05
0.0,0,0.13132573664188385
0.0,0,3.2123516575666144e-05
0.0,0,0.0057830726727843285
1.0,1,0.7148374915122986
1.0,1,0.9743260145187378
0.0,1,0.36899232864379883
1.0,0,0.05004862695932388
1.0,1,0.9779301881790161
0.0,0,0.0007091879961080849
0.0,0,0.0003159759799018502
0.0,0,0.0002709057880565524
0.0,0,0.0014296669978648424
0.0,0,0.0020509660243988037
1.0,1,0.9999165534973145
0.0,0,0.003965935669839382
0.0,0,0.021604247391223907
1.0,1,0.9900733232498169
0.0,1,0.87698894739151
0.0,0,0.022139742970466614
1.0,1,0.977238655090332
0.0,0,0.23790057003498077
0.0,0,0.00017207927885465324
0.0,0,0.0005792474839836359
0.0,0,0.011724228970706463
1.0,1,0.9992515444755554
0.0,0,0.0020967137534171343
1.0,1,0.9626020193099976
0.0,0,0.0025318432599306107
0.0,0,0.0023845990654081106
0.0,0,0.00010708169429562986
0.0,0,0.0005184811307117343
0.0,0,0.0005201897001825273
1.0,1,0.9926465749740601
1.0,0,0.20700609683990479
0.0,0,7.433577138726832e-06
1.0,1,0.9999994039535522
0.0,0,0.0022740771528333426
1.0,1,0.9988644123077393
1.0,1,0.9929990768432617
1.0,1,0.955050528049469
0.0,0,0.2562808096408844
1.0,1,0.7085237503051758
0.0,0,4.5998822315596044e-05
0.0,0,0.030586376786231995
0.0,0,0.003274305025115609
0.0,0,4.6910749915696215e-06
1.0,1,0.9999315738677979
1.0,1,0.9990471005439758
1.0,1,0.9603915214538574
0.0,1,0.4285985827445984
0.0,0,0.017627371475100517
0.0,0,0.1542675495147705
0.0,0,0.013039850629866123
1.0,1,0.9997177720069885
1.0,1,0.9293859601020813
0.0,0,0.012123104184865952
0.0,0,0.0030697390902787447
0.0,0,0.08123060315847397
1.0,1,0.993381142616272
1.0,1,0.9904648065567017
0.0,0,0.000677386880852282
1.0,1,0.9984925985336304
0.0,0,0.018353402614593506
0.0,0,0.0011552837677299976
0.0,0,0.004368709400296211
0.0,0,0.00024758646031841636
0.0,0,0.02081802859902382
1.0,1,0.9976317882537842
0.0,0,0.002136604394763708
0.0,0,0.0025342023000121117
0.0,0,0.0017543162684887648
0.0,0,0.002352064475417137
0.0,0,0.17550678551197052
1.0,1,0.9941487312316895
0.0,1,0.9294354915618896
0.0,1,0.49618464708328247
0.0,0,0.004314177669584751
0.0,0,4.547074422589503e-05
0.0,0,0.020303480327129364
0.0,0,0.024846648797392845
0.0,1,0.3254477083683014
0.0,0,0.00012958867591805756
1.0,0,0.22701510787010193
0.0,1,0.34853237867355347
1.0,1,0.990090012550354
0.0,0,0.000490253500174731
0.0,0,0.0003797847602982074
0.0,0,0.006457178853452206
1.0,1,0.9525880813598633
0.0,0,2.9449951398419216e-05
0.0,0,0.0007236837991513312
0.0,1,0.9845750331878662
0.0,0,0.0058991387486457825
1.0,1,0.9928540587425232
1.0,0,0.06509360671043396
0.0,1,0.9868300557136536
0.0,0,0.21526092290878296
1.0,1,0.9206846952438354
0.0,0,0.0016417033039033413
1.0,1,0.8026308417320251
0.0,0,0.13280287384986877
0.0,0,0.0021541856694966555
0.0,0,0.0009980743052437901
0.0,1,0.8901170492172241
1.0,1,0.3960208296775818
1.0,1,0.5702732801437378
0.0,0,0.0036763108801096678
1.0,1,0.9980546236038208
0.0,0,0.003258592216297984
1.0,1,0.8823542594909668
0.0,0,3.126953015453182e-05
1.0,1,0.999809205532074
1.0,1,0.9941372871398926
1.0,1,0.9729952812194824
0.0,0,0.0006162005593068898
1.0,1,0.998100221157074
0.0,0,0.00010349100193707272
0.0,0,0.010927319526672363
1.0,1,0.9926915764808655
0.0,0,0.0012471540831029415
1.0,1,0.9997405409812927
1.0,1,0.9999245405197144
1.0,1,0.9776393175125122
0.0,1,0.8774976134300232
1.0,1,0.4686623513698578
1.0,1,0.9991506338119507
0.0,0,0.0004240660055074841
0.0,0,0.1321948915719986
0.0,0,0.0029725937638431787
0.0,0,0.00162770866882056
0.0,0,0.03240790218114853
0.0,1,0.9945072531700134
0.0,0,0.003936910070478916
1.0,1,0.421138197183609
0.0,0,0.0130844721570611
1.0,0,0.017362838611006737
1.0,1,0.9999926090240479
1.0,1,0.9999512434005737
0.0,0,0.03527877852320671
1.0,1,0.9837214350700378
1.0,1,0.7707492709159851
0.0,0,0.0001565300626680255
1.0,1,0.9998351335525513
0.0,1,0.3834091126918793
0.0,0,0.0026580519042909145
0.0,0,1.891243300633505e-06
0.0,0,0.0001532067108200863
1.0,1,0.8121541738510132
0.0,1,0.8297531008720398
0.0,0,0.0020702385809272528
0.0,0,0.17992490530014038
0.0,0,0.0061980546452105045
1.0,1,0.9850261807441711
0.0,0,0.23354485630989075
1.0,1,0.9954728484153748
0.0,0,0.001581933000124991
0.0,0,0.003784675383940339
1.0,1,0.9999364614486694
1.0,1,0.9603304862976074
0.0,0,0.01714901626110077
0.0,0,7.812109106453136e-05
0.0,0,0.039721596986055374
0.0,0,0.017056122422218323
0.0,0,0.0017731516854837537
1.0,1,0.9993929862976074
0.0,0,0.020866692066192627
0.0,0,0.0006873770034871995
1.0,1,0.9918957352638245
1.0,1,0.9998773336410522
0.0,0,0.06553741544485092
0.0,0,0.0006716758944094181
1.0,1,0.9996505975723267
1.0,1,0.9983129501342773
0.0,0,0.0056809326633811
1.0,1,0.9986143112182617
0.0,0,0.08412617444992065
1.0,1,0.9998502731323242
0.0,0,0.004456726834177971
0.0,0,0.0001981932728085667
1.0,1,0.5371207594871521
0.0,0,4.934776734444313e-05
0.0,0,0.007527358829975128
0.0,0,0.06552595645189285
0.0,0,0.0011273242998868227
0.0,0,0.0029556381050497293
0.0,0,0.0021037664264440536
1.0,1,0.9999997615814209
0.0,0,0.0003763392742257565
1.0,1,0.9999440908432007
0.0,0,0.003697816049680114
0.0,1,0.35582515597343445
1.0,1,0.9971147775650024
0.0,0,0.0016142090316861868
0.0,0,0.0010841028997674584
1.0,1,0.9999775886535645
1.0,1,0.9999908208847046
1.0,0,0.013125749304890633
0.0,0,1.8610791812534444e-05
1.0,1,0.9996517896652222
0.0,0,0.0022123188246041536
1.0,1,0.9965925812721252
0.0,1,0.6634615659713745
0.0,0,0.1550348699092865
1.0,1,0.9100888967514038
0.0,0,0.0007850126130506396
0.0,0,0.008246960118412971
0.0,0,0.0050444998778402805
0.0,1,0.6731141209602356
1.0,0,0.002365552354604006
1.0,1,0.45323747396469116
1.0,1,0.9988717436790466
0.0,0,0.0002319490013178438
0.0,0,0.08938071131706238
1.0,1,0.9606439471244812
0.0,1,0.986544668674469
0.0,0,0.0005708103417418897
1.0,1,0.9995583891868591
0.0,0,5.418617729446851e-05
0.0,0,0.0003281006356701255
0.0,0,0.05027276277542114
1.0,1,0.8575841784477234
1.0,1,0.9559073448181152
0.0,0,0.00971207581460476
0.0,0,0.0007031206041574478
0.0,0,0.0003745789872482419
0.0,0,0.19191356003284454
1.0,1,0.9957637786865234
0.0,0,0.004437822848558426
1.0,1,0.9905725121498108
0.0,0,0.004969975911080837
0.0,0,0.00045474356738850474
0.0,0,0.06948080658912659
0.0,0,0.00015682347293477505
1.0,1,0.8643056154251099
1.0,1,0.9999409914016724
1.0,1,0.9636601805686951
1.0,0,0.07764177769422531
1.0,1,0.9991939663887024
0.0,0,0.00023865293769631535
1.0,1,0.9999871253967285
1.0,1,0.9974066615104675
0.0,0,0.0009770059259608388
0.0,0,0.00704535748809576
1.0,1,0.9838347434997559
0.0,0,0.14124201238155365
1.0,1,0.999351441860199
1.0,1,0.998472273349762
0.0,1,0.4143194258213043
1.0,1,0.9997867941856384
1.0,1,0.9942650198936462
1.0,1,0.9495489597320557
1.0,1,0.9817449450492859
0.0,0,0.03386201709508896
0.0,0,0.004555553663522005
1.0,1,0.954806923866272
0.0,0,4.0699778764974326e-05
0.0,0,0.06542199850082397
1.0,1,0.9900756478309631
0.0,0,0.0023467657156288624
1.0,1,0.9760989546775818
1.0,1,0.996422290802002
1.0,1,0.9897981882095337
0.0,0,0.007740337867289782
1.0,1,0.8192097544670105
0.0,0,0.06033899635076523
1.0,0,0.019357455894351006
1.0,1,0.37151578068733215
0.0,1,0.9863100051879883
0.0,0,5.535737727768719e-05
1.0,1,0.9999563694000244
1.0,1,0.9295503497123718
1.0,0,0.00011364759848220274
0.0,0,0.002562421839684248
1.0,1,0.33482491970062256
0.0,0,0.00018973532132804394
1.0,1,0.997266411781311
1.0,1,0.9988666772842407
1.0,1,0.9934095144271851
0.0,0,0.015579354017972946
1.0,1,0.983597457408905
1.0,1,0.9994636178016663
1.0,1,0.9999035596847534
0.0,0,0.00012644285743590444
1.0,1,0.9150693416595459
0.0,0,0.06557916104793549
1.0,1,0.9284025430679321
0.0,0,0.0055178371258080006
0.0,1,0.9831711649894714
1.0,1,0.7668811082839966
0.0,0,0.2247253656387329
1.0,1,0.997901201248169
0.0,0,0.005013782065361738
0.0,0,1.1347980944265146e-05
1.0,1,0.999552309513092
1.0,1,0.995555579662323
0.0,0,0.19498997926712036
1.0,1,0.9999551773071289
0.0,0,0.008594000712037086
0.0,0,0.0008372929878532887
0.0,0,0.0005518153193406761
0.0,0,0.07852176576852798
0.0,1,0.8554268479347229
0.0,1,0.7785468697547913
1.0,0,0.10653509199619293
1.0,1,0.957642674446106
1.0,1,0.8885788321495056
0.0,0,0.014015396125614643
1.0,1,0.9995496869087219
1.0,1,0.999018669128418
1.0,1,0.9986286163330078
0.0,0,0.02215166948735714
0.0,0,0.00023245287593454123
1.0,1,0.9999923706054688
1.0,1,0.9999537467956543
0.0,0,0.000312214920995757
1.0,1,0.3468514084815979
0.0,0,0.0001204615764436312
0.0,0,7.245886308737681e-07
1.0,1,0.9771676659584045
1.0,1,0.9998893737792969
0.0,0,0.0007388807716779411
0.0,0,0.004206971265375614
1.0,1,0.9993983507156372
0.0,0,0.03933624178171158
1.0,1,0.9777283668518066
1.0,1,0.9923420548439026
1.0,1,0.9999179840087891
0.0,0,0.00019622307445388287
1.0,0,0.16669848561286926
1.0,1,0.9526164531707764
1.0,1,0.9376245141029358
0.0,1,0.45961686968803406
0.0,0,6.310877506621182e-05
0.0,0,0.00032356075826101005
0.0,0,0.011889440007507801
1.0,1,0.969515323638916
0.0,0,0.0010635406943038106
0.0,0,0.0016898222966119647
0.0,0,0.09382394701242447
1.0,0,0.2083999216556549
0.0,0,0.015585667453706264
0.0,0,6.903317262185737e-05
0.0,0,0.03658454865217209
1.0,1,0.9993763566017151
0.0,0,0.015268459916114807
1.0,1,0.9965611100196838
0.0,0,0.007558897137641907
0.0,0,0.024577882140874863
1.0,1,0.99850994348526
0.0,0,7.25619031527458e-07
1.0,1,0.9713469743728638
0.0,0,0.2549888491630554
0.0,0,0.15079626441001892
0.0,0,0.001488715410232544
0.0,0,0.003829279216006398
0.0,0,0.00017908959125634283
0.0,0,0.0003952342667616904
0.0,0,0.047961365431547165
0.0,0,0.0006052672397345304
0.0,0,0.0018592169508337975
1.0,0,0.01923275738954544
0.0,1,0.9266727566719055
0.0,0,0.0003100867907050997
1.0,1,0.9845395684242249
1.0,1,0.9678046107292175
0.0,0,0.0003170647250954062
0.0,0,0.004665636457502842
0.0,1,0.991304874420166
1.0,1,0.9999393224716187
0.0,0,0.04720137640833855
1.0,1,0.9999861717224121
0.0,0,3.7828172594345233e-07
0.0,0,0.0003796014643739909
0.0,0,0.003285155398771167
0.0,0,0.0032042982056736946
1.0,0,0.12105726450681686
1.0,1,0.9981219172477722
1.0,1,0.9997193217277527
0.0,0,8.679461461724713e-05
1.0,1,0.9850907325744629
0.0,0,0.0024186093360185623
0.0,1,0.7338432669639587
1.0,1,0.984684407711029
0.0,0,0.027534879744052887
1.0,1,0.9962809681892395
0.0,0,0.003979040775448084
1.0,1,0.993915855884552
1.0,1,0.9993150234222412
0.0,0,0.000643836276140064
0.0,0,0.0007755561382509768
1.0,0,0.006478149443864822
1.0,1,0.9930423498153687
0.0,1,0.6712201833724976
0.0,0,0.06939630210399628
0.0,0,0.012929189950227737
0.0,0,0.0014926304575055838
0.0,0,0.0042503587901592255
0.0,0,0.001770597998984158
1.0,1,0.9983294606208801
0.0,0,0.017546163871884346
0.0,0,4.420474579092115e-05
0.0,1,0.4815361499786377
0.0,0,0.001970831537619233
0.0,0,4.357468060334213e-05
1.0,1,0.9547837972640991
0.0,0,0.004792689811438322
0.0,0,4.3416475818958133e-05
1.0,1,0.6310214996337891
0.0,0,0.0011124504962936044
0.0,0,0.06394144892692566
1.0,1,0.69758540391922
1.0,1,0.5000861287117004
1.0,1,0.9219010472297668
0.0,0,0.0003593828878365457
0.0,0,0.0023398185148835182
1.0,1,0.9859647750854492
0.0,0,0.00020745856454595923
1.0,1,0.999915361404419
0.0,0,5.5998872994678095e-05
1.0,1,0.9997935891151428
1.0,1,0.9972643852233887
1.0,1,0.9978188276290894
0.0,0,0.0023907378781586885
1.0,1,0.9955558180809021
0.0,0,0.00046983070205897093
1.0,1,0.999452531337738
1.0,1,0.9999531507492065
0.0,0,0.00043356968672014773
1.0,1,0.9001068472862244
1.0,0,0.0017750771949067712
0.0,0,0.0023143189027905464
1.0,1,0.9110856652259827
1.0,1,0.9916263818740845
0.0,0,0.17816349864006042
0.0,1,0.3366241157054901
0.0,0,0.010653164237737656
0.0,0,0.00436052680015564
1.0,1,0.6704699993133545
0.0,0,0.0008602901361882687
1.0,1,0.9986714124679565
0.0,0,0.05226103216409683
1.0,1,0.9999624490737915
0.0,0,0.050317972898483276
0.0,0,0.00012556527508422732
0.0,0,0.0013874610885977745
1.0,1,0.9934750199317932
0.0,0,0.0006612898432649672
0.0,0,0.014971628785133362
0.0,0,0.00461778836324811
1.0,1,0.9952477812767029
0.0,1,0.7955825328826904
0.0,0,0.21955090761184692
1.0,1,0.9898080229759216
0.0,0,9.53215203480795e-05
1.0,1,0.9980562925338745
0.0,0,0.006724176928400993
0.0,0,0.027994554489850998
0.0,0,0.0037613981403410435
1.0,0,0.0053755962289869785
0.0,1,0.670836329460144
1.0,1,0.9999370574951172
1.0,1,0.997386634349823
1.0,1,0.960295557975769
1.0,1,0.37623149156570435
0.0,0,0.00013563195534516126
1.0,1,0.9998778104782104
1.0,1,0.9913602471351624
1.0,1,0.9975200295448303
0.0,0,0.004845673684030771
0.0,0,0.011519095860421658
0.0,0,0.11353056132793427
0.0,0,0.0034702171105891466
1.0,0,0.152482807636261
0.0,0,0.0003966249350924045
0.0,0,0.012113423086702824
0.0,1,0.492122620344162
1.0,1,0.9860288500785828
1.0,1,0.9974128603935242
1.0,1,0.99905925989151
0.0,0,0.3099641799926758
0.0,0,0.011929227039217949
1.0,1,0.9989885687828064
0.0,0,0.0005412178579717875
0.0,0,0.0002197496360167861
0.0,0,0.00042565097101032734
0.0,0,0.005286679603159428
1.0,1,0.9883868098258972
1.0,0,0.2831677794456482
0.0,0,0.0014835309702903032
0.0,0,0.00022464542416855693
1.0,1,0.9988225102424622
0.0,0,0.010883216746151447
1.0,1,0.9999655485153198
0.0,1,0.9963558912277222
1.0,1,0.9987590312957764
1.0,1,0.9205997586250305
0.0,0,2.2316216927720234e-05
0.0,0,0.04781024530529976
1.0,1,0.9999946355819702
0.0,0,9.477769344812259e-05
1.0,1,0.998241662979126
1.0,1,0.8854277729988098
0.0,0,3.665967233246192e-05
0.0,0,0.00028910653782077134
0.0,0,0.004504206590354443
0.0,0,0.0018971069948747754
0.0,1,0.4978865683078766
0.0,0,0.004433689173310995
0.0,0,0.0003477898135315627
0.0,0,0.15269595384597778
0.0,0,0.0009465073235332966
1.0,1,0.9998595714569092
1.0,1,0.5407511591911316
1.0,1,0.9999473094940186
0.0,0,0.28826501965522766
1.0,1,0.9999853372573853
0.0,0,0.04468368738889694
1.0,1,0.994669497013092
0.0,0,0.0110945338383317
1.0,1,0.9979776740074158
0.0,0,0.00016784195031505078
0.0,0,9.661808144301176e-05
0.0,1,0.6983852982521057
0.0,0,0.10315422713756561
1.0,1,0.701331377029419
1.0,0,0.0013782778987661004
1.0,1,0.9986691474914551
0.0,0,0.018333207815885544
1.0,1,0.9994310736656189
0.0,1,0.655646562576294
0.0,0,0.0017703637713566422
1.0,1,0.999914288520813
0.0,0,0.004930329974740744
0.0,0,0.05871936306357384
0.0,0,0.0007088123238645494
0.0,0,0.08264534920454025
1.0,0,0.01075879018753767
1.0,1,0.8197322487831116
1.0,1,0.9744017124176025
1.0,1,0.9585591554641724
1.0,1,0.382938414812088
1.0,1,0.9516324996948242
0.0,0,0.002984291408210993
0.0,0,0.0009069091756828129
0.0,0,0.025446824729442596
0.0,0,0.00032575245131738484
0.0,1,0.9513676166534424
1.0,1,0.9510025382041931
1.0,1,0.370889812707901
1.0,1,0.9783909916877747
0.0,0,0.0010597268119454384
0.0,0,0.002301615197211504
0.0,0,0.002646419685333967
1.0,1,0.9999678134918213
1.0,1,0.9292673468589783
1.0,1,0.9998906850814819
0.0,1,0.5470714569091797
0.0,0,0.0026376068126410246
0.0,0,0.0006006594630889595
1.0,1,0.9723418354988098
1.0,1,0.9900360107421875
0.0,0,0.10202886164188385
0.0,1,0.8564881682395935
0.0,0,0.0019951702561229467
0.0,0,0.001559156458824873
1.0,1,0.9814666509628296
0.0,0,4.234126754454337e-05
0.0,0,0.00026519616949371994
1.0,1,0.9262645840644836
1.0,1,0.39729976654052734
0.0,1,0.35262808203697205
1.0,1,0.999680757522583
0.0,0,0.01936184987425804
0.0,0,2.2045085643185303e-05
1.0,1,0.9984461665153503
1.0,1,0.9889897108078003
1.0,1,0.8742958307266235
0.0,0,0.0010535662295296788
0.0,0,0.06305056065320969
1.0,1,0.999167799949646
0.0,0,0.005001453682780266
1.0,1,0.9999477863311768
0.0,0,0.0016647506272420287
0.0,0,0.194589301943779
0.0,0,0.0030512765515595675
1.0,1,0.8417431116104126
1.0,0,0.03541424870491028
0.0,0,0.029398873448371887
0.0,0,0.00028824785840697587
0.0,0,0.0018255460308864713
0.0,0,0.0009735386702232063
0.0,0,0.17798395454883575
0.0,0,0.003092477796599269
0.0,0,0.004755064845085144
0.0,0,0.0017474795458838344
0.0,0,0.01519403513520956
0.0,0,9.029095053847414e-06
0.0,0,0.0022992973681539297
0.0,0,0.00024073167878668755
0.0,0,0.009289820678532124
0.0,0,0.0014906638534739614
0.0,0,0.0031503294594585896
0.0,1,0.9844284057617188
1.0,1,0.9989548921585083
0.0,0,3.171615389874205e-06
0.0,0,0.0008303202921524644
1.0,1,0.9652611613273621
0.0,0,0.0005320489872246981
0.0,1,0.9846625328063965
1.0,1,0.9985390901565552
0.0,0,0.00011754110164474696
1.0,1,0.9231312274932861
0.0,1,0.6324860453605652
1.0,1,0.593010663986206
1.0,1,0.38976284861564636
0.0,0,0.013332266360521317
0.0,0,0.16219639778137207
0.0,0,0.07855073362588882
0.0,0,0.0018707579001784325
0.0,0,0.005375208333134651
0.0,0,0.003666379489004612
0.0,0,0.0003334367065690458
0.0,0,0.13747762143611908
0.0,0,0.004172665067017078
0.0,0,0.0007971498998813331
0.0,0,0.002344562904909253
1.0,0,0.08455917239189148
0.0,1,0.5789896249771118
0.0,0,0.01127973198890686
1.0,1,0.9996961355209351
1.0,1,0.6429917812347412
1.0,1,0.9617374539375305
0.0,0,0.0006480171578004956
0.0,0,0.008699052035808563
0.0,0,0.01739802584052086
0.0,1,0.9866059422492981
1.0,1,0.9995899796485901
0.0,0,0.0012462057638913393
0.0,0,0.00012818639515899122
1.0,1,0.9962628483772278
0.0,0,6.667931302217767e-05
0.0,0,0.0022117001935839653
0.0,0,0.0006526886718347669
0.0,0,0.047092337161302567
1.0,1,0.8127018809318542
0.0,1,0.6964240074157715
1.0,1,0.958132266998291
0.0,0,0.0004558283253572881
1.0,1,0.9999803304672241
0.0,0,0.28055325150489807
1.0,0,0.015617098659276962
1.0,1,0.9976508021354675
1.0,1,0.9758182764053345
1.0,1,0.8938414454460144
0.0,0,0.29304513335227966
1.0,1,0.9885547757148743
1.0,1,0.9922056794166565
0.0,1,0.4970228672027588
0.0,0,0.19347406923770905
0.0,0,0.0044409167021512985
0.0,1,0.4365515112876892
0.0,0,0.01824389398097992
1.0,0,0.28204286098480225
0.0,0,0.00037355622043833137
1.0,1,0.9288874864578247
1.0,1,0.9192575812339783
0.0,0,0.0004228394536767155
0.0,0,0.0009188380790874362
0.0,0,0.0010998594807460904
0.0,1,0.9699360132217407
0.0,0,0.00018978925072588027
0.0,0,0.015581014566123486
0.0,1,0.8641419410705566
1.0,1,0.8907900452613831
0.0,0,0.0005965266027487814
1.0,1,0.7658606767654419
1.0,0,0.028065046295523643
1.0,0,0.03376765549182892
0.0,0,0.0002340737555641681
1.0,1,0.9911060929298401
1.0,1,0.9864924550056458
0.0,0,0.01175511535257101
1.0,1,0.984143853187561
0.0,0,0.06498114764690399
0.0,0,0.05067122355103493
0.0,1,0.9910374879837036
0.0,0,1.132335455622524e-05
1.0,1,0.9998624324798584
1.0,1,0.7908728718757629
0.0,0,0.20548222959041595
0.0,0,3.750938776647672e-05
0.0,0,0.0001627430901862681
1.0,1,0.9903882145881653
1.0,1,0.9711536765098572
1.0,1,0.9976098537445068
1.0,1,0.9946734309196472
0.0,0,0.0008097323589026928
0.0,0,0.00024657961330376565
0.0,0,0.00025618416839279234
0.0,0,0.007974165491759777
1.0,1,0.778520941734314
0.0,0,0.09818346798419952
0.0,0,0.0007403358467854559
1.0,1,0.8201041221618652
1.0,0,0.12253991514444351
0.0,0,0.0015363006386905909
1.0,1,0.9951863884925842
0.0,1,0.3253849744796753
0.0,1,0.629349410533905
1.0,1,0.9981491565704346
0.0,0,0.017872978001832962
0.0,0,0.0012025611940771341
1.0,1,0.9999953508377075
0.0,0,0.0002776262117549777
0.0,0,4.346659989096224e-05
1.0,0,0.10772974044084549
0.0,0,0.0008432350587099791
0.0,1,0.39208000898361206
0.0,0,0.0002923562133219093
1.0,1,0.9440782070159912
0.0,1,0.9990377426147461
1.0,1,0.9997866749763489
1.0,1,0.9999020099639893
0.0,0,0.004184335935860872
1.0,1,0.9980949759483337
1.0,1,0.9528330564498901
1.0,1,0.9985471367835999
0.0,0,0.00011118390830233693
0.0,0,0.17760266363620758
0.0,0,0.008675912395119667
0.0,1,0.943108081817627
0.0,0,8.029042874113657e-06
0.0,0,0.0334370881319046
0.0,0,0.007348583545535803
1.0,1,0.9985992312431335
1.0,1,0.9998611211776733
0.0,0,0.015249143354594707
0.0,0,0.014609154313802719
1.0,1,0.9868357181549072
0.0,0,0.0003124805516563356
0.0,0,0.0005029737367294729
0.0,0,0.005413622595369816
0.0,1,0.9939031004905701
1.0,1,0.9928929209709167
0.0,1,0.8906429409980774
1.0,1,0.9999799728393555
0.0,0,0.0034896337892860174
0.0,0,0.0008155198884196579
1.0,1,0.9981101751327515
1.0,1,0.48742058873176575
1.0,1,0.999829888343811
0.0,0,0.000724040437489748
1.0,1,0.9999077320098877
0.0,0,0.0001489267888246104
1.0,1,0.9999849796295166
0.0,0,9.951355423254427e-06
0.0,0,0.0014392376178875566
1.0,1,0.9970903396606445
0.0,1,0.43539777398109436
1.0,1,0.9423079490661621
1.0,1,0.991690993309021
0.0,1,0.6781743764877319
1.0,1,0.9691954851150513
0.0,1,0.49701616168022156
0.0,0,6.011629375279881e-05
0.0,0,0.0005528938490897417
0.0,0,7.796227873768657e-05
1.0,1,0.9999879598617554
1.0,1,0.9997225403785706
0.0,0,0.0006021259468980134
0.0,0,0.0063928416930139065
0.0,0,0.008127775974571705
1.0,1,0.9941925406455994
0.0,0,0.01669970713555813
1.0,1,0.9997888207435608
1.0,1,0.36038631200790405
0.0,1,0.5892196893692017
1.0,1,0.9929218888282776
1.0,1,0.9706412553787231
1.0,1,0.9462223052978516
0.0,0,0.0009343516430817544
1.0,1,0.9980019927024841
1.0,1,0.9767900109291077
0.0,0,0.0017428882420063019
0.0,0,0.1606551706790924
1.0,1,0.9429179430007935
1.0,0,0.03500647470355034
1.0,1,0.9998452663421631
0.0,0,6.005772956996225e-05
0.0,0,0.0010401802137494087
1.0,0,0.15725237131118774
1.0,1,0.9999001026153564
1.0,1,0.8466892242431641
0.0,0,0.2810456454753876
0.0,0,0.00279805320315063
1.0,1,0.9999688863754272
0.0,0,0.00018805563740897924
1.0,1,0.9236144423484802
1.0,1,0.9984196424484253
1.0,1,0.9993933439254761
1.0,1,0.4632718563079834
1.0,1,0.9999440908432007
0.0,0,2.3164698177424725e-06
1.0,1,0.9996480941772461
1.0,1,0.9999369382858276
0.0,1,0.38481149077415466
0.0,0,0.008618338033556938
0.0,0,0.004251063335686922
0.0,0,7.186153538896178e-07
0.0,0,0.03127124160528183
0.0,1,0.35866960883140564
0.0,0,0.009922917932271957
1.0,1,0.6161558628082275
0.0,0,0.07237577438354492
1.0,0,0.00535478163510561
0.0,0,0.23740723729133606
1.0,1,0.9836955070495605
0.0,0,0.013198337517678738
1.0,1,0.9551791548728943
1.0,1,0.7872956991195679
1.0,1,0.6756538152694702
0.0,0,0.007628076244145632
0.0,0,0.2919212877750397
0.0,0,0.00887787714600563
1.0,1,0.9999998807907104
1.0,1,0.5673813223838806
0.0,1,0.4759383797645569
0.0,0,0.0006860782741568983
1.0,1,0.9950796365737915
1.0,1,0.9771960973739624
1.0,1,0.9969058632850647
0.0,0,0.008558003231883049
0.0,0,0.012804067693650723
0.0,0,0.0003726277209352702
1.0,1,0.5785011649131775
0.0,0,0.0316406674683094
1.0,1,0.9999799728393555
0.0,0,0.0009610398556105793
1.0,1,0.8699832558631897
1.0,1,0.7397063374519348
0.0,0,0.0036343769170343876
1.0,1,0.9997040629386902
0.0,0,0.015729865059256554
0.0,0,9.00043232832104e-06
1.0,0,0.03989182412624359
1.0,1,0.6647220253944397
1.0,1,0.9998773336410522
0.0,0,0.00585597287863493
1.0,1,0.9998828172683716
0.0,1,0.35781386494636536
1.0,1,0.4353467524051666
1.0,1,0.8738434910774231
1.0,1,0.7974891662597656
0.0,0,0.00012713392789009959
1.0,1,0.9988517761230469
0.0,0,0.017860669642686844
0.0,0,0.0025111278519034386
1.0,1,0.9971784353256226
0.0,1,0.9062498211860657
1.0,1,0.9824649691581726
0.0,0,0.09324382245540619
0.0,1,0.9564977884292603
0.0,0,0.0022801223676651716
1.0,1,0.9978850483894348
0.0,0,0.00022537143377121538
1.0,1,0.9956076741218567
0.0,0,0.00043585049570538104
0.0,0,0.0023749570827931166
1.0,1,0.9998086094856262
1.0,1,0.9999895095825195
1.0,1,0.9603933095932007
1.0,1,0.9769189953804016
0.0,0,0.0020815380848944187
0.0,0,0.0019032212439924479
0.0,0,0.0008442762773483992
0.0,0,0.0003217692137695849
0.0,0,0.04106250777840614
0.0,0,0.03942692279815674
0.0,0,0.018408499658107758
0.0,0,8.042627450777218e-05
0.0,0,0.0001677325344644487
1.0,1,0.9996557235717773
0.0,0,0.004557952284812927
0.0,0,0.003860738128423691
0.0,0,0.0067870221100747585
0.0,0,0.007517483551055193
0.0,0,0.1042558029294014
1.0,1,0.9989853501319885
0.0,0,2.2775026081944816e-05
1.0,1,0.9600343108177185
0.0,0,0.002303243149071932
0.0,0,0.0017414602916687727
1.0,1,0.8938325047492981
1.0,1,0.9998500347137451
1.0,1,0.999523401260376
1.0,1,0.9998254179954529
1.0,1,0.9141556024551392
0.0,0,0.0007314493414014578
0.0,0,0.03359716758131981
0.0,0,0.0002033858618233353
0.0,0,3.831210779026151e-05
1.0,1,0.9666197896003723
0.0,0,0.00038684700848534703
0.0,0,0.0948355421423912
0.0,0,0.000387997308280319
0.0,0,0.01328000333160162
0.0,0,0.18596108257770538
1.0,1,0.9999912977218628
1.0,1,0.9092064499855042
1.0,1,0.9999994039535522
0.0,0,0.001385313575156033
1.0,1,0.9922587275505066
1.0,1,0.9936795234680176
0.0,0,0.2208380550146103
1.0,1,0.9916462302207947
1.0,1,0.9365937113761902
1.0,1,0.9655131697654724
0.0,1,0.4521995782852173
0.0,0,8.210162195609882e-05
1.0,1,0.9948861002922058
0.0,0,0.07447542250156403
0.0,1,0.9693100452423096
0.0,0,0.003478019032627344
0.0,0,0.0004606748407240957
1.0,0,0.026407834142446518
1.0,1,0.994844913482666
1.0,1,0.9986553192138672
0.0,0,0.0004894114099442959
0.0,0,0.0009370805928483605
0.0,0,0.0002903916756622493
1.0,1,0.7303008437156677
0.0,0,0.061479564756155014
0.0,1,0.36824777722358704
0.0,0,0.16815200448036194
0.0,0,0.00017651238886173815
0.0,0,0.01010171975940466
1.0,1,0.7275891304016113
1.0,1,0.7794824838638306
1.0,1,0.49667057394981384
0.0,0,0.0005563203012570739
0.0,0,0.0006949863163754344
1.0,1,0.9930257797241211
0.0,0,0.00014932095655240119
0.0,0,0.00019127568521071225
1.0,1,0.3222973942756653
0.0,0,0.004955090116709471
1.0,1,0.9997057318687439
0.0,0,0.13020813465118408
0.0,1,0.8949499726295471
0.0,0,0.00039028210449032485
0.0,1,0.9828619956970215
0.0,1,0.8097366094589233
0.0,0,0.058876506984233856
1.0,0,0.0905233696103096
0.0,0,0.0032224643509835005
1.0,1,0.32495027780532837
0.0,1,0.336516410112381
0.0,0,3.370616104803048e-05
0.0,0,0.003710472257807851
1.0,1,0.9851773977279663
0.0,0,0.10521477460861206
0.0,0,0.00045446641161106527
0.0,0,0.011786410585045815
1.0,1,0.9603638052940369
0.0,0,7.57795419303875e-07
0.0,0,0.001290507148951292
0.0,1,0.39858636260032654
1.0,1,0.9808221459388733
1.0,1,0.999032735824585
0.0,0,0.12527337670326233
0.0,0,0.02901352383196354
0.0,0,0.003596039954572916
0.0,1,0.988010585308075
0.0,0,0.003308890387415886
0.0,0,0.005987375508993864
0.0,0,0.016489127650856972
1.0,1,0.5652276873588562
0.0,0,0.0010825832141563296
1.0,1,0.9650064706802368
0.0,0,7.626920705661178e-05
1.0,1,0.9731787443161011
0.0,0,8.083779539447278e-05
0.0,0,0.0009592848364263773
1.0,1,0.8623794317245483
1.0,1,0.828033983707428
0.0,0,0.016620395705103874
1.0,1,0.999992847442627
1.0,1,0.9997240900993347
0.0,0,0.04462505131959915
0.0,0,0.0025441586039960384
0.0,0,0.00027890814817510545
1.0,1,0.9976529479026794
1.0,1,0.7521863579750061
1.0,1,0.9964178800582886
1.0,1,0.3770465850830078
0.0,0,0.005994920153170824
0.0,0,0.00018253586313221604
0.0,0,0.0011821273947134614
1.0,1,0.9982576966285706
0.0,0,0.014541802927851677
0.0,0,0.002345683053135872
0.0,0,0.04865129292011261
1.0,1,0.5839962959289551
0.0,0,0.0014028255827724934
1.0,1,0.9994743466377258
0.0,0,0.0029475721530616283
1.0,1,0.8520476818084717
0.0,0,0.0003754394710995257
1.0,1,0.9992966651916504
1.0,1,0.9992827773094177
0.0,0,0.002343905856832862
0.0,0,0.01680966652929783
1.0,1,0.9973080158233643
1.0,1,0.999881386756897
0.0,0,5.5807384342188016e-05
0.0,0,0.00017301211482845247
0.0,1,0.3374752104282379
0.0,0,0.17193396389484406
1.0,1,0.9985170960426331
1.0,0,0.19176603853702545
1.0,1,0.9999746084213257
1.0,1,0.9978908896446228
0.0,0,0.0017075414070859551
1.0,1,0.9976402521133423
0.0,0,0.0028275279328227043
0.0,0,0.0025206722784787416
0.0,0,0.0005937336245551705
1.0,1,0.9999871253967285
0.0,1,0.5314793586730957
1.0,1,0.958186686038971
1.0,1,0.9978818297386169
0.0,0,0.04033828154206276
0.0,0,0.0012835217639803886
1.0,1,0.9956845045089722
0.0,0,0.0006770622567273676
1.0,1,0.9999535083770752
0.0,0,0.0021685988176614046
1.0,1,0.9640829563140869
0.0,1,0.8770742416381836
1.0,1,0.9941429495811462
1.0,0,0.26585012674331665
0.0,0,0.0004366023640614003
0.0,0,0.0036669420078396797
0.0,0,0.00041729610529728234
0.0,0,0.042046934366226196
0.0,1,0.34667423367500305
1.0,1,0.872307538986206
0.0,0,0.0010794259142130613
0.0,0,0.0007962685194797814
1.0,1,0.9997606873512268
0.0,0,5.7498891692375764e-06
0.0,0,0.005002718884497881
1.0,0,0.2121247500181198
1.0,1,0.9930972456932068
1.0,1,0.6797638535499573
0.0,0,0.020264411345124245
0.0,0,0.0007914191810414195
1.0,1,0.9190411567687988
0.0,0,0.003685488598421216
1.0,1,0.7539653778076172
1.0,1,0.9993075132369995
1.0,1,0.9999747276306152
0.0,0,1.1827088201243896e-05
1.0,1,0.9998449087142944
1.0,1,0.887367308139801
0.0,0,0.001497408258728683
1.0,1,0.9961045980453491
0.0,0,0.07951642572879791
1.0,1,0.8739283084869385
1.0,1,0.9999328851699829
0.0,0,0.004976974800229073
0.0,0,0.005915693938732147
0.0,1,0.5303581953048706
0.0,0,7.028972322586924e-05
0.0,0,0.01812913455069065
1.0,1,0.9981356859207153
0.0,1,0.9162550568580627
0.0,0,0.0035293952096253633
1.0,0,0.00034877663711085916
1.0,1,0.8221111297607422
0.0,0,0.04768277332186699
0.0,0,9.131903198067448e-07
1.0,1,0.44163158535957336
1.0,1,0.981709897518158
0.0,1,0.5975533127784729
1.0,1,0.9984105825424194
0.0,0,0.0011739307083189487
0.0,0,0.016759531572461128
0.0,1,0.6256211996078491
0.0,0,5.873576446902007e-05
0.0,0,0.019839368760585785
1.0,0,0.10708381980657578
0.0,0,0.29732924699783325
0.0,0,0.00044794840505346656
1.0,1,0.9969977140426636
1.0,1,0.999614953994751
0.0,0,0.01390028651803732
0.0,0,7.658884896954987e-06
0.0,0,0.0010782383615151048
0.0,0,0.0006102880579419434
0.0,0,0.07151713222265244
0.0,0,0.021316155791282654
0.0,0,0.012942579574882984
0.0,1,0.7154011726379395
1.0,1,0.9999833106994629
1.0,1,0.9999700784683228
0.0,0,0.00017712709086481482
0.0,0,0.002816871739923954
0.0,0,0.011140897870063782
0.0,0,7.001557241892442e-05
0.0,0,0.01991816982626915
1.0,1,0.9997921586036682
0.0,0,0.0007214912329800427
1.0,1,0.9907703399658203
0.0,0,0.0040328968316316605
0.0,0,0.0032584017608314753
1.0,1,0.9843770265579224
1.0,1,0.9902205467224121
0.0,0,0.006116815377026796
0.0,1,0.5681830644607544
0.0,1,0.8105965256690979
0.0,0,0.0013451959239318967
0.0,0,0.00010563969408394769
1.0,1,0.9999814033508301
0.0,0,0.001066876808181405
1.0,1,0.9916703701019287
1.0,1,0.9873712062835693
0.0,0,0.0004213207575958222
0.0,0,0.2674674391746521
0.0,0,0.001137590385042131
1.0,1,0.9999815225601196
1.0,1,0.9966425895690918
1.0,1,0.83663409948349
0.0,0,0.14096324145793915
0.0,0,0.0006066550849936903
1.0,1,0.6997839212417603
1.0,0,0.01161637157201767
1.0,1,0.9653953909873962
1.0,1,0.9999642372131348
0.0,0,0.0043378714472055435
1.0,1,0.9952878952026367
1.0,1,0.9997076392173767
1.0,1,0.9814087748527527
0.0,0,0.02511417493224144
0.0,0,0.0042909919284284115
1.0,1,0.9394250512123108
0.0,0,0.0003696958883665502
0.0,0,0.0002326293761143461
0.0,0,0.006831670179963112
1.0,0,0.10408328473567963
0.0,0,0.01787838712334633
1.0,1,0.44303521513938904
0.0,0,0.002405492588877678
1.0,1,0.9997894167900085
1.0,1,0.9998661279678345
1.0,1,0.9988549947738647
0.0,0,0.020372621715068817
1.0,1,0.9246962070465088
0.0,0,0.1651802361011505
1.0,1,0.4313209652900696
0.0,0,2.9085240385029465e-06
1.0,1,0.9987885355949402
0.0,0,0.002999646123498678
1.0,1,0.999717652797699
1.0,0,0.11149890720844269
0.0,0,0.0005024427664466202
0.0,0,0.003695322200655937
1.0,1,0.9999922513961792
1.0,1,0.9985818862915039
0.0,1,0.9938631057739258
0.0,0,9.788577699509915e-06
0.0,0,0.00010798363655339926
1.0,1,0.9485406279563904
1.0,1,0.9947118759155273
0.0,0,0.059783224016427994
0.0,0,0.0285960640758276
0.0,0,0.0006716848583891988
1.0,1,0.6706924438476562
0.0,0,0.003761877538636327
1.0,0,0.2861038148403168
0.0,0,0.0007821304607205093
1.0,1,0.9996542930603027
0.0,0,0.049841366708278656
1.0,1,0.9999122619628906
1.0,1,0.9997046589851379
0.0,0,0.0008785076788626611
1.0,1,0.9999740123748779
1.0,1,0.9997314810752869
1.0,1,0.9942833781242371
1.0,1,0.9989694356918335
1.0,0,0.0021394172217696905
0.0,0,1.3388950719672721e-05
1.0,1,0.9988632202148438
1.0,1,0.9864910840988159
0.0,1,0.5391059517860413
1.0,1,0.9903022646903992
0.0,0,0.00012861983850598335
0.0,0,0.004120697267353535
1.0,1,0.5291616916656494
1.0,1,0.9486642479896545
0.0,0,0.0041045695543289185
0.0,0,0.000296084675937891
1.0,1,0.9993724226951599
1.0,1,0.9998455047607422
1.0,1,0.9974525570869446
0.0,1,0.7537347674369812
1.0,1,0.994976282119751
1.0,1,0.9945255517959595
0.0,0,4.511259976425208e-05
1.0,1,0.9999591112136841
0.0,0,0.04225398600101471
1.0,1,0.940733790397644
0.0,0,0.004540534690022469
1.0,1,0.40688198804855347
0.0,0,9.882989979814738e-05
0.0,0,0.013623513281345367
0.0,0,0.0878930613398552
1.0,1,0.988669753074646
1.0,1,0.9764723181724548
0.0,0,0.025711381807923317
1.0,1,0.9866042733192444
0.0,0,0.013209247030317783
1.0,1,0.9994744658470154
1.0,1,0.9996013045310974
1.0,1,0.6325403451919556
1.0,1,0.9983963370323181
0.0,1,0.32236793637275696
1.0,1,0.9856529235839844
1.0,1,0.999895453453064
0.0,0,0.0017856870545074344
1.0,1,0.9826786518096924
0.0,0,0.01608891785144806
0.0,0,0.0013364588376134634
1.0,1,0.8915328979492188
0.0,0,0.3073193430900574
0.0,0,0.0021351275499910116
1.0,1,0.995270311832428
1.0,1,0.999405026435852
0.0,0,0.031691376119852066
0.0,0,0.03883305937051773
1.0,1,0.4445814788341522
0.0,0,0.024978699162602425
1.0,1,0.44499140977859497
1.0,1,0.9996179342269897
0.0,0,0.007453905884176493
1.0,1,0.6554685831069946
0.0,0,0.01662183552980423
1.0,1,0.7476027011871338
0.0,0,0.002228138269856572
1.0,1,0.9998118281364441
0.0,0,0.0593087263405323
1.0,1,0.9999948740005493
1.0,1,0.9979243278503418
0.0,0,0.0005172145320102572
0.0,0,0.03544292971491814
1.0,1,0.999579131603241
1.0,1,0.999958872795105
0.0,0,0.2066676914691925
0.0,1,0.6700432896614075
1.0,1,0.9972401857376099
0.0,1,0.4449213743209839
1.0,0,0.24370622634887695
1.0,1,0.9972065091133118
0.0,0,0.00012873983359895647
0.0,0,0.028667595237493515
0.0,0,0.00014030876627657562
1.0,1,0.9987629652023315
0.0,0,0.007938350550830364
0.0,0,0.0003462836320977658
1.0,0,0.30813294649124146
0.0,0,0.005901756696403027
0.0,0,0.04616484045982361
0.0,1,0.40764379501342773
1.0,0,0.07022511214017868
1.0,1,0.9998506307601929
1.0,1,0.9999998807907104
0.0,0,0.0014801464276388288
0.0,0,0.00017777412722352892
1.0,1,0.7162550091743469
0.0,0,0.08362281322479248
0.0,0,0.07263507694005966
0.0,0,0.003002292476594448
1.0,1,0.9837610125541687
0.0,0,0.004066399298608303
0.0,0,2.513498839107342e-05
0.0,1,0.4449167549610138
0.0,0,0.0001278636191273108
1.0,1,0.9995967745780945
0.0,0,0.005794098600745201
1.0,1,0.44442594051361084
0.0,0,0.0019820225425064564
0.0,0,0.034222330898046494
1.0,1,0.9997913241386414
1.0,1,0.9993009567260742
0.0,0,0.21946272253990173
0.0,0,0.13052287697792053
1.0,1,0.9776397943496704
1.0,1,0.991422712802887
0.0,0,1.0179476703342516e-05
0.0,0,0.005713264923542738
0.0,0,0.001357916509732604
0.0,0,2.6394412998342887e-05
0.0,0,0.00019536021864041686
0.0,1,0.979377269744873
0.0,0,0.0069165704771876335
1.0,0,0.2919561266899109
1.0,1,0.9999721050262451
0.0,1,0.7538421154022217
1.0,1,0.9950738549232483
1.0,1,0.9354370832443237
1.0,1,0.9999947547912598
0.0,1,0.7495261430740356
0.0,0,0.00025803051539696753
1.0,1,0.9999027252197266
1.0,1,0.9998759031295776
0.0,0,0.0011254299897700548
1.0,0,0.241544708609581
1.0,1,0.9620039463043213
0.0,0,0.0006684943218715489
1.0,1,0.9972391128540039
1.0,1,0.9999783039093018
0.0,0,8.500501280650496e-06
0.0,0,0.0037162546068429947
1.0,1,0.9762401580810547
0.0,0,0.0004149872693233192
0.0,0,0.09026925265789032
1.0,1,0.9535509347915649
0.0,0,0.0008711307309567928
1.0,1,0.8174195289611816
0.0,0,0.00074485078221187
0.0,0,0.011238979175686836
0.0,0,0.005580245517194271
0.0,0,0.0007334683323279023
0.0,0,0.0037933867424726486
0.0,0,0.01959245279431343
0.0,0,0.01460893452167511
0.0,0,1.5117104339879006e-05
1.0,1,0.9965805411338806
1.0,1,0.9592713117599487
0.0,0,7.289450877578929e-05
1.0,1,0.9999401569366455
1.0,0,0.3113170862197876
0.0,0,0.005929700098931789
0.0,0,0.000156359703396447
0.0,0,0.22653037309646606
0.0,0,0.0031622026581317186
1.0,1,0.9999464750289917
1.0,1,0.9999983310699463
1.0,1,0.850609302520752
1.0,1,0.9951189756393433
1.0,1,0.5060163736343384
0.0,0,0.0028507255483418703
1.0,1,0.9909075498580933
0.0,0,0.0021258785855025053
1.0,0,0.11243858188390732
0.0,0,0.04269593581557274
1.0,1,0.9974149465560913
0.0,0,4.665564119932242e-06
1.0,1,0.5829733610153198
0.0,0,0.01747761107981205
1.0,1,0.9997819066047668
1.0,1,0.9998669624328613
0.0,0,0.00485634570941329
0.0,0,0.012723120860755444
1.0,1,0.9985345602035522
0.0,0,0.0012371548218652606
0.0,1,0.7788798213005066
1.0,0,0.024307748302817345
0.0,0,0.0001453171280445531
0.0,0,0.0002217470173491165
1.0,1,0.9999881982803345
0.0,0,0.000534260063432157
0.0,0,0.00027042318833991885
0.0,0,0.3017033636569977
0.0,0,0.009775965474545956
1.0,1,0.9998316764831543
1.0,1,0.9483081698417664
1.0,1,0.9998243451118469
0.0,0,0.00015971063112374395
1.0,1,0.9972026348114014
0.0,0,0.018762998282909393
0.0,1,0.810306966304779
0.0,0,1.1236136742809322e-05
1.0,1,0.9997841715812683
0.0,1,0.9965702295303345
0.0,0,0.0005353009910322726
0.0,0,0.0006724463892169297
0.0,0,0.0035719447769224644
1.0,1,0.999941349029541
0.0,0,0.0012416205136105418
0.0,0,0.14120087027549744
1.0,1,0.9706562161445618
0.0,0,0.00022310727217700332
1.0,0,0.17517071962356567
1.0,1,0.9945046305656433
0.0,1,0.4699540436267853
0.0,0,0.001490950002335012
0.0,0,0.297297865152359
0.0,0,0.03434600308537483
1.0,1,0.9991200566291809
0.0,0,0.0038405205123126507
1.0,1,0.9999980926513672
1.0,1,0.9998014569282532
0.0,0,0.00351594272069633
0.0,0,0.0009057277929969132
0.0,0,0.0011098978575319052
0.0,0,0.004181011114269495
1.0,1,0.9986465573310852
1.0,1,0.9999572038650513
0.0,0,0.3139581084251404
0.0,0,0.0017059888923540711
0.0,0,0.00041647785110399127
1.0,1,0.998275637626648
0.0,0,0.00030115447589196265
0.0,0,0.14637376368045807
1.0,1,0.9975394010543823
1.0,1,0.999923825263977
1.0,1,0.7398959994316101
0.0,1,0.7126221060752869
0.0,0,4.8405428969999775e-05
0.0,0,0.0028291388880461454
1.0,1,0.9994527697563171
0.0,0,0.03552547097206116
0.0,0,0.033813878893852234
1.0,0,0.3072495460510254
1.0,1,0.99726402759552
0.0,0,0.0009218845516443253
0.0,0,0.23416513204574585
0.0,0,0.017986664548516273
0.0,0,2.2585685655940324e-05
1.0,1,0.9737234711647034
0.0,1,0.9343263506889343
0.0,0,0.016970843076705933
1.0,0,0.24311840534210205
0.0,0,2.641269747982733e-05
1.0,1,0.9683818817138672
0.0,1,0.3902571201324463
0.0,0,0.26056861877441406
0.0,0,2.8921494958922267e-06
0.0,1,0.8543597459793091
0.0,0,0.06764966994524002
1.0,1,0.9808623194694519
1.0,1,0.9597342610359192
0.0,0,0.014032348990440369
0.0,0,0.013608586974442005
0.0,0,0.00012060040899086744
0.0,0,0.02103015035390854
0.0,0,0.027304425835609436
0.0,0,0.011450371704995632
1.0,1,0.4343169927597046
0.0,0,0.0012044528266415
1.0,1,0.6185777187347412
1.0,0,0.26017680764198303
0.0,0,9.705588126962539e-06
0.0,0,0.002613305114209652
0.0,0,8.404699474340305e-05
0.0,0,0.0661376565694809
1.0,1,0.3179912567138672
0.0,0,0.0009553072159178555
0.0,0,0.0054958537220954895
1.0,1,0.7981459498405457
0.0,0,0.00416985061019659
0.0,1,0.9740520119667053
0.0,0,0.00013889877300243825
1.0,1,0.9941872358322144
1.0,1,0.9863656759262085
1.0,1,0.9973706007003784
1.0,1,0.9999057054519653
0.0,0,0.00020851637236773968
0.0,0,0.004321480169892311
0.0,0,3.391755308257416e-05
0.0,0,8.37594416225329e-05
1.0,1,0.6518949866294861
1.0,1,0.8419613242149353
1.0,1,0.9994400143623352
1.0,1,0.9953437447547913
1.0,1,0.9984190464019775
1.0,1,0.9997708201408386
0.0,0,0.15348060429096222
1.0,1,0.8163436055183411
0.0,0,0.0005383477546274662
1.0,1,0.999921441078186
1.0,1,0.6930173635482788
0.0,0,0.0035542447585612535
0.0,0,0.00045713898725807667
0.0,0,0.0011888602748513222
1.0,1,0.9999850988388062
0.0,0,0.0017168237827718258
1.0,1,0.8158019185066223
0.0,1,0.9569960236549377
1.0,1,0.9946907162666321
0.0,1,0.5553990006446838
0.0,0,1.705178692645859e-05
1.0,1,0.9998294115066528
0.0,0,0.2684944272041321
0.0,0,0.11752530932426453
0.0,0,0.002796744229272008
0.0,0,0.0006826372118666768
1.0,1,0.9928891658782959
0.0,0,0.000670850567985326
0.0,0,2.767595651675947e-05
1.0,1,0.9999338388442993
1.0,1,0.39860162138938904
1.0,1,0.41550225019454956
0.0,0,0.1587137132883072
1.0,1,0.9998459815979004
0.0,0,0.00028787984047085047
0.0,0,0.004795958753675222
0.0,0,0.01758558861911297
0.0,0,4.39119030488655e-05
1.0,1,0.9710403680801392
1.0,1,0.9943536520004272
0.0,0,0.00020532732014544308
0.0,0,0.0006581236375495791
1.0,1,0.9919497966766357
1.0,1,0.9996026158332825
1.0,1,0.996321439743042
0.0,0,0.0015984914498403668
0.0,0,0.00019044365035369992
0.0,0,2.610573392303195e-05
1.0,1,0.9953547716140747
1.0,1,0.9998168349266052
1.0,1,0.9999730587005615
0.0,0,0.001689976779744029
1.0,1,0.9941197633743286
1.0,1,0.9159175753593445
0.0,0,0.008326004259288311
0.0,0,3.674346226034686e-05
0.0,0,0.0070900642313063145
1.0,1,0.9986578226089478
0.0,0,0.0027217993047088385
1.0,0,0.06306035071611404
1.0,1,0.9783715009689331
0.0,0,0.004574183374643326
1.0,1,0.6246511936187744
1.0,1,0.9938161373138428
1.0,1,0.990796685218811
0.0,0,0.0009661309304647148
0.0,0,0.06488499045372009
0.0,0,0.0005793692544102669
0.0,0,0.009844761341810226
0.0,0,0.012450003996491432
0.0,0,0.0002583135792519897
0.0,0,0.0008176207775250077
0.0,0,0.10361269116401672
0.0,0,0.0004297597333788872
0.0,0,0.04148029536008835
1.0,1,0.9471989274024963
0.0,0,0.02416118048131466
0.0,0,0.005986765492707491
0.0,0,0.007363486103713512
1.0,1,0.8857572078704834
0.0,1,0.9126651883125305
1.0,1,0.9997252821922302
1.0,1,0.9999916553497314
1.0,1,0.9944397211074829
1.0,0,0.29163381457328796
1.0,1,0.9999649524688721
0.0,0,0.002011651173233986
0.0,0,0.0010395690333098173
1.0,1,0.9999860525131226
1.0,1,0.99846351146698
1.0,1,0.8118627667427063
1.0,1,0.9340095520019531
0.0,0,9.555814176565036e-05
0.0,0,0.00011717113375198096
0.0,0,0.0005158615531399846
0.0,0,0.0014651797246187925
0.0,0,0.03872731700539589
0.0,0,3.6542354564517154e-07
0.0,0,0.0744502991437912
1.0,1,0.7005515098571777
0.0,0,0.000102473066363018
0.0,0,0.2927364706993103
1.0,1,0.999976396560669
1.0,1,0.9999685287475586
1.0,1,0.9622793793678284
0.0,0,0.004047583322972059
0.0,0,0.0019356736447662115
1.0,1,0.9974874258041382
1.0,1,0.9995585083961487
0.0,0,0.003141614142805338
0.0,0,0.004545330535620451
0.0,0,9.156792657449841e-05
0.0,0,0.0011133865918964148
0.0,1,0.6040605306625366
0.0,0,0.0001858087780419737
1.0,1,0.662863552570343
0.0,0,0.006475274451076984
1.0,1,0.9759900569915771
0.0,0,4.591415199683979e-05
0.0,0,0.0023828016128391027
0.0,0,0.003391602309420705
0.0,0,0.0008632874232716858
0.0,0,0.0076889279298484325
0.0,0,0.04785006865859032
0.0,0,0.0003202375373803079
0.0,0,0.00010342647874495015
0.0,0,0.0015643732622265816
0.0,1,0.7002750635147095
1.0,1,0.35538792610168457
0.0,0,0.0008362607914023101
0.0,0,0.18701061606407166
0.0,0,0.0036136088892817497
1.0,1,0.9901776909828186
1.0,1,1.0
1.0,1,0.999962568283081
1.0,1,0.6247556805610657
1.0,1,0.999488353729248
0.0,0,0.00023576394596602768
0.0,0,0.014116691425442696
0.0,0,0.00309394090436399
1.0,0,0.15962529182434082
0.0,0,0.0025937878526747227
0.0,0,0.0016454729484394193
1.0,1,0.6901677250862122
1.0,1,0.9886623024940491
0.0,0,0.00031334685627371073
0.0,0,0.13015329837799072
0.0,0,0.0030041816644370556
1.0,1,0.9873569011688232
0.0,0,1.3133319953340106e-05
0.0,0,0.0025620756205171347
1.0,1,0.9858766794204712
1.0,1,0.784830629825592
0.0,0,3.1798608688404784e-05
1.0,1,0.999862551689148
0.0,0,1.7630211004870944e-05
0.0,0,0.00010504963574931026
0.0,0,0.003099658526480198
1.0,1,0.9998769760131836
0.0,0,0.006453374400734901
1.0,1,0.9999995231628418
1.0,1,0.9741833209991455
1.0,1,0.9792869091033936
0.0,0,0.010886676609516144
0.0,0,0.0019588663708418608
1.0,1,0.9991208910942078
1.0,1,0.9951253533363342
1.0,1,0.9994962215423584
0.0,0,0.033738620579242706
1.0,1,0.9999865293502808
1.0,1,0.9851418733596802
0.0,0,0.006164789665490389
0.0,1,0.938616931438446
1.0,1,0.9994344115257263
0.0,0,0.0031164789106696844
0.0,0,0.00945563055574894
0.0,0,0.006821285467594862
0.0,0,0.00014413968892768025
0.0,0,0.0574386827647686
0.0,0,0.00036713233566842973
0.0,0,0.014604926109313965
1.0,1,0.3433523178100586
0.0,1,0.9267874360084534
0.0,0,0.0003100146714132279
0.0,0,0.00933530367910862
0.0,1,0.7477577328681946
1.0,0,0.29916948080062866
0.0,0,0.027162516489624977
0.0,1,0.4531482458114624
1.0,1,0.9902082681655884
0.0,0,0.06552542746067047
1.0,1,0.9996960163116455
1.0,1,0.9912610650062561
0.0,0,0.018594227731227875
1.0,0,0.10448657721281052
0.0,0,0.00015293170872610062
1.0,1,0.9815605878829956
1.0,1,0.9992054104804993
0.0,0,0.001755586126819253
1.0,1,0.9735599160194397
1.0,1,0.7222757935523987
0.0,0,2.53580765274819e-05
0.0,0,0.1700354963541031
0.0,0,0.0011728308163583279
0.0,0,9.75670845946297e-05
1.0,1,0.9998792409896851
1.0,1,0.5572131872177124
0.0,0,0.0004795172717422247
0.0,0,0.003747143317013979
1.0,1,0.9784452319145203
0.0,0,0.05865229666233063
0.0,0,0.0031610962469130754
0.0,0,0.0024761396925896406
1.0,1,0.9512653350830078
1.0,0,0.0008342030341736972
0.0,0,0.00014254625421017408
0.0,0,0.030718009918928146
0.0,0,0.0013524094829335809
0.0,0,0.0003354546788614243
0.0,0,0.0014560803538188338
1.0,1,0.9999904632568359
1.0,1,0.9999030828475952
1.0,1,0.9999902248382568
0.0,0,0.025249706581234932
0.0,0,0.0015728373546153307
0.0,0,0.014282645657658577
1.0,1,0.9797802567481995
0.0,0,0.0003667089040391147
1.0,1,0.9987082481384277
0.0,0,0.010269897058606148
0.0,0,0.011168763972818851
0.0,0,8.124337000481319e-06
0.0,0,0.005380595102906227
0.0,0,0.0005383588140830398
1.0,1,0.3659578859806061
0.0,0,0.09871059656143188
1.0,1,0.9995214939117432
0.0,0,0.2898622155189514
1.0,1,0.9998316764831543
0.0,1,0.8208236694335938
0.0,0,0.11942428350448608
1.0,1,0.9999587535858154
0.0,0,0.18778499960899353
1.0,0,0.2639447748661041
1.0,0,0.0634499117732048
1.0,1,0.9969640374183655
0.0,0,6.763789860997349e-05
1.0,1,0.999854564666748
0.0,0,0.0005006416467949748
1.0,1,0.9994997978210449
0.0,0,0.0119925606995821
1.0,1,0.9359989762306213
1.0,1,0.9981045722961426
0.0,0,5.9720427088905126e-05
1.0,1,0.9999929666519165
1.0,1,0.9462038278579712
1.0,1,0.995274007320404
0.0,0,0.006582580506801605
1.0,1,0.9298058748245239
0.0,0,0.0021688402630388737
0.0,0,0.0021676155738532543
1.0,1,0.9654690027236938
1.0,0,0.21129173040390015
1.0,0,0.08556026965379715
1.0,1,0.9998015761375427
0.0,0,0.003872718894854188
1.0,1,0.9687906503677368
0.0,0,0.012982270680367947
0.0,0,0.004449027590453625
0.0,1,0.6324501633644104
1.0,1,0.9996322393417358
0.0,0,0.12174643576145172
0.0,0,0.006391078699380159
0.0,0,0.00199791113846004
0.0,0,0.0028717853128910065
1.0,1,0.9994914531707764
0.0,0,8.826443809084594e-05
0.0,1,0.6905975341796875
0.0,0,0.015648774802684784
0.0,0,0.013940291479229927
0.0,0,0.00019473122665658593
1.0,0,0.05389577895402908
1.0,1,0.9987865090370178
0.0,0,0.0008079704130068421
1.0,1,0.4899456799030304
1.0,1,0.9998624324798584
0.0,0,0.03580046817660332
0.0,0,0.15493302047252655
0.0,0,0.0004613581986632198
0.0,1,0.8243947625160217
0.0,0,0.003192033851519227
1.0,0,0.02368852123618126
0.0,0,2.5982741135521792e-05
0.0,0,0.0016330601647496223
0.0,0,6.661270890617743e-05
0.0,0,0.13472257554531097
0.0,0,0.08009132742881775
0.0,0,0.24784618616104126
1.0,1,0.9999556541442871
0.0,0,0.06145376339554787
0.0,1,0.6474982500076294
0.0,0,0.027847854420542717
0.0,0,0.06385140120983124
0.0,0,0.0003923964686691761
1.0,1,0.9996349811553955
0.0,0,0.0005190972005948424
1.0,1,0.9896204471588135
0.0,0,0.000287382397800684
0.0,0,0.2919464111328125
0.0,0,0.010921601206064224
1.0,1,0.9985609650611877
1.0,1,0.9897776246070862
0.0,0,0.009021647274494171
1.0,1,0.9435783624649048
1.0,1,0.9626454710960388
0.0,0,0.0005555278621613979
1.0,0,0.04443981498479843
0.0,0,0.00024486606707796454
1.0,1,0.9669857621192932
1.0,1,0.6588671207427979
0.0,0,0.07090278714895248
0.0,0,0.02469792030751705
0.0,0,6.275124178500846e-05
0.0,0,0.01885225996375084
0.0,1,0.9969454407691956
1.0,1,0.9999949932098389
0.0,0,0.00012707793212030083
0.0,0,0.062398169189691544
0.0,0,0.0004682336584664881
0.0,0,0.0007561672828160226
0.0,0,0.036111339926719666
1.0,1,0.5968416929244995
1.0,0,0.09469953179359436
0.0,0,7.904791709734127e-05
1.0,1,0.9996219873428345
0.0,0,0.009590950794517994
0.0,0,0.003733369056135416
0.0,0,0.0463794507086277
0.0,0,0.17405246198177338
0.0,1,0.6438015699386597
1.0,1,0.7133684158325195
0.0,0,0.0018459089333191514
0.0,0,0.00032974567147903144
1.0,1,0.9991695880889893
0.0,0,0.2480255514383316
1.0,1,0.991317868232727
0.0,0,0.0021707501728087664
0.0,0,0.0006005847244523466
0.0,0,0.0012949544470757246
1.0,1,0.9987925291061401
1.0,1,0.9904648065567017
1.0,1,0.999944806098938
1.0,1,0.9999649524688721
0.0,0,0.00011281275510555133
0.0,0,0.20871399343013763
0.0,0,0.17974624037742615
0.0,0,0.07065027207136154
1.0,0,0.048308465629816055
0.0,0,0.00016356137348338962
0.0,0,0.0007593926857225597
0.0,0,0.0007536691264249384
1.0,0,0.17949247360229492
1.0,1,0.8358586430549622
1.0,1,0.9999526739120483
0.0,0,0.10726059973239899
0.0,0,0.0005659719463437796
0.0,0,0.0013290877686813474
1.0,1,0.9999001026153564
1.0,1,0.9886437058448792
0.0,0,0.002364861313253641
1.0,1,0.9804202318191528
0.0,0,0.0016098521882668138
0.0,0,0.00024116357963066548
0.0,0,0.0024163969792425632
1.0,1,0.9817337989807129
0.0,0,0.0015497856074944139
1.0,1,0.9994876384735107
0.0,0,0.06325589865446091
1.0,1,0.9973939657211304
1.0,0,0.001015141373500228
0.0,0,0.04509001970291138
1.0,1,0.9975317716598511
1.0,1,0.9977920055389404
0.0,0,0.00040493073174729943
1.0,0,0.026248328387737274
1.0,1,0.9998144507408142
0.0,0,0.046424537897109985
0.0,0,0.10671406239271164
0.0,0,0.042178694158792496
1.0,0,0.017883479595184326
0.0,0,0.01756320148706436
0.0,0,2.1702737285522744e-05
0.0,0,0.00021014298545196652
1.0,1,0.762869656085968
1.0,1,0.9939113855361938
0.0,0,0.00014546408783644438
0.0,0,0.0013483678922057152
1.0,1,0.9354904890060425
0.0,0,0.0004927393165417016
0.0,0,0.0002803793177008629
0.0,0,0.010271946899592876
1.0,1,0.9995452761650085
0.0,0,1.0691623174352571e-05
0.0,0,0.0002846164279617369
1.0,1,0.8536944389343262
0.0,0,7.895901035226416e-06
1.0,1,0.9990919828414917
0.0,0,0.0002006659924518317
1.0,1,0.9999587535858154
1.0,1,0.9999756813049316
0.0,0,2.7342524845153093e-05
0.0,0,1.5037013554319856e-06
0.0,0,0.13910838961601257
0.0,0,0.01130814477801323
0.0,0,0.009363486431539059
0.0,0,0.003752211108803749
1.0,1,0.9998376369476318
1.0,1,0.9689939618110657
1.0,1,0.998343825340271
0.0,0,6.1557516346510965e-06
0.0,0,0.26445111632347107
1.0,1,0.9991274476051331
0.0,0,0.003956927452236414
0.0,0,0.013529399409890175
1.0,0,0.0008284556097351015
1.0,1,0.9999768733978271
0.0,1,0.451183557510376
0.0,0,7.515375909861177e-05
1.0,1,0.9999170303344727
1.0,1,0.39847007393836975
0.0,0,0.0003974172577727586
0.0,0,0.0003479433653410524
0.0,0,0.02464001625776291
0.0,0,0.0009586297092027962
1.0,1,0.8636394739151001
0.0,0,0.1342950463294983
0.0,0,0.05370180681347847
0.0,1,0.6061016321182251
1.0,0,0.00589260458946228
0.0,1,0.5090698003768921
1.0,1,0.9980365633964539
0.0,0,0.000690130575094372
1.0,1,0.73310387134552
1.0,1,0.9989563226699829
0.0,0,0.0001038995833368972
0.0,0,8.860429807100445e-05
1.0,1,0.3545604944229126
0.0,0,0.0011399992508813739
0.0,0,0.00011986094614258036
0.0,0,0.020039662718772888
0.0,0,0.00018713194003794342
0.0,1,0.4348471760749817
0.0,0,0.005954717751592398
0.0,1,0.9882428050041199
0.0,0,0.0006905302871018648
1.0,0,0.0018267359118908644
0.0,0,0.03698526322841644
1.0,1,0.9992719292640686
1.0,1,0.9999908208847046
1.0,1,0.999931812286377
0.0,1,0.9920144081115723
1.0,1,0.8029491901397705
1.0,1,0.9996151924133301
0.0,0,0.0030834870412945747
0.0,0,0.0005318335024639964
0.0,0,0.005228627938777208
1.0,1,0.9982681274414062
0.0,0,0.00013998856593389064
0.0,0,0.016222281381487846
1.0,1,0.46735575795173645
0.0,0,0.0002505596203263849
0.0,1,0.9766651391983032
1.0,1,0.97425776720047
0.0,0,0.0011127906618639827
1.0,1,0.9999943971633911
0.0,0,0.0004825419164262712
1.0,1,0.9987982511520386
0.0,0,0.0006873954553157091
0.0,0,0.01271282322704792
0.0,0,2.302029315615073e-05
1.0,1,0.9836957454681396
1.0,1,0.5330425500869751
0.0,0,0.00048165087355300784
0.0,0,0.0325469933450222
1.0,1,0.9929932951927185
1.0,1,0.9697265625
1.0,1,0.9995715022087097
0.0,0,0.0017344953957945108
1.0,1,0.999685525894165
0.0,0,0.000511098827701062
0.0,0,0.0056043812073767185
1.0,1,0.999812662601471
1.0,1,0.9994275569915771
0.0,0,0.00012929097283631563
1.0,1,0.7106508612632751
0.0,0,0.009797301143407822
1.0,1,0.9999403953552246
0.0,0,0.06152421981096268
1.0,1,0.48435723781585693
0.0,0,0.2798031270503998
1.0,1,0.9996044039726257
0.0,0,0.0009440977009944618
0.0,0,0.0034572556614875793
0.0,0,0.0013354039983823895
0.0,1,0.8196355104446411
0.0,0,0.00025799215654842556
0.0,0,0.022108521312475204
0.0,1,0.9922598004341125
1.0,1,0.8298214077949524
0.0,0,0.0007653451175428927
1.0,1,0.9665217995643616
1.0,1,0.9854508638381958
1.0,1,0.9788030982017517
0.0,1,0.7385733127593994
0.0,0,0.008136190474033356
1.0,1,0.9447796940803528
1.0,0,0.00010516710608499125
0.0,0,3.705082747273991e-07
1.0,1,0.999972939491272
0.0,0,0.056464165449142456
0.0,0,7.576647931273328e-06
0.0,0,0.001594730420038104
0.0,0,0.009248037822544575
1.0,1,0.9999986886978149
0.0,0,0.003380020847544074
1.0,1,0.9953075051307678
1.0,1,0.9990952014923096
0.0,0,0.032281987369060516
1.0,1,0.999962568283081
1.0,1,0.7693897485733032
0.0,1,0.8071608543395996
0.0,0,0.0030713723972439766
1.0,1,0.9938198924064636
0.0,0,0.001523498329333961
0.0,0,0.00098594487644732
0.0,0,0.021019160747528076
1.0,1,0.9996411800384521
0.0,1,0.9974997639656067
1.0,1,0.9988492727279663
1.0,1,0.9962604641914368
0.0,0,0.15698672831058502
1.0,1,0.5951262712478638
1.0,1,0.9969308972358704
0.0,0,3.668352292152122e-05
1.0,1,0.9984058737754822
0.0,0,0.0004587243893183768
0.0,0,6.821555871283635e-05
0.0,0,0.0011748267570510507
0.0,1,0.8895730376243591
0.0,0,0.000814935308881104
0.0,0,0.10014763474464417
1.0,1,0.9962718486785889
1.0,1,0.9910731911659241
0.0,0,0.00037253997288644314
0.0,0,0.006023504305630922
1.0,1,0.9989904761314392
0.0,0,0.008909796364605427
1.0,1,0.9892057180404663
1.0,1,0.758452296257019
1.0,1,0.9999728202819824
1.0,1,0.9965212345123291
1.0,1,0.9912003874778748
0.0,1,0.7225804924964905
0.0,0,7.878751603129786e-06
0.0,0,0.2169215977191925
0.0,0,0.0014675891725346446
0.0,1,0.627649188041687
1.0,1,0.997901201248169
0.0,1,0.9716768860816956
1.0,1,0.999992847442627
0.0,0,0.013123271986842155
1.0,1,0.4001481533050537
0.0,0,0.0001890134153654799
0.0,0,0.025056814774870872
1.0,1,0.9996259212493896
0.0,0,0.0004908330738544464
0.0,0,0.001433782046660781
0.0,0,0.003591791493818164
0.0,0,0.0008678606245666742
0.0,0,0.0018025271128863096
0.0,0,0.3163573145866394
1.0,1,0.9835890531539917
0.0,0,0.0022527945693582296
0.0,0,0.0021715580951422453
0.0,0,0.0007399020832963288
1.0,1,0.6199352741241455
1.0,1,0.8122320175170898
0.0,0,0.25182509422302246
0.0,0,0.06808076798915863
1.0,1,0.9956333041191101
1.0,1,0.9997676014900208
1.0,1,0.8413183689117432
0.0,1,0.38190987706184387
0.0,0,0.003503774991258979
0.0,0,0.013289179652929306
0.0,0,0.13219231367111206
0.0,0,0.00031026836950331926
0.0,0,0.0025430081877857447
0.0,0,0.0029304216150194407
1.0,1,0.8991559743881226
1.0,1,0.9629467129707336
0.0,0,0.002823666436597705
0.0,0,0.019788816571235657
1.0,1,0.9731908440589905
1.0,1,0.9998729228973389
0.0,0,0.07465676218271255
0.0,0,0.00207303324714303
1.0,1,0.9994353652000427
1.0,1,0.9747216105461121
0.0,0,8.238348527811468e-05
1.0,1,0.999842643737793
1.0,1,0.834764838218689
1.0,1,0.9980068802833557
0.0,0,0.022677704691886902
0.0,0,0.0001451819553039968
1.0,1,0.9991264939308167
1.0,1,0.987699031829834
0.0,0,0.009219526313245296
1.0,1,0.9775398969650269
0.0,0,3.362557617947459e-05
0.0,0,0.0004644239379558712
0.0,0,3.2456944609293714e-05
0.0,0,0.00010236132948193699
1.0,1,0.9998082518577576
0.0,0,0.002631462411954999
1.0,1,0.9906904697418213
1.0,1,0.9774203896522522
1.0,1,0.9991083741188049
1.0,1,0.9956868290901184
0.0,0,0.0036462917923927307
1.0,0,0.20751525461673737
1.0,1,0.9921948909759521
1.0,1,0.7112168669700623
1.0,1,0.9999500513076782
0.0,0,0.0002122108417097479
1.0,1,0.9864038228988647
0.0,0,0.17690658569335938
0.0,0,0.0010076933540403843
1.0,1,0.9997628331184387
0.0,0,0.0006035028491169214
0.0,0,0.00036719063064083457
1.0,1,0.8550601005554199
1.0,1,0.9997993111610413
0.0,1,0.36441075801849365
0.0,0,6.143330210761633e-06
0.0,0,0.0445195809006691
0.0,0,0.041036926209926605
1.0,1,0.9998482465744019
0.0,0,0.01204490102827549
1.0,1,0.9991610050201416
0.0,0,0.0026512229815125465
0.0,0,7.810261013219133e-05
0.0,0,0.004080379381775856
1.0,1,0.7115301489830017
1.0,1,0.9987711310386658
0.0,0,0.03933823108673096
1.0,1,0.9984421133995056
0.0,0,0.02017967402935028
0.0,0,0.0017263020854443312
0.0,0,0.1465282440185547
0.0,0,4.1532879549777135e-05
1.0,1,0.9892949461936951
1.0,1,0.999953031539917
1.0,1,0.5696898698806763
0.0,0,0.12419936805963516
0.0,0,0.004709950182586908
0.0,0,0.00023799535119906068
0.0,0,0.02876843884587288
0.0,0,0.020243750885128975
0.0,0,0.030521228909492493
0.0,0,0.005699486006051302
0.0,0,0.0014995086239650846
1.0,1,0.9882999658584595
0.0,0,0.14507777988910675
0.0,0,0.054682616144418716
0.0,0,0.00037924444768577814
1.0,1,0.9260655045509338
0.0,1,0.9998186230659485
1.0,1,0.7662627100944519
1.0,1,0.9695553183555603
0.0,0,0.014098824933171272
1.0,1,0.45256054401397705
0.0,0,0.09303734451532364
0.0,0,0.07039066404104233
1.0,1,0.9721301198005676
0.0,0,0.00046159993507899344
0.0,0,0.0008555243839509785
0.0,0,0.009790840558707714
0.0,0,0.0010936653707176447
0.0,0,0.006785794161260128
0.0,0,7.2359005571343e-05
0.0,0,0.009328692220151424
0.0,1,0.3226282298564911
0.0,1,0.7334693670272827
1.0,1,0.9847925901412964
0.0,0,0.025793561711907387
0.0,0,0.004424759186804295
1.0,1,0.9992185831069946
1.0,1,0.9942253232002258
0.0,0,0.08017322421073914
1.0,1,0.9636043906211853
0.0,0,0.00437924824655056
1.0,1,0.9397145509719849
0.0,0,1.4828196071903221e-05
1.0,1,0.9999480247497559
0.0,0,0.0017188142519444227
0.0,0,0.0007354347035288811
0.0,0,0.0006495515117421746
0.0,0,0.0015883612213656306
0.0,0,0.010940887965261936
1.0,1,0.9998908042907715
0.0,0,0.041245654225349426
1.0,1,0.9997208714485168
0.0,1,0.9544220566749573
1.0,1,0.6965110898017883
0.0,0,0.017777210101485252
0.0,0,0.00048231155960820615
0.0,0,0.0001967450079973787
0.0,0,0.001222462160512805
0.0,0,0.015338766388595104
0.0,0,0.0017244721530005336
0.0,0,0.005287815351039171
0.0,0,0.01392949465662241
0.0,0,0.05662444978952408
1.0,1,0.9999964237213135
1.0,1,0.9999299049377441
1.0,1,0.9968000650405884
0.0,0,0.012891175225377083
1.0,1,0.9975366592407227
1.0,1,0.9656801819801331
0.0,0,0.003223791252821684
0.0,0,0.0013869174290448427
0.0,0,0.0008599749999120831
1.0,1,0.9965527057647705
0.0,0,0.00044501369120553136
1.0,1,0.9933859705924988
0.0,0,0.0007319893920794129
1.0,0,0.017059961333870888
0.0,0,0.017708100378513336
1.0,1,0.9988229870796204
0.0,0,0.0011312017450109124
1.0,0,0.0002521701389923692
0.0,0,0.0015631245914846659
0.0,0,0.02215966396033764
0.0,0,0.12052331864833832
0.0,0,0.000983638223260641
1.0,1,0.9315099120140076
0.0,0,0.22710199654102325
0.0,0,0.19196413457393646
0.0,0,0.03493266925215721
0.0,0,0.011640802957117558
1.0,0,0.040921010076999664
1.0,1,0.9863741397857666
0.0,1,0.7724434733390808
0.0,0,0.003010797081515193
1.0,1,0.9993544220924377
0.0,1,0.6668921709060669
1.0,1,0.9999762773513794
1.0,1,0.956725001335144
0.0,0,0.00267646461725235
1.0,1,0.9999052286148071
1.0,1,0.479787677526474
1.0,1,0.9206528663635254
1.0,1,0.9979621171951294
0.0,0,0.0024376437067985535
0.0,0,0.0008414700278081
1.0,1,0.988524854183197
0.0,0,0.0009155457373708487
1.0,0,0.0410323403775692
1.0,1,1.0
1.0,1,0.9989621639251709
0.0,0,0.059605058282613754
0.0,0,1.6196010619751178e-05
0.0,0,7.820113387424499e-05
1.0,1,0.9997805953025818
0.0,0,0.006047144066542387
0.0,0,0.006278988439589739
0.0,0,8.86595735209994e-05
1.0,1,0.9993118047714233
1.0,1,0.9983503818511963
1.0,1,0.7844493389129639
0.0,0,0.005549334920942783
1.0,1,0.9966404438018799
0.0,0,0.0012672606389969587
0.0,0,0.06993169337511063
1.0,1,0.9969424605369568
1.0,1,0.6464413404464722
0.0,0,0.00018619220645632595
0.0,0,9.809117727854755e-06
1.0,1,0.9996145963668823
0.0,0,0.014093384146690369
1.0,1,0.9454547762870789
0.0,0,0.04072128236293793
1.0,0,0.0005803901003673673
0.0,0,0.0003626006073318422
0.0,0,0.0005029984167777002
1.0,1,0.7228450775146484
0.0,0,0.0006666772533208132
1.0,1,0.8169019818305969
0.0,0,0.14761406183242798
1.0,0,0.2386503368616104
0.0,0,0.007133674807846546
0.0,0,0.0007457610336132348
0.0,0,0.007998494431376457
1.0,1,0.9998880624771118
1.0,1,0.9949142932891846
0.0,0,0.0432361364364624
1.0,1,0.9996439218521118
1.0,1,0.990942656993866
0.0,0,0.0010171376634389162
0.0,0,0.003082707291468978
1.0,1,0.9901648163795471
1.0,1,0.9998413324356079
1.0,1,0.9983689188957214
1.0,1,0.9995900988578796
0.0,1,0.6583981513977051
1.0,1,0.9905981421470642
0.0,0,0.2116386592388153
0.0,0,0.002162009244784713
0.0,0,0.06967252492904663
1.0,1,0.9999721050262451
0.0,0,0.0006038584397174418
1.0,1,0.5016224980354309
0.0,0,0.14310576021671295
1.0,1,0.8653242588043213
0.0,0,0.0014183491002768278
0.0,0,0.08260228484869003
1.0,1,0.9961732029914856
1.0,1,0.9693230390548706
1.0,1,0.5478134155273438
0.0,0,0.003929609432816505
1.0,0,0.014620300382375717
1.0,1,0.9947192668914795
0.0,0,0.009249811992049217
1.0,1,0.9999938011169434
1.0,1,0.994392454624176
1.0,1,0.9999977350234985
0.0,0,0.00011542805441422388
1.0,1,0.999488115310669
0.0,0,0.0030047129839658737
0.0,0,0.024454159662127495
0.0,0,0.003165098838508129
0.0,1,0.5992611050605774
0.0,0,0.00022669813188258559
1.0,1,0.9130591750144958
0.0,0,0.011466752737760544
1.0,1,0.9791029095649719
0.0,0,0.0006776883965358138
1.0,1,0.978797435760498
0.0,0,0.12472686171531677
0.0,0,0.001010356703773141
0.0,0,2.96861753668054e-06
1.0,1,0.9989503026008606
1.0,1,0.6557275056838989
1.0,1,0.9976713061332703
0.0,1,0.9902759790420532
0.0,0,0.024477992206811905
1.0,1,0.9717054963111877
0.0,0,1.1073591849708464e-05
1.0,1,0.9963471293449402
1.0,1,0.9602864384651184
1.0,1,0.9996356964111328
1.0,1,0.8391556143760681
1.0,1,0.9997242093086243
1.0,1,0.9925093650817871
1.0,0,0.2702401280403137
1.0,1,0.9999562501907349
0.0,1,0.809787392616272
0.0,0,4.491248546401039e-05
0.0,1,0.38196951150894165
0.0,0,0.00023164578306023031
0.0,0,0.006165426690131426
0.0,1,0.4331592917442322
0.0,1,0.48914751410484314
0.0,0,0.00021887471666559577
0.0,0,0.00040432807873003185
1.0,0,0.039203375577926636
0.0,0,0.0029598623514175415
1.0,1,0.9965105652809143
0.0,0,0.0004521874070633203
1.0,1,0.996802806854248
0.0,0,0.03844901919364929
1.0,1,0.9999057054519653
0.0,0,6.003218732075766e-05
1.0,1,0.9990953207015991
0.0,0,0.0016625623684376478
0.0,0,1.9023656932404265e-05
1.0,1,0.9954831600189209
1.0,1,0.9996063113212585
1.0,1,0.9971996545791626
1.0,1,0.9939861297607422
0.0,1,0.8336092829704285
0.0,0,0.004688833374530077
1.0,1,0.9335436820983887
1.0,1,0.9973806738853455
0.0,0,4.2786781705217436e-05
1.0,1,0.3933725357055664
1.0,1,0.9998883008956909
0.0,0,0.003514058655127883
0.0,0,0.020630788058042526
0.0,0,0.002237484557554126
0.0,1,0.9480735659599304
0.0,0,9.241301449947059e-05
0.0,0,9.75726197793847e-06
1.0,1,0.9983348250389099
0.0,0,0.07405106723308563
0.0,0,0.00027071780641563237
0.0,0,0.04256119206547737
0.0,0,0.0009939830051735044
1.0,1,0.9984493255615234
0.0,1,0.8890652656555176
1.0,1,0.9991849064826965
0.0,1,0.8714115023612976
0.0,0,0.013470461592078209
1.0,1,0.9999961853027344
0.0,1,0.9697574973106384
0.0,1,0.9789345860481262
1.0,1,0.9713377952575684
1.0,1,0.9999401569366455
1.0,0,0.21034455299377441
1.0,1,0.7879102826118469
1.0,1,0.9992101192474365
0.0,0,0.0003320953983347863
1.0,1,0.9999706745147705
1.0,1,0.9999998807907104
1.0,1,0.9968165755271912
0.0,0,0.22744883596897125
0.0,0,0.1101284846663475
1.0,1,0.9981402158737183
0.0,0,0.0011356836184859276
1.0,1,0.871745228767395
1.0,1,0.998210072517395
0.0,0,0.0014170180074870586
1.0,0,0.09557046741247177
1.0,1,0.9999991655349731
1.0,1,0.9997691512107849
0.0,0,0.03246945142745972
0.0,0,3.82385915145278e-05
1.0,1,0.9990653395652771
1.0,1,0.9977580904960632
0.0,0,0.0014756815508008003
0.0,0,0.0219674501568079
0.0,0,0.0014075589133426547
0.0,0,0.11349883675575256
0.0,0,0.007824105210602283
1.0,1,0.999953031539917
1.0,1,0.9999673366546631
0.0,1,0.6934286952018738
0.0,1,0.5009697079658508
0.0,1,0.9940529465675354
0.0,0,0.03072965517640114
0.0,0,0.07143904268741608
1.0,1,0.3281404972076416
1.0,1,0.9983490705490112
1.0,1,0.42145973443984985
1.0,1,0.9995445609092712
0.0,0,0.00019318368867971003
1.0,1,0.9656851887702942
0.0,0,1.4560952195097343e-06
0.0,0,0.013251155614852905
1.0,1,0.9999198913574219
0.0,0,0.10896733403205872
0.0,0,0.0002929946640506387
0.0,0,0.003383147995918989
0.0,0,6.970073445700109e-05
1.0,1,0.3353249430656433
0.0,0,2.4469909476465546e-05
1.0,1,0.7903332114219666
0.0,0,0.00034321361454203725
0.0,0,0.01011123601347208
1.0,1,0.9757615923881531
0.0,0,0.022890331223607063
1.0,1,0.9947941899299622
1.0,1,0.9909123182296753
0.0,0,0.12585899233818054
1.0,1,0.9999165534973145
1.0,0,0.04859341308474541
0.0,0,0.003634100779891014
0.0,0,2.2333888409775682e-05
1.0,1,0.9999955892562866
0.0,0,0.005283936858177185
0.0,0,0.30513298511505127
1.0,1,0.9890788197517395
0.0,0,0.002108161337673664
1.0,1,0.8844578862190247
0.0,0,4.859432010562159e-05
1.0,1,0.7192204594612122
0.0,0,0.008176884613931179
0.0,0,0.14614254236221313
0.0,0,0.0006888814968988299
0.0,0,0.06802517920732498
0.0,0,0.010932866483926773
1.0,1,0.9745931625366211
1.0,1,0.7763270139694214
1.0,0,0.0036758380010724068
0.0,0,0.000751015730202198
0.0,0,0.09946238249540329
1.0,0,0.03837552294135094
1.0,0,0.041644394397735596
1.0,1,0.7717438340187073
0.0,0,0.00031742642750032246
0.0,0,0.00014981839922256768
0.0,0,0.0008907990413717926
1.0,1,0.9963584542274475
1.0,0,0.00019501775386743248
1.0,1,0.9806037545204163
1.0,1,0.9999997615814209
1.0,1,0.9993778467178345
1.0,1,0.9352205991744995
1.0,1,0.9996423721313477
0.0,0,7.637139060534537e-05
1.0,1,0.9990466237068176
1.0,1,0.9987984895706177
0.0,0,0.0007359998417086899
1.0,1,0.9999978542327881
1.0,1,0.9478756189346313
0.0,0,0.00020598617265932262
1.0,1,0.9948362112045288
1.0,1,0.9917882084846497
1.0,1,0.9958511590957642
1.0,0,0.148698091506958
1.0,1,0.9965832829475403
1.0,1,0.9992063641548157
0.0,0,3.7034529668744653e-05
0.0,0,0.0004384879721328616
1.0,1,0.9995900988578796
0.0,1,0.9933557510375977
0.0,0,1.0165061212319415e-05
1.0,0,0.04856826737523079
1.0,0,0.0013598765945062041
0.0,0,0.12101221084594727
0.0,0,0.07262620329856873
0.0,0,0.04052262008190155
1.0,1,0.9469650983810425
0.0,0,0.00020594062516465783
1.0,1,0.9999923706054688
0.0,0,2.5231483959942125e-05
0.0,0,0.00017043716798070818
0.0,0,1.0320154615328647e-05
1.0,1,0.9998971223831177
0.0,0,7.707360055064783e-05
1.0,1,0.9995848536491394
1.0,1,0.6266587376594543
0.0,1,0.922447681427002
1.0,1,0.944940984249115
1.0,1,0.9993600249290466
0.0,1,0.9061933159828186
0.0,0,0.26790934801101685
1.0,1,0.9408677220344543
1.0,1,0.9999986886978149
1.0,1,0.999749481678009
1.0,1,0.9942335486412048
0.0,0,0.009260935708880424
0.0,0,0.0638098418712616
0.0,0,0.02800476737320423
0.0,0,0.00031309662153944373
0.0,0,0.0016356153646484017
0.0,0,0.0021423674188554287
0.0,1,0.5461301207542419
0.0,0,0.04624846577644348
0.0,0,0.03190276026725769
0.0,1,0.9954555034637451
0.0,0,0.14818768203258514
1.0,1,0.5499366521835327
1.0,1,0.9979221224784851
1.0,1,0.9559452533721924
1.0,1,0.9836941361427307
1.0,1,0.9943127632141113
0.0,0,0.0017534580547362566
0.0,0,0.00010823249613167718
0.0,1,0.3716637194156647
0.0,0,0.03321457281708717
0.0,0,0.0002793616440612823
0.0,0,0.019887935370206833
1.0,1,0.8883957266807556
1.0,1,0.9907513856887817
0.0,0,0.0037415046244859695
0.0,0,0.2615516185760498
0.0,0,0.0008791119325906038
1.0,1,0.8458606600761414
1.0,0,0.023959124460816383
0.0,0,0.016118498519062996
0.0,0,0.016536038368940353
1.0,1,0.9994008541107178
1.0,1,0.9996101260185242
0.0,0,0.034147415310144424
1.0,1,0.946732223033905
1.0,1,0.9952470660209656
1.0,1,0.710631251335144
1.0,1,0.9938336610794067
1.0,1,0.9979268312454224
0.0,0,0.0008378539932891726
1.0,1,0.9979740977287292
1.0,1,0.9976118803024292
0.0,1,0.5029926896095276
0.0,0,0.0023096201475709677
0.0,0,0.001528983237221837
0.0,0,0.0005833416362293065
0.0,0,8.669287490192801e-05
1.0,1,0.9999865293502808
0.0,0,7.01377030054573e-06
0.0,1,0.9740846157073975
1.0,0,0.035805702209472656
1.0,1,0.9999990463256836
1.0,1,0.9998047947883606
0.0,0,0.0004564235860016197
0.0,0,0.13515880703926086
0.0,0,0.03671175241470337
0.0,1,0.7359064817428589
1.0,1,0.9747250080108643
0.0,0,0.20955443382263184
0.0,0,0.016486134380102158
1.0,1,0.9171832799911499
0.0,0,6.250099977478385e-05
1.0,1,0.9999885559082031
0.0,0,3.95313800254371e-05
0.0,0,0.006606658920645714
1.0,1,0.8446325063705444
0.0,0,2.9726868888246827e-05
0.0,0,4.24744030169677e-05
1.0,1,0.9957981705665588
1.0,1,0.4944581389427185
1.0,1,0.9999524354934692
1.0,1,0.9998196959495544
1.0,1,0.987025797367096
0.0,0,0.009325744584202766
1.0,1,0.9979768395423889
0.0,0,0.08537607640028
1.0,1,0.9957129955291748
0.0,0,0.0288675669580698
0.0,0,8.311290002893656e-06
1.0,1,0.9311211109161377
1.0,1,0.8288844227790833
0.0,0,0.028700372204184532
0.0,0,0.03450104221701622
0.0,0,0.00015617613098584116
0.0,0,0.004001026973128319
1.0,1,0.44774919748306274
1.0,1,0.9657716751098633
1.0,1,0.9999737739562988
0.0,0,0.14031462371349335
0.0,0,6.270613084780052e-05
1.0,1,0.9999957084655762
1.0,1,0.9904530048370361
0.0,0,0.002738535637035966
1.0,1,0.9984654188156128
0.0,1,0.7915700078010559
1.0,1,0.9999955892562866
0.0,0,0.05552971363067627
0.0,0,0.00047933286987245083
0.0,0,0.0033510876819491386
1.0,1,0.9997656941413879
0.0,0,0.016034210100769997
0.0,0,0.0002982122532557696
0.0,0,9.088919614441693e-05
0.0,0,3.0344805054483004e-05
0.0,0,0.0001478675112593919
1.0,1,0.9999935626983643
0.0,0,0.18461519479751587
0.0,1,0.9335528612136841
0.0,0,0.14986024796962738
0.0,0,0.24669906497001648
0.0,0,0.09767483919858932
1.0,1,0.9691716432571411
0.0,0,0.020702583715319633
1.0,1,0.9869144558906555
1.0,1,0.7330236434936523
1.0,1,0.9985677003860474
1.0,1,0.9998823404312134
1.0,1,0.983854353427887
0.0,0,0.0017178801354020834
1.0,1,0.978540301322937
0.0,0,0.0013092888984829187
1.0,1,0.9997482895851135
0.0,0,0.0037878532893955708
1.0,1,0.9999760389328003
1.0,1,0.9965806603431702
0.0,0,0.2033887356519699
1.0,1,0.3706074059009552
0.0,0,0.03923499584197998
0.0,0,3.0475132007268257e-05
0.0,0,1.6887011952348985e-05
1.0,1,0.9996459484100342
1.0,1,0.9996516704559326
1.0,1,0.9999978542327881
1.0,0,0.23088625073432922
0.0,0,0.000521903159096837
1.0,1,0.9999890327453613
0.0,0,0.2701070010662079
1.0,1,0.988878071308136
0.0,1,0.3344069719314575
1.0,1,0.9999217987060547
1.0,1,0.9907931685447693
1.0,1,0.9999901056289673
0.0,0,0.28519952297210693
0.0,0,0.004628538154065609
0.0,0,0.0778099000453949
1.0,1,0.9983865022659302
1.0,1,0.9909459352493286
0.0,1,0.9978467226028442
1.0,0,0.10699127614498138
0.0,0,0.0007211194024421275
0.0,0,0.00011490663018776104
0.0,0,0.0002649954694788903
0.0,0,3.249398650950752e-05
0.0,0,0.002273284364491701
0.0,0,1.7499921796115814e-06
0.0,1,0.3588733375072479
0.0,0,0.0003465268819127232
1.0,1,0.9999188184738159
0.0,0,0.00368687161244452
0.0,0,0.00013656035298481584
0.0,0,0.011961943469941616
0.0,0,0.03822379931807518
0.0,0,0.0032501162495464087
0.0,0,0.1373801976442337
0.0,0,0.01377395261079073
0.0,0,0.00018946669297292829
1.0,1,0.9719113707542419
1.0,1,0.9995580315589905
0.0,0,0.013606242835521698
1.0,1,0.9997382760047913
0.0,1,0.7667337656021118
1.0,1,0.9905181527137756
0.0,0,0.0017386673716828227
0.0,0,0.0005352203152142465
0.0,0,0.040047697722911835
0.0,0,0.0001782762265065685
0.0,0,0.0012192119611427188
0.0,0,0.00017775478772819042
0.0,0,0.0008937184466049075
0.0,0,0.004314935300499201
0.0,0,0.0006128979730419815
1.0,0,0.28837352991104126
1.0,1,0.6124674081802368
1.0,1,0.9914904236793518
1.0,1,0.5415360331535339
1.0,1,0.9974506497383118
1.0,1,0.9993103742599487
0.0,0,0.13656207919120789
0.0,0,0.0008782792137935758
1.0,1,0.9869673848152161
0.0,1,0.9803161025047302
0.0,0,0.14360946416854858
0.0,0,0.0007556204800494015
0.0,1,0.7301586270332336
1.0,1,0.9901890158653259
0.0,0,0.19486600160598755
0.0,0,0.013403104618191719
0.0,0,0.000963977596256882
0.0,0,0.05690613016486168
0.0,1,0.3704935312271118
0.0,0,0.00026409755810163915
0.0,0,0.04952310025691986
0.0,0,0.00010542474046815187
0.0,0,0.0003159133193548769
0.0,0,0.00801868550479412
1.0,1,0.9975957274436951
1.0,1,0.9997970461845398
0.0,0,0.047265879809856415
1.0,0,0.23071643710136414
0.0,0,0.001687939278781414
1.0,1,0.9999991655349731
0.0,0,0.05793367698788643
0.0,0,0.024494986981153488
0.0,0,0.0004376891301944852
1.0,1,0.999913215637207
1.0,1,0.9999850988388062
0.0,0,5.509573747985996e-05
0.0,0,0.005210895091295242
1.0,1,0.9990355968475342
1.0,1,0.5193878412246704
1.0,0,0.024313703179359436
1.0,1,0.9941360950469971
0.0,1,0.9912788271903992
0.0,0,0.01631353236734867
0.0,0,0.0005040968535467982
1.0,1,0.9896969199180603
0.0,0,0.0012503141770139337
0.0,0,0.0005677132285200059
0.0,0,0.011872605420649052
0.0,0,0.0055793775245547295
0.0,0,0.029352456331253052
0.0,0,0.03286467492580414
0.0,0,0.006728070322424173
1.0,1,0.9996519088745117
0.0,0,0.013413587585091591
0.0,0,0.16801685094833374
1.0,0,0.04113372787833214
0.0,0,0.0009447244228795171
1.0,0,0.001629420556128025
0.0,0,2.2158872070576763e-06
0.0,0,0.02037949487566948
0.0,0,0.0006816015811637044
0.0,0,0.0012177379103377461
0.0,0,0.00041587138548493385
0.0,0,0.0006207067635841668
0.0,0,0.020335553213953972
0.0,0,0.0015317080542445183
0.0,0,0.27450984716415405
0.0,0,0.011141182854771614
1.0,0,0.16384851932525635
0.0,0,0.000543722533620894
0.0,0,0.19726911187171936
0.0,0,0.0032583337742835283
0.0,0,6.316007784334943e-05
1.0,1,0.9916743636131287
0.0,0,5.9277521359035745e-05
1.0,1,0.997887909412384
0.0,0,0.00037700554821640253
0.0,0,0.006695276126265526
1.0,1,0.9884831309318542
1.0,1,0.9971455931663513
0.0,0,0.0002256715961266309
1.0,1,0.9940527081489563
0.0,0,0.0012428428744897246
1.0,1,0.998462438583374
0.0,0,1.546830389997922e-05
1.0,1,0.9999963045120239
0.0,0,0.00027183821657672524
0.0,0,0.07245130091905594
0.0,0,0.0001891396241262555
0.0,0,0.006394653115421534
0.0,1,0.4296139180660248
1.0,1,0.9979515671730042
1.0,1,0.9932307004928589
0.0,0,0.0004244708688929677
0.0,0,7.976316555868834e-05
0.0,0,0.002448461716994643
1.0,1,0.9575721621513367
0.0,0,6.719327939208597e-05
0.0,0,5.281193080008961e-05
1.0,1,0.9857116341590881
1.0,1,0.8338238596916199
0.0,0,0.004202130250632763
1.0,1,0.9185544848442078
0.0,0,0.005168552044779062
0.0,0,0.0637076273560524
0.0,0,0.08223728090524673
0.0,0,0.0020097335800528526
0.0,0,0.001600320334546268
0.0,0,0.010245153680443764
0.0,0,8.389053255086765e-05
0.0,0,0.005194631405174732
0.0,0,0.003520027967169881
0.0,0,0.00038412617868743837
1.0,1,0.4136296510696411
0.0,0,0.0031831946689635515
0.0,1,0.9984112977981567
0.0,0,0.00011349230771884322
1.0,1,0.43033042550086975
0.0,0,0.0008864605333656073
0.0,0,0.02022051252424717
1.0,0,0.06035586819052696
1.0,1,0.9525521993637085
0.0,0,0.23452100157737732
1.0,1,0.999903678894043
0.0,1,0.7769228219985962
0.0,0,5.077693276689388e-05
0.0,0,0.02936062216758728
0.0,0,0.0036168673541396856
0.0,0,0.002762201242148876
0.0,0,0.00032283144537359476
0.0,1,0.4447312355041504
1.0,1,0.7326256036758423
1.0,1,0.9959726929664612
0.0,0,0.02429281361401081
0.0,0,0.0021243453957140446
1.0,1,0.8912274241447449
0.0,0,0.001262455596588552
0.0,0,0.05351301655173302
1.0,1,0.9999440908432007
0.0,0,0.0016999462386593223
1.0,1,0.9992440938949585
1.0,1,0.9959864020347595
1.0,1,0.9500796794891357
1.0,1,0.9878504872322083
1.0,1,0.9571125507354736
1.0,1,0.9949827194213867
0.0,1,0.6635388135910034
0.0,0,0.0015467030461877584
0.0,0,0.0032177644316107035
0.0,1,0.7398029565811157
0.0,0,0.0005356181645765901
0.0,0,8.41074506752193e-05
0.0,0,0.1672208607196808
1.0,1,0.999452531337738
1.0,1,0.891631007194519
0.0,0,0.00047995056957006454
0.0,0,0.0027682881336659193
0.0,0,2.6434165192767978e-05
0.0,1,0.33563855290412903
1.0,1,0.999531626701355
1.0,1,0.9456301927566528
0.0,0,0.040768202394247055
1.0,1,0.9958095550537109
1.0,1,0.9999037981033325
0.0,0,0.027129873633384705
1.0,1,0.9999690055847168
0.0,0,0.00032567823654972017
0.0,0,0.18149249255657196
0.0,0,0.019454486668109894
1.0,1,0.9999796152114868
0.0,0,3.788433605222963e-05
0.0,0,0.004971287213265896
0.0,0,0.0599084347486496
0.0,1,0.9797679781913757
1.0,1,0.9995138645172119
0.0,0,4.071188413945492e-06
1.0,1,0.9999867677688599
0.0,0,0.13096998631954193
0.0,0,0.04781026020646095
0.0,0,0.00018807643209584057
0.0,0,0.007276367396116257
0.0,0,0.003517857985571027
0.0,0,0.09715667366981506
0.0,0,0.011870569549500942
1.0,1,0.9543525576591492
1.0,1,0.4563208818435669
1.0,1,0.9984362721443176
0.0,0,6.283758557401597e-05
0.0,0,0.16665920615196228
0.0,0,0.07456577569246292
0.0,0,0.006344146560877562
0.0,0,0.015261931344866753
0.0,0,0.21351148188114166
1.0,1,0.8948737382888794
0.0,0,2.0993504222133197e-05
1.0,0,0.28407981991767883
0.0,0,0.05181032791733742
1.0,1,0.8481104373931885
1.0,1,0.5292665958404541
0.0,0,0.00463644927367568
1.0,0,0.22037240862846375
1.0,0,0.2206735908985138
0.0,0,0.006288719363510609
1.0,1,0.9991158843040466
1.0,1,0.9796924591064453
1.0,1,0.9996026158332825
0.0,1,0.9980307221412659
0.0,0,0.027421873062849045
0.0,1,0.9206801652908325
1.0,1,0.9926447868347168
0.0,0,0.03391600027680397
0.0,0,0.008555001579225063
0.0,0,0.03910250961780548
1.0,1,0.9998364448547363
0.0,1,0.9782658219337463
1.0,0,0.17516598105430603
0.0,1,0.6821924448013306
0.0,0,0.0005030286265537143
1.0,1,0.9969905614852905
1.0,1,0.8714503645896912
0.0,0,0.0004881448403466493
1.0,1,0.9985492825508118
0.0,0,0.0018854789668694139
0.0,0,2.0499848687904887e-05
1.0,1,0.9996674060821533
0.0,0,0.0005102285067550838
0.0,0,0.01494805421680212
1.0,1,0.9961349964141846
0.0,0,0.0004268907941877842
0.0,0,0.00018179559265263379
1.0,1,0.9999923706054688
1.0,1,0.7616512775421143
0.0,1,0.47059187293052673
0.0,1,0.45943188667297363
1.0,1,0.9999978542327881
1.0,1,0.8358573913574219
0.0,0,0.002399998251348734
1.0,1,0.9999402761459351
0.0,0,0.2884148359298706
0.0,0,0.02059166133403778
1.0,0,0.1988019496202469
1.0,1,0.9995354413986206
0.0,0,0.08666923642158508
1.0,1,0.9916404485702515
1.0,1,0.999954104423523
1.0,0,0.0004941522493027151
1.0,1,0.9999712705612183
1.0,1,0.9999874830245972
1.0,0,0.03156840428709984
0.0,0,9.288534056395292e-05
1.0,1,0.9979472756385803
0.0,0,0.01603303663432598
0.0,1,0.9722221493721008
0.0,0,0.0005987951881252229
0.0,0,0.008871740661561489
0.0,0,0.0485154464840889
0.0,0,2.3884253096184693e-05
0.0,0,0.0805022343993187
0.0,0,3.923933945770841e-06
0.0,0,0.07531421631574631
0.0,0,0.00016452990530524403
0.0,0,0.024719614535570145
1.0,1,0.9766643047332764
0.0,0,0.012852931395173073
0.0,0,0.28860533237457275
0.0,0,0.012418759986758232
1.0,1,0.9957455992698669
0.0,0,0.001704100170172751
0.0,0,0.04562759771943092
1.0,1,0.9999918937683105
1.0,1,0.999948263168335
1.0,1,0.3411562144756317
0.0,0,0.027312854304909706
0.0,0,0.001886020298115909
0.0,0,0.03485262393951416
0.0,0,0.0003602631331887096
1.0,1,0.5447471141815186
0.0,0,0.1243991106748581
0.0,0,0.09620536863803864
0.0,0,0.0008675464778207242
1.0,1,0.998741090297699
0.0,0,0.001697017578408122
0.0,1,0.4364592432975769
0.0,0,0.009324518963694572
1.0,0,0.24015608429908752
0.0,0,0.007583981845527887
1.0,1,0.9988755583763123
0.0,0,0.00833151862025261
1.0,0,0.09805282950401306
1.0,1,0.8584740161895752
1.0,1,0.9999502897262573
1.0,1,0.9994521737098694
0.0,0,0.00011191786325071007
0.0,0,0.0002889406750909984
1.0,1,0.961437463760376
1.0,1,0.999294638633728
0.0,1,0.4315968453884125
0.0,0,0.001452988013625145
0.0,0,0.005787789821624756
0.0,0,0.015351401641964912
1.0,1,0.9033787846565247
0.0,0,0.0052214451134204865
1.0,1,0.9999772310256958
1.0,1,0.9287388324737549
0.0,1,0.5980790853500366
1.0,1,0.9982628226280212
0.0,0,0.01843092031776905
0.0,0,0.1228613331913948
0.0,0,0.03225233033299446
0.0,1,0.46523481607437134
1.0,1,0.9993953704833984
1.0,0,8.291104313684627e-05
1.0,1,0.9894164204597473
1.0,1,0.9934547543525696
1.0,1,0.998717188835144
0.0,1,0.3729686439037323
1.0,1,0.9999661445617676
1.0,1,0.9989821314811707
0.0,0,0.22241750359535217
1.0,0,0.06500610709190369
0.0,0,0.00018994674610439688
1.0,1,0.9796661734580994
1.0,1,0.8262970447540283
0.0,0,5.15343235747423e-05
0.0,0,0.22358031570911407
0.0,0,0.0030928587075322866
0.0,0,0.001978667452931404
1.0,1,0.9993151426315308
0.0,0,0.0021801807451993227
0.0,0,0.0001619718095753342
0.0,0,0.0006234335014596581
0.0,0,0.022715231403708458
1.0,1,0.9999028444290161
1.0,1,0.9999951124191284
0.0,0,9.067191422218457e-05
1.0,1,0.9983774423599243
0.0,1,0.9252420663833618
1.0,1,0.9957854151725769
1.0,1,0.9998493194580078
0.0,0,0.23863694071769714
1.0,1,0.999853253364563
0.0,0,0.0013525853864848614
1.0,1,0.9971876740455627
0.0,0,0.0001493519957875833
0.0,1,0.6122744679450989
0.0,0,0.007086540572345257
0.0,0,0.25646814703941345
0.0,0,0.2072625309228897
0.0,1,0.5591644048690796
1.0,1,0.9957360029220581
0.0,0,5.645441706292331e-05
0.0,0,0.0024455133825540543
0.0,0,5.7675401876622345e-06
1.0,1,0.9643493890762329
1.0,1,0.9962255954742432
1.0,1,0.9997281432151794
1.0,1,1.0
0.0,0,0.004440041724592447
1.0,1,0.9721282124519348
0.0,0,0.06711205840110779
0.0,0,0.004530592355877161
0.0,0,8.707283268449828e-05
1.0,1,0.6610956192016602
0.0,1,0.9773926138877869
0.0,0,0.0003218873462174088
1.0,1,0.9797391295433044
0.0,0,9.78669231699314e-06
0.0,0,4.956263364874758e-05
0.0,0,0.00020239925652276725
1.0,1,0.8870810270309448
0.0,0,8.111176430247724e-05
1.0,1,0.9875691533088684
0.0,0,2.63839547187672e-06
1.0,1,0.9998621940612793
0.0,0,6.873966776765883e-05
0.0,1,0.9998341798782349
0.0,0,0.0014222257304936647
0.0,0,0.0006511645624414086
1.0,1,0.9999525547027588
1.0,1,0.9999885559082031
0.0,0,0.001127250725403428
0.0,0,0.3165029287338257
1.0,0,0.007713491562753916
0.0,0,0.26656293869018555
1.0,0,0.26518523693084717
1.0,1,0.8351811766624451
0.0,0,0.02095641754567623
0.0,0,0.0008232186082750559
1.0,1,0.9998743534088135
0.0,0,0.0009083144832402468
0.0,0,0.0002035763900494203
1.0,1,0.9996253252029419
1.0,1,0.9867559671401978
0.0,0,0.004419536329805851
1.0,1,0.9999107122421265
0.0,0,0.020647993311285973
0.0,0,0.007460103370249271
1.0,1,0.9956834316253662
0.0,0,0.005878927651792765
0.0,0,0.0005764718516729772
0.0,1,0.9628045558929443
0.0,1,0.5242903232574463
0.0,0,0.004826846532523632
0.0,0,0.1014886125922203
0.0,0,1.931092447193805e-05
0.0,1,0.9456477761268616
1.0,1,0.9961583018302917
0.0,0,0.0008185405749827623
0.0,1,0.6827436089515686
0.0,0,0.00014477137301582843
1.0,1,0.9928330183029175
1.0,1,0.9999325275421143
0.0,0,0.002523271832615137
1.0,1,0.999942421913147
0.0,0,0.0010508522391319275
1.0,0,0.049767132848501205
1.0,1,0.9893486499786377
0.0,0,0.004335260950028896
1.0,1,0.9610433578491211
0.0,0,0.0007042774232104421
0.0,0,0.0004592866462189704
0.0,0,0.001234440365806222
1.0,1,0.9998958110809326
1.0,1,0.9999872446060181
1.0,1,0.996061384677887
0.0,0,0.001785210333764553
0.0,0,0.004427305888384581
1.0,1,0.7467626929283142
0.0,0,0.008418838493525982
1.0,1,0.9984725117683411
0.0,0,0.002750648185610771
1.0,1,0.9901595711708069
0.0,0,0.28333789110183716
1.0,1,0.8204721212387085
1.0,1,0.9999518394470215
0.0,0,0.1960137039422989
1.0,1,0.9997465014457703
0.0,0,7.80033296905458e-05
0.0,0,0.0014849035069346428
0.0,0,0.0023533033672720194
0.0,0,0.0293080136179924
0.0,0,0.0028326064348220825
1.0,1,0.9976121187210083
0.0,0,3.6598474252969027e-05
1.0,1,0.6918970346450806
0.0,0,0.16090741753578186
0.0,0,0.0014334297738969326
1.0,1,0.9462813138961792
1.0,0,0.1568308025598526
0.0,0,0.24364668130874634
1.0,1,0.991134524345398
0.0,0,0.018188627436757088
1.0,1,0.9999971389770508
0.0,0,0.0010199351236224174
1.0,0,0.2748796045780182
0.0,0,0.0004686547617893666
0.0,0,0.00033640951733104885
1.0,1,0.9999779462814331
0.0,0,0.24505165219306946
1.0,1,0.9990645051002502
1.0,0,0.2261817306280136
0.0,0,0.00037513073766604066
1.0,1,0.9999939203262329
0.0,0,0.0017148929182440042
0.0,0,0.15554502606391907
0.0,0,0.0003846509207505733
0.0,0,0.00016916135791689157
0.0,0,0.0003084827330894768
0.0,1,0.6809954047203064
0.0,0,0.05977864935994148
0.0,0,0.00019160789088346064
1.0,1,0.9778189659118652
1.0,1,0.9965524673461914
0.0,0,0.014557389542460442
1.0,1,0.9757094383239746
0.0,0,0.0005424289265647531
0.0,1,0.9895462393760681
1.0,1,0.9999654293060303
1.0,0,0.21721795201301575
0.0,0,0.010773634538054466
0.0,0,0.009489634074270725
1.0,1,0.5582264065742493
1.0,1,0.9998025298118591
1.0,1,0.9999717473983765
0.0,0,0.16609708964824677
1.0,0,0.015672592446208
0.0,1,0.9837461709976196
1.0,1,0.9999988079071045
1.0,1,0.999953031539917
0.0,0,0.02341633476316929
1.0,1,0.9904875159263611
1.0,1,0.6919041275978088
0.0,0,0.016904687508940697
0.0,0,0.009984617121517658
0.0,0,0.0006881091394461691
0.0,0,0.004101212602108717
1.0,0,0.17692606151103973
0.0,0,0.0007294765673577785
0.0,1,0.9971137046813965
1.0,1,0.9994226694107056
1.0,1,0.9807490110397339
1.0,1,0.9996414184570312
0.0,1,0.784907341003418
0.0,0,0.002538090106099844
0.0,0,0.06929981708526611
0.0,0,0.007273845840245485
1.0,1,0.9998452663421631
1.0,1,0.9833462238311768
0.0,0,0.09431827813386917
1.0,1,0.9998646974563599
1.0,1,0.9995620846748352
0.0,0,0.03453904017806053
0.0,0,0.00023554646759293973
1.0,1,0.8328779935836792
0.0,0,0.000827305018901825
0.0,1,0.3648906946182251
0.0,0,0.010298109613358974
1.0,1,0.9810798168182373
1.0,1,0.9858806729316711
0.0,0,0.0035906569100916386
0.0,0,0.01578022912144661
0.0,0,0.002704060170799494
0.0,0,0.00010085682151839137
0.0,0,0.002189181512221694
0.0,0,0.04279579967260361
0.0,0,9.510888048680499e-05
0.0,0,0.0019329296192154288
1.0,1,0.9388513565063477
0.0,0,0.0009884254541248083
0.0,0,0.09707380831241608
0.0,0,0.013292043469846249
0.0,0,0.11748345196247101
1.0,1,0.3848056197166443
0.0,0,0.06245575100183487
0.0,0,0.042420484125614166
1.0,1,0.9949156045913696
0.0,0,0.00022892623383086175
0.0,1,0.956041693687439
0.0,0,7.505265784857329e-06
1.0,1,0.8777228593826294
1.0,1,0.9945960640907288
1.0,1,0.9991058707237244
0.0,1,0.45082804560661316
1.0,1,0.9997265934944153
0.0,0,0.013715448789298534
0.0,0,0.004304923117160797
1.0,1,0.6839542984962463
0.0,0,0.00010407608351670206
0.0,0,0.0006819684058427811
0.0,0,0.00012784753926098347
1.0,1,0.746031641960144
0.0,0,0.00048776387120597064
1.0,1,0.9967327117919922
0.0,1,0.3250467777252197
0.0,0,1.8056003682431765e-05
0.0,0,0.0020265383645892143
1.0,1,0.9952849745750427
1.0,1,0.8362738490104675
0.0,0,0.0019478569738566875
0.0,0,3.04039513139287e-05
1.0,1,0.9940541386604309
1.0,1,0.9962518811225891
0.0,1,0.6660215854644775
0.0,0,0.009112284518778324
1.0,1,0.9996514320373535
0.0,0,0.0003371438360773027
0.0,1,0.7801306843757629
1.0,1,0.9999946355819702
0.0,1,0.9149664044380188
0.0,0,0.003159447107464075
1.0,1,0.9982883334159851
0.0,0,0.002664787694811821
1.0,1,0.9997155070304871
1.0,1,0.999872088432312
0.0,0,0.011929569765925407
1.0,1,0.9942809343338013
1.0,1,0.9996668100357056
1.0,1,0.9662485718727112
1.0,1,0.9999767541885376
0.0,0,0.0007498861523345113
0.0,0,0.005897187162190676
0.0,0,0.1028953269124031
1.0,0,0.010532399639487267
1.0,0,0.26340436935424805
0.0,1,0.5606608986854553
1.0,1,0.9910051822662354
1.0,1,0.9487698078155518
1.0,0,0.00072776700835675
0.0,0,0.0001656981185078621
0.0,0,0.059652529656887054
0.0,0,0.004603330045938492
0.0,0,0.005040827672928572
1.0,1,0.5050187706947327
1.0,1,0.9202103614807129
0.0,0,0.11443731933832169
1.0,1,0.966905951499939
0.0,0,0.06088727340102196
0.0,0,0.0033121975138783455
0.0,0,0.044277213513851166
0.0,0,0.004757712595164776
0.0,0,8.775603055255488e-05
0.0,0,0.0009437662083655596
0.0,0,0.06568948179483414
0.0,0,6.855557876406237e-05
1.0,1,0.9989290833473206
1.0,1,0.999947190284729
0.0,0,0.0012120029423385859
0.0,0,0.07120467722415924
1.0,1,0.9908520579338074
0.0,0,0.00022868934320285916
0.0,0,0.07427407801151276
1.0,0,0.22183534502983093
0.0,0,0.10745023190975189
0.0,0,0.11425840109586716
0.0,0,0.0022559016942977905
0.0,0,7.763170287944376e-05
0.0,0,0.05851604789495468
0.0,0,0.0035783215425908566
1.0,1,0.9465367197990417
1.0,1,0.9333351254463196
0.0,0,0.00024350271269213408
0.0,0,0.0031347700860351324
0.0,0,0.0028804109897464514
1.0,1,0.9999992847442627
0.0,1,0.9895020127296448
1.0,1,0.7902418971061707
1.0,1,0.4879823625087738
1.0,1,0.9922751784324646
0.0,0,0.0002793413877952844
1.0,1,0.9999079704284668
0.0,0,0.0004695705429185182
0.0,0,1.1040354365832172e-05
0.0,0,0.006726734805852175
1.0,1,0.7500147819519043
1.0,1,0.9993658661842346
1.0,1,0.9955314993858337
0.0,0,0.0050156330689787865
0.0,0,0.003919458016753197
0.0,0,0.0008836017805151641
0.0,0,0.009903211146593094
0.0,0,0.00023017378407530487
1.0,0,0.1693091094493866
1.0,1,0.9976348876953125
1.0,1,0.9999862909317017
0.0,0,0.04462050274014473
0.0,1,0.9611244797706604
0.0,0,0.010687812231481075
0.0,0,0.0005323056830093265
0.0,0,0.00021432072389870882
0.0,0,0.0016070863930508494
0.0,0,0.0005144155002199113
0.0,0,0.023167312145233154
0.0,0,0.00085120415315032
0.0,0,0.012228067964315414
1.0,1,0.42947372794151306
0.0,0,0.2709040343761444
0.0,0,4.838530730921775e-05
0.0,0,0.0033075930550694466
0.0,0,0.0017394114984199405
0.0,1,0.5698949694633484
0.0,0,7.00831733411178e-05
1.0,0,0.1280318647623062
1.0,1,0.9999414682388306
0.0,0,0.0050215329974889755
0.0,1,0.38181519508361816
0.0,0,0.08395187556743622
0.0,0,0.0036100908182561398
0.0,0,9.989885256800335e-06
1.0,1,0.9999504089355469
0.0,0,5.1725357479881495e-05
0.0,0,0.0013778303982689977
0.0,1,0.995442271232605
1.0,1,0.9164621233940125
1.0,1,0.9533791542053223
1.0,1,0.9913609623908997
0.0,0,0.0016930154524743557
1.0,1,0.9999752044677734
0.0,0,0.0013270070776343346
1.0,1,0.999971866607666
0.0,0,0.003082962241023779
0.0,0,0.05735066160559654
0.0,0,0.002541623543947935
0.0,1,0.9795750975608826
1.0,1,0.9991078972816467
0.0,0,0.000356049946276471
1.0,1,0.9999810457229614
1.0,1,0.9945787191390991
0.0,1,0.8988701701164246
1.0,1,0.9336945414543152
1.0,0,0.20202328264713287
1.0,1,0.999983549118042
0.0,0,0.03583855554461479
0.0,0,0.002728745574131608
0.0,0,0.0012157850433140993
0.0,0,0.010926433838903904
1.0,1,0.9994383454322815
0.0,1,0.5655216574668884
0.0,1,0.9953727126121521
1.0,1,0.9999996423721313
0.0,0,0.0006527866353280842
0.0,0,0.3087112605571747
0.0,0,0.11632844805717468
1.0,0,0.12799637019634247
0.0,0,9.929087536875159e-05
1.0,1,0.74594646692276
1.0,1,0.9324308037757874
0.0,0,0.00462108151987195
1.0,0,0.23050935566425323
0.0,0,0.1779664307832718
0.0,0,2.8871707399957813e-05
1.0,1,0.9890437126159668
0.0,0,0.0004287447372917086
0.0,0,0.00018945078772958368
0.0,0,0.02921653725206852
0.0,0,0.011178647167980671
1.0,1,0.9999924898147583
0.0,0,0.0007383627234958112
1.0,1,0.9974560141563416
1.0,1,0.9281061887741089
0.0,0,0.024969618767499924
0.0,1,0.9983080625534058
1.0,1,0.9999643564224243
1.0,1,0.9591718316078186
0.0,0,8.505109144607559e-05
0.0,0,7.531278697570087e-06
0.0,1,0.5717372894287109
0.0,0,9.827974281506613e-05
1.0,1,0.99956876039505
1.0,1,0.9993845224380493
1.0,1,0.9970452189445496
1.0,1,0.9487501382827759
0.0,0,0.00026023678947240114
0.0,0,0.0025574020110070705
1.0,1,0.9964492321014404
0.0,0,6.330382893793285e-05
1.0,1,0.5570967793464661
0.0,0,0.0028628213331103325
0.0,0,0.00022978872584644705
1.0,1,0.9999438524246216
0.0,0,0.000988064450211823
0.0,0,0.021635353565216064
0.0,0,0.009857877157628536
1.0,1,0.9747276902198792
0.0,1,0.9962722063064575
0.0,0,0.025917481631040573
0.0,0,0.012493463233113289
0.0,1,0.34608194231987
0.0,0,0.24196390807628632
0.0,0,1.999730920942966e-05
0.0,0,0.23858077824115753
0.0,0,0.0006158195319585502
1.0,1,0.9939747452735901
0.0,1,0.6378977298736572
1.0,1,0.9973377585411072
0.0,0,0.0012365515576675534
0.0,0,0.00034696454531513155
0.0,0,0.05411230027675629
1.0,1,0.9991913437843323
1.0,1,0.8915839195251465
0.0,0,0.13457077741622925
0.0,1,0.582990288734436
0.0,0,0.0066712093539536
1.0,1,0.9952611327171326
1.0,1,0.9442464709281921
1.0,1,0.7631213665008545
1.0,0,0.2997875213623047
0.0,0,0.0007263137376867235
1.0,1,0.99983811378479
1.0,1,0.9904982447624207
1.0,0,0.054742977023124695
0.0,0,0.0065470668487250805
1.0,1,0.9812288880348206
1.0,1,0.9996590614318848
0.0,0,0.0012391714844852686
1.0,1,0.9999972581863403
0.0,0,0.031828440725803375
0.0,0,0.001585147576406598
0.0,0,0.00017492905317340046
0.0,0,0.020717989653348923
1.0,1,0.9982982277870178
0.0,0,8.533087384421378e-05
1.0,1,0.9994251728057861
1.0,1,0.9634889364242554
0.0,0,0.038628723472356796
1.0,1,0.9987718462944031
0.0,0,0.002455760957673192
0.0,0,0.00020532810594886541
0.0,0,4.948650166625157e-05
1.0,0,0.11477445811033249
0.0,0,0.08053911477327347
0.0,0,0.08062621206045151
0.0,0,0.0006226039840839803
0.0,0,0.004207395017147064
1.0,1,0.8108884692192078
0.0,0,0.003423496149480343
0.0,0,0.15762336552143097
0.0,0,0.0014758860925212502
1.0,1,0.9852250218391418
0.0,1,0.8476331233978271
0.0,0,0.00021242543880362064
0.0,1,0.9221005439758301
0.0,0,6.010723882354796e-05
1.0,1,0.8884666562080383
0.0,0,0.00016403678455390036
0.0,0,0.09377629309892654
0.0,0,0.002923110965639353
1.0,1,0.9601336717605591
0.0,0,0.044894326478242874
0.0,0,0.18239103257656097
0.0,0,0.08428410440683365
1.0,1,0.7850349545478821
1.0,1,0.878564715385437
1.0,1,0.898047149181366
1.0,0,0.0017839777283370495
0.0,1,0.9724555611610413
0.0,0,0.12012907862663269
0.0,0,0.0010058110347017646
0.0,1,0.4577879011631012
1.0,1,0.9984580278396606
0.0,0,9.75376897258684e-05
0.0,0,0.025824714452028275
1.0,1,0.99577796459198
0.0,0,0.0005712969577871263
0.0,0,0.024579625576734543
1.0,1,0.9938358664512634
1.0,1,0.9618885517120361
0.0,0,0.001366280484944582
0.0,0,0.0021843069698661566
0.0,0,0.04324924573302269
1.0,1,0.9997848868370056
0.0,0,0.0012996398145332932
0.0,0,0.000271855853497982
0.0,0,0.0027109459042549133
1.0,1,0.9999704360961914
1.0,1,0.9996141195297241
0.0,0,5.2174495067447424e-05
1.0,1,0.912462592124939
1.0,1,0.9196556806564331
1.0,1,0.9893147945404053
0.0,0,0.002195719163864851
0.0,0,0.246429443359375
1.0,1,0.34245172142982483
1.0,1,0.9999181032180786
0.0,0,4.210065890219994e-05
0.0,0,0.17725864052772522
0.0,0,0.11058373749256134
1.0,1,0.9992215633392334
1.0,1,0.9999167919158936
0.0,0,0.0025231291074305773
1.0,1,0.9857980608940125
0.0,0,0.006734325084835291
0.0,0,0.0024093908723443747
0.0,0,1.0021279194916133e-05
0.0,0,0.001624087686650455
1.0,1,0.889468789100647
0.0,1,0.8415642976760864
1.0,1,0.9208168983459473
1.0,1,0.986081600189209
1.0,1,0.9940598011016846
1.0,0,0.10491122305393219
0.0,0,0.26335570216178894
0.0,1,0.4688352346420288
0.0,0,0.00017811855650506914
0.0,0,0.0007985062547959387
0.0,0,0.01994878053665161
0.0,0,0.11134545505046844
1.0,1,0.9385936856269836
1.0,1,0.8228427767753601
0.0,0,0.0012678969651460648
0.0,0,0.0030429416801780462
1.0,1,0.9954711198806763
1.0,1,0.575133204460144
1.0,1,0.9789601564407349
1.0,0,0.02211206778883934
0.0,0,0.0004979315563105047
0.0,0,0.0016459024045616388
0.0,0,0.005924027878791094
0.0,0,0.0017127066385000944
1.0,1,0.9931697845458984
1.0,1,0.9934015870094299
1.0,1,0.9984221458435059
0.0,0,0.001159616862423718
0.0,0,0.23345975577831268
1.0,1,0.8364964723587036
1.0,1,0.7697049379348755
0.0,0,0.10259176790714264
0.0,0,0.0023140283301472664
1.0,1,0.998812198638916
1.0,1,0.8728169798851013
0.0,1,0.43576866388320923
0.0,1,0.9524884819984436
1.0,1,0.9998409748077393
1.0,1,0.4708758592605591
0.0,0,0.0001266383333131671
0.0,0,0.05632983148097992
1.0,1,0.9999421834945679
0.0,0,0.006320030428469181
0.0,0,0.00013310131907928735
1.0,1,0.9995988011360168
0.0,1,0.4035279154777527
1.0,0,0.004260072950273752
0.0,0,0.0013895537704229355
0.0,0,0.003352315630763769
1.0,1,0.9911309480667114
1.0,1,0.9794624447822571
1.0,0,0.12556669116020203
0.0,0,2.4729650249355473e-05
0.0,0,0.001725864945910871
1.0,1,0.5162340998649597
0.0,1,0.9060064554214478
0.0,0,0.00019985561084467918
0.0,0,0.04447080194950104
0.0,0,0.0006778260576538742
0.0,0,0.0006731606554239988
0.0,0,0.0007542867097072303
0.0,0,0.0019572812598198652
0.0,0,0.08267058432102203
0.0,1,0.9791663289070129
1.0,1,0.9994390606880188
1.0,1,0.9989185333251953
0.0,0,0.0020050471648573875
0.0,0,0.08234778046607971
0.0,0,0.0071638161316514015
0.0,1,0.6958981156349182
1.0,1,0.9988428354263306
1.0,0,0.007661403622478247
1.0,1,0.7300580739974976
0.0,1,0.9972896575927734
0.0,0,0.09511727094650269
0.0,0,0.0004346611676737666
0.0,0,0.2687232792377472
1.0,1,0.9994112253189087
0.0,0,0.023210948333144188
1.0,1,0.9893186688423157
1.0,1,0.9999973773956299
1.0,1,0.9026052355766296
1.0,1,0.9996323585510254
0.0,0,8.009136217879131e-05
0.0,0,0.00018036975234281272
1.0,1,0.9986597299575806
0.0,0,0.0320330411195755
0.0,0,0.0019541941583156586
1.0,1,0.9955800175666809
1.0,1,0.9999872446060181
0.0,0,0.0004874220467172563
0.0,0,0.00030993722612038255
0.0,0,0.0006207118276506662
1.0,1,0.7095076441764832
0.0,0,0.020881541073322296
0.0,0,0.016510119661688805
1.0,1,0.9801915884017944
1.0,1,0.9996893405914307
0.0,0,0.0010387231595814228
0.0,1,0.3752570152282715
0.0,1,0.7757457494735718
0.0,0,0.003009859472513199
0.0,0,0.0005218466394580901
0.0,0,3.7598922062898055e-05
0.0,0,0.0011819245992228389
1.0,1,0.854240894317627
0.0,0,0.003471043426543474
1.0,1,0.99962317943573
1.0,1,0.9999945163726807
0.0,0,0.001963570713996887
1.0,1,0.8705572485923767
1.0,1,0.9997361302375793
0.0,0,0.002681759651750326
1.0,1,0.9988273978233337
0.0,0,0.00020284012134652585
0.0,0,0.00013810348173137754
0.0,0,0.00025165852275677025
1.0,1,0.3425874710083008
0.0,0,0.002387679647654295
0.0,1,0.38595816493034363
1.0,1,0.8660151362419128
0.0,0,2.6345729565946385e-05
0.0,0,0.017001008614897728
0.0,0,0.03318145126104355
0.0,0,0.07576102763414383
1.0,1,0.9557563066482544
1.0,1,0.9390587210655212
1.0,1,0.9997517466545105
1.0,1,0.9996664524078369
0.0,1,0.8248661756515503
0.0,0,0.01314570289105177
1.0,1,0.9997305274009705
0.0,1,0.8513488173484802
0.0,0,0.031727809458971024
0.0,0,0.012929055839776993
0.0,0,0.010364346206188202
0.0,0,3.125545845250599e-05
0.0,0,0.10082226246595383
0.0,1,0.9922804832458496
0.0,0,0.0007713185623288155
0.0,0,0.006104369182139635
1.0,1,0.9993345141410828
0.0,1,0.6015575528144836
0.0,0,4.369426824268885e-05
1.0,1,0.9999988079071045
0.0,0,0.12200548499822617
1.0,1,0.8288357853889465
0.0,0,0.0022485358640551567
1.0,1,0.9930199980735779
0.0,0,0.03977252542972565
0.0,0,0.0407465398311615
0.0,0,0.0003304184938315302
0.0,0,2.821814086928498e-05
0.0,0,0.000566903268918395
0.0,0,3.7495585274882615e-05
1.0,1,0.9991217255592346
0.0,0,0.00026011670706793666
0.0,1,0.5853478908538818
1.0,1,0.9999978542327881
1.0,1,0.9922642707824707
1.0,1,0.7604289650917053
0.0,0,0.306201308965683
0.0,0,0.002195961307734251
0.0,0,0.2588247060775757
1.0,1,0.9988827109336853
0.0,1,0.8915032744407654
1.0,1,0.9718225598335266
1.0,0,0.2914280891418457
1.0,1,0.9984297156333923
0.0,0,0.0003593886794988066
0.0,0,0.00045301837963052094
0.0,0,0.0011935016373172402
0.0,0,0.00035280283191241324
1.0,1,0.9991858601570129
0.0,0,0.028325766324996948
0.0,0,0.0008241125615313649
0.0,1,0.7449525594711304
0.0,0,0.00265174126252532
0.0,1,0.9997269511222839
1.0,1,0.9975244402885437
0.0,0,0.026908060535788536
1.0,1,0.9992355108261108
0.0,0,0.0010448710527271032
0.0,1,0.7758047580718994
1.0,1,0.9324201941490173
0.0,0,0.21540482342243195
1.0,1,0.6333454251289368
0.0,0,3.0399427487282082e-05
1.0,1,0.792004406452179
0.0,0,0.000201377464691177
0.0,1,0.41730594635009766
1.0,1,0.997951328754425
1.0,1,0.992023229598999
0.0,0,0.026275908574461937
0.0,0,0.0007580018718726933
0.0,0,0.00030813703779131174
0.0,0,0.0015729204751551151
1.0,1,0.9998817443847656
0.0,0,0.00029364624060690403
1.0,1,0.9943398833274841
0.0,0,0.0008083824650384486
1.0,1,0.9507256746292114
1.0,1,0.9999803304672241
1.0,1,0.9999964237213135
1.0,1,0.9997606873512268
1.0,1,0.9996737241744995
1.0,1,0.9999785423278809
0.0,0,9.852276707533747e-05
1.0,1,0.9996466636657715
0.0,0,6.163614307297394e-05
1.0,1,0.999992847442627
0.0,0,0.0005031242617405951
1.0,1,0.9998067021369934
1.0,1,0.9991675615310669
0.0,0,0.00027330080047249794
0.0,0,0.13137207925319672
0.0,0,0.0321040116250515
0.0,0,0.00011638585419859737
1.0,1,0.9975597858428955
1.0,1,0.9996656179428101
0.0,0,0.0006738918018527329
1.0,1,0.9928643703460693
0.0,0,0.00043924187775701284
0.0,0,0.00033202386111952364
1.0,1,0.6993704438209534
0.0,0,0.0004895616439171135
0.0,0,0.005410521756857634
1.0,1,0.8561439514160156
0.0,0,0.07786089926958084
0.0,0,0.000111398272565566
0.0,0,0.0008988664485514164
0.0,0,0.003744511166587472
1.0,1,0.344125896692276
1.0,1,0.9823786616325378
1.0,1,0.9893684983253479
0.0,0,0.05522093176841736
0.0,0,0.007993456907570362
0.0,0,0.017967144027352333
1.0,0,0.0019488843390718102
0.0,0,0.001078217290341854
1.0,1,0.7989068031311035
0.0,0,0.015228821896016598
0.0,0,0.02482207491993904
0.0,1,0.9990119934082031
1.0,1,0.9665635824203491
0.0,0,0.0026622440200299025
1.0,1,0.9999994039535522
0.0,0,0.0005815534386783838
1.0,1,0.9438033103942871
0.0,0,0.0014523945283144712
1.0,1,0.9690489172935486
1.0,0,0.16583749651908875
0.0,0,0.0001511433656560257
1.0,1,0.9986261129379272
1.0,0,0.04737972840666771
1.0,1,0.999927282333374
1.0,1,0.5117402076721191
1.0,1,0.9999871253967285
0.0,0,0.004968372639268637
0.0,0,0.013071860186755657
0.0,0,0.0037885357160121202
0.0,0,0.001991339959204197
1.0,1,0.970478892326355
1.0,0,0.00011968161561526358
1.0,1,0.9998779296875
1.0,1,0.6841239929199219
0.0,0,0.0048441337421536446
1.0,1,0.986281156539917
0.0,0,0.001316642970778048
0.0,0,0.0011988127371296287
0.0,0,0.012146471999585629
0.0,0,0.0009130621328949928
0.0,0,5.3975454648025334e-05
0.0,0,0.044182173907756805
0.0,0,0.0007108170539140701
0.0,0,0.001534799113869667
1.0,1,0.9196524620056152
0.0,0,0.11113595962524414
0.0,0,0.0006533701671287417
0.0,0,0.0006422593723982573
1.0,1,0.9874651432037354
0.0,0,0.011344308964908123
0.0,0,0.272571861743927
0.0,0,0.00023892160970717669
1.0,1,0.9972502589225769
1.0,1,0.9968639612197876
0.0,0,4.6130517148412764e-05
0.0,0,0.0009849834023043513
0.0,0,0.22504255175590515
1.0,1,0.9988008737564087
0.0,0,0.2987514138221741
0.0,0,0.00042293561273254454
1.0,1,0.9929401874542236
0.0,0,0.0008944595465436578
0.0,0,0.015984782949090004
0.0,0,0.06129017099738121
0.0,0,0.018708523362874985
1.0,1,0.9994515776634216
0.0,0,0.00019028427777811885
0.0,0,0.0003087322402279824
1.0,1,0.9809393882751465
0.0,0,0.00010987467248924077
1.0,1,0.9675444960594177
1.0,0,0.1137869656085968
0.0,1,0.5916754007339478
0.0,0,0.005533322226256132
0.0,0,6.192506407387555e-05
0.0,0,7.189871394075453e-05
0.0,0,0.030492285266518593
0.0,0,0.061902355402708054
1.0,1,0.5747566819190979
0.0,0,0.0003303706180304289
1.0,1,0.99997878074646
0.0,0,0.00034581698128022254
0.0,0,0.16097965836524963
0.0,0,0.10195089131593704
1.0,1,0.9989136457443237
1.0,1,0.9999932050704956
0.0,0,0.002361536957323551
0.0,0,0.003245113417506218
0.0,0,0.002771748462691903
0.0,0,0.002509506419301033
0.0,0,0.00034884296474047005
0.0,0,0.04619477689266205
1.0,1,0.9971213936805725
0.0,0,0.014906342141330242
0.0,0,8.580367648391984e-06
0.0,0,0.010734367184340954
0.0,0,0.2557913064956665
1.0,1,0.9593552350997925
1.0,1,0.9999346733093262
0.0,0,0.033679135143756866
0.0,0,0.07306855171918869
0.0,0,0.012230785563588142
1.0,1,0.9997504353523254
1.0,1,0.9999698400497437
1.0,1,0.9973483085632324
0.0,0,0.0009763793204911053
1.0,1,0.9944562315940857
1.0,1,0.35555124282836914
0.0,0,0.0014300879556685686
0.0,0,0.008492350578308105
0.0,0,0.00318707968108356
1.0,1,0.8339589834213257
1.0,1,0.999930739402771
0.0,0,6.155356095405295e-05
0.0,0,0.04261382669210434
0.0,0,0.006301029119640589
0.0,0,0.017820557579398155
1.0,1,0.9990741014480591
1.0,1,0.8710363507270813
0.0,0,0.017735742032527924
1.0,0,0.002829052973538637
0.0,0,2.00999802473234e-05
1.0,1,0.9999954700469971
0.0,0,0.0006509142694994807
1.0,1,0.9914891719818115
1.0,0,0.0010111482115462422
0.0,0,2.0405717805260792e-05
0.0,0,0.00034198470530100167
0.0,1,0.3736640214920044
0.0,0,0.19071845710277557
1.0,1,0.9979216456413269
0.0,0,0.03991444781422615
0.0,0,0.0038147566374391317
1.0,1,0.9988585710525513
1.0,1,0.9998231530189514
0.0,0,0.0005181945161893964
0.0,0,9.608078835299239e-05
1.0,0,0.2639792561531067
1.0,1,0.9936350584030151
0.0,0,0.062368519604206085
0.0,1,0.31961074471473694
1.0,1,0.9617406725883484
1.0,0,0.0018905956530943513
1.0,0,0.13804419338703156
1.0,1,0.9980491399765015
0.0,0,3.718734660651535e-05
0.0,0,0.0003328224702272564
1.0,1,0.47228506207466125
0.0,0,0.0002826364943757653
0.0,0,5.170809890842065e-05
1.0,1,0.7435816526412964
0.0,0,0.004667395260185003
0.0,0,0.19933642446994781
1.0,1,0.9989008903503418
1.0,0,0.01066601276397705
1.0,1,0.9895033836364746
0.0,1,0.91351318359375
1.0,1,0.935183048248291
0.0,0,0.00033114125835709274
0.0,0,0.2510541081428528
0.0,0,0.009316646493971348
1.0,1,0.9995808005332947
0.0,0,0.06798315048217773
1.0,1,0.9997666478157043
0.0,0,0.018390487879514694
1.0,1,0.5836389660835266
0.0,0,0.09112650156021118
1.0,1,0.9555471539497375
1.0,1,0.9932693839073181
1.0,1,0.9999067783355713
1.0,1,0.31908056139945984
0.0,0,0.0008872818434610963
0.0,0,0.010989104397594929
1.0,1,0.9999432563781738
0.0,0,0.005536067299544811
0.0,0,0.05378833785653114
0.0,0,0.0006742390687577426
0.0,0,0.0005882077966816723
1.0,0,0.17269955575466156
1.0,1,0.9991369843482971
1.0,1,0.919309675693512
0.0,1,0.5034235715866089
0.0,1,0.4705469608306885
0.0,1,0.43777573108673096
0.0,0,0.06119801104068756
0.0,0,0.0010185932042077184
0.0,1,0.9916051626205444
0.0,0,7.31340260244906e-05
0.0,0,0.00016946939285844564
0.0,0,0.0030930321663618088
0.0,0,0.0069403634406626225
0.0,0,0.0009180058841593564
1.0,1,0.9993720650672913
0.0,0,0.04771439731121063
1.0,1,0.9999533891677856
1.0,1,0.9765032529830933
0.0,0,0.011140636168420315
1.0,1,0.9990633130073547
0.0,0,0.08107958734035492
0.0,0,0.0007114787586033344
1.0,1,0.9997982382774353
0.0,0,0.00010490588465472683
1.0,1,0.9999725818634033
1.0,1,0.651313304901123
1.0,1,0.9961981177330017
1.0,1,0.9780030846595764
0.0,0,0.0002559234562795609
0.0,0,0.00019581224478315562
1.0,1,0.9999350309371948
0.0,0,6.626463436987251e-05
1.0,1,0.6373726725578308
0.0,0,0.15615259110927582
0.0,0,0.05214092507958412
1.0,1,0.8773630857467651
0.0,0,6.774828216293827e-05
0.0,0,0.04894974082708359
0.0,0,0.0011562135769054294
0.0,0,0.3160898983478546
0.0,0,0.23924021422863007
0.0,0,0.0013248457107692957
1.0,1,0.7760178446769714
0.0,0,9.083096665563062e-05
0.0,0,0.0011446657590568066
1.0,1,0.9999059438705444
0.0,0,0.0006080727325752378
1.0,1,0.8241009712219238
1.0,1,0.9999940395355225
1.0,1,0.9932488203048706
0.0,0,0.1000366285443306
0.0,0,0.027758052572607994
0.0,0,4.0227627323474735e-05
0.0,0,0.0031791934743523598
0.0,0,0.1281135529279709
1.0,1,0.9954100251197815
0.0,0,2.2802887542638928e-05
1.0,1,0.9798897504806519
0.0,0,0.00545175326988101
1.0,1,0.847224771976471
1.0,1,0.9992913007736206
0.0,1,0.9666642546653748
0.0,0,0.010290976613759995
0.0,0,0.004413016140460968
0.0,1,0.8003169894218445
0.0,0,0.0016165191773325205
0.0,0,0.0035403950605541468
0.0,0,0.001749273855239153
0.0,0,0.09317246079444885
1.0,1,0.98240065574646
1.0,1,0.9996065497398376
1.0,1,0.7103455066680908
0.0,0,0.001674419967457652
0.0,0,0.001950867474079132
1.0,1,0.9987284541130066
0.0,0,0.002788574667647481
1.0,0,0.05027300491929054
1.0,1,0.9994163513183594
0.0,0,0.013673256151378155
0.0,0,0.005150910001248121
1.0,1,0.986992359161377
0.0,0,0.009424605406820774
1.0,1,0.9935314059257507
1.0,1,0.9750860929489136
1.0,1,0.5613960027694702
1.0,1,0.9743899703025818
0.0,0,0.00019957036420237273
1.0,1,0.9193671941757202
0.0,0,6.885644688736647e-05
0.0,0,0.00018229271518066525
0.0,1,0.7426863312721252
0.0,0,0.11962980031967163
0.0,1,0.5939199328422546
0.0,0,0.06341316550970078
1.0,0,0.05465279892086983
0.0,0,0.016752436757087708
1.0,1,0.9997598528862
1.0,1,0.9991135001182556
1.0,0,0.08158954232931137
0.0,0,0.05005251616239548
1.0,1,0.9995287656784058
1.0,1,0.9966193437576294
0.0,0,0.00011967912723775953
0.0,0,0.03192630037665367
0.0,0,0.15537536144256592
1.0,1,0.9813515543937683
0.0,0,0.02917887084186077
0.0,0,0.2092079520225525
0.0,0,8.404058462474495e-05
0.0,1,0.9802574515342712
1.0,1,0.9966422319412231
1.0,1,0.9808397889137268
0.0,1,0.49235600233078003
0.0,1,0.3386523127555847
1.0,1,0.991439700126648
0.0,0,4.1777104343054816e-05
0.0,1,0.6593136191368103
0.0,0,0.0004636587109416723
0.0,0,3.5398184081714135e-06
0.0,0,0.09396377205848694
1.0,1,0.9967993497848511
0.0,0,0.0016454400029033422
0.0,0,0.0021847954485565424
0.0,0,0.0013477241154760122
0.0,0,0.0008302832138724625
1.0,1,0.996414303779602
0.0,0,0.012189292348921299
1.0,1,0.9994376301765442
0.0,0,0.00035199554986320436
1.0,1,0.8566176295280457
0.0,0,0.00015147289377637208
0.0,0,0.11537401378154755
0.0,0,2.9083521440043114e-06
0.0,0,0.018924975767731667
0.0,1,0.6515049338340759
0.0,0,0.15855054557323456
0.0,0,0.00034323454019613564
0.0,0,0.08614826947450638
0.0,0,0.0005860609235242009
0.0,0,0.0022330540232360363
1.0,1,0.8880121111869812
1.0,1,0.8008120059967041
0.0,1,0.9998999834060669
0.0,0,0.031096957623958588
0.0,0,0.0011455373605713248
0.0,0,4.130804882152006e-05
1.0,1,0.9980602860450745
0.0,0,0.0006370949558913708
1.0,1,0.997931957244873
0.0,0,0.00019784134929068387
1.0,1,0.9995988011360168
1.0,1,0.9770901203155518
0.0,0,6.52470625936985e-05
0.0,0,0.0001512321614427492
0.0,0,0.0003881610173266381
1.0,1,0.9998794794082642
1.0,1,0.9495536684989929
0.0,0,0.004100745543837547
1.0,1,0.9989571571350098
1.0,1,0.5102944374084473
0.0,0,0.0011953612556681037
0.0,0,0.0064422800205647945
1.0,1,0.6239453554153442
0.0,1,0.9979060888290405
0.0,0,0.0021925524342805147
0.0,0,0.0008890661993063986
0.0,0,0.08862101286649704
1.0,1,0.9999784231185913
0.0,0,0.00024314125766977668
0.0,0,0.004780970048159361
1.0,1,0.9998403787612915
0.0,0,0.2368718683719635
0.0,0,0.020868338644504547
1.0,1,0.9909024834632874
0.0,0,0.002781693357974291
0.0,0,0.01347667258232832
1.0,1,0.9999924898147583
0.0,1,0.42246946692466736
1.0,1,0.8144192099571228
1.0,1,0.9971778392791748
0.0,0,0.009047194384038448
1.0,1,0.9999039173126221
0.0,0,0.0023008512798696756
0.0,0,0.0004224510339554399
1.0,1,0.5075100064277649
0.0,1,0.9996370077133179
1.0,1,0.9982700347900391
0.0,0,0.021954141557216644
1.0,1,0.998836100101471
0.0,0,7.026143430266529e-05
1.0,1,0.9997413754463196
0.0,0,0.00034024001797661185
0.0,1,0.9877127408981323
1.0,1,0.9998989105224609
0.0,0,0.0011393158929422498
0.0,0,0.21229645609855652
1.0,1,0.9887633323669434
1.0,1,0.9989732503890991
0.0,1,0.739112377166748
0.0,0,0.004104762338101864
0.0,1,0.4415951073169708
0.0,0,0.006351247895509005
0.0,1,0.8542709946632385
1.0,1,0.9986013770103455
0.0,0,0.00013120459334459156
0.0,0,0.06434161961078644
0.0,0,0.00010539901268202811
1.0,1,0.9995008707046509
0.0,0,0.015432932414114475
1.0,1,0.8689205646514893
0.0,0,0.011981689371168613
0.0,0,0.0027719829231500626
1.0,1,0.9934220910072327
1.0,1,0.8516584038734436
0.0,0,0.06071804463863373
0.0,0,0.0007589975721202791
0.0,0,0.07518326491117477
0.0,0,0.0020932515617460012
1.0,1,0.9999982118606567
1.0,1,0.9996192455291748
0.0,0,0.0003565949446056038
1.0,1,0.9999085664749146
1.0,1,0.9933159947395325
0.0,0,0.00019225719734095037
1.0,0,0.0021261819638311863
1.0,1,0.872197151184082
0.0,0,7.273826486198232e-05
0.0,0,0.0008022281690500677
1.0,1,0.9998459815979004
1.0,1,0.9069476127624512
0.0,0,0.001893133856356144
0.0,1,0.9958747029304504
0.0,0,0.18143850564956665
0.0,0,0.005991085432469845
0.0,0,0.00014585159078706056
0.0,0,0.00015413714572787285
0.0,0,0.002834385959431529
1.0,0,0.04743598774075508
0.0,0,0.003941859118640423
0.0,0,0.004119265358895063
1.0,1,0.9975347518920898
0.0,0,0.0007848207606002688
0.0,0,0.05046927556395531
0.0,0,0.002858750056475401
0.0,0,0.022107521072030067
1.0,1,0.9998534917831421
0.0,0,0.0006807959289290011
0.0,0,5.003308615414426e-06
0.0,0,3.2773648399597732e-06
0.0,1,0.8250121474266052
0.0,0,2.758147456916049e-05
1.0,0,2.5617518986109644e-05
1.0,1,0.9991002082824707
0.0,0,0.022596444934606552
0.0,0,0.00040506417280994356
0.0,0,0.0009686646517366171
0.0,0,0.00021430848573800176
0.0,0,0.002121509052813053
1.0,1,0.9995150566101074
1.0,1,0.9971237778663635
0.0,0,0.026424728333950043
1.0,1,0.9989891648292542
0.0,0,0.21701158583164215
0.0,0,0.25972113013267517
0.0,0,0.013008440844714642
0.0,0,0.008563114330172539
1.0,1,0.9970609545707703
1.0,1,0.8015176057815552
1.0,1,0.9999079704284668
1.0,1,0.9999862909317017
0.0,0,5.364181924960576e-05
0.0,0,0.0005395809421315789
0.0,0,0.2407929003238678
0.0,0,0.03330134600400925
1.0,1,0.9173091650009155
1.0,1,0.6298173666000366
1.0,1,0.9126565456390381
0.0,0,0.0005340179777704179
0.0,0,0.010539274662733078
0.0,0,0.024712609127163887
0.0,1,0.37644073367118835
1.0,1,0.999998927116394
1.0,1,0.9945593476295471
1.0,1,0.9999891519546509
1.0,1,0.9807743430137634
0.0,0,0.013147539459168911
1.0,1,0.9991539716720581
0.0,0,0.0034249445889145136
1.0,1,0.9996519088745117
1.0,1,0.9875828623771667
0.0,1,0.9897543787956238
0.0,1,0.6870207190513611
0.0,0,0.0022505170200020075
0.0,0,0.023510603234171867
0.0,0,0.005579679273068905
1.0,1,0.9924681782722473
0.0,0,0.003182808868587017
0.0,0,0.00038112475886009634
0.0,0,0.28284764289855957
1.0,1,0.7638239860534668
1.0,1,0.8747592568397522
0.0,0,5.5010685173328966e-05
1.0,1,0.9956615567207336
0.0,0,0.0017491233302280307
1.0,1,0.9897480010986328
0.0,0,0.00047799095045775175
1.0,1,0.8729585409164429
1.0,1,0.9286074638366699
0.0,0,0.000669385539367795
0.0,0,0.008901315741240978
1.0,1,0.9996873140335083
0.0,0,8.86641355464235e-05
1.0,1,0.9995244741439819
0.0,0,0.00092405139002949
1.0,1,0.9988147020339966
1.0,1,0.9999992847442627
0.0,0,0.06567610055208206
1.0,1,0.9993370175361633
1.0,1,0.9542726278305054
1.0,1,0.9979857206344604
1.0,1,0.9983377456665039
1.0,1,0.9666293859481812
0.0,0,0.05992739647626877
0.0,0,0.00016309945203829557
0.0,1,0.9744271039962769
0.0,0,0.002805262804031372
1.0,1,0.9990994930267334
1.0,1,0.9881942272186279
1.0,0,0.14965030550956726
1.0,1,0.6286836862564087
0.0,0,0.0007522083469666541
0.0,0,0.013449388556182384
1.0,1,0.9999897480010986
0.0,0,0.001357007073238492
0.0,0,0.09785456210374832
0.0,0,0.048118703067302704
0.0,0,4.145279308431782e-05
0.0,0,0.0007127960561774671
1.0,1,0.9441133737564087
1.0,1,0.9753203988075256
0.0,0,8.663429980515502e-06
0.0,0,0.08038101345300674
1.0,0,0.07611916214227676
0.0,0,3.839044438791461e-05
0.0,0,0.001257902360521257
0.0,0,0.0012761499965563416
1.0,1,0.9993157386779785
1.0,0,0.007167259231209755
0.0,0,0.05938394367694855
1.0,1,0.9792823195457458
1.0,1,0.999847412109375
1.0,1,0.6136706471443176
1.0,1,0.9999817609786987
0.0,0,0.0032546501606702805
0.0,0,0.0009111579856835306
0.0,0,0.0004790638340637088
0.0,0,0.004157094284892082
1.0,0,0.004203776363283396
0.0,0,4.6836812543915585e-06
1.0,1,0.99956876039505
1.0,1,0.9995236396789551
0.0,0,0.006232768297195435
0.0,0,0.001695373677648604
1.0,0,0.00633191829547286
1.0,0,0.30864137411117554
0.0,0,0.284400999546051
1.0,1,0.9332377314567566
1.0,1,0.997532844543457
0.0,1,0.996002733707428
0.0,1,0.44074684381484985
0.0,0,0.01697116158902645
0.0,0,0.13857053220272064
0.0,0,0.06756448745727539
0.0,0,0.00020024130935780704
0.0,1,0.9962731599807739
0.0,0,0.0009049587533809245
1.0,1,0.9976226687431335
0.0,0,5.134027742315084e-05
0.0,0,8.847883145790547e-05
1.0,1,0.9343782663345337
0.0,0,2.1925328837824054e-05
0.0,0,0.000570782576687634
1.0,1,0.9987396597862244
0.0,0,0.0005307209212332964
0.0,0,0.012067306786775589
1.0,1,0.9999350309371948
1.0,1,0.997820258140564
0.0,0,0.0012885493924841285
1.0,1,0.9999997615814209
1.0,1,0.9972090125083923
0.0,0,0.0988195464015007
1.0,1,0.9999942779541016
1.0,1,0.6853814721107483
0.0,0,8.964043081505224e-05
0.0,0,5.936003049100691e-07
0.0,0,0.0002958256518468261
0.0,0,0.052600983530282974
0.0,0,0.05033833533525467
0.0,0,0.007635530084371567
0.0,0,0.04658343642950058
0.0,0,0.00011487091251183301
1.0,1,0.995857298374176
0.0,0,0.007357009686529636
0.0,0,0.00848217774182558
1.0,1,0.9998385906219482
1.0,1,0.99989914894104
1.0,1,0.9998236298561096
0.0,0,0.002737104892730713
0.0,0,0.0003629025013651699
1.0,1,0.9999293088912964
0.0,0,0.043449413031339645
0.0,0,0.11439050734043121
0.0,0,0.0015545558417215943
0.0,0,0.0003419375861994922
0.0,0,0.0008229577797465026
0.0,0,0.00084782944759354
1.0,1,0.9997287392616272
0.0,0,0.07918038219213486
1.0,1,0.9909645318984985
0.0,0,0.0033411358017474413
1.0,1,0.999710738658905
0.0,0,4.323097164160572e-05
0.0,1,0.48292943835258484
0.0,0,0.014309907332062721
0.0,0,0.0005511232884600759
0.0,0,0.008035760372877121
0.0,1,0.9977586269378662
0.0,0,0.11149192601442337
0.0,1,0.9979423880577087
1.0,1,0.9992715716362
1.0,0,0.2810198664665222
0.0,0,0.0024430695921182632
0.0,0,0.023515207692980766
1.0,1,0.7450147867202759
0.0,0,0.027101188898086548
0.0,0,0.004764282610267401
1.0,1,0.9957525730133057
0.0,0,0.00356626370921731
0.0,0,0.000194885054952465
0.0,0,0.004216550849378109
0.0,0,0.025552410632371902
1.0,1,0.9806649684906006
1.0,1,0.9987378716468811
0.0,1,0.7539902925491333
1.0,1,0.9995929598808289
0.0,0,0.008648284710943699
0.0,0,0.02069278247654438
1.0,1,0.9973022937774658
0.0,0,0.002170584863051772
0.0,0,0.007919345051050186
1.0,0,0.058107100427150726
0.0,0,6.643483357038349e-05
0.0,0,0.0004194037173874676
0.0,0,0.0008354564197361469
0.0,0,0.0018310272134840488
0.0,0,1.5854850062169135e-05
0.0,0,0.0029595864471048117
0.0,0,0.18585249781608582
1.0,1,0.9998916387557983
1.0,0,0.0031498188618570566
0.0,0,0.14167681336402893
1.0,1,0.9999942779541016
0.0,0,0.00041315541602671146
0.0,0,0.031044693663716316
1.0,1,0.9992098808288574
0.0,0,0.002775866072624922
0.0,0,0.004014506470412016
0.0,0,0.000983982696197927
0.0,0,0.00013121985830366611
0.0,0,8.052097837207839e-05
0.0,0,7.760495464026462e-06
1.0,1,0.842910885810852
1.0,1,0.9999949932098389
1.0,1,0.999995231628418
1.0,1,0.999099850654602
1.0,1,0.9089109301567078
1.0,1,0.9999575614929199
0.0,0,0.0015392459463328123
0.0,0,0.002240362809970975
1.0,0,0.20403435826301575
0.0,0,0.0005629947991110384
0.0,0,0.00025553529849275947
1.0,1,0.999983549118042
1.0,1,0.999864935874939
0.0,0,0.00012999041064176708
0.0,1,0.4701484143733978
1.0,1,0.9994353652000427
0.0,0,0.002838394371792674
0.0,0,0.0018863911973312497
1.0,1,0.9970048069953918
1.0,0,0.06266206502914429
0.0,0,2.8527405447675847e-05
1.0,1,0.9999905824661255
1.0,0,0.30902528762817383
1.0,1,0.8919646143913269
1.0,1,0.9958106279373169
1.0,0,0.1499953269958496
0.0,0,0.0038158404640853405
1.0,1,0.6141788959503174
0.0,1,0.9227468967437744
0.0,0,0.007201710715889931
0.0,0,0.03020281158387661
0.0,0,0.0002181896270485595
1.0,1,0.5742195248603821
0.0,0,0.01993902400135994
0.0,0,0.000137841678224504
0.0,1,0.5914201140403748
0.0,0,0.00018098580767400563
1.0,1,0.9998822212219238
1.0,1,0.9996553659439087
1.0,1,0.6003736853599548
1.0,1,0.9999144077301025
1.0,1,0.9999667406082153
1.0,1,0.96343594789505
1.0,1,0.9987510442733765
1.0,1,0.9999570846557617
1.0,1,0.9970408082008362
1.0,1,0.9999417066574097
1.0,1,0.9996604919433594
0.0,0,0.0004019137704744935
0.0,0,0.019615519791841507
1.0,1,0.989482045173645
0.0,0,0.016575081273913383
1.0,1,0.9998718500137329
0.0,0,0.0003844976599793881
1.0,1,0.9999967813491821
1.0,1,0.999593198299408
0.0,0,0.0022442054469138384
0.0,0,0.04925260692834854
1.0,0,0.02854321151971817
0.0,0,0.04145528003573418
0.0,0,0.027729151770472527
1.0,1,0.9999493360519409
0.0,1,0.717540979385376
1.0,1,0.8248782753944397
0.0,0,0.04891994968056679
0.0,0,0.0004590245080180466
0.0,0,0.0010653568897396326
1.0,1,0.999738872051239
1.0,0,0.04574663192033768
0.0,0,0.005564648192375898
0.0,0,0.004612397402524948
0.0,0,0.010377236641943455
1.0,1,0.9953368306159973
0.0,1,0.3604009747505188
1.0,1,0.9261999726295471
1.0,1,0.9912531971931458
0.0,0,0.1742907166481018
1.0,1,0.9903908967971802
0.0,0,0.08380034565925598
0.0,0,0.000610118790064007
0.0,0,0.02974359691143036
1.0,1,0.9998557567596436
0.0,0,7.667261525057256e-05
1.0,1,0.9999549388885498
0.0,0,0.00019246958254370838
0.0,0,0.003172138473019004
0.0,0,0.00019011706172022969
0.0,0,0.02271432615816593
0.0,0,0.022126903757452965
0.0,0,0.010837963782250881
0.0,0,0.000955828872974962
0.0,1,0.9888454079627991
0.0,0,0.0015286687994375825
1.0,0,0.2582510709762573
1.0,1,0.9196068048477173
1.0,1,0.8246176838874817
1.0,1,0.8508947491645813
1.0,1,0.9999911785125732
1.0,1,0.5343860387802124
1.0,1,0.9952345490455627
1.0,0,0.030145298689603806
0.0,1,0.509748637676239
0.0,0,0.01097167283296585
1.0,1,0.9999929666519165
1.0,1,0.9993330836296082
0.0,0,0.0012493471149355173
0.0,0,0.00016974075697362423
1.0,1,0.9999508857727051
0.0,0,0.00010284760355716571
0.0,0,5.242315819486976e-05
1.0,1,0.9796673059463501
1.0,1,0.9999169111251831
1.0,1,0.9997746348381042
0.0,0,7.645387813681737e-05
0.0,0,0.0003382949798833579
1.0,1,0.9498224854469299
0.0,0,0.0029305582866072655
1.0,1,0.949535071849823
1.0,1,0.9993988275527954
1.0,1,0.9604431986808777
0.0,0,0.0028120980132371187
1.0,1,0.9870290756225586
0.0,0,0.009327308274805546
1.0,1,0.9666948914527893
1.0,0,0.001731719239614904
1.0,1,0.9916667342185974
1.0,1,0.997247040271759
1.0,1,0.9785922169685364
1.0,1,0.997435986995697
0.0,1,0.7405533194541931
1.0,1,0.9535626769065857
1.0,1,0.9951419830322266
1.0,1,0.9999978542327881
1.0,1,0.6503897309303284
0.0,1,0.4935755133628845
0.0,0,0.024186331778764725
1.0,1,0.8985415697097778
0.0,0,0.0017283970955759287
1.0,0,0.07026796787977219
0.0,0,0.0016005925135686994
0.0,0,0.00025516620371490717
0.0,0,0.0006518286536447704
0.0,0,0.00025213262415491045
0.0,1,0.365858793258667
1.0,1,0.9934856295585632
0.0,0,0.0017265157075598836
0.0,0,0.007061932701617479
1.0,1,0.9999240636825562
0.0,1,0.420646995306015
1.0,1,0.6397467851638794
0.0,0,0.13532651960849762
1.0,1,0.9968693852424622
0.0,0,0.0006347037851810455
1.0,1,0.9998540878295898
0.0,0,0.0353439636528492
0.0,0,0.0013396752765402198
0.0,0,0.03307144343852997
0.0,0,0.0003426017938181758
0.0,1,0.848649263381958
0.0,0,0.00023510534083470702
0.0,0,0.0029006686527282
1.0,1,0.9999302625656128
0.0,0,0.025712840259075165
0.0,0,0.0148577019572258
0.0,0,0.007439180742949247
1.0,1,0.9890233278274536
1.0,1,0.8935838937759399
1.0,1,0.9170878529548645
0.0,0,7.520752842538059e-05
0.0,0,0.004411294125020504
0.0,0,0.0013696097303181887
0.0,0,0.12015867978334427
0.0,0,0.0012043603928759694
0.0,0,0.004836773965507746
1.0,1,0.9969298243522644
0.0,0,7.308605563594028e-05
0.0,0,0.00014814722817391157
0.0,0,0.007975229993462563
0.0,0,0.034443795680999756
1.0,1,0.9313448071479797
1.0,1,0.9769086241722107
0.0,0,2.3796178538759705e-06
1.0,1,0.9935950636863708
0.0,0,0.0020393391605466604
1.0,1,0.9485031366348267
0.0,0,5.782509106211364e-05
0.0,0,0.002956310985609889
1.0,1,0.9813355207443237
1.0,1,0.703344464302063
1.0,1,0.9661356210708618
0.0,1,0.9848761558532715
1.0,1,0.9314216375350952
1.0,1,0.9998506307601929
1.0,1,0.9966827034950256
0.0,0,2.2003416233928874e-05
0.0,1,0.9999867677688599
0.0,0,0.001367364078760147
1.0,1,0.5952005982398987
1.0,1,0.9898653626441956
0.0,1,0.46042078733444214
0.0,1,0.6889557838439941
0.0,0,0.007772768847644329
1.0,1,0.9984472393989563
0.0,0,0.00020082257105968893
0.0,0,0.000803200644440949
0.0,0,0.000620465783867985
0.0,0,0.0003878698917105794
1.0,1,0.8000553846359253
1.0,1,0.9989803433418274
1.0,1,0.9774596095085144
1.0,1,0.9998745918273926
0.0,0,0.1111363023519516
0.0,0,0.021955544129014015
0.0,0,0.00020712611149065197
0.0,0,0.014060506597161293
1.0,1,0.9997346997261047
1.0,1,0.554816722869873
1.0,1,0.9891314506530762
1.0,1,0.9687880873680115
1.0,1,0.9900311231613159
0.0,0,0.016112977638840675
1.0,1,0.9168278574943542
0.0,0,4.124530460103415e-05
0.0,0,0.0004694392264354974
0.0,0,0.003983327187597752
0.0,0,0.00454131281003356
1.0,1,0.9998323917388916
0.0,0,0.0013815094716846943
0.0,1,0.34614500403404236
0.0,0,0.00015003969019744545
1.0,1,0.34607216715812683
1.0,1,0.9981153011322021
1.0,1,0.9180240035057068
0.0,0,0.0009669790742918849
1.0,1,0.6186589598655701
1.0,1,0.9787338972091675
1.0,1,0.9683837890625
0.0,0,0.00038772093830630183
0.0,0,0.001024868106469512
1.0,1,0.999984860420227
1.0,0,0.20056183636188507
1.0,1,0.9941003918647766
1.0,1,0.8752110004425049
0.0,1,0.4684704542160034
1.0,1,0.9464946389198303
1.0,1,0.9993127584457397
0.0,0,0.11316206306219101
1.0,1,0.9998798370361328
1.0,1,0.7232080698013306
1.0,1,0.9712211489677429
1.0,1,0.9947835803031921
1.0,1,0.9998108744621277
1.0,1,0.991370677947998
1.0,0,0.313810795545578
0.0,0,0.06698624789714813
0.0,0,0.00015009779599495232
0.0,0,0.13627095520496368
1.0,1,0.9915540814399719
0.0,0,0.033267512917518616
1.0,1,0.9998884201049805
0.0,0,0.12149803340435028
1.0,1,0.9999797344207764
1.0,1,0.9999489784240723
0.0,0,0.010822935029864311
0.0,0,0.02859370782971382
1.0,0,0.11634896695613861
1.0,1,0.991952121257782
1.0,1,0.9987674951553345
0.0,0,0.04348642751574516
0.0,0,0.038950469344854355
0.0,0,0.0052952272817492485
1.0,1,0.8868085145950317
1.0,1,0.9957776069641113
0.0,1,0.6916211843490601
1.0,1,0.9999959468841553
1.0,0,0.000864229747094214
0.0,0,1.935653926921077e-05
0.0,0,0.1689411699771881
1.0,1,0.9874821901321411
0.0,0,0.01184066105633974
1.0,1,0.9997228980064392
1.0,1,0.9994495511054993
0.0,0,0.004250817000865936
1.0,1,0.9979996085166931
1.0,0,0.015347899869084358
0.0,0,0.016164889559149742
0.0,0,0.020432455465197563
0.0,0,0.07573765516281128
1.0,0,0.019486289471387863
0.0,0,0.0026825822424143553
0.0,0,0.0019457179587334394
0.0,0,0.0015775221399962902
1.0,1,0.9530941843986511
0.0,0,0.0001752669777488336
0.0,0,0.003071404527872801
0.0,0,0.050950441509485245
1.0,1,0.9956529140472412
0.0,0,0.0379880927503109
1.0,0,0.033187493681907654
1.0,1,0.9978704452514648
1.0,1,0.9999169111251831
1.0,0,0.05749638006091118
1.0,1,0.4414120614528656
1.0,1,0.9381295442581177
1.0,1,0.8305090069770813
1.0,1,0.9989827275276184
0.0,0,0.0051038190722465515
0.0,0,0.00021396178635768592
1.0,1,0.9799292683601379
0.0,0,0.0007465925882570446
0.0,1,0.34160444140434265
0.0,0,0.0037888558581471443
1.0,1,0.903777539730072
0.0,0,0.003960518632084131
0.0,0,1.795723073882982e-05
1.0,0,0.06728868186473846
1.0,1,0.975936233997345
1.0,1,0.9999940395355225
1.0,1,0.9794076681137085
0.0,0,5.843544840899995e-06
0.0,1,0.9996352195739746
0.0,1,0.7484709620475769
1.0,1,0.999916672706604
0.0,0,0.0003554955474101007
1.0,1,0.9933428764343262
0.0,0,0.005803877022117376
0.0,0,0.15841981768608093
1.0,1,0.9942017197608948
1.0,1,0.9997527003288269
0.0,0,0.00014054094208404422
0.0,0,0.00021077468409202993
0.0,0,0.0060050212778151035
0.0,0,0.3120831549167633
1.0,1,0.9991211295127869
0.0,0,0.02290360815823078
0.0,0,0.001944575342349708
0.0,0,5.6843804486561567e-05
1.0,1,0.9999266862869263
1.0,1,0.9918021559715271
1.0,0,0.081519715487957
0.0,0,0.0001376638247165829
0.0,0,0.002603468718007207
1.0,1,0.9989076852798462
0.0,0,0.11471518129110336
0.0,0,0.00019648105080705136
0.0,0,0.016766849905252457
0.0,0,0.0039015496149659157
0.0,0,0.007750878110527992
0.0,0,0.00040918990271165967
0.0,0,0.0006898130523040891
0.0,0,0.00863215234130621
0.0,0,0.13023962080478668
1.0,1,0.9941083192825317
1.0,1,0.9998148083686829
1.0,1,0.9996830224990845
1.0,1,0.9962536096572876
0.0,0,8.424245606875047e-05
0.0,0,0.0004379643651191145
0.0,0,0.0006049160729162395
0.0,0,0.006455376744270325
0.0,0,0.22672104835510254
0.0,0,0.019970353692770004
0.0,1,0.9947998523712158
0.0,0,0.0002812590973917395
0.0,0,0.00027849417529068887
0.0,0,0.13597549498081207
0.0,0,0.0002626822388265282
0.0,0,0.038217321038246155
0.0,1,0.9458286166191101
1.0,1,0.999817430973053
1.0,1,0.9763067364692688
1.0,1,0.6655018329620361
0.0,0,0.001766964327543974
1.0,1,0.9999361038208008
0.0,0,0.00010986084816977382
0.0,0,0.0019154396140947938
0.0,0,0.0011188467033207417
1.0,1,0.9988943934440613
0.0,0,0.0008782374206930399
0.0,0,0.02025504969060421
1.0,1,0.9996383190155029
1.0,1,0.9916433691978455
1.0,1,0.706000566482544
0.0,0,0.0037634342443197966
1.0,1,0.9970813393592834
0.0,0,0.002013258170336485
1.0,1,0.9999361038208008
1.0,1,0.9444727897644043
0.0,0,0.007264476269483566
1.0,1,0.5025222301483154
0.0,0,0.00415918929502368
1.0,1,0.903171956539154
1.0,1,0.9991523027420044
0.0,0,0.029164288192987442
0.0,0,0.23102858662605286
1.0,1,0.9605650901794434
1.0,1,0.9997817873954773
0.0,0,0.01691012643277645
0.0,0,0.0013247075257822871
0.0,0,0.0030658759642392397
0.0,0,0.0018628414254635572
0.0,0,0.005142598878592253
0.0,1,0.8292319774627686
0.0,0,1.9794064428424463e-05
1.0,1,0.9929401874542236
0.0,0,0.22486746311187744
1.0,1,0.999575674533844
0.0,0,0.0001762218016665429
0.0,0,0.011383925564587116
0.0,0,0.0003843872109428048
0.0,0,0.000299196457490325
0.0,1,0.9748979806900024
0.0,1,0.34830352663993835
1.0,1,0.9966787099838257
0.0,0,0.0003904084151145071
1.0,0,0.044376030564308167
0.0,0,0.0032299368176609278
0.0,0,5.763427907368168e-06
0.0,0,0.0007095632026903331
1.0,1,0.9999517202377319
0.0,0,5.393635365180671e-05
0.0,0,0.011662845499813557
0.0,0,0.00015171543054748327
0.0,0,0.01411481387913227
0.0,0,0.004334927536547184
1.0,1,0.9999291896820068
0.0,0,0.06743603944778442
0.0,0,0.1887688785791397
0.0,0,0.00017805673996917903
1.0,1,0.9996770620346069
0.0,0,0.000304659188259393
0.0,0,0.13240791857242584
0.0,0,0.010575242340564728
1.0,1,0.9946624636650085
1.0,1,0.999657392501831
0.0,0,0.0008683602209202945
0.0,1,0.9566893577575684
0.0,0,0.0009285047999583185
0.0,1,0.8197359442710876
0.0,0,0.005389460362493992
1.0,1,0.8994666934013367
1.0,1,0.9980396628379822
0.0,0,0.0012312533799558878
1.0,1,0.9998844861984253
1.0,1,0.444990336894989
0.0,0,0.00024489781935699284
0.0,0,0.0008817858761176467
1.0,1,0.995361864566803
0.0,1,0.9906982779502869
1.0,1,0.9999924898147583
1.0,1,0.9993220567703247
1.0,1,0.9976648092269897
1.0,1,0.9994075298309326
1.0,1,0.9440786242485046
1.0,1,0.4327230453491211
1.0,1,0.9992634654045105
1.0,1,0.9997199177742004
0.0,0,0.08629249781370163
1.0,1,0.9961064457893372
0.0,1,0.9994174242019653
0.0,0,0.27331575751304626
0.0,0,0.005088186822831631
1.0,1,0.9999948740005493
0.0,0,0.0004019534098915756
0.0,0,0.006557588931173086
1.0,1,0.9206035733222961
1.0,1,0.999491810798645
1.0,1,0.9078301787376404
0.0,1,0.9988418221473694
0.0,0,0.061833955347537994
0.0,0,0.14161086082458496
1.0,0,0.23836272954940796
1.0,1,0.9962623715400696
0.0,0,0.0001507811975898221
0.0,1,0.8287875652313232
0.0,0,0.0006148624233901501
1.0,1,0.9985132813453674
1.0,1,0.9998652935028076
0.0,0,0.00015854774392209947
1.0,1,0.879147469997406
1.0,1,0.9999985694885254
0.0,0,0.00011429773439886048
1.0,1,0.999336302280426
0.0,0,0.0005676716100424528
0.0,0,0.0008162801386788487
1.0,1,0.9469528198242188
0.0,0,7.638464740011841e-05
1.0,1,0.9965368509292603
1.0,1,0.9979485869407654
1.0,0,0.10201609134674072
0.0,0,0.003411439247429371
1.0,1,0.9998859167098999
1.0,1,0.998606264591217
0.0,0,0.0045488313771784306
0.0,0,0.08325359225273132
1.0,1,0.9975647926330566
1.0,1,0.9996809959411621
1.0,1,0.9999716281890869
1.0,0,0.06710268557071686
1.0,1,0.9260957837104797
0.0,0,0.00029983092099428177
1.0,0,0.03683294355869293
1.0,1,0.999560534954071
1.0,1,0.9999209642410278
0.0,0,8.497651288053021e-05
1.0,1,0.5710780024528503
0.0,0,0.08260511606931686
0.0,0,0.00025481171905994415
0.0,0,0.000981109798885882
0.0,0,4.568049553199671e-05
0.0,0,9.110820974456146e-05
0.0,0,0.005573100410401821
0.0,0,0.00023321477056015283
1.0,1,0.3616410493850708
1.0,1,0.998522937297821
0.0,0,0.003316702554002404
0.0,0,0.00021476956317201257
0.0,1,0.892145037651062
1.0,0,1.0384458164480748e-06
0.0,0,0.00163576181512326
0.0,1,0.7502635717391968
0.0,0,7.010830449871719e-05
0.0,0,0.0002757653419394046
0.0,0,0.056033551692962646
1.0,1,0.9131313562393188
0.0,0,0.0012157862074673176
1.0,1,0.7132648825645447
1.0,1,0.9988893866539001
0.0,0,0.0018815777730196714
0.0,0,0.0031668113078922033
0.0,0,0.008859937079250813
0.0,0,0.14898529648780823
0.0,0,0.0016365734627470374
0.0,0,0.019631745293736458
0.0,0,0.006929903291165829
1.0,1,0.910977303981781
0.0,0,0.0011432846076786518
0.0,0,0.00608195411041379
0.0,0,0.00025857871514745057
0.0,0,0.20574946701526642
1.0,1,0.9998132586479187
0.0,0,0.003300934797152877
0.0,0,0.007214827463030815
0.0,1,0.6563841700553894
1.0,1,0.9799944162368774
0.0,0,0.12220732867717743
0.0,0,0.0018012482905760407
0.0,0,0.0019207095028832555
1.0,0,0.000342963554430753
0.0,0,0.004804567433893681
1.0,1,0.9955249428749084
0.0,0,0.002819027751684189
1.0,1,0.999954342842102
1.0,1,0.9663904309272766
1.0,1,0.9994733929634094
0.0,0,0.16399790346622467
0.0,0,0.03558219224214554
0.0,0,0.014948342926800251
0.0,0,0.000922391947824508
0.0,0,0.029377920553088188
0.0,0,0.0008505992591381073
0.0,0,0.00043387559708207846
1.0,1,0.8654900193214417
1.0,1,0.9999985694885254
1.0,0,0.1437043398618698
0.0,1,0.7658373713493347
1.0,1,0.5017408728599548
1.0,1,0.9514853358268738
0.0,0,0.000630697759333998
0.0,0,0.03946295753121376
0.0,0,0.022439442574977875
1.0,1,0.998521625995636
1.0,1,0.9917181730270386
1.0,1,0.999776303768158
1.0,1,0.9999788999557495
1.0,1,0.47988981008529663
1.0,1,0.9991174340248108
0.0,0,0.0005832117749378085
0.0,0,9.2474372650031e-05
1.0,0,0.07193222641944885
1.0,1,0.952092170715332
0.0,0,0.0009717968641780317
0.0,0,0.0019559545908123255
1.0,1,0.999525785446167
0.0,0,9.544334716338199e-06
0.0,1,0.9868610501289368
0.0,0,0.002560930559411645
1.0,1,0.9999901056289673
1.0,0,0.17952993512153625
0.0,0,0.00036650619585998356
1.0,1,0.9997116923332214
0.0,0,0.001943278475664556
0.0,1,0.38189610838890076
0.0,0,0.010371753945946693
0.0,0,0.23117050528526306
0.0,0,0.053517963737249374
0.0,0,0.0005067151505500078
0.0,1,0.352054625749588
0.0,0,0.0019966992549598217
1.0,1,0.41455739736557007
1.0,1,0.9978134632110596
0.0,0,0.0007065624231472611
1.0,1,0.9999562501907349
1.0,0,0.013896999880671501
0.0,0,6.073457552702166e-05
1.0,1,0.9785964488983154
1.0,1,0.9300575852394104
0.0,0,0.0004161990073043853
0.0,0,0.0012891790829598904
1.0,1,0.9998192191123962
0.0,0,0.004547216463834047
1.0,1,0.9998962879180908
0.0,0,0.09899699687957764
0.0,0,0.00023889882140792906
0.0,0,0.10385635495185852
0.0,0,0.0003962177434004843
1.0,1,0.7202959060668945
0.0,0,0.25160178542137146
0.0,0,0.00474071828648448
0.0,0,0.003939938731491566
0.0,0,0.003051344770938158
0.0,0,0.0005510104238055646
1.0,1,0.5326790809631348
1.0,1,0.9987514019012451
1.0,1,0.9998719692230225
0.0,0,0.000356753240339458
1.0,1,0.999775230884552
1.0,1,0.9997190833091736
1.0,0,4.7337598516605794e-06
1.0,1,0.9999874830245972
0.0,1,0.9590525031089783
1.0,0,0.006877798121422529
0.0,0,0.2415580302476883
1.0,1,0.9999873638153076
0.0,1,0.3814508020877838
0.0,0,0.00026409505517221987
0.0,1,0.7825303673744202
0.0,0,0.0008373280870728195
0.0,0,0.16616974771022797
1.0,1,0.9997710585594177
1.0,1,0.9945319890975952
0.0,0,0.0005573754315264523
0.0,0,0.0017730960389599204
0.0,1,0.5818067789077759
0.0,0,0.0001238829136127606
1.0,1,0.5617122054100037
1.0,1,0.9998579025268555
0.0,0,0.00021964781626593322
0.0,1,0.32679295539855957
1.0,1,0.999437153339386
0.0,0,0.0001535544724902138
1.0,1,0.9978880286216736
1.0,1,0.9483575820922852
1.0,1,0.9994255304336548
0.0,1,0.3248421847820282
0.0,0,0.0006152733112685382
0.0,0,0.008106875233352184
0.0,0,0.0001161725158453919
0.0,0,0.0023195899557322264
0.0,0,0.1009289100766182
1.0,1,0.9979228377342224
0.0,0,0.0024343274999409914
0.0,0,0.025006040930747986
0.0,0,4.526455086306669e-05
0.0,1,0.9952034950256348
0.0,0,0.0009083806071430445
0.0,0,0.04550042003393173
0.0,0,0.036800723522901535
1.0,1,0.9989618062973022
1.0,1,0.9969377517700195
1.0,1,0.9102832674980164
1.0,1,0.973251223564148
1.0,1,0.991416871547699
0.0,0,3.456222839304246e-05
0.0,0,8.526108285877854e-05
0.0,0,0.0272052139043808
1.0,1,0.6846906542778015
0.0,0,0.09598008543252945
0.0,0,0.0028912851121276617
0.0,0,0.0008160535362549126
1.0,1,0.9657545685768127
1.0,1,0.9997785687446594
0.0,0,0.00015950851957313716
1.0,1,0.9986074566841125
1.0,1,0.9997785687446594
0.0,0,0.00029927006107755005
0.0,0,0.3175002336502075
0.0,0,0.00011205647751921788
0.0,0,0.027970416471362114
1.0,1,0.9812115430831909
1.0,1,0.9999586343765259
1.0,1,0.6261181235313416
0.0,0,0.011283418163657188
0.0,0,0.0008698550518602133
0.0,0,0.013483990915119648
1.0,1,0.6186255216598511
0.0,0,0.09027969092130661
1.0,1,0.9998929500579834
1.0,1,0.9860953688621521
0.0,0,0.008823356591165066
0.0,0,0.0007972304010763764
0.0,0,0.008702671155333519
1.0,1,0.9999203681945801
1.0,1,0.8797567486763
0.0,0,7.422784256050363e-05
0.0,0,0.00011230442760279402
0.0,0,0.017415113747119904
0.0,0,0.00010793381079565734
1.0,1,0.43293243646621704
0.0,0,0.0173344686627388
0.0,0,0.0021909361239522696
0.0,0,0.0015670141438022256
1.0,0,0.18712790310382843
1.0,1,0.8707820177078247
0.0,0,0.012097666971385479
1.0,1,0.7279643416404724
1.0,1,0.9833154678344727
0.0,0,0.026596255600452423
0.0,0,0.00032593944342806935
0.0,0,0.0034417377319186926
1.0,0,0.05174789950251579
0.0,0,0.08750250190496445
0.0,0,9.285956366511527e-06
0.0,0,0.0007479513296857476
0.0,0,0.015481282956898212
0.0,1,0.8963011503219604
0.0,0,0.007447727024555206
0.0,0,0.12004189193248749
0.0,0,0.0038625558372586966
1.0,1,0.9973637461662292
0.0,0,0.00013175170170143247
0.0,0,0.0024468644987791777
1.0,0,0.23251847922801971
1.0,0,0.008067671209573746
1.0,1,0.9999476671218872
0.0,0,0.027035878971219063
1.0,1,0.9826059341430664
1.0,0,0.22334067523479462
0.0,0,0.0020319675095379353
0.0,0,0.00015598474419675767
1.0,1,0.9615262746810913
1.0,1,0.9991669654846191
0.0,0,0.00012017566041322425
1.0,1,0.9997792840003967
0.0,0,0.00045273255091160536
1.0,1,0.9999842643737793
1.0,1,0.9972735047340393
0.0,0,0.056862492114305496
1.0,0,0.3152981996536255
0.0,1,0.9997329115867615
0.0,0,0.1747303307056427
0.0,0,0.007623504847288132
1.0,0,0.00010361739987274632
0.0,0,0.03264498710632324
1.0,1,0.8560413122177124
1.0,1,0.9409353733062744
0.0,0,0.004800084512680769
0.0,0,0.0007290005451068282
0.0,0,0.08623607456684113
1.0,1,0.9999713897705078
0.0,0,0.00048079813132062554
0.0,1,0.3560284674167633
1.0,0,0.0962764322757721
0.0,0,0.00471441401168704
0.0,0,0.050159793347120285
0.0,0,0.004969226196408272
0.0,0,0.0019766336772590876
0.0,0,0.00022223427367862314
1.0,1,0.9999998807907104
0.0,0,0.04302411898970604
1.0,1,0.7301916480064392
0.0,0,2.5662364350864664e-05
0.0,0,6.316357030300424e-05
0.0,0,0.0027559089940041304
0.0,0,0.003160499967634678
1.0,1,0.9999426603317261
1.0,1,0.7539845108985901
0.0,0,0.0036607279907912016
0.0,0,0.0004899147897958755
0.0,0,0.003428642638027668
1.0,1,0.999956488609314
1.0,1,0.9998378753662109
0.0,0,0.11671539396047592
1.0,1,0.9999890327453613
1.0,1,0.9998257756233215
0.0,0,0.0023628564085811377
1.0,1,0.44317224621772766
0.0,0,0.004072297364473343
0.0,0,0.0002637005236465484
0.0,0,0.0007811360992491245
0.0,0,0.0031085119117051363
0.0,1,0.5705218315124512
0.0,0,3.453843964962289e-05
0.0,0,0.19294990599155426
0.0,0,0.001378295593895018
1.0,1,0.9993601441383362
1.0,0,0.16666436195373535
1.0,1,0.9662033319473267
1.0,1,0.6096509695053101
0.0,0,9.984820644604042e-05
1.0,1,0.9972326159477234
0.0,0,0.017670094966888428
1.0,1,0.9965382814407349
1.0,1,0.9949703812599182
0.0,0,0.0007208387251012027
0.0,1,0.992427408695221
1.0,1,0.9408093690872192
1.0,1,0.9999673366546631
0.0,1,0.5737278461456299
1.0,1,0.9937339425086975
1.0,1,0.9999406337738037
0.0,0,0.01783817633986473
1.0,1,0.9998719692230225
0.0,0,0.05890904366970062
0.0,0,0.00019475464068818837
1.0,1,0.9999955892562866
1.0,1,0.5812985897064209
1.0,1,0.7460439801216125
1.0,1,0.4551076889038086
0.0,0,0.023345094174146652
1.0,1,0.8678413033485413
0.0,0,0.006827348843216896
1.0,1,0.9132381081581116
0.0,0,0.0032306138891726732
1.0,1,0.9969096779823303
1.0,1,0.9965304732322693
1.0,0,0.005708910524845123
0.0,0,0.0003162942302878946
1.0,1,0.9998493194580078
1.0,1,0.9981933236122131
0.0,0,2.0357801986392587e-06
1.0,0,0.06136994808912277
0.0,0,0.01926305703818798
1.0,1,0.9999520778656006
1.0,1,0.9996840953826904
0.0,0,0.002352862386032939
1.0,1,0.9911224842071533
0.0,1,0.9867836236953735
0.0,0,0.0001189627728308551
0.0,1,0.3265426456928253
0.0,0,0.02287331223487854
1.0,1,0.5648126602172852
0.0,0,3.974048013333231e-05
0.0,0,0.04834851995110512
0.0,0,0.019367042928934097
0.0,0,2.534134910092689e-05
1.0,1,0.9998364448547363
1.0,1,0.9987070560455322
1.0,1,0.9996312856674194
1.0,1,0.5779542922973633
1.0,1,0.9758664965629578
1.0,1,0.9858533143997192
0.0,1,0.8077348470687866
