y_true,y_pred,y_score
0.0,0,0.001153907971456647
1.0,1,0.9617313146591187
1.0,1,0.8989182710647583
1.0,0,0.06400600075721741
1.0,1,0.9987785220146179
0.0,0,0.07810655981302261
1.0,1,0.9925204515457153
0.0,0,0.021783143281936646
1.0,1,0.9878843426704407
1.0,1,0.926205575466156
1.0,0,0.02734752930700779
0.0,1,0.9548148512840271
0.0,0,0.09031476080417633
0.0,0,0.2448940873146057
1.0,1,0.991089940071106
1.0,1,0.9956249594688416
0.0,0,0.16831107437610626
0.0,0,0.0022970319259911776
0.0,0,0.012274743989109993
0.0,0,0.23782958090305328
0.0,0,0.016888916492462158
0.0,1,0.6448025703430176
0.0,0,0.06796731054782867
0.0,0,0.05559580400586128
1.0,1,0.9658560156822205
0.0,0,0.031173698604106903
1.0,0,0.03239808604121208
0.0,1,0.37041181325912476
1.0,1,0.503248929977417
0.0,0,0.01751548796892166
1.0,1,0.9556899666786194
1.0,1,0.9970852732658386
1.0,1,0.9955177903175354
0.0,1,0.40891194343566895
1.0,1,0.40937337279319763
1.0,1,0.9925100803375244
0.0,0,0.0010446092346683145
1.0,1,0.9215863347053528
1.0,1,0.9962574243545532
1.0,1,0.7540321350097656
1.0,1,0.916560173034668
1.0,0,0.32668599486351013
0.0,0,0.012362510897219181
1.0,1,0.9997736811637878
0.0,0,0.052490171045064926
1.0,0,0.047520462423563004
0.0,0,0.0018398059764876962
1.0,1,0.9972617626190186
0.0,0,0.0011032698675990105
0.0,0,0.22137320041656494
0.0,0,0.004798686131834984
0.0,0,0.005774209741503
0.0,0,0.09176437556743622
1.0,1,0.9916571378707886
1.0,0,0.19147099554538727
1.0,1,0.9622151255607605
0.0,0,0.0627778023481369
0.0,0,0.2939673960208893
0.0,1,0.4586336612701416
1.0,1,0.8580451607704163
0.0,0,0.00647493964061141
1.0,1,0.9742565155029297
1.0,1,0.705828845500946
0.0,0,0.3217731714248657
0.0,0,0.17266780138015747
1.0,1,0.975996196269989
1.0,1,0.9909287095069885
1.0,1,0.9437308311462402
0.0,1,0.6171087026596069
0.0,0,0.12837347388267517
0.0,1,0.8461384177207947
0.0,0,0.012747900560498238
1.0,1,0.9118000864982605
0.0,0,0.055572763085365295
0.0,0,0.002644572639837861
1.0,1,0.9336601495742798
1.0,0,0.1783427596092224
1.0,1,0.9926002025604248
0.0,0,0.022240735590457916
1.0,0,0.16098642349243164
1.0,1,0.9304659962654114
1.0,1,0.4984132647514343
1.0,1,0.9692220091819763
0.0,0,0.08809833228588104
0.0,1,0.5815832018852234
0.0,0,0.056288398802280426
1.0,1,0.9749646782875061
0.0,0,0.2278101146221161
1.0,1,0.8012195825576782
0.0,0,0.020421303808689117
0.0,1,0.6510925889015198
0.0,0,0.007773592136800289
0.0,1,0.6164296865463257
1.0,0,0.030566152185201645
1.0,1,0.978392481803894
1.0,1,0.999931812286377
0.0,0,0.0227845199406147
1.0,1,0.9995416402816772
0.0,0,0.036793842911720276
0.0,0,0.14185374975204468
0.0,0,0.07376246154308319
0.0,0,0.20934323966503143
0.0,0,0.09083672612905502
1.0,1,0.8487268090248108
0.0,0,0.021506857126951218
1.0,1,0.9994992017745972
0.0,0,0.0007050067069940269
1.0,0,0.012844011187553406
0.0,0,0.0034880340099334717
0.0,0,0.15369854867458344
0.0,0,0.08270259201526642
0.0,0,0.06740006059408188
0.0,0,0.0021154084242880344
1.0,1,0.9507666826248169
0.0,0,0.025486480444669724
0.0,0,0.041564106941223145
0.0,0,0.006467622239142656
1.0,1,0.9722866415977478
1.0,1,0.5329650640487671
1.0,1,0.9585874080657959
0.0,0,0.2014724165201187
0.0,1,0.5218491554260254
0.0,1,0.8405784368515015
1.0,0,0.3340401351451874
0.0,0,0.3538950979709625
0.0,0,0.02238624356687069
1.0,1,0.8894849419593811
1.0,1,0.9877932667732239
0.0,0,0.04572361335158348
1.0,1,0.5400387048721313
1.0,0,0.26379501819610596
1.0,1,0.5428584814071655
1.0,1,0.7416002750396729
0.0,1,0.3894742727279663
1.0,1,0.9546162486076355
1.0,1,0.987851619720459
1.0,1,0.9960630536079407
1.0,1,0.45152759552001953
0.0,0,0.09419814497232437
0.0,0,0.006228616926819086
1.0,1,0.5695458054542542
0.0,0,0.008985874243080616
1.0,1,0.6770797371864319
1.0,1,0.9533951282501221
1.0,1,0.946631908416748
1.0,1,0.8561077117919922
0.0,0,0.08446544408798218
1.0,0,0.05305685102939606
0.0,0,0.006285004783421755
0.0,0,0.2531803548336029
0.0,0,0.012372410856187344
0.0,0,0.010608453303575516
0.0,0,0.04405807703733444
0.0,0,0.0047009773552417755
0.0,0,0.0014568786136806011
0.0,0,0.010244486853480339
0.0,0,0.045365579426288605
0.0,1,0.6736205816268921
0.0,0,0.01216238271445036
1.0,1,0.9603186249732971
1.0,1,0.8975886702537537
1.0,1,0.9917786717414856
0.0,1,0.5065513849258423
0.0,0,0.01722697913646698
0.0,0,0.009690443985164165
0.0,0,0.018323032185435295
0.0,1,0.5100097060203552
0.0,1,0.37214288115501404
1.0,1,0.9038807153701782
0.0,0,0.01568502187728882
0.0,0,0.007424794137477875
0.0,1,0.6458671689033508
0.0,0,0.002322771353647113
1.0,0,0.08426608145236969
0.0,0,0.007316687144339085
0.0,1,0.4486417770385742
1.0,1,0.9170995950698853
1.0,1,0.49215081334114075
1.0,1,0.6837453842163086
1.0,0,0.02214406430721283
1.0,1,0.42625126242637634
0.0,0,0.08616252988576889
0.0,0,0.04562859237194061
1.0,1,0.7122986912727356
1.0,1,0.8980703949928284
0.0,1,0.3894243836402893
0.0,0,0.2705543041229248
0.0,0,0.002974590053781867
0.0,0,0.087823286652565
0.0,0,0.011559483595192432
0.0,0,0.01600339263677597
0.0,0,0.19935424625873566
1.0,1,0.5408375859260559
1.0,1,0.971785306930542
1.0,1,0.7028866410255432
1.0,1,0.9414134621620178
0.0,0,0.015321431681513786
0.0,0,0.14710889756679535
0.0,1,0.39909225702285767
0.0,0,0.30781301856040955
1.0,1,0.676414966583252
0.0,0,0.35047823190689087
0.0,1,0.8926836252212524
1.0,1,0.36218976974487305
1.0,1,0.9825215935707092
0.0,0,0.005539639387279749
1.0,1,0.7670783996582031
1.0,1,0.7923074960708618
0.0,1,0.7285007238388062
0.0,0,0.015993155539035797
0.0,0,0.001965378876775503
1.0,1,0.9673098921775818
0.0,0,0.035541366785764694
1.0,1,0.9661678075790405
0.0,0,0.044488273561000824
0.0,0,0.01571335271000862
0.0,0,0.0005581286968663335
1.0,1,0.9980154037475586
1.0,0,0.2525501251220703
0.0,0,0.174139142036438
0.0,0,0.00160819455049932
0.0,0,0.019032614305615425
1.0,1,0.9921233057975769
0.0,0,0.04986104741692543
1.0,1,0.6956580877304077
0.0,0,0.0004922982770949602
0.0,0,0.00557594234123826
0.0,0,0.003602986689656973
0.0,1,0.5464502573013306
0.0,1,0.6476564407348633
0.0,0,0.005871327593922615
1.0,0,0.011908001266419888
0.0,0,0.027986550703644753
1.0,1,0.8953943848609924
0.0,1,0.9372382760047913
0.0,0,0.347087562084198
0.0,0,0.2252809852361679
0.0,0,0.05092015117406845
1.0,1,0.9708005785942078
0.0,1,0.482037752866745
1.0,1,0.9990088939666748
0.0,1,0.9922254085540771
0.0,0,0.0074950470589101315
0.0,0,0.0006780123803764582
1.0,1,0.6096430420875549
1.0,1,0.9912588000297546
0.0,0,0.10094156116247177
0.0,1,0.38522887229919434
1.0,1,0.6945332884788513
1.0,1,0.9973238706588745
0.0,1,0.4599345326423645
1.0,0,0.26157787442207336
1.0,1,0.9889477491378784
0.0,0,0.010659558698534966
1.0,1,0.9761316776275635
0.0,1,0.40886276960372925
0.0,0,0.0034303683787584305
0.0,1,0.3679335117340088
0.0,0,0.0366784930229187
1.0,1,0.9990076422691345
1.0,1,0.8170288801193237
1.0,1,0.985346794128418
0.0,0,0.14327384531497955
1.0,1,0.6170922517776489
1.0,0,0.33705055713653564
1.0,0,0.17939786612987518
0.0,1,0.8029083609580994
1.0,1,0.5705392360687256
0.0,1,0.40350234508514404
1.0,1,0.9990252256393433
1.0,1,0.8971041440963745
0.0,0,0.00239880895242095
1.0,1,0.9955834746360779
0.0,0,0.01619686931371689
1.0,1,0.7607514262199402
1.0,1,0.997485876083374
0.0,1,0.6222518086433411
0.0,0,0.3154697120189667
1.0,1,0.9991235136985779
1.0,1,0.9140328764915466
0.0,0,0.008680026046931744
0.0,0,0.01076904684305191
1.0,1,0.9958348274230957
1.0,1,0.8119264245033264
0.0,1,0.5448924899101257
0.0,0,0.08100829273462296
0.0,0,0.12296832352876663
0.0,0,0.008910823613405228
0.0,1,0.5739570260047913
1.0,0,0.015863128006458282
1.0,1,0.9848655462265015
1.0,1,0.9449891448020935
0.0,0,0.01013563945889473
1.0,1,0.5642926692962646
0.0,0,0.020116405561566353
1.0,0,0.021621767431497574
1.0,1,0.8917678594589233
1.0,1,0.9847410321235657
1.0,1,0.85076904296875
1.0,0,0.12145091593265533
1.0,1,0.9940462112426758
0.0,0,0.013422411866486073
1.0,1,0.6708704829216003
1.0,1,0.9464883804321289
0.0,0,0.0009410303900949657
1.0,1,0.768839955329895
0.0,0,0.019047928974032402
1.0,1,0.8817496299743652
1.0,1,0.996065080165863
0.0,0,0.021595697849988937
0.0,0,0.013000975362956524
1.0,1,0.8237097859382629
1.0,0,0.23058345913887024
0.0,1,0.639411985874176
0.0,0,0.26070502400398254
0.0,0,0.03923798352479935
1.0,1,0.9888578653335571
1.0,1,0.9695754647254944
0.0,1,0.5224555134773254
1.0,1,0.9879000186920166
1.0,1,0.41787731647491455
1.0,1,0.6712467074394226
1.0,0,0.2245287299156189
0.0,0,0.008124984800815582
1.0,1,0.5337287783622742
0.0,0,0.013695137575268745
0.0,0,0.3342825472354889
0.0,0,0.04475383087992668
1.0,1,0.9005166292190552
0.0,0,0.02515200711786747
1.0,1,0.9846988320350647
1.0,1,0.9974108338356018
1.0,0,0.3546157777309418
0.0,0,0.11179342120885849
1.0,1,0.9685028195381165
1.0,1,0.9576041102409363
0.0,0,0.034133847802877426
1.0,1,0.9247102737426758
0.0,0,0.004773706663399935
1.0,0,0.05079678073525429
1.0,1,0.9985670447349548
1.0,1,0.9987621307373047
1.0,0,0.3108762502670288
0.0,0,0.013417234644293785
0.0,0,0.17884373664855957
1.0,1,0.8898610472679138
1.0,1,0.6168596744537354
1.0,1,0.7889033555984497
0.0,1,0.6904190182685852
0.0,0,0.005411358550190926
1.0,0,0.11048078536987305
0.0,0,0.057364556938409805
0.0,1,0.8987340331077576
1.0,1,0.9976798892021179
0.0,0,0.038886409252882004
1.0,1,0.9886694550514221
1.0,1,0.9997259974479675
0.0,0,0.018954720348119736
0.0,0,0.00862072128802538
1.0,0,0.22280403971672058
1.0,0,0.18718397617340088
0.0,1,0.5093609690666199
1.0,1,0.9986170530319214
0.0,0,0.09985174983739853
0.0,1,0.938814103603363
1.0,1,0.9983773231506348
0.0,0,0.006806850899010897
0.0,0,0.0016365351621061563
1.0,1,0.8793055415153503
1.0,1,0.9735161066055298
1.0,1,0.35937902331352234
0.0,0,0.022153016179800034
0.0,0,0.03975904360413551
0.0,1,0.4897368252277374
1.0,1,0.4548223912715912
0.0,0,0.003243470098823309
1.0,1,0.9827747941017151
0.0,0,0.0011120892595499754
0.0,0,0.005023568868637085
1.0,0,0.045851606875658035
0.0,0,0.05306238681077957
1.0,1,0.8185970187187195
1.0,1,0.9447838068008423
0.0,0,0.10976386815309525
1.0,1,0.9448220133781433
0.0,0,0.18383534252643585
1.0,0,0.09630107879638672
0.0,0,0.34031128883361816
0.0,1,0.4908997118473053
0.0,1,0.5852967500686646
1.0,0,0.005929919425398111
1.0,1,0.3902631402015686
1.0,1,0.947637677192688
0.0,0,0.0010816040448844433
1.0,1,0.6715993881225586
0.0,0,0.07655937969684601
1.0,1,0.9249969720840454
1.0,1,0.7549694776535034
1.0,1,0.6677635312080383
0.0,0,0.0552247129380703
1.0,1,0.9714406728744507
1.0,1,0.3936850428581238
0.0,0,0.06219680979847908
1.0,1,0.9966065883636475
0.0,0,0.15236738324165344
0.0,0,0.31151989102363586
0.0,0,0.04100982844829559
0.0,0,0.08353419601917267
1.0,1,0.9675925970077515
1.0,1,0.9659895896911621
0.0,0,0.009727107360959053
1.0,1,0.9754658341407776
1.0,1,0.9971711039543152
1.0,0,0.13647161424160004
0.0,0,0.10696655511856079
0.0,0,0.01204898115247488
0.0,0,0.11091092973947525
1.0,0,0.20537227392196655
1.0,1,0.9405834078788757
1.0,1,0.6229690909385681
1.0,1,0.387799471616745
1.0,1,0.9962437152862549
1.0,1,0.9833741188049316
0.0,0,0.008654076606035233
1.0,1,0.9956417083740234
0.0,1,0.78141188621521
1.0,1,0.923868715763092
1.0,1,0.9989989399909973
0.0,0,0.11306388676166534
1.0,1,0.9852206707000732
0.0,0,0.0010470343986526132
1.0,1,0.5697275400161743
1.0,1,0.993637204170227
0.0,1,0.6065611839294434
0.0,0,0.010567542165517807
1.0,1,0.7707802653312683
1.0,1,0.9466234445571899
0.0,0,0.004260455258190632
0.0,0,0.013677050359547138
0.0,0,0.020423253998160362
0.0,0,0.10738293826580048
0.0,0,0.08463120460510254
0.0,0,0.24446189403533936
0.0,1,0.8490110635757446
1.0,0,0.11671052128076553
1.0,1,0.9926562309265137
0.0,0,0.0012003941228613257
1.0,1,0.8762773871421814
0.0,1,0.8487149477005005
1.0,0,0.07681889086961746
1.0,0,0.1705218404531479
1.0,1,0.4124857485294342
0.0,0,0.06166841834783554
1.0,1,0.99703049659729
1.0,1,0.9778262376785278
0.0,0,0.001494494266808033
0.0,0,0.04054645076394081
1.0,1,0.9958481788635254
0.0,0,0.002032315358519554
1.0,1,0.9912898540496826
0.0,0,0.09609924256801605
1.0,0,0.07960228621959686
1.0,0,0.003943490330129862
1.0,1,0.7500580549240112
1.0,1,0.9448936581611633
0.0,0,0.03707936778664589
0.0,0,0.029663996770977974
1.0,0,0.2182648479938507
1.0,1,0.9998416900634766
1.0,1,0.49872225522994995
1.0,0,0.03860107436776161
1.0,1,0.9606246948242188
1.0,0,0.28252094984054565
1.0,0,0.03554977849125862
0.0,1,0.5886120200157166
0.0,0,0.29902276396751404
1.0,1,0.9564546942710876
0.0,1,0.6781532764434814
1.0,1,0.9807249307632446
0.0,0,0.003631263505667448
1.0,1,0.557881772518158
0.0,1,0.5052030086517334
1.0,1,0.9530690908432007
0.0,0,0.13532862067222595
0.0,0,0.004231702070683241
0.0,0,0.020402833819389343
0.0,0,0.2072150856256485
1.0,1,0.8778128027915955
0.0,0,0.006137678865343332
1.0,1,0.9690801501274109
0.0,0,0.2427266538143158
1.0,0,0.25024867057800293
0.0,0,0.10461543500423431
1.0,1,0.6923101544380188
1.0,1,0.918113648891449
1.0,1,0.9010531306266785
1.0,0,0.03736165165901184
1.0,1,0.9987483024597168
1.0,1,0.8830079436302185
0.0,0,0.007937074638903141
1.0,0,0.13036726415157318
1.0,1,0.9973282814025879
0.0,0,0.0006105754873715341
1.0,1,0.9941781759262085
0.0,0,0.1262160837650299
0.0,0,0.024093113839626312
0.0,0,0.003453686134889722
0.0,0,0.015787398442626
1.0,1,0.9435582160949707
0.0,0,0.0010207891464233398
0.0,0,0.0573057159781456
0.0,1,0.39623817801475525
1.0,1,0.893746554851532
0.0,0,0.3302084803581238
0.0,0,0.02049567550420761
0.0,0,0.03131655231118202
1.0,1,0.6164003014564514
0.0,0,0.20447802543640137
1.0,1,0.9855748414993286
0.0,0,0.05626198649406433
0.0,0,0.09380658715963364
0.0,1,0.9533573985099792
0.0,0,0.05197684094309807
0.0,0,0.018119247630238533
1.0,1,0.9913679957389832
1.0,1,0.8808770775794983
1.0,1,0.9362238645553589
0.0,0,0.18776820600032806
0.0,0,0.002520116278901696
1.0,1,0.9975137710571289
1.0,1,0.9647191166877747
1.0,1,0.7410796284675598
1.0,0,0.2983856499195099
1.0,1,0.5305086970329285
1.0,1,0.8655512928962708
0.0,0,0.04643869400024414
0.0,0,0.01633264124393463
1.0,1,0.9811325669288635
0.0,0,0.004169074352830648
0.0,1,0.8526864051818848
0.0,0,0.04668792337179184
0.0,0,0.06611482799053192
1.0,1,0.8831465244293213
0.0,0,0.021660184487700462
1.0,1,0.39365917444229126
0.0,0,0.10964182019233704
0.0,0,0.1653802990913391
1.0,1,0.9579527974128723
1.0,1,0.9487717151641846
1.0,1,0.9789748191833496
0.0,0,0.004280362278223038
0.0,0,0.22787781059741974
1.0,1,0.425935298204422
1.0,1,0.9973689317703247
1.0,0,0.3032445013523102
0.0,0,0.00047433178406208754
1.0,1,0.9978407621383667
1.0,1,0.9808928966522217
1.0,1,0.9945185780525208
0.0,0,0.0019197793444618583
0.0,0,0.1354038417339325
0.0,0,0.01886947639286518
1.0,0,0.025811366736888885
1.0,1,0.976784884929657
0.0,0,0.21498528122901917
0.0,0,0.35190901160240173
0.0,0,0.02305075339972973
0.0,0,0.008705893531441689
1.0,1,0.8818274140357971
0.0,0,0.0028439427260309458
0.0,0,0.039437342435121536
1.0,1,0.42804890871047974
1.0,1,0.6474674940109253
0.0,0,0.0003455675032455474
1.0,1,0.9253403544425964
0.0,0,0.03848899528384209
0.0,0,0.11068148165941238
0.0,0,0.35170361399650574
1.0,1,0.9741290211677551
0.0,1,0.514690637588501
1.0,1,0.9822388887405396
0.0,0,0.03117402456700802
0.0,0,0.04402649775147438
1.0,1,0.9950729012489319
1.0,1,0.9775701761245728
0.0,1,0.663729727268219
1.0,1,0.9945205450057983
0.0,0,0.11020438373088837
1.0,1,0.4345160126686096
0.0,0,0.2344179004430771
0.0,0,0.004803087562322617
1.0,1,0.8105771541595459
0.0,0,0.02272370271384716
0.0,0,0.007182983215898275
1.0,1,0.9843372702598572
0.0,0,0.03949866443872452
0.0,0,0.028706984594464302
0.0,0,0.09817799925804138
1.0,1,0.5938782691955566
0.0,0,0.12771040201187134
0.0,0,0.09002275764942169
0.0,0,0.01131800003349781
1.0,1,0.9676326513290405
0.0,0,0.04151803255081177
1.0,1,0.7780888676643372
1.0,1,0.972746729850769
0.0,0,0.0010324971517547965
1.0,1,0.6549648642539978
0.0,0,0.20141570270061493
0.0,0,0.1478937268257141
1.0,1,0.954658031463623
0.0,0,0.06628692895174026
1.0,1,0.4306389093399048
0.0,1,0.9728167057037354
0.0,0,0.32014378905296326
1.0,1,0.9982898831367493
1.0,1,0.9867837429046631
0.0,0,0.026374289765954018
0.0,0,0.023042624816298485
1.0,1,0.7655246257781982
1.0,1,0.613135576248169
1.0,1,0.9744452238082886
1.0,1,0.988983690738678
0.0,1,0.40192750096321106
0.0,0,0.1032358780503273
0.0,0,0.039373837411403656
1.0,1,0.9259033799171448
0.0,0,0.0008031849865801632
0.0,0,0.0014413155149668455
0.0,0,0.02142009139060974
0.0,0,0.1961299329996109
0.0,0,0.12870894372463226
1.0,1,0.9437750577926636
0.0,1,0.9980130195617676
1.0,1,0.9943986535072327
0.0,0,0.0737779513001442
1.0,0,0.23947761952877045
0.0,0,0.02552235685288906
0.0,0,0.0058065140619874
0.0,0,0.00023904761474113911
1.0,1,0.9398317933082581
1.0,0,0.15498097240924835
1.0,1,0.9786777496337891
0.0,0,0.0016313322121277452
0.0,0,0.001274905982427299
1.0,1,0.4471040964126587
1.0,1,0.8323265910148621
0.0,0,0.01894841529428959
1.0,1,0.6435526013374329
1.0,1,0.9975080490112305
1.0,1,0.9998836517333984
0.0,1,0.746701180934906
0.0,0,0.18426136672496796
0.0,1,0.78550785779953
1.0,1,0.9068030118942261
1.0,1,0.49816498160362244
0.0,0,0.0652739629149437
1.0,1,0.9272422790527344
1.0,1,0.9468412399291992
0.0,0,0.0019648110028356314
0.0,0,0.019107379019260406
1.0,1,0.999108612537384
0.0,0,0.00421591242775321
0.0,0,0.05078100040555
0.0,0,0.012674893252551556
1.0,1,0.7540062069892883
1.0,1,0.9628012180328369
0.0,0,0.0009125754586420953
1.0,1,0.9597784876823425
1.0,1,0.9893002510070801
0.0,1,0.3900207281112671
0.0,0,0.0015088142827153206
1.0,1,0.9857036471366882
1.0,0,0.19642600417137146
1.0,0,0.13103877007961273
0.0,1,0.5293892621994019
0.0,0,0.1321384161710739
1.0,1,0.9983527660369873
1.0,1,0.9231367111206055
1.0,1,0.9989639520645142
0.0,0,0.01243971474468708
0.0,0,0.2408747524023056
1.0,1,0.9407115578651428
1.0,1,0.9584493041038513
1.0,1,0.532489538192749
1.0,1,0.9696276783943176
1.0,1,0.9740798473358154
1.0,1,0.5100322365760803
0.0,0,0.08265091478824615
0.0,0,0.0022199652157723904
1.0,1,0.9136409163475037
1.0,1,0.7168933153152466
0.0,0,0.11119391769170761
1.0,1,0.8169316649436951
0.0,0,0.02985251136124134
1.0,1,0.7493270635604858
1.0,0,0.14957283437252045
0.0,1,0.43195679783821106
0.0,0,0.03881290927529335
0.0,0,0.011810877360403538
1.0,1,0.7228830456733704
1.0,1,0.8906102180480957
1.0,1,0.7987375259399414
1.0,1,0.9869067668914795
0.0,0,0.0033419649116694927
0.0,1,0.9435608386993408
0.0,0,0.010854661464691162
0.0,1,0.9675973057746887
0.0,0,0.0024735748302191496
0.0,0,0.09623633325099945
0.0,0,0.006337639410048723
1.0,1,0.8763751983642578
1.0,0,0.1178305521607399
1.0,1,0.9953996539115906
0.0,1,0.8476954102516174
1.0,1,0.9979016780853271
0.0,0,0.011626734398305416
0.0,0,0.0314192958176136
1.0,1,0.7860997319221497
0.0,0,0.0006866444018669426
0.0,0,0.004691237583756447
0.0,0,0.13616351783275604
0.0,0,0.18280868232250214
1.0,1,0.7305836081504822
1.0,1,0.9998369216918945
0.0,0,0.014670063741505146
1.0,1,0.7715687155723572
1.0,1,0.9311512112617493
0.0,0,0.004827061668038368
0.0,0,0.08678840100765228
0.0,1,0.4775865375995636
1.0,1,0.8228824734687805
0.0,1,0.9250914454460144
0.0,1,0.995258629322052
1.0,1,0.5469931960105896
1.0,1,0.4545142650604248
0.0,1,0.8984860181808472
1.0,1,0.6876779794692993
0.0,1,0.9708867073059082
1.0,1,0.7534913420677185
1.0,1,0.9215876460075378
1.0,1,0.8913131356239319
1.0,1,0.9845018982887268
1.0,1,0.981342077255249
0.0,1,0.4507727026939392
1.0,1,0.9973233342170715
0.0,0,0.13697123527526855
1.0,1,0.522581934928894
0.0,0,0.029292529448866844
0.0,0,0.12493247538805008
1.0,1,0.8492981791496277
0.0,0,0.13355056941509247
1.0,1,0.9986355900764465
1.0,1,0.6821277141571045
1.0,1,0.8655358552932739
1.0,0,0.005543912295252085
1.0,0,0.2755041718482971
1.0,0,0.1242668405175209
0.0,0,0.34096184372901917
1.0,1,0.931988000869751
1.0,1,0.9940647482872009
0.0,0,0.2925456464290619
0.0,0,0.019949963316321373
0.0,0,0.004754152614623308
0.0,1,0.8798840045928955
0.0,0,0.01796228066086769
0.0,0,0.0006192735163494945
1.0,1,0.961685299873352
1.0,1,0.9754186272621155
0.0,1,0.38085809350013733
0.0,0,0.14130330085754395
0.0,1,0.5980491638183594
1.0,1,0.7465981245040894
0.0,0,0.16119258105754852
0.0,0,0.25638818740844727
0.0,0,0.15184320509433746
0.0,0,0.00011853304749820381
1.0,0,0.07545594871044159
0.0,0,0.17381146550178528
1.0,1,0.9719054102897644
0.0,0,0.016951117664575577
0.0,0,0.012804320082068443
1.0,1,0.9152916669845581
0.0,0,0.03965776041150093
1.0,1,0.9851313233375549
0.0,1,0.4853854477405548
1.0,1,0.8404354453086853
0.0,0,0.00346824387088418
0.0,0,0.04822462424635887
0.0,0,0.0820012167096138
0.0,1,0.5817158818244934
1.0,1,0.9988478422164917
1.0,1,0.7879826426506042
0.0,0,0.007974633015692234
1.0,1,0.8734171390533447
1.0,1,0.995682954788208
1.0,0,0.16038911044597626
0.0,0,0.0024880392011255026
0.0,0,0.023575250059366226
1.0,0,0.0007565799169242382
1.0,1,0.7291282415390015
0.0,0,0.009474670514464378
1.0,1,0.41495829820632935
1.0,0,0.03754820674657822
1.0,1,0.8821379542350769
0.0,1,0.41325968503952026
1.0,1,0.9222494959831238
1.0,1,0.9961720108985901
0.0,0,0.06487269699573517
0.0,0,0.1444467008113861
1.0,1,0.9730784893035889
0.0,0,0.034387439489364624
0.0,0,0.10885827988386154
0.0,0,0.018095985054969788
0.0,0,0.1552484631538391
0.0,0,0.07490001618862152
1.0,1,0.8788204789161682
1.0,1,0.9635011553764343
0.0,0,0.002025860594585538
1.0,0,0.10248849540948868
1.0,1,0.8281373381614685
0.0,0,0.025860685855150223
1.0,0,0.2852844297885895
0.0,0,0.08589790761470795
1.0,1,0.7890497446060181
1.0,1,0.45243406295776367
1.0,0,0.18993864953517914
0.0,0,0.09560760110616684
0.0,1,0.6884117722511292
0.0,1,0.7738870978355408
0.0,0,0.10734060406684875
1.0,1,0.8881914019584656
1.0,1,0.7728280425071716
0.0,0,0.0027040240820497274
1.0,1,0.9652191996574402
1.0,1,0.9807806611061096
0.0,0,0.0028785858303308487
1.0,1,0.7966083884239197
0.0,0,0.036693375557661057
0.0,0,0.05443421006202698
0.0,0,0.016433827579021454
1.0,1,0.7826394438743591
1.0,0,0.3294861614704132
1.0,1,0.6119310855865479
0.0,1,0.38960713148117065
1.0,0,0.05236021801829338
1.0,1,0.8482211828231812
0.0,0,0.009748687036335468
1.0,0,0.0038931299932301044
0.0,0,0.004568824078887701
0.0,0,0.0070119015872478485
1.0,0,0.06937593221664429
1.0,1,0.9589139223098755
1.0,1,0.9757176041603088
1.0,1,0.6526864171028137
1.0,1,0.9843565821647644
1.0,1,0.8303940296173096
1.0,1,0.6880972981452942
0.0,0,0.0010837116278707981
0.0,0,0.1552000492811203
1.0,1,0.6404993534088135
0.0,1,0.6116496324539185
0.0,0,0.02091585099697113
1.0,1,0.9824200868606567
0.0,0,0.005575395189225674
0.0,1,0.6356480717658997
0.0,1,0.9068398475646973
1.0,1,0.9169530868530273
0.0,0,0.18320509791374207
0.0,0,0.30032113194465637
0.0,0,0.005531614180654287
1.0,1,0.900691568851471
1.0,1,0.9926405549049377
1.0,1,0.9364275336265564
1.0,1,0.9996763467788696
0.0,0,0.26741188764572144
1.0,0,0.037429939955472946
1.0,1,0.6806681752204895
1.0,0,0.00696468586102128
1.0,1,0.9903773665428162
0.0,0,0.021271253004670143
1.0,1,0.7963289022445679
1.0,0,0.31864210963249207
0.0,0,0.06116566061973572
0.0,0,0.0011978037655353546
1.0,1,0.6334972977638245
0.0,0,0.007565525360405445
0.0,0,0.03752525895833969
0.0,1,0.7843570113182068
0.0,0,0.22289904952049255
1.0,1,0.8102447390556335
1.0,1,0.955190896987915
0.0,0,0.009597438387572765
1.0,1,0.9951016306877136
1.0,0,0.04669776186347008
0.0,1,0.6908129453659058
1.0,1,0.8928831815719604
0.0,0,0.03689165413379669
1.0,1,0.9987909197807312
0.0,0,0.23868289589881897
1.0,1,0.9949093461036682
1.0,1,0.8804309368133545
1.0,1,0.9000277519226074
1.0,1,0.9971388578414917
1.0,1,0.9876577854156494
1.0,1,0.4791073799133301
1.0,1,0.9506322145462036
0.0,0,0.001469384878873825
0.0,0,0.18869048357009888
1.0,1,0.907138466835022
0.0,0,0.04925648868083954
1.0,1,0.9877896308898926
0.0,1,0.4533694088459015
1.0,1,0.8587903380393982
0.0,0,0.133844792842865
0.0,0,0.005394333973526955
1.0,1,0.9098330736160278
0.0,0,0.23753410577774048
1.0,0,0.17790982127189636
1.0,0,0.32926520705223083
1.0,1,0.6141194701194763
0.0,1,0.869155764579773
1.0,1,0.9151718616485596
0.0,0,0.010236618109047413
1.0,0,0.23988333344459534
0.0,0,0.06328932195901871
1.0,1,0.7541713118553162
0.0,0,0.029412291944026947
0.0,0,0.07062976807355881
1.0,1,0.9895586967468262
0.0,1,0.7822011709213257
1.0,1,0.45103272795677185
0.0,0,0.020475400611758232
1.0,1,0.9160258173942566
0.0,0,0.023160982877016068
0.0,1,0.5969805717468262
1.0,1,0.8451368808746338
0.0,0,0.06410392373800278
1.0,1,0.9542149901390076
1.0,1,0.7860578894615173
0.0,1,0.6913437843322754
1.0,1,0.8158110976219177
0.0,0,0.10591591149568558
0.0,0,0.06749702990055084
1.0,0,0.21876557171344757
1.0,0,0.037053871899843216
0.0,0,0.013213200494647026
0.0,0,0.004822392947971821
1.0,0,0.1259663999080658
1.0,1,0.9937499165534973
0.0,0,0.0041857147589325905
0.0,0,0.06011732667684555
0.0,1,0.9953277111053467
1.0,1,0.955146849155426
1.0,0,0.009059026837348938
0.0,1,0.5733947157859802
0.0,1,0.4825884997844696
0.0,0,0.1125970259308815
0.0,1,0.45030733942985535
0.0,0,0.006535746157169342
1.0,1,0.9939966201782227
1.0,1,0.7291709184646606
0.0,0,0.01852078177034855
1.0,1,0.9899454712867737
1.0,1,0.9787013530731201
0.0,0,0.006482109427452087
0.0,1,0.8382470607757568
0.0,0,0.11879038065671921
1.0,1,0.9876002073287964
1.0,0,0.00981027539819479
1.0,1,0.9801440834999084
0.0,0,0.0017952601192519069
1.0,1,0.9927214980125427
1.0,1,0.9780314564704895
0.0,0,0.22858722507953644
1.0,0,0.038785044103860855
0.0,0,0.12912270426750183
1.0,1,0.9943842887878418
0.0,0,0.008251883089542389
1.0,1,0.6219114065170288
1.0,1,0.994293749332428
1.0,1,0.9656223058700562
1.0,1,0.9243202209472656
0.0,0,0.07276427745819092
0.0,1,0.8473811149597168
0.0,0,0.025032244622707367
0.0,0,0.08214548975229263
0.0,0,0.06062282994389534
1.0,0,0.21649004518985748
1.0,1,0.7553600072860718
0.0,0,0.03979302570223808
1.0,1,0.4313408434391022
0.0,0,0.0013295155949890614
1.0,1,0.9925456643104553
1.0,1,0.925555944442749
0.0,0,0.023493781685829163
1.0,1,0.9978037476539612
1.0,0,0.1540893167257309
0.0,0,0.08014541119337082
0.0,0,0.19473208487033844
0.0,1,0.3641063868999481
0.0,0,0.008125235326588154
1.0,1,0.8577152490615845
0.0,1,0.7025368809700012
0.0,0,0.0027196514420211315
1.0,1,0.3614944815635681
0.0,0,0.0813937783241272
1.0,0,0.056735992431640625
0.0,0,0.05046919360756874
1.0,1,0.9546231627464294
0.0,1,0.39097338914871216
1.0,1,0.8699522614479065
0.0,1,0.7066014409065247
1.0,1,0.7267223000526428
1.0,1,0.891459047794342
1.0,1,0.9991008043289185
0.0,1,0.4103736877441406
0.0,0,0.04930378869175911
0.0,0,3.426342300372198e-05
1.0,1,0.9971779584884644
0.0,0,0.01037734467536211
0.0,1,0.9663534760475159
1.0,0,0.19232553243637085
1.0,0,0.07302474975585938
0.0,0,0.00618440005928278
1.0,1,0.9952564835548401
1.0,1,0.9879186749458313
1.0,1,0.9400127530097961
1.0,1,0.9324277639389038
0.0,0,0.02458842843770981
1.0,1,0.9959099292755127
0.0,0,0.21319401264190674
0.0,0,0.011435170657932758
1.0,1,0.9962527751922607
1.0,1,0.9351867437362671
1.0,1,0.9979584217071533
0.0,0,0.001805551233701408
0.0,0,0.18249161541461945
1.0,1,0.9995306730270386
1.0,0,0.10893810540437698
1.0,1,0.725752592086792
1.0,1,0.9462734460830688
1.0,1,0.987784206867218
0.0,0,0.20755887031555176
0.0,0,0.1107654795050621
0.0,0,0.15887798368930817
1.0,1,0.9905298352241516
0.0,0,0.04512861371040344
0.0,0,0.013250337913632393
0.0,0,0.24919010698795319
1.0,1,0.42509397864341736
0.0,1,0.9434235692024231
1.0,1,0.9980700612068176
0.0,0,0.0027492884546518326
0.0,1,0.5869477391242981
1.0,1,0.6316268444061279
0.0,0,0.010309507139027119
0.0,0,0.036755066365003586
0.0,0,0.05946312099695206
0.0,0,0.033712152391672134
0.0,1,0.7058364152908325
1.0,1,0.6838126182556152
1.0,0,0.24973046779632568
1.0,1,0.95046067237854
1.0,1,0.9939035773277283
0.0,1,0.9946734309196472
0.0,1,0.6959502100944519
1.0,1,0.998590886592865
0.0,0,0.0898614451289177
0.0,0,0.2489655315876007
0.0,0,0.0018813826609402895
1.0,1,0.9962261915206909
0.0,0,0.08908868581056595
0.0,0,0.18182311952114105
0.0,0,0.0013827967923134565
1.0,1,0.7283161282539368
1.0,1,0.8831322193145752
0.0,1,0.4370511770248413
1.0,1,0.7113820910453796
1.0,1,0.9840809106826782
1.0,1,0.3557983636856079
1.0,1,0.8618355393409729
1.0,1,0.7090345025062561
1.0,1,0.9602577090263367
0.0,1,0.9598305225372314
0.0,0,0.2920909821987152
0.0,0,0.15427422523498535
1.0,1,0.5297255516052246
0.0,0,0.2231149971485138
1.0,1,0.9875455498695374
0.0,1,0.7527680993080139
0.0,0,0.08658608049154282
1.0,1,0.8531478047370911
1.0,1,0.4120672643184662
0.0,0,0.0018862975994125009
1.0,1,0.8938566446304321
0.0,1,0.38089612126350403
1.0,1,0.9776839017868042
1.0,1,0.9998929500579834
1.0,0,0.02080635353922844
0.0,1,0.5782752633094788
0.0,1,0.38608235120773315
1.0,1,0.9905751943588257
1.0,0,0.05111221224069595
1.0,1,0.9353099465370178
1.0,1,0.43233293294906616
1.0,1,0.778268039226532
0.0,0,0.03844432160258293
0.0,0,0.05304808169603348
1.0,1,0.8559682965278625
0.0,0,0.15612928569316864
0.0,0,0.2529694139957428
0.0,0,0.2193695455789566
1.0,1,0.9754704833030701
0.0,0,0.08051346242427826
1.0,1,0.8943561315536499
0.0,0,0.008905552327632904
1.0,1,0.9905850291252136
1.0,1,0.985030472278595
1.0,1,0.978366494178772
1.0,0,0.001559264026582241
0.0,0,0.1908523291349411
0.0,0,0.10694098472595215
0.0,1,0.9130116105079651
1.0,0,0.06093767285346985
1.0,0,0.12106648832559586
0.0,0,0.00715761911123991
0.0,0,0.032546043395996094
0.0,0,0.010399093851447105
0.0,0,0.049135610461235046
1.0,1,0.9136053919792175
1.0,1,0.9268933534622192
1.0,0,0.3061334490776062
1.0,1,0.9659404158592224
0.0,1,0.5575312972068787
1.0,1,0.9957969188690186
0.0,0,0.21768757700920105
1.0,1,0.9705317616462708
1.0,1,0.4291799068450928
1.0,1,0.7159727811813354
0.0,0,0.134860560297966
0.0,0,0.04502498358488083
1.0,1,0.538018524646759
0.0,0,0.06162556633353233
1.0,1,0.9743889570236206
0.0,0,0.07314124703407288
0.0,0,0.0025501674972474575
0.0,0,0.21403753757476807
1.0,1,0.8887367844581604
0.0,0,0.0034781217109411955
1.0,1,0.8442277908325195
1.0,1,0.9292159080505371
1.0,1,0.9964978694915771
1.0,1,0.8779801726341248
0.0,0,0.0010242322459816933
1.0,1,0.9027143120765686
0.0,0,0.004550580400973558
1.0,1,0.8029478192329407
1.0,1,0.9379922151565552
0.0,0,0.002307885093614459
1.0,1,0.9904189705848694
1.0,1,0.49097830057144165
1.0,1,0.8244456052780151
0.0,0,0.01569429226219654
0.0,0,0.11239809542894363
1.0,1,0.9919266700744629
1.0,1,0.7170937657356262
1.0,1,0.9981881976127625
1.0,1,0.934948205947876
0.0,1,0.4753502309322357
0.0,0,0.019277749583125114
1.0,1,0.9415008425712585
1.0,1,0.9764606952667236
1.0,1,0.7513554692268372
1.0,0,0.02261740155518055
0.0,0,0.09784302860498428
1.0,1,0.8526321053504944
1.0,1,0.7202035784721375
0.0,0,0.0005338403861969709
0.0,0,0.0011006119893863797
1.0,1,0.5992981195449829
1.0,0,0.08312461525201797
1.0,1,0.7187447547912598
1.0,1,0.99894779920578
1.0,1,0.9944729208946228
0.0,0,0.3125036954879761
0.0,0,0.24270690977573395
0.0,0,0.0072038546204566956
0.0,0,0.012174923904240131
0.0,0,0.003335793735459447
1.0,0,0.021451037377119064
1.0,1,0.9964163303375244
0.0,0,0.101778544485569
1.0,1,0.9366185069084167
0.0,0,0.284279465675354
1.0,1,0.9882194995880127
0.0,1,0.5923466086387634
1.0,0,0.23304936289787292
0.0,0,0.09136892110109329
1.0,0,0.04886981099843979
0.0,1,0.40135276317596436
1.0,1,0.8068225979804993
0.0,0,0.004077851306647062
1.0,1,0.9895199537277222
1.0,1,0.9607599973678589
1.0,1,0.9936445951461792
1.0,0,0.24238857626914978
1.0,1,0.9796776175498962
1.0,0,0.08327464759349823
0.0,0,0.2804464101791382
0.0,0,0.10945067554712296
1.0,1,0.983032763004303
0.0,0,0.006320234853774309
1.0,1,0.911648154258728
1.0,1,0.8175501227378845
0.0,0,0.04184993356466293
1.0,1,0.8701784610748291
0.0,0,0.015001270920038223
1.0,1,0.9913968443870544
0.0,0,0.005104465410113335
0.0,1,0.6286814212799072
0.0,0,0.13937416672706604
0.0,1,0.45474329590797424
1.0,1,0.9997506737709045
0.0,0,0.08742786943912506
0.0,0,0.08338572084903717
1.0,1,0.4489332139492035
1.0,1,0.9352759718894958
1.0,1,0.9936251640319824
1.0,1,0.99897301197052
1.0,1,0.6386629939079285
0.0,0,0.007378516718745232
1.0,1,0.9970405697822571
0.0,0,0.012441378086805344
0.0,0,0.046189408749341965
1.0,1,0.9906789660453796
0.0,0,0.08322595804929733
1.0,1,0.9070889353752136
0.0,0,0.049306657165288925
1.0,1,0.800856351852417
0.0,0,0.06072842702269554
1.0,1,0.47836431860923767
1.0,1,0.9860559701919556
0.0,0,0.014279128052294254
1.0,1,0.7069253325462341
0.0,0,0.28601083159446716
0.0,0,0.06270530074834824
1.0,1,0.9992978572845459
0.0,0,0.153656005859375
1.0,1,0.8607075214385986
1.0,1,0.35827142000198364
0.0,1,0.7523924112319946
1.0,0,0.003025570185855031
1.0,1,0.91282719373703
1.0,1,0.6912357211112976
0.0,0,0.004248452372848988
1.0,1,0.6320733428001404
1.0,0,0.2506113052368164
1.0,1,0.9958393573760986
0.0,0,0.010304832831025124
0.0,0,0.08893278986215591
1.0,1,0.4553915858268738
1.0,1,0.9760875701904297
0.0,0,0.22511950135231018
1.0,1,0.9968752861022949
1.0,1,0.9984226226806641
1.0,1,0.9801650047302246
1.0,1,0.9923805594444275
0.0,0,0.05289408192038536
0.0,1,0.737517774105072
1.0,1,0.9433580040931702
1.0,1,0.6556159853935242
0.0,0,0.04909640550613403
0.0,1,0.539848268032074
1.0,1,0.9777194261550903
1.0,1,0.6090246438980103
1.0,0,0.22174319624900818
0.0,0,0.188630610704422
1.0,1,0.8477450013160706
0.0,1,0.6874479055404663
1.0,1,0.8626999855041504
1.0,1,0.9707032442092896
1.0,1,0.37291237711906433
1.0,0,0.0920102521777153
0.0,0,0.1108769103884697
0.0,0,0.017646942287683487
1.0,1,0.4145466685295105
0.0,0,0.09519665688276291
0.0,0,0.1773977279663086
0.0,1,0.797434389591217
1.0,1,0.41289201378822327
1.0,1,0.995672881603241
1.0,1,0.8775832653045654
1.0,1,0.42311355471611023
1.0,1,0.5907134413719177
0.0,1,0.5684023499488831
0.0,0,0.025657227262854576
1.0,1,0.571537971496582
1.0,1,0.6932632923126221
0.0,0,0.05206196755170822
0.0,0,0.11212204396724701
0.0,0,0.004003855399787426
1.0,1,0.9676396250724792
0.0,0,0.037605684250593185
0.0,0,0.005848011001944542
1.0,1,0.5898471474647522
1.0,1,0.7228994369506836
0.0,0,0.0016162622487172484
1.0,1,0.9969788789749146
0.0,1,0.4098602831363678
1.0,1,0.6728847026824951
1.0,1,0.9783462882041931
1.0,1,0.9699159264564514
1.0,1,0.9228906631469727
1.0,1,0.9694191813468933
1.0,1,0.8913571834564209
1.0,1,0.6638858318328857
1.0,1,0.9136765599250793
0.0,1,0.45037904381752014
0.0,0,0.055713146924972534
1.0,1,0.867487907409668
0.0,0,0.004605427850037813
1.0,1,0.990990161895752
1.0,1,0.4722805917263031
0.0,0,0.06930248439311981
0.0,1,0.7311884760856628
0.0,1,0.5767355561256409
1.0,1,0.9710996150970459
1.0,0,0.24059106409549713
0.0,0,0.004925545305013657
0.0,0,0.12408460676670074
0.0,1,0.495329886674881
0.0,0,0.0002691435511223972
1.0,1,0.9994999170303345
0.0,1,0.6971388459205627
0.0,0,0.17990878224372864
0.0,0,0.00788121297955513
1.0,1,0.7834941148757935
0.0,0,0.00463434774428606
0.0,0,0.10588240623474121
1.0,1,0.8024104237556458
1.0,0,0.2762669622898102
1.0,1,0.6818780303001404
0.0,0,0.0329122431576252
0.0,0,0.024018587544560432
1.0,1,0.7328513860702515
1.0,1,0.48393797874450684
0.0,0,0.013413025997579098
0.0,0,0.15219521522521973
0.0,0,0.0037850907538086176
0.0,0,0.012092904187738895
0.0,1,0.7489544153213501
1.0,1,0.9978650212287903
1.0,1,0.7434383630752563
0.0,0,0.004378834273666143
1.0,1,0.9428844451904297
1.0,1,0.9578067064285278
0.0,0,0.23587846755981445
0.0,0,0.02008671872317791
1.0,1,0.6510345935821533
1.0,1,0.9624772667884827
1.0,0,0.012652236968278885
1.0,1,0.9966061115264893
0.0,0,0.04319676384329796
0.0,0,0.0027398380916565657
0.0,0,0.03481372073292732
0.0,1,0.41036221385002136
0.0,1,0.8864830136299133
0.0,0,0.03821391239762306
0.0,1,0.7514163255691528
0.0,0,0.0016085889656096697
0.0,0,0.006892822682857513
0.0,0,0.008066602982580662
0.0,0,0.00702466256916523
1.0,1,0.9940491914749146
0.0,0,0.015297350473701954
1.0,1,0.48152923583984375
1.0,1,0.7597020268440247
1.0,1,0.5905213952064514
1.0,0,0.25195154547691345
1.0,0,0.2859060764312744
1.0,1,0.9319137930870056
1.0,0,0.1321401745080948
0.0,0,0.015449294820427895
1.0,1,0.7783859968185425
0.0,1,0.9197292923927307
0.0,0,0.01780431531369686
1.0,1,0.9706164598464966
0.0,0,0.00686114514246583
0.0,1,0.85303795337677
1.0,1,0.8198774456977844
1.0,1,0.9919697642326355
0.0,1,0.9229061603546143
1.0,1,0.9398806691169739
1.0,0,0.015681421384215355
1.0,1,0.8244468569755554
1.0,1,0.7271888852119446
1.0,1,0.9977959394454956
0.0,0,0.013872027397155762
0.0,1,0.9013479948043823
0.0,0,0.049767833203077316
0.0,0,0.022550690919160843
0.0,0,0.2082662135362625
1.0,1,0.6889856457710266
1.0,1,0.90523362159729
1.0,1,0.9534326195716858
0.0,0,0.04591858759522438
0.0,0,0.14491955935955048
1.0,1,0.40877750515937805
0.0,0,0.0017713246634230018
1.0,0,0.09710114449262619
1.0,1,0.9986415505409241
0.0,1,0.5238533616065979
0.0,0,0.06213926523923874
0.0,0,0.0038519699592143297
0.0,1,0.3572425842285156
1.0,1,0.8502351641654968
1.0,1,0.6499732732772827
0.0,0,0.024295756593346596
1.0,1,0.9990645051002502
0.0,0,0.32576993107795715
0.0,0,0.0023972427006810904
0.0,0,0.34187573194503784
0.0,1,0.9644680023193359
0.0,0,0.3457324206829071
0.0,1,0.4173992872238159
0.0,0,0.004430335480719805
1.0,1,0.9432520270347595
0.0,0,0.15118208527565002
1.0,1,0.725831925868988
1.0,0,0.031416598707437515
1.0,1,0.9985432624816895
0.0,0,0.001618388807401061
0.0,1,0.6455233097076416
0.0,1,0.5670436024665833
1.0,1,0.9836890697479248
0.0,0,0.030987167730927467
1.0,1,0.8795726895332336
1.0,1,0.9887799024581909
1.0,1,0.9133986234664917
1.0,1,0.5607779026031494
1.0,1,0.9744053483009338
0.0,0,0.06339297443628311
0.0,0,0.013301463797688484
0.0,0,0.11145339161157608
1.0,1,0.6616947054862976
1.0,1,0.43191587924957275
0.0,0,0.053400468081235886
1.0,1,0.9953626394271851
1.0,1,0.6697155833244324
0.0,0,0.017627650871872902
1.0,1,0.5821377635002136
0.0,0,0.005083942785859108
0.0,0,0.06178319454193115
1.0,1,0.9929473400115967
0.0,0,0.01796002686023712
0.0,1,0.45403003692626953
1.0,0,0.271852046251297
0.0,1,0.4740346372127533
0.0,0,0.2660362124443054
0.0,0,0.016378086060285568
1.0,1,0.9849221110343933
1.0,1,0.9987897276878357
1.0,1,0.9050248265266418
0.0,0,0.014705589041113853
0.0,1,0.5326744318008423
1.0,1,0.5365422964096069
1.0,0,0.04296594113111496
1.0,1,0.9484354257583618
1.0,1,0.9911782145500183
1.0,1,0.9742233753204346
1.0,1,0.9991626739501953
1.0,1,0.9866216778755188
0.0,0,0.33459171652793884
1.0,1,0.9535452127456665
0.0,1,0.7424245476722717
0.0,0,0.23788048326969147
1.0,1,0.5368776321411133
1.0,1,0.9916782379150391
0.0,0,0.17297977209091187
1.0,0,0.10030684620141983
1.0,0,0.09542706608772278
0.0,0,0.09162221103906631
0.0,0,0.0008106835302896798
0.0,0,0.07152020186185837
1.0,0,0.01451055333018303
0.0,0,0.09581305086612701
0.0,1,0.418215811252594
1.0,1,0.9109708666801453
0.0,1,0.7042236924171448
1.0,0,0.1538064330816269
1.0,1,0.46064817905426025
1.0,0,0.1554785519838333
0.0,0,0.006972526200115681
1.0,1,0.9380267262458801
0.0,0,0.000681341509334743
0.0,1,0.6150925755500793
1.0,1,0.9638402462005615
0.0,0,0.0005011807661503553
1.0,1,0.952121913433075
0.0,0,0.11781686544418335
1.0,1,0.945868194103241
1.0,1,0.43273046612739563
1.0,1,0.988743782043457
0.0,0,0.07309187203645706
0.0,0,0.0024877695832401514
1.0,1,0.9218136072158813
1.0,1,0.9996100068092346
0.0,0,0.013600536622107029
1.0,0,0.013894230127334595
0.0,1,0.3773631155490875
1.0,1,0.9261582493782043
1.0,1,0.9437746405601501
1.0,1,0.9980791807174683
1.0,0,0.13270990550518036
0.0,0,0.01372769009321928
1.0,1,0.5448207259178162
0.0,0,0.00269837467931211
1.0,1,0.7199196815490723
0.0,0,0.01298557035624981
1.0,1,0.8715759515762329
0.0,0,0.015346013009548187
0.0,0,0.005292412359267473
0.0,1,0.9387587904930115
1.0,1,0.8902183771133423
1.0,1,0.5482956767082214
0.0,0,0.026869799941778183
0.0,0,0.002242397516965866
1.0,1,0.9651637673377991
1.0,1,0.7364729642868042
1.0,1,0.9687745571136475
0.0,0,0.11162751913070679
1.0,1,0.9972409009933472
0.0,1,0.7674875259399414
0.0,0,0.00227163452655077
1.0,1,0.8583675622940063
0.0,0,0.003956276923418045
0.0,1,0.4259004294872284
1.0,1,0.8517444729804993
1.0,0,0.28257274627685547
1.0,0,0.05574570968747139
1.0,1,0.6908382177352905
0.0,0,0.0347936674952507
1.0,1,0.970198392868042
0.0,0,0.006517844274640083
1.0,1,0.8777403235435486
1.0,0,0.017404980957508087
0.0,0,0.00407123938202858
1.0,1,0.6374827027320862
0.0,0,0.025545982643961906
0.0,0,0.04437112808227539
0.0,0,0.09316551685333252
0.0,0,0.015342742204666138
0.0,0,0.09591234475374222
1.0,1,0.9673035144805908
1.0,1,0.9788702726364136
0.0,1,0.9945127964019775
1.0,1,0.9978100657463074
0.0,1,0.9808681607246399
0.0,0,0.19279202818870544
1.0,1,0.9122173190116882
0.0,1,0.7889404892921448
1.0,1,0.9917928576469421
0.0,0,0.039280861616134644
1.0,1,0.9800899028778076
1.0,1,0.7255579233169556
0.0,0,4.879706830251962e-05
1.0,0,0.09268990159034729
0.0,0,0.1686389446258545
1.0,1,0.9857717156410217
1.0,1,0.8921371102333069
0.0,1,0.39864581823349
1.0,0,0.04792296886444092
0.0,1,0.9324900507926941
0.0,0,0.18864703178405762
1.0,1,0.9672146439552307
0.0,1,0.43612954020500183
1.0,1,0.9398913979530334
0.0,0,0.2768527865409851
0.0,0,0.016690947115421295
0.0,0,0.09252900630235672
0.0,1,0.7573785185813904
1.0,1,0.9199334383010864
1.0,0,0.2427903264760971
1.0,1,0.9355928897857666
0.0,1,0.38585418462753296
1.0,1,0.8917393088340759
0.0,0,0.037438008934259415
1.0,1,0.9622328877449036
1.0,0,0.1930314600467682
1.0,1,0.6190582513809204
1.0,1,0.752942681312561
1.0,1,0.9943472743034363
0.0,1,0.4525310695171356
0.0,0,0.006455282215029001
1.0,1,0.9362627267837524
0.0,0,0.003474852303043008
1.0,0,0.22494301199913025
1.0,1,0.887410581111908
0.0,1,0.9411153197288513
1.0,1,0.9298344850540161
1.0,1,0.8042398691177368
0.0,0,0.02349942922592163
0.0,1,0.5793088674545288
1.0,1,0.9344252943992615
0.0,1,0.9264839291572571
1.0,1,0.9857262372970581
0.0,0,0.07612486183643341
1.0,1,0.7959548830986023
1.0,1,0.9826568961143494
1.0,0,0.05072120577096939
1.0,1,0.997525155544281
0.0,0,0.006379289086908102
1.0,1,0.5345526337623596
0.0,0,0.006078677251935005
0.0,0,0.21700617671012878
0.0,0,0.038924627006053925
0.0,1,0.8497421741485596
1.0,0,0.2714802324771881
0.0,0,0.020131336525082588
0.0,0,0.01656072400510311
1.0,1,0.9659610986709595
1.0,1,0.7834904789924622
1.0,0,0.004210204817354679
0.0,0,0.0033939145505428314
1.0,1,0.9223152995109558
1.0,1,0.9977399110794067
1.0,1,0.9721637964248657
0.0,0,0.0003587466781027615
1.0,1,0.7451756596565247
1.0,1,0.9241110682487488
1.0,1,0.7589324712753296
0.0,1,0.8721022605895996
1.0,1,0.9837377071380615
0.0,1,0.4418334364891052
1.0,1,0.9416013956069946
0.0,0,0.09613137692213058
0.0,1,0.3657771050930023
0.0,1,0.970844030380249
1.0,1,0.9910318851470947
0.0,0,0.007302953861653805
1.0,1,0.925917387008667
0.0,0,0.06119878217577934
1.0,0,0.16520173847675323
1.0,0,0.27269816398620605
0.0,0,0.0018098715227097273
1.0,1,0.9198566675186157
0.0,0,0.10643985867500305
0.0,0,0.020473014563322067
0.0,1,0.6308544874191284
0.0,0,0.18597541749477386
0.0,0,0.28449729084968567
1.0,1,0.9997588992118835
1.0,1,0.9539222121238708
0.0,0,0.11981723457574844
1.0,1,0.9939934611320496
1.0,1,0.4295438230037689
1.0,0,0.006027314346283674
1.0,1,0.9951707720756531
0.0,1,0.6969459652900696
1.0,1,0.9406344294548035
0.0,0,0.19819866120815277
1.0,1,0.7477163672447205
1.0,1,0.849851667881012
0.0,0,0.02165035344660282
0.0,1,0.4932076036930084
0.0,0,0.20339001715183258
0.0,0,0.0009314260096289217
0.0,0,0.007117505185306072
0.0,0,0.017932942137122154
0.0,1,0.3883396089076996
0.0,0,0.000607779249548912
0.0,0,0.19818563759326935
0.0,0,0.028955629095435143
0.0,0,0.001355259562842548
1.0,1,0.9938223361968994
1.0,0,0.3330528438091278
0.0,0,0.004590727388858795
0.0,0,0.0010186057770624757
1.0,1,0.9626426696777344
1.0,1,0.9702632427215576
0.0,0,0.0010426138760522008
0.0,0,0.07953502982854843
0.0,0,0.024255335330963135
1.0,1,0.9986135959625244
1.0,1,0.9930128455162048
1.0,1,0.8889297842979431
1.0,1,0.7595922350883484
0.0,0,0.01967204548418522
1.0,1,0.4745405912399292
0.0,0,0.06839068233966827
1.0,1,0.9524675011634827
0.0,0,0.0011425240663811564
0.0,0,0.021275145933032036
0.0,0,0.20361293852329254
0.0,0,0.017103800550103188
0.0,0,0.09163438528776169
0.0,0,0.011472240090370178
0.0,0,0.007651347201317549
1.0,1,0.9988282322883606
0.0,0,0.04841740429401398
1.0,0,0.29576706886291504
0.0,0,0.013254796154797077
1.0,1,0.9676017761230469
1.0,1,0.9945057034492493
0.0,0,0.04934454709291458
1.0,1,0.8423506617546082
0.0,1,0.9647279977798462
0.0,0,0.30441537499427795
1.0,1,0.9981422424316406
1.0,1,0.9911683797836304
0.0,0,0.003749466734007001
1.0,1,0.9851535558700562
1.0,1,0.6764535307884216
1.0,1,0.9991737008094788
1.0,1,0.6595421433448792
0.0,0,0.00609220378100872
1.0,1,0.9886944890022278
0.0,0,0.012215063907206059
0.0,0,0.08395002782344818
0.0,0,0.23328521847724915
0.0,1,0.9663837552070618
0.0,0,0.03386497497558594
1.0,1,0.7815890908241272
0.0,0,0.017260344699025154
0.0,0,0.2528839409351349
1.0,1,0.9990817308425903
1.0,1,0.8953174352645874
1.0,0,0.15006253123283386
0.0,1,0.561701238155365
1.0,1,0.9826380610466003
0.0,0,0.013844279572367668
1.0,1,0.43760091066360474
0.0,0,0.012682516127824783
1.0,1,0.884902834892273
0.0,0,0.036586228758096695
0.0,0,0.19170767068862915
0.0,0,0.006111223250627518
0.0,0,0.0057168928906321526
1.0,1,0.9718680381774902
1.0,1,0.4568346440792084
0.0,0,0.08524399995803833
1.0,1,0.8369728326797485
1.0,0,0.20270299911499023
1.0,1,0.9861186742782593
1.0,0,0.09746652841567993
0.0,0,0.026195881888270378
1.0,1,0.36549654603004456
0.0,0,0.006289804354310036
1.0,0,0.18105146288871765
0.0,0,0.02024034969508648
1.0,0,0.004517151974141598
1.0,1,0.8009243607521057
1.0,1,0.962091326713562
0.0,0,0.13463127613067627
1.0,1,0.9467840790748596
1.0,0,0.27271249890327454
0.0,0,0.14957070350646973
0.0,0,0.006369500886648893
0.0,0,0.051015254110097885
1.0,1,0.5614057779312134
0.0,0,0.331105500459671
1.0,1,0.9964572787284851
1.0,1,0.9824565649032593
0.0,0,0.007365794386714697
0.0,0,0.09721843153238297
0.0,0,0.01639191247522831
1.0,1,0.9650671482086182
1.0,1,0.8010565638542175
0.0,0,0.04921669140458107
0.0,0,0.0037693388294428587
1.0,0,0.2942701280117035
0.0,0,0.023834168910980225
0.0,0,0.053616300225257874
0.0,0,0.038182493299245834
1.0,1,0.8760887980461121
1.0,1,0.9141334891319275
0.0,0,0.014589034952223301
1.0,0,0.041979722678661346
0.0,0,0.03782374784350395
1.0,1,0.6792013049125671
1.0,1,0.9138659834861755
0.0,1,0.7195428013801575
0.0,0,0.048879146575927734
0.0,0,0.2440388798713684
0.0,0,0.27584967017173767
1.0,1,0.980391263961792
1.0,0,0.3391835689544678
0.0,0,0.17900964617729187
1.0,1,0.5472583174705505
1.0,1,0.9594457745552063
1.0,0,0.005091509316116571
1.0,1,0.9900726079940796
0.0,0,0.06025675684213638
0.0,0,0.04113418236374855
0.0,0,0.16800299286842346
0.0,0,0.003292472567409277
1.0,0,0.13167645037174225
0.0,1,0.44502443075180054
1.0,1,0.3606142997741699
0.0,0,0.0006018677377142012
0.0,1,0.9887358546257019
1.0,1,0.9870806336402893
0.0,0,0.0024094253312796354
1.0,0,0.34615379571914673
1.0,1,0.9977420568466187
1.0,1,0.7922993302345276
1.0,0,0.13446475565433502
1.0,1,0.9677119255065918
1.0,0,0.2702065706253052
1.0,1,0.5984342694282532
1.0,1,0.9575363993644714
1.0,1,0.796391487121582
0.0,0,0.0003620500210672617
1.0,0,0.16404370963573456
1.0,1,0.9710381031036377
1.0,1,0.7729737758636475
0.0,0,0.01207639928907156
0.0,0,0.0033999651204794645
0.0,1,0.7229546308517456
0.0,0,0.08325719833374023
0.0,0,0.022836705669760704
1.0,1,0.9916113018989563
1.0,1,0.9527816772460938
0.0,0,0.004081288352608681
1.0,1,0.9781022667884827
0.0,1,0.48803800344467163
0.0,0,0.011294498108327389
0.0,0,0.08974749594926834
0.0,0,0.1678154319524765
0.0,0,0.08055177330970764
0.0,1,0.5447784662246704
1.0,1,0.897222638130188
1.0,1,0.3796536922454834
0.0,0,0.20175912976264954
1.0,1,0.789862334728241
1.0,1,0.9040341377258301
0.0,0,0.05670866370201111
1.0,0,0.04277559369802475
1.0,1,0.36738115549087524
0.0,0,0.1345817744731903
0.0,0,0.008475720882415771
0.0,0,0.05247447267174721
0.0,0,0.008091340772807598
1.0,1,0.4220617115497589
0.0,0,0.20173582434654236
0.0,0,0.14610354602336884
1.0,0,0.22422397136688232
1.0,1,0.40510866045951843
0.0,0,0.017144516110420227
0.0,0,0.09423289448022842
1.0,1,0.8545241355895996
1.0,1,0.9920217394828796
1.0,1,0.98800128698349
0.0,0,0.007527223788201809
0.0,0,0.017732644453644753
0.0,0,0.0571974441409111
0.0,0,0.0005315539892762899
0.0,0,0.005340041127055883
1.0,1,0.9889228343963623
0.0,0,0.028844768181443214
1.0,0,0.07389826327562332
0.0,0,0.004523316398262978
0.0,1,0.362798810005188
0.0,0,0.35195043683052063
1.0,1,0.6775225400924683
0.0,0,0.1687648594379425
0.0,0,0.0138349998742342
0.0,0,0.1322176605463028
0.0,0,0.22598721086978912
1.0,1,0.5041828155517578
1.0,1,0.9950506091117859
0.0,0,0.023187678307294846
0.0,0,0.006743778474628925
1.0,1,0.4430410861968994
0.0,0,0.057690173387527466
1.0,1,0.9778656959533691
1.0,1,0.945486843585968
1.0,1,0.9873401522636414
0.0,0,0.06273715198040009
1.0,1,0.9259365200996399
0.0,0,0.004021162167191505
0.0,1,0.4474879801273346
1.0,1,0.9828264117240906
1.0,1,0.8683683276176453
0.0,0,0.18524882197380066
1.0,1,0.8879759311676025
0.0,0,0.32040688395500183
1.0,1,0.9673877358436584
0.0,1,0.7941394448280334
0.0,0,0.024593621492385864
0.0,1,0.6716029047966003
1.0,1,0.9582353830337524
0.0,0,0.27101385593414307
0.0,0,0.08077452331781387
1.0,1,0.8292195200920105
0.0,0,0.002045055152848363
0.0,1,0.6876527070999146
1.0,1,0.9992033839225769
0.0,0,0.05944236367940903
1.0,1,0.9862181544303894
1.0,1,0.908416748046875
1.0,1,0.7252910733222961
1.0,0,0.05162566527724266
1.0,1,0.8322281837463379
1.0,1,0.9526586532592773
1.0,1,0.8741913437843323
0.0,0,0.008713414892554283
0.0,0,0.01628105714917183
0.0,0,0.0781274288892746
0.0,1,0.6629816293716431
1.0,0,0.08992192894220352
1.0,1,0.4578847587108612
0.0,0,0.02538762427866459
1.0,1,0.9985929131507874
0.0,0,0.06096214801073074
0.0,0,0.0073485360480844975
1.0,1,0.9436739087104797
0.0,0,0.003053467720746994
0.0,0,0.008508497849106789
0.0,0,0.007559226360172033
1.0,1,0.7080574035644531
1.0,1,0.9782790541648865
0.0,0,0.03574981912970543
0.0,0,0.0031515334267169237
0.0,1,0.5334702134132385
1.0,1,0.9951487183570862
0.0,0,0.046478692442178726
1.0,1,0.7212548851966858
1.0,1,0.9976546168327332
0.0,0,0.09849224239587784
1.0,0,0.05262311175465584
1.0,1,0.9391835331916809
1.0,1,0.9425269961357117
1.0,1,0.9843873977661133
1.0,1,0.9707136154174805
1.0,1,0.9914604425430298
0.0,0,0.006025723181664944
1.0,0,0.03874460607767105
0.0,1,0.9001957178115845
0.0,1,0.6549099683761597
0.0,0,0.030227499082684517
0.0,0,0.329633891582489
0.0,0,0.01564835011959076
1.0,1,0.9419492483139038
1.0,1,0.960033655166626
1.0,1,0.5641708970069885
1.0,1,0.9924877882003784
0.0,0,0.28711381554603577
1.0,1,0.9602560997009277
1.0,1,0.4604257047176361
1.0,1,0.7263593673706055
0.0,0,0.08435052633285522
1.0,1,0.7062111496925354
1.0,1,0.778003454208374
0.0,0,0.038199249655008316
0.0,0,0.25944197177886963
1.0,1,0.9022025465965271
1.0,1,0.8725329041481018
1.0,1,0.8541185855865479
1.0,0,0.04651786759495735
1.0,1,0.8313555717468262
1.0,1,0.5402138829231262
0.0,1,0.6595732569694519
1.0,1,0.8961743116378784
0.0,0,0.15895795822143555
0.0,0,0.0863676443696022
1.0,0,0.10761246085166931
0.0,0,0.00501744169741869
0.0,0,0.005631712265312672
1.0,0,0.3135501444339752
1.0,0,0.35043734312057495
0.0,0,0.026898397132754326
0.0,0,0.012042932212352753
1.0,1,0.8875643014907837
1.0,1,0.9938222169876099
1.0,1,0.950072705745697
0.0,0,0.017833981662988663
0.0,1,0.8620803952217102
0.0,0,0.06281346827745438
0.0,0,0.2774942219257355
1.0,1,0.9271408319473267
1.0,0,0.22740262746810913
0.0,0,0.17888815701007843
1.0,1,0.9733052849769592
1.0,0,0.09849588572978973
0.0,0,0.040563955903053284
0.0,0,0.024796482175588608
0.0,1,0.7488186359405518
0.0,0,0.11459403485059738
0.0,0,0.061322104185819626
1.0,1,0.90570467710495
1.0,1,0.5886731743812561
1.0,1,0.9836905598640442
0.0,0,0.011470613069832325
1.0,0,0.06988350301980972
1.0,1,0.9727323055267334
0.0,0,0.011700522154569626
0.0,1,0.9573860764503479
1.0,1,0.5583447813987732
1.0,1,0.9478076100349426
1.0,1,0.840866208076477
1.0,1,0.887007474899292
0.0,0,0.06591056287288666
1.0,1,0.8502225875854492
1.0,1,0.8136767745018005
0.0,0,0.3380002975463867
0.0,0,0.0019164399709552526
1.0,1,0.9142333269119263
1.0,1,0.9990563988685608
1.0,1,0.7736614942550659
1.0,1,0.9951772689819336
0.0,0,0.009510003961622715
0.0,0,0.1486383080482483
1.0,1,0.9382177591323853
1.0,1,0.7915230393409729
0.0,0,0.2617381811141968
1.0,1,0.9485860466957092
1.0,1,0.5488227605819702
0.0,0,0.19701284170150757
0.0,0,0.014771183021366596
0.0,0,0.007947728969156742
1.0,1,0.8930670022964478
0.0,0,0.25275975465774536
1.0,1,0.6992922425270081
0.0,0,0.03810485079884529
1.0,1,0.9877526760101318
1.0,1,0.9056088924407959
0.0,0,0.3360176384449005
0.0,0,0.33773523569107056
1.0,1,0.9993769526481628
0.0,0,0.0034264028072357178
1.0,1,0.852275013923645
1.0,0,0.023064257577061653
1.0,0,0.06914110481739044
0.0,0,0.01815241575241089
0.0,1,0.6523792743682861
0.0,0,0.0006197893526405096
1.0,1,0.8976523876190186
0.0,0,0.0051448652520775795
1.0,1,0.893477201461792
0.0,1,0.8390467166900635
1.0,1,0.999764621257782
1.0,1,0.9000188112258911
1.0,1,0.9963567852973938
0.0,0,0.004368914756923914
1.0,1,0.6883513927459717
0.0,0,0.02004033699631691
0.0,0,0.017805973067879677
1.0,1,0.9930936098098755
1.0,1,0.719196081161499
1.0,1,0.9931974411010742
0.0,0,0.02874821610748768
0.0,0,0.0812615305185318
1.0,1,0.9976474642753601
0.0,1,0.4016716182231903
1.0,1,0.9582374691963196
0.0,0,0.014185069128870964
1.0,0,0.043718691915273666
1.0,1,0.9850580096244812
1.0,0,0.035951219499111176
1.0,1,0.9213910698890686
0.0,0,0.1321958303451538
1.0,1,0.9493907690048218
0.0,0,0.002215881599113345
0.0,1,0.6197947263717651
1.0,1,0.8081145286560059
1.0,1,0.7902928590774536
0.0,0,0.20163868367671967
1.0,1,0.9968630075454712
0.0,0,0.10960634052753448
0.0,0,0.012748572044074535
0.0,0,0.02656109444797039
1.0,1,0.9937493801116943
0.0,0,0.0002912414784077555
1.0,1,0.9019252061843872
1.0,1,0.968451976776123
1.0,1,0.7891033291816711
0.0,0,0.0969041958451271
0.0,0,0.05984921753406525
0.0,0,0.006742929108440876
1.0,1,0.675337553024292
1.0,1,0.9640879034996033
1.0,1,0.6659430861473083
0.0,0,0.0026609073393046856
1.0,1,0.5478926301002502
0.0,0,0.003997434861958027
1.0,1,0.715522050857544
0.0,0,0.007277486380189657
0.0,0,0.006482047960162163
0.0,1,0.962030291557312
1.0,1,0.9910033941268921
1.0,1,0.7518823146820068
0.0,0,0.0589260458946228
1.0,1,0.8803091049194336
0.0,0,0.1807498335838318
0.0,0,0.01351134292781353
0.0,0,0.0025870315730571747
0.0,0,0.004351573996245861
0.0,0,0.0021753821056336164
1.0,1,0.9892005920410156
1.0,1,0.8769177794456482
1.0,1,0.9994138479232788
1.0,1,0.9843877553939819
0.0,0,0.045794565230607986
0.0,1,0.3860633373260498
1.0,1,0.6533247828483582
0.0,0,0.0020413780584931374
1.0,0,0.08179417997598648
1.0,1,0.995457649230957
0.0,1,0.6623180508613586
1.0,1,0.8490018844604492
0.0,0,0.011626284569501877
0.0,0,0.04813371226191521
1.0,1,0.3780185878276825
1.0,1,0.5650545954704285
0.0,0,0.018432503566145897
1.0,1,0.638009250164032
1.0,1,0.9960327744483948
1.0,1,0.989983081817627
1.0,1,0.9992520213127136
0.0,0,0.02045014128088951
0.0,1,0.4942891001701355
1.0,1,0.9739356637001038
0.0,0,0.0119019141420722
1.0,1,0.574667751789093
0.0,1,0.7767069339752197
1.0,1,0.7026184797286987
1.0,0,0.2669063210487366
1.0,1,0.9184672832489014
0.0,0,0.10360649228096008
0.0,0,0.015655681490898132
0.0,0,0.0043908474035561085
0.0,1,0.35636237263679504
1.0,0,0.24797414243221283
1.0,1,0.9484764933586121
0.0,0,0.20652668178081512
1.0,0,0.3047025799751282
0.0,0,0.1070442646741867
0.0,0,0.001081035821698606
1.0,1,0.9929169416427612
1.0,0,0.33259764313697815
1.0,0,0.050730254501104355
0.0,0,0.11182141304016113
0.0,0,0.32280048727989197
1.0,1,0.44910573959350586
1.0,1,0.9995424747467041
0.0,0,0.00047283299500122666
0.0,0,0.07056606560945511
0.0,0,0.073936328291893
0.0,0,0.10154476016759872
0.0,0,0.27669328451156616
0.0,0,0.08520977944135666
0.0,0,0.01631796918809414
1.0,1,0.4858625829219818
1.0,1,0.784307062625885
0.0,0,0.00815786886960268
0.0,0,0.19909484684467316
1.0,1,0.9995427131652832
1.0,1,0.9989427924156189
1.0,0,0.009530498646199703
0.0,0,0.0043199616484344006
1.0,0,0.10648802667856216
1.0,1,0.9505035281181335
0.0,0,0.11300606280565262
1.0,1,0.9938357472419739
1.0,1,0.9563955068588257
1.0,1,0.9659350514411926
1.0,1,0.9956489205360413
0.0,0,0.0036499854177236557
1.0,1,0.5356045961380005
1.0,1,0.9745661020278931
0.0,0,0.01505645364522934
1.0,1,0.9776076674461365
0.0,0,0.31526997685432434
0.0,1,0.4577520787715912
1.0,1,0.7454926371574402
0.0,0,0.2987871766090393
0.0,0,0.056171923875808716
0.0,0,0.009066416881978512
1.0,1,0.8714301586151123
1.0,1,0.9986875653266907
1.0,1,0.8211747407913208
0.0,1,0.4228600561618805
1.0,0,0.24650411307811737
0.0,0,0.15508584678173065
0.0,1,0.9546601176261902
0.0,0,0.06569641083478928
0.0,0,0.0023019439540803432
0.0,0,0.006079936400055885
1.0,0,0.20386072993278503
1.0,1,0.9981033802032471
0.0,0,0.13724349439144135
0.0,1,0.9931857585906982
0.0,0,0.004828616976737976
0.0,0,0.004913384094834328
1.0,1,0.9570800065994263
0.0,0,0.008955361321568489
1.0,1,0.8344566822052002
1.0,1,0.9975972771644592
1.0,1,0.9608335494995117
1.0,1,0.8639000058174133
1.0,1,0.9784291386604309
1.0,1,0.8794312477111816
1.0,0,0.2261403650045395
0.0,1,0.38538435101509094
0.0,0,0.20026585459709167
0.0,1,0.578377902507782
0.0,1,0.8140853047370911
0.0,0,0.008020703680813313
1.0,1,0.8231289982795715
1.0,1,0.4446801245212555
1.0,1,0.843934953212738
0.0,0,0.0693444311618805
1.0,1,0.9991990923881531
1.0,1,0.9919048547744751
1.0,1,0.9992178678512573
1.0,1,0.9938064813613892
1.0,1,0.7508791089057922
1.0,1,0.8341068625450134
0.0,0,0.001954858424142003
0.0,0,0.02519700862467289
1.0,0,0.08477535098791122
0.0,0,0.1231468990445137
0.0,0,0.10655900835990906
0.0,0,0.0005879841628484428
1.0,1,0.9140971302986145
0.0,0,0.043278563767671585
0.0,0,0.20227012038230896
1.0,1,0.9279106259346008
0.0,0,0.0007050097337923944
0.0,1,0.7994621992111206
0.0,0,0.0005809180438518524
1.0,1,0.9976035952568054
1.0,1,0.9223383069038391
1.0,1,0.9290520548820496
0.0,0,0.035899486392736435
1.0,1,0.6717832088470459
1.0,1,0.4108329117298126
1.0,1,0.9922745823860168
0.0,0,0.22453303635120392
0.0,0,0.009626870974898338
0.0,0,0.0005739702028222382
1.0,0,0.22651030123233795
0.0,1,0.51003098487854
1.0,1,0.6691941022872925
1.0,0,0.30225759744644165
0.0,0,0.002547874813899398
0.0,0,0.02825283259153366
1.0,1,0.9524001479148865
1.0,1,0.9975742697715759
1.0,1,0.49867600202560425
0.0,0,0.32044196128845215
1.0,1,0.890945553779602
0.0,1,0.6672066450119019
0.0,0,0.0011947607854381204
0.0,0,0.02606162242591381
0.0,0,0.012128090485930443
1.0,1,0.9642384052276611
1.0,1,0.9962510466575623
1.0,1,0.7413480281829834
0.0,0,0.14824680984020233
0.0,0,0.03313988447189331
0.0,0,0.04006890580058098
1.0,1,0.9985314607620239
1.0,1,0.7834038138389587
1.0,1,0.9789493083953857
1.0,1,0.9538540244102478
0.0,0,0.0006722375401295722
0.0,1,0.8766490817070007
1.0,1,0.3838517963886261
1.0,1,0.7214832305908203
0.0,0,0.006787015590816736
1.0,1,0.9443780183792114
0.0,1,0.5029502511024475
1.0,1,0.9986081719398499
1.0,1,0.9393110871315002
1.0,1,0.867444634437561
0.0,0,0.20856992900371552
1.0,0,0.05975588783621788
1.0,1,0.476543128490448
0.0,0,0.06644246727228165
0.0,0,0.004660028498619795
1.0,1,0.47737324237823486
1.0,1,0.9593844413757324
0.0,0,0.06669309735298157
1.0,1,0.9366912841796875
0.0,0,0.051420848816633224
1.0,1,0.7428718209266663
0.0,0,0.002317271428182721
1.0,1,0.9890746474266052
1.0,0,0.3044031262397766
1.0,1,0.7653084397315979
0.0,0,0.07382147759199142
0.0,0,0.2979016900062561
1.0,1,0.9116823673248291
1.0,1,0.6909268498420715
1.0,1,0.5177791118621826
1.0,1,0.9930465817451477
1.0,1,0.6838988661766052
1.0,0,0.051821913570165634
0.0,0,0.027894891798496246
1.0,1,0.9765371084213257
0.0,1,0.912860095500946
1.0,1,0.9920138716697693
0.0,0,0.0035857809707522392
0.0,1,0.5322498083114624
1.0,1,0.973220944404602
1.0,1,0.9920778870582581
0.0,1,0.4486731290817261
0.0,0,0.003119685221463442
0.0,0,0.01839248463511467
0.0,0,0.006180319003760815
0.0,0,0.0030436012893915176
1.0,1,0.9768384695053101
0.0,0,0.05740133300423622
0.0,1,0.47140899300575256
0.0,1,0.39110276103019714
0.0,0,0.0032344977371394634
1.0,1,0.7811317443847656
1.0,0,0.24735967814922333
1.0,0,0.23432688415050507
1.0,1,0.8806003928184509
0.0,1,0.42618808150291443
0.0,0,0.006592868361622095
0.0,0,0.032246340066194534
1.0,1,0.9648457169532776
1.0,1,0.8274048566818237
1.0,1,0.9984713196754456
0.0,0,0.3286678194999695
0.0,0,0.31967461109161377
0.0,0,0.0544302761554718
1.0,1,0.9537134766578674
0.0,0,0.13677439093589783
0.0,0,0.005048900377005339
1.0,1,0.9991258978843689
1.0,1,0.998730480670929
0.0,0,0.3384503126144409
1.0,1,0.9721227884292603
1.0,1,0.9710533022880554
0.0,1,0.5899273157119751
0.0,1,0.9173865914344788
1.0,1,0.9979305267333984
0.0,0,0.01725606620311737
1.0,1,0.5963509678840637
1.0,1,0.9973821043968201
0.0,0,0.2565158009529114
1.0,1,0.6294897198677063
1.0,1,0.9943199157714844
0.0,0,0.10178300738334656
0.0,0,0.08771055191755295
0.0,0,0.06855030357837677
0.0,0,0.03843986988067627
1.0,1,0.9964492321014404
0.0,0,0.18306170403957367
1.0,1,0.47237977385520935
1.0,0,0.18590757250785828
1.0,1,0.902942955493927
1.0,1,0.8169072270393372
1.0,1,0.8868052959442139
0.0,0,0.006730342283844948
0.0,0,0.05635921284556389
0.0,0,0.1352657526731491
1.0,1,0.9684944748878479
1.0,1,0.9921228289604187
0.0,0,0.34413638710975647
1.0,1,0.5995955467224121
1.0,1,0.9125891327857971
1.0,0,0.057174962013959885
1.0,1,0.40669387578964233
0.0,0,0.036101724952459335
1.0,1,0.9354231357574463
1.0,1,0.8057488799095154
1.0,1,0.9836543202400208
0.0,1,0.9918698072433472
0.0,0,0.020366521552205086
0.0,0,0.1045338585972786
0.0,0,0.02317044511437416
0.0,0,0.052501387894153595
0.0,0,0.0322636216878891
1.0,1,0.6301224827766418
1.0,1,0.9226166605949402
1.0,1,0.9959481358528137
1.0,1,0.7965993881225586
0.0,0,0.0030153882689774036
1.0,1,0.9883912801742554
0.0,0,0.0008591748191975057
1.0,0,0.14305491745471954
0.0,0,0.0038932280149310827
1.0,1,0.9712029099464417
1.0,1,0.9925029277801514
1.0,1,0.9959385395050049
0.0,0,0.0010834230342879891
1.0,1,0.9542121887207031
0.0,0,0.011624602600932121
0.0,1,0.381734699010849
0.0,0,0.01092834584414959
1.0,1,0.8881803750991821
1.0,1,0.7893393039703369
1.0,1,0.9670450091362
0.0,1,0.6901938915252686
1.0,1,0.3715902268886566
1.0,1,0.9963207244873047
1.0,1,0.991095781326294
0.0,0,0.005430751014500856
0.0,0,0.20679472386837006
0.0,0,0.3278012275695801
1.0,1,0.9844136238098145
1.0,1,0.9261996746063232
1.0,1,0.9727368354797363
1.0,1,0.9877772927284241
1.0,1,0.9490373134613037
0.0,0,0.023853501304984093
1.0,1,0.6454247236251831
1.0,1,0.6098057627677917
0.0,1,0.7187904715538025
1.0,1,0.8404455184936523
0.0,1,0.9750933051109314
0.0,0,0.0075402152724564075
0.0,0,0.034881167113780975
0.0,1,0.9474273324012756
1.0,1,0.9420033693313599
0.0,0,0.034460559487342834
1.0,1,0.968377411365509
1.0,1,0.9780997633934021
1.0,1,0.9650389552116394
1.0,1,0.9027758836746216
1.0,1,0.5700674057006836
0.0,0,0.2606399953365326
1.0,0,0.07996104657649994
0.0,0,0.04130299389362335
0.0,0,0.015169374644756317
0.0,0,0.04241526499390602
1.0,1,0.9642475843429565
0.0,1,0.6493128538131714
0.0,0,0.16650065779685974
1.0,1,0.7163824439048767
0.0,0,0.31093260645866394
1.0,1,0.6947016716003418
0.0,0,0.003447506111115217
1.0,1,0.9333910942077637
0.0,1,0.4341947138309479
0.0,0,0.008469975553452969
1.0,1,0.886363685131073
0.0,0,0.024299008771777153
0.0,0,0.006635638419538736
0.0,0,0.001709580421447754
1.0,1,0.9990211725234985
0.0,0,0.012960408814251423
1.0,1,0.4513553977012634
0.0,0,0.046907540410757065
0.0,0,0.0117493886500597
0.0,0,0.07206699252128601
0.0,0,0.15962564945220947
1.0,1,0.9975826740264893
0.0,1,0.7955918908119202
0.0,0,0.0065720053389668465
1.0,1,0.779260516166687
0.0,0,0.037040092051029205
0.0,0,0.33769920468330383
1.0,1,0.6780176758766174
1.0,1,0.9552502036094666
0.0,0,0.21675366163253784
1.0,1,0.7936678528785706
0.0,1,0.6858206987380981
0.0,0,0.11685843765735626
0.0,0,0.17673799395561218
0.0,0,0.0005003053229302168
0.0,1,0.5659639835357666
1.0,1,0.5335633158683777
0.0,0,0.001618860987946391
0.0,0,0.010423791594803333
1.0,1,0.998805046081543
1.0,1,0.993213415145874
0.0,0,0.006177674978971481
0.0,0,0.00021483036107383668
0.0,1,0.645774781703949
0.0,0,0.0340055450797081
0.0,0,0.012995261698961258
1.0,1,0.930931806564331
1.0,1,0.9578432440757751
0.0,0,0.23504844307899475
0.0,1,0.7918163537979126
1.0,1,0.9581626057624817
0.0,0,0.033252276480197906
1.0,1,0.9981143474578857
1.0,1,0.5286961793899536
1.0,1,0.9102811813354492
0.0,0,0.004684687592089176
1.0,1,0.9485882520675659
0.0,0,0.029215194284915924
0.0,0,0.06223205476999283
1.0,1,0.6689769625663757
0.0,0,0.0019649092573672533
1.0,1,0.9526917338371277
0.0,0,0.009138248860836029
0.0,0,0.13833056390285492
0.0,0,0.016686871647834778
1.0,0,0.02100200206041336
0.0,0,0.004987290594726801
1.0,1,0.9437508583068848
0.0,1,0.9609051942825317
1.0,1,0.6605060696601868
0.0,0,0.02204313315451145
1.0,1,0.631952702999115
1.0,1,0.9955061674118042
0.0,0,0.31892019510269165
1.0,1,0.8699731230735779
0.0,0,0.12266550213098526
1.0,1,0.8970591425895691
1.0,1,0.923884928226471
0.0,0,0.028305836021900177
0.0,0,0.032521095126867294
0.0,0,0.3270913362503052
1.0,0,0.004276445601135492
0.0,0,0.3427765369415283
0.0,0,0.011593447998166084
0.0,0,0.05965980887413025
1.0,1,0.6989049315452576
1.0,1,0.9834644794464111
1.0,1,0.9983490705490112
1.0,1,0.9737032055854797
1.0,0,0.16918562352657318
1.0,0,0.06510111689567566
0.0,1,0.6259617209434509
1.0,0,0.2517549395561218
1.0,0,0.05430913344025612
1.0,0,0.03478265181183815
0.0,0,0.009868895635008812
1.0,0,0.17848026752471924
1.0,1,0.9691813588142395
0.0,0,0.05188331380486488
0.0,1,0.6941553950309753
0.0,0,0.19582125544548035
1.0,1,0.9244928956031799
0.0,0,0.013254116289317608
0.0,0,0.0030973346438258886
1.0,1,0.9375585317611694
1.0,1,0.9965237975120544
0.0,0,0.12847982347011566
0.0,0,0.009533442556858063
1.0,1,0.9986051917076111
1.0,1,0.9984897375106812
0.0,0,0.015472819097340107
1.0,1,0.9798290133476257
1.0,1,0.3898996114730835
0.0,0,0.18785764276981354
1.0,1,0.5205439925193787
0.0,0,0.0008013678016141057
0.0,0,0.0026100780814886093
0.0,0,0.0351748950779438
0.0,0,0.05712112784385681
1.0,1,0.5434454083442688
1.0,1,0.9972854852676392
1.0,0,0.02673720009624958
1.0,1,0.509638786315918
0.0,0,0.028382085263729095
0.0,0,0.038956791162490845
1.0,1,0.5933862924575806
0.0,1,0.6134354472160339
0.0,1,0.9066942930221558
0.0,0,0.0013901566853746772
0.0,0,0.0018814316717907786
0.0,1,0.5930016040802002
1.0,1,0.8050113320350647
1.0,1,0.9835794568061829
1.0,0,0.019346090033650398
0.0,0,0.014029069803655148
0.0,0,0.02429451420903206
1.0,0,0.023618068546056747
1.0,1,0.9997150301933289
1.0,1,0.932845950126648
1.0,0,0.015448684804141521
1.0,1,0.7304943203926086
0.0,0,0.28420430421829224
1.0,1,0.9929512143135071
1.0,0,0.19460123777389526
1.0,1,0.9749659299850464
1.0,1,0.9348084330558777
0.0,0,0.11459145694971085
1.0,1,0.7107903361320496
0.0,0,0.0014024496776983142
0.0,0,0.1023273691534996
0.0,0,0.03291766345500946
1.0,1,0.6145109534263611
0.0,0,0.0057638357393443584
0.0,0,0.012240917421877384
1.0,1,0.5669189095497131
1.0,1,0.3777163028717041
0.0,0,0.15786369144916534
1.0,1,0.8625698089599609
1.0,1,0.9905217885971069
1.0,1,0.8715468645095825
1.0,1,0.8757776021957397
0.0,0,0.052504975348711014
0.0,0,0.2801876664161682
0.0,0,0.007709919009357691
0.0,0,0.23848584294319153
1.0,1,0.9626191854476929
1.0,1,0.6064171195030212
0.0,0,0.1225520595908165
1.0,1,0.37319910526275635
1.0,1,0.876724898815155
0.0,0,0.0037943474017083645
0.0,0,0.2900085747241974
0.0,0,0.31961333751678467
0.0,0,0.0064814649522304535
1.0,1,0.979152262210846
1.0,1,0.6527777910232544
1.0,1,0.9121731519699097
1.0,1,0.8145143389701843
1.0,1,0.9078672528266907
0.0,0,0.028775563463568687
1.0,1,0.9280149340629578
0.0,0,0.0003351126506458968
0.0,0,0.09833444654941559
1.0,0,0.33907654881477356
1.0,1,0.7313892841339111
1.0,1,0.5778064727783203
0.0,0,0.010820750147104263
0.0,0,0.013632763177156448
0.0,0,0.002805959200486541
1.0,1,0.7608802914619446
1.0,0,0.21527983248233795
1.0,1,0.9982765913009644
0.0,0,0.025545526295900345
0.0,0,0.16550828516483307
1.0,1,0.9700548052787781
0.0,0,0.01995796523988247
1.0,1,0.5807660222053528
1.0,1,0.954566240310669
0.0,0,0.010727832093834877
0.0,0,0.056550461798906326
1.0,0,0.22050592303276062
0.0,0,0.019271356984972954
0.0,0,0.021090777590870857
1.0,1,0.8695766925811768
1.0,1,0.5017042756080627
0.0,0,0.25522199273109436
0.0,0,0.0404040589928627
1.0,1,0.9868337512016296
1.0,1,0.9986783862113953
1.0,0,0.08543272316455841
0.0,1,0.8599327802658081
1.0,1,0.9746349453926086
1.0,1,0.991753339767456
0.0,0,0.041068319231271744
0.0,0,0.214304581284523
0.0,0,0.02346150018274784
1.0,1,0.9894830584526062
1.0,1,0.8994057178497314
1.0,1,0.9171218276023865
0.0,0,0.11936759203672409
0.0,0,0.18816515803337097
1.0,1,0.8785598278045654
0.0,0,0.011464104987680912
0.0,0,0.013377931900322437
0.0,0,0.11676178127527237
0.0,1,0.8429691791534424
0.0,0,0.04228028282523155
1.0,1,0.9220484495162964
0.0,0,0.08243774622678757
1.0,1,0.9000392556190491
1.0,1,0.9996703863143921
1.0,1,0.9565757513046265
1.0,0,0.08807377517223358
0.0,1,0.3946598768234253
1.0,1,0.9879042506217957
1.0,1,0.9156811237335205
0.0,1,0.557502806186676
0.0,0,0.12130521982908249
0.0,0,0.04990814998745918
1.0,0,0.04280676692724228
0.0,0,0.003808949375525117
0.0,0,0.0808694139122963
0.0,0,0.03425788879394531
0.0,0,0.012108773924410343
0.0,0,0.09704413264989853
0.0,0,0.04790155217051506
0.0,0,0.2187618762254715
1.0,1,0.9591220617294312
0.0,0,0.020423296838998795
0.0,0,0.002008651616051793
1.0,1,0.9596412181854248
1.0,1,0.8398937582969666
1.0,1,0.8726673126220703
0.0,1,0.4428257644176483
0.0,1,0.49608108401298523
0.0,0,0.027679644525051117
1.0,0,0.027914661914110184
0.0,0,0.11716452986001968
1.0,1,0.9967946410179138
0.0,0,0.0033047161996364594
1.0,1,0.794588565826416
0.0,0,0.00012975127901881933
0.0,0,0.09008142352104187
0.0,1,0.409195214509964
0.0,1,0.9987063407897949
0.0,0,0.03388760983943939
0.0,0,0.010129107162356377
0.0,0,0.02122233249247074
1.0,1,0.3672789931297302
1.0,1,0.9773463606834412
0.0,0,0.0037367583718150854
1.0,1,0.5740925073623657
1.0,1,0.7193654179573059
1.0,1,0.9906863570213318
1.0,1,0.9294864535331726
0.0,1,0.96837317943573
1.0,0,0.03855683282017708
1.0,1,0.8003001809120178
1.0,1,0.482094943523407
0.0,0,0.11524836719036102
0.0,0,0.014655864797532558
1.0,1,0.7640206217765808
1.0,1,0.8959324955940247
0.0,0,0.05362594127655029
1.0,1,0.9852800369262695
0.0,0,0.026038823649287224
0.0,0,0.13923782110214233
0.0,0,0.23288999497890472
0.0,0,0.02203991450369358
0.0,0,0.002812541788443923
1.0,1,0.9047704339027405
0.0,0,0.031642720103263855
0.0,1,0.9440388083457947
1.0,1,0.9808850288391113
0.0,0,0.0026273857802152634
1.0,1,0.9991278052330017
0.0,1,0.43043798208236694
0.0,0,0.05920875817537308
0.0,1,0.5996477603912354
1.0,1,0.9862499237060547
0.0,0,0.00986738596111536
0.0,0,0.004622382577508688
0.0,0,0.2599281072616577
0.0,0,0.015653807669878006
0.0,0,0.3148525059223175
0.0,1,0.5142218470573425
1.0,0,0.3410068154335022
0.0,0,0.010880701243877411
1.0,1,0.9885452389717102
1.0,1,0.9857836961746216
0.0,0,0.1115996241569519
1.0,1,0.6140473484992981
1.0,1,0.9481726884841919
1.0,0,0.20361721515655518
0.0,1,0.8527438044548035
1.0,1,0.6583762764930725
0.0,1,0.9526543021202087
0.0,0,0.06611278653144836
0.0,0,0.00017592112999409437
0.0,0,0.24160364270210266
0.0,0,0.004119400400668383
0.0,0,0.0004629110626410693
1.0,1,0.9984990358352661
0.0,0,0.05601919814944267
1.0,1,0.8942117691040039
0.0,0,0.020748645067214966
0.0,0,0.09731309115886688
1.0,1,0.9708602428436279
0.0,1,0.6750072240829468
1.0,0,0.26346099376678467
0.0,0,0.2507253885269165
1.0,0,0.029069485142827034
0.0,0,0.32290002703666687
0.0,0,0.19634056091308594
0.0,0,0.021818429231643677
1.0,1,0.9995525479316711
0.0,0,0.2632291913032532
0.0,0,0.007349961902946234
0.0,0,0.007563462946563959
0.0,0,0.00150964199565351
0.0,0,0.05506793037056923
1.0,1,0.8712486624717712
1.0,1,0.9746889472007751
1.0,1,0.8438879251480103
0.0,0,0.08590460568666458
0.0,1,0.8074485659599304
1.0,0,0.04454094171524048
0.0,1,0.7221640944480896
0.0,0,0.014063104055821896
1.0,1,0.6825295686721802
1.0,1,0.9954419136047363
0.0,1,0.5375986099243164
1.0,1,0.9901553392410278
0.0,0,0.007411428261548281
1.0,1,0.9846728444099426
1.0,0,0.07876145839691162
1.0,1,0.9937746524810791
1.0,0,0.21435044705867767
1.0,1,0.9383829832077026
1.0,1,0.9881305694580078
0.0,0,0.00021362931875046343
0.0,0,0.17744450271129608
0.0,0,0.033013857901096344
1.0,1,0.8581873774528503
0.0,0,0.06535850465297699
0.0,0,0.032643623650074005
0.0,0,0.0026380722410976887
1.0,0,0.005278971511870623
1.0,0,0.34245362877845764
1.0,1,0.9883422255516052
0.0,0,0.011382697150111198
1.0,0,0.07458078116178513
1.0,1,0.9538368582725525
0.0,1,0.7413647174835205
0.0,1,0.9633216857910156
1.0,1,0.431852251291275
1.0,1,0.9761679768562317
1.0,1,0.9864280819892883
1.0,1,0.921839714050293
1.0,1,0.9855393171310425
0.0,0,0.0022955986205488443
0.0,0,0.050289079546928406
0.0,0,0.004318998195230961
1.0,0,0.20686689019203186
0.0,0,0.0008318087202496827
1.0,1,0.5840591788291931
1.0,1,0.783951997756958
0.0,0,0.31862935423851013
1.0,0,0.04621267318725586
0.0,1,0.4217052161693573
0.0,0,0.02704596519470215
0.0,0,0.019301017746329308
0.0,0,0.00244037969969213
0.0,0,0.04259653389453888
1.0,1,0.9905431866645813
1.0,1,0.9947624802589417
1.0,1,0.970734179019928
1.0,1,0.996518611907959
0.0,0,0.15038347244262695
0.0,0,0.20042410492897034
1.0,1,0.5778855085372925
0.0,1,0.789563775062561
0.0,0,0.28668469190597534
1.0,1,0.9928215146064758
1.0,0,0.18783769011497498
1.0,1,0.9931457042694092
0.0,1,0.9114429354667664
1.0,1,0.9386873841285706
0.0,1,0.3891453444957733
0.0,0,0.01661507971584797
0.0,0,0.2994173765182495
0.0,1,0.8661178946495056
1.0,1,0.8296974301338196
1.0,1,0.9918180704116821
1.0,1,0.9852479696273804
0.0,0,0.009717493318021297
0.0,0,0.013993261381983757
1.0,1,0.9040563702583313
1.0,0,0.10649093985557556
1.0,1,0.9993507266044617
1.0,1,0.5782301425933838
0.0,1,0.445930153131485
1.0,1,0.9084316492080688
1.0,1,0.9774770140647888
1.0,0,0.2544440031051636
1.0,1,0.7727773785591125
1.0,1,0.637162446975708
0.0,0,0.2826697826385498
0.0,0,0.009583614766597748
1.0,1,0.9849513173103333
1.0,1,0.9987202882766724
0.0,0,0.008847919292747974
1.0,1,0.9903006553649902
1.0,1,0.9762253761291504
1.0,1,0.9259796738624573
0.0,0,0.061286844313144684
0.0,1,0.38400334119796753
0.0,1,0.7005687952041626
1.0,1,0.8984704613685608
0.0,1,0.4756503701210022
1.0,1,0.9976588487625122
0.0,0,0.0040580034255981445
1.0,1,0.5990449786186218
0.0,1,0.3657682538032532
1.0,1,0.9995874762535095
1.0,1,0.9764485359191895
0.0,0,0.08170574903488159
1.0,1,0.9989643096923828
1.0,1,0.5273860096931458
0.0,0,0.036674365401268005
0.0,1,0.8824122548103333
1.0,1,0.8576560020446777
0.0,0,0.07049300521612167
1.0,1,0.9263662099838257
1.0,1,0.6021307706832886
0.0,0,0.05302727222442627
1.0,1,0.9037159085273743
0.0,0,0.10187889635562897
1.0,1,0.9956892132759094
0.0,1,0.47766220569610596
0.0,0,0.24689295887947083
0.0,0,0.10413249582052231
0.0,0,0.2794411778450012
0.0,0,0.005153202451765537
0.0,0,0.022488510236144066
1.0,1,0.7419669032096863
0.0,0,0.24963334202766418
0.0,0,0.22242076694965363
0.0,1,0.6878509521484375
1.0,1,0.9310157895088196
0.0,0,0.05949849262833595
0.0,0,0.015448366291821003
0.0,0,0.20384080708026886
0.0,0,0.04107089340686798
1.0,1,0.9604361653327942
0.0,0,0.0060091158375144005
1.0,1,0.9407975077629089
0.0,0,0.010044148191809654
0.0,0,0.3541300296783447
1.0,1,0.8559783101081848
1.0,1,0.9403688311576843
1.0,1,0.9992819428443909
1.0,1,0.8009615540504456
0.0,0,0.016303228214383125
1.0,1,0.6951804161071777
0.0,0,0.03430618718266487
0.0,0,0.11041966080665588
0.0,0,0.12772294878959656
0.0,0,0.00949609000235796
1.0,1,0.9553973078727722
1.0,1,0.9676487445831299
0.0,0,0.0007504838285967708
0.0,0,0.0628584548830986
1.0,1,0.9979888200759888
0.0,0,0.29095426201820374
0.0,0,0.20132328569889069
1.0,0,0.1456311047077179
0.0,0,0.21927373111248016
0.0,0,0.019376473501324654
0.0,0,0.2133898138999939
0.0,0,0.0037160059437155724
1.0,1,0.8791835904121399
1.0,1,0.9935512542724609
0.0,0,0.07477337121963501
0.0,0,0.10544569045305252
1.0,1,0.9611613750457764
1.0,1,0.607583224773407
1.0,1,0.9763811826705933
1.0,0,0.06547892093658447
0.0,1,0.834423840045929
1.0,1,0.953679621219635
1.0,0,0.0022188627626746893
0.0,0,0.016863252967596054
1.0,1,0.9876731038093567
1.0,1,0.9988823533058167
1.0,1,0.9866124391555786
1.0,1,0.7713071703910828
1.0,1,0.9427173137664795
0.0,0,0.033298712223768234
1.0,1,0.9773265719413757
1.0,0,0.08150365203619003
0.0,0,0.0015751078026369214
0.0,1,0.6505938768386841
1.0,0,0.071891650557518
1.0,1,0.6375777125358582
0.0,0,0.28693509101867676
0.0,0,0.026647837832570076
0.0,1,0.502083957195282
1.0,1,0.972695529460907
1.0,1,0.9958743453025818
0.0,0,0.019650911912322044
0.0,0,0.031645625829696655
0.0,0,0.06410904973745346
0.0,0,0.14069747924804688
1.0,1,0.940886914730072
0.0,0,0.11230947822332382
1.0,1,0.8186671733856201
1.0,1,0.9739508032798767
1.0,1,0.9708359241485596
0.0,0,0.018617907539010048
1.0,1,0.6654923558235168
0.0,0,0.012913097627460957
0.0,0,0.0007162115653045475
0.0,0,0.004163758363574743
0.0,0,0.011133819818496704
0.0,0,0.3169946074485779
0.0,0,0.02046479843556881
0.0,0,0.1061323806643486
1.0,1,0.998023271560669
1.0,1,0.813625693321228
0.0,0,0.023584244772791862
1.0,1,0.7128735184669495
0.0,0,0.01748715341091156
0.0,0,0.006995125208050013
1.0,1,0.9992928504943848
0.0,0,0.18206776678562164
0.0,0,0.01814226247370243
0.0,0,0.1771470606327057
1.0,1,0.991027295589447
0.0,0,0.10678253322839737
0.0,1,0.7272602319717407
1.0,1,0.9914771914482117
1.0,0,0.11864011734724045
0.0,0,0.014708773232996464
0.0,0,0.05905391648411751
0.0,0,0.010447758249938488
1.0,1,0.9737756848335266
1.0,1,0.978545069694519
0.0,0,0.005750687792897224
0.0,0,0.1626211255788803
0.0,0,0.21956051886081696
0.0,0,0.05617966875433922
1.0,0,0.013399094343185425
1.0,1,0.7789009809494019
1.0,1,0.8752953410148621
0.0,0,0.03749093413352966
0.0,0,0.3370566666126251
1.0,0,0.2714534401893616
0.0,0,0.08742674440145493
1.0,1,0.9156727194786072
0.0,0,0.0009317820076830685
1.0,1,0.45490050315856934
0.0,0,0.35030272603034973
1.0,1,0.9892963767051697
0.0,0,0.13240909576416016
0.0,0,0.005530945956707001
1.0,1,0.55218106508255
0.0,0,0.1235988438129425
1.0,1,0.9765573143959045
1.0,1,0.7104151844978333
1.0,1,0.7030324339866638
1.0,0,0.041140586137771606
0.0,0,0.10373573750257492
0.0,0,0.018821951001882553
1.0,1,0.9777336716651917
0.0,1,0.9717464447021484
1.0,1,0.9946328401565552
0.0,0,0.1141582801938057
0.0,0,0.021346941590309143
1.0,1,0.416053831577301
1.0,1,0.8445444703102112
1.0,0,0.07242611795663834
0.0,0,0.32867568731307983
1.0,1,0.969569742679596
0.0,0,0.008253534324467182
0.0,0,0.03880448266863823
1.0,1,0.9926416277885437
0.0,0,0.013034923002123833
1.0,1,0.9737846851348877
0.0,0,0.0038841208443045616
1.0,1,0.9457019567489624
1.0,1,0.9945796728134155
0.0,0,0.04922468215227127
1.0,0,0.15389510989189148
1.0,0,0.3220120966434479
1.0,1,0.8916535377502441
0.0,0,0.1251571923494339
1.0,1,0.994983434677124
0.0,0,0.003593804081901908
1.0,1,0.9311692714691162
0.0,0,0.006752078887075186
0.0,0,0.17899635434150696
1.0,1,0.9611321687698364
1.0,1,0.9975693821907043
0.0,1,0.43320000171661377
0.0,0,0.15558381378650665
1.0,1,0.6605695486068726
0.0,0,0.03300962224602699
1.0,1,0.965402364730835
0.0,0,0.025363285094499588
1.0,1,0.996034562587738
1.0,1,0.8836256265640259
1.0,1,0.939358651638031
0.0,0,0.20933546125888824
1.0,1,0.6999989151954651
1.0,1,0.9994927644729614
0.0,0,0.004531188402324915
1.0,0,0.2933470904827118
0.0,0,0.0852297767996788
0.0,0,0.000837779778521508
0.0,1,0.5429977178573608
1.0,1,0.985592782497406
0.0,0,0.2908683717250824
0.0,0,0.00997664500027895
0.0,0,0.032968971878290176
0.0,0,0.009459794498980045
0.0,0,0.003868746105581522
1.0,1,0.9512047171592712
1.0,1,0.5357357263565063
0.0,0,0.009390159510076046
0.0,0,0.05137336626648903
1.0,1,0.4140246510505676
1.0,0,0.0034524863585829735
0.0,1,0.37535181641578674
1.0,0,0.22804559767246246
0.0,0,0.010289199650287628
0.0,0,0.019647296518087387
1.0,1,0.9240528345108032
0.0,0,0.2462947815656662
1.0,1,0.9274402260780334
0.0,0,0.004667611792683601
1.0,1,0.9992130994796753
0.0,0,0.03863723948597908
0.0,0,0.2286086231470108
1.0,1,0.9358590245246887
0.0,0,0.08394607156515121
0.0,0,0.0003178173501510173
0.0,0,0.022996773943305016
0.0,0,0.012864346615970135
1.0,1,0.9863719344139099
1.0,1,0.9171320796012878
0.0,0,3.893248504027724e-05
1.0,1,0.8334518671035767
1.0,1,0.40687355399131775
0.0,0,0.004292027093470097
1.0,1,0.5603253841400146
1.0,1,0.5830929279327393
0.0,0,0.05219697207212448
1.0,1,0.9909212589263916
0.0,0,0.0041166250593960285
0.0,0,0.011237166821956635
1.0,1,0.9886080026626587
0.0,1,0.8586839437484741
0.0,0,0.171687051653862
1.0,1,0.9060542583465576
1.0,1,0.9995496869087219
0.0,0,0.03230583667755127
1.0,1,0.9980371594429016
0.0,0,0.00949782133102417
0.0,0,0.08324933797121048
0.0,0,0.02449783869087696
1.0,1,0.9891351461410522
1.0,1,0.9937711358070374
1.0,1,0.36230209469795227
0.0,0,0.02138749323785305
0.0,0,0.004057159647345543
1.0,0,0.24800722301006317
0.0,1,0.7717564105987549
1.0,1,0.9990046620368958
1.0,1,0.9973809123039246
1.0,1,0.6457757949829102
1.0,1,0.9872422218322754
0.0,0,0.3427167236804962
1.0,1,0.7890909910202026
1.0,1,0.6270824074745178
1.0,1,0.9888818860054016
1.0,1,0.7559422254562378
0.0,0,0.0027290545403957367
0.0,0,0.010541816242039204
1.0,1,0.9969996809959412
1.0,0,0.31309080123901367
0.0,0,0.0006036423146724701
0.0,0,0.05543407425284386
1.0,0,0.33468934893608093
0.0,0,0.00041960051748901606
1.0,1,0.9979057312011719
1.0,1,0.9811164140701294
1.0,1,0.9849290251731873
1.0,1,0.9705443382263184
1.0,1,0.9983236193656921
1.0,1,0.9832393527030945
1.0,1,0.9896251559257507
1.0,1,0.554612398147583
0.0,0,0.21432334184646606
0.0,0,0.16788960993289948
1.0,1,0.8248366117477417
1.0,1,0.9940617680549622
1.0,1,0.48873382806777954
0.0,0,0.008376424200832844
0.0,0,0.3484148383140564
0.0,0,0.0006877786945551634
0.0,0,0.0025620609521865845
0.0,1,0.45755138993263245
1.0,1,0.43369632959365845
0.0,0,0.008803412318229675
0.0,0,0.03874496743083
0.0,0,0.32992345094680786
0.0,0,0.018198257312178612
1.0,1,0.9979764819145203
1.0,1,0.88472980260849
1.0,1,0.45965585112571716
0.0,0,0.0587003119289875
0.0,1,0.41775721311569214
0.0,0,0.02098925970494747
1.0,1,0.7042731046676636
0.0,1,0.6368131637573242
0.0,0,0.028870558366179466
0.0,0,0.008108650334179401
1.0,1,0.9702575206756592
1.0,0,0.2795383036136627
1.0,1,0.927782416343689
1.0,1,0.4352675676345825
1.0,1,0.998776376247406
0.0,0,0.020673776045441628
1.0,0,0.059753477573394775
1.0,1,0.8170881867408752
1.0,1,0.98802649974823
0.0,1,0.9880878329277039
1.0,1,0.5446269512176514
0.0,1,0.4822235703468323
1.0,1,0.9967719912528992
1.0,1,0.9182678461074829
0.0,0,0.005074431654065847
0.0,0,0.002306607086211443
0.0,0,0.10623125731945038
0.0,0,0.02814192697405815
0.0,0,0.02669225074350834
1.0,1,0.6828000545501709
1.0,0,0.1580163836479187
0.0,0,0.005276015494018793
0.0,0,0.1842314898967743
0.0,1,0.9730111956596375
0.0,0,0.07700477540493011
1.0,1,0.8986161947250366
1.0,1,0.9986615180969238
0.0,0,0.07544141262769699
1.0,0,0.2366824746131897
1.0,0,0.2978631854057312
0.0,0,0.05867459997534752
1.0,1,0.9647930264472961
0.0,0,0.07454916089773178
1.0,1,0.943192183971405
1.0,1,0.7199875712394714
0.0,0,0.09297020733356476
1.0,1,0.7065353393554688
0.0,0,0.07792196422815323
0.0,0,0.0025502124335616827
0.0,1,0.40768682956695557
1.0,1,0.9671511650085449
0.0,1,0.9977003931999207
0.0,0,0.07578275352716446
0.0,0,0.010751293040812016
1.0,1,0.46487241983413696
1.0,1,0.9117513298988342
0.0,0,0.34178608655929565
0.0,0,0.07591372728347778
0.0,1,0.4739841818809509
1.0,0,0.32595357298851013
1.0,1,0.8889280557632446
1.0,1,0.9401342272758484
1.0,1,0.9117472171783447
1.0,1,0.9503059387207031
1.0,1,0.996874213218689
0.0,0,0.014727859757840633
1.0,0,0.057758234441280365
0.0,1,0.937840461730957
0.0,0,0.01969575695693493
0.0,0,0.009099007584154606
0.0,1,0.961195170879364
0.0,0,0.0008168081403709948
1.0,0,0.09840182214975357
1.0,1,0.9315459132194519
1.0,0,0.2248229831457138
1.0,1,0.9897149205207825
1.0,1,0.8886488676071167
1.0,1,0.4527556598186493
0.0,0,0.12269692122936249
0.0,0,0.002914667362347245
0.0,0,0.02340030111372471
0.0,1,0.48955780267715454
0.0,0,0.03955864906311035
1.0,1,0.9800391793251038
0.0,0,0.019566243514418602
0.0,0,0.005168573930859566
1.0,1,0.9357764720916748
1.0,1,0.9341364502906799
1.0,1,0.9008378386497498
1.0,1,0.9420619010925293
1.0,1,0.6275069117546082
0.0,0,0.3432251214981079
0.0,0,0.024582987651228905
1.0,1,0.4247323274612427
1.0,1,0.9668018221855164
1.0,0,0.012976601719856262
1.0,1,0.8786844611167908
1.0,1,0.640641450881958
1.0,0,0.329159677028656
1.0,1,0.9882611632347107
1.0,1,0.8536071181297302
1.0,1,0.7333981394767761
0.0,0,0.00889709684997797
1.0,1,0.8735893964767456
1.0,1,0.9990567564964294
1.0,1,0.9875929951667786
1.0,1,0.8417961597442627
1.0,1,0.9346587657928467
0.0,1,0.8257641792297363
1.0,0,0.009971851482987404
1.0,0,0.03766666725277901
0.0,0,0.010348804295063019
0.0,1,0.9478518962860107
0.0,1,0.3612598478794098
0.0,0,0.0021475539542734623
1.0,0,0.3302650451660156
1.0,1,0.9993560910224915
0.0,0,0.1303301751613617
1.0,1,0.9934612512588501
1.0,1,0.9548494219779968
1.0,1,0.9984533786773682
0.0,0,0.008114190772175789
0.0,0,0.13575150072574615
0.0,0,0.006424759980291128
0.0,0,0.0013818212319165468
1.0,1,0.6850634217262268
0.0,0,0.1340547651052475
0.0,1,0.7869975566864014
1.0,1,0.9847636818885803
1.0,1,0.948788046836853
1.0,1,0.9943130016326904
0.0,0,0.29370230436325073
1.0,1,0.8491674065589905
1.0,1,0.9626146554946899
1.0,1,0.9772375226020813
0.0,0,0.31959623098373413
0.0,0,0.0051133292727172375
1.0,1,0.9655507206916809
1.0,1,0.9999017715454102
0.0,0,0.0033280837815254927
0.0,0,0.11851336061954498
0.0,0,0.003735590260475874
0.0,0,0.0001189236281788908
0.0,0,0.014190511777997017
1.0,1,0.7666801810264587
1.0,1,0.6273021697998047
0.0,1,0.4612131416797638
1.0,1,0.6318024396896362
1.0,0,0.3488459587097168
0.0,0,0.14928442239761353
1.0,0,0.12458020448684692
0.0,0,0.010563783347606659
0.0,0,0.08987004309892654
0.0,0,0.3039446175098419
1.0,1,0.9954949617385864
0.0,0,0.09632693231105804
0.0,1,0.8716945648193359
1.0,0,0.31767168641090393
0.0,0,0.03238014504313469
0.0,0,0.04925801232457161
1.0,1,0.7168626189231873
1.0,0,0.03921127691864967
1.0,1,0.9455056190490723
0.0,0,0.003995808772742748
0.0,0,0.020816689357161522
1.0,1,0.8345159888267517
0.0,1,0.42132577300071716
0.0,0,0.11227014660835266
0.0,0,0.00789159256964922
1.0,1,0.7929413318634033
1.0,1,0.9959873557090759
1.0,1,0.9465786218643188
1.0,1,0.9901566505432129
0.0,1,0.8482397794723511
1.0,1,0.968870222568512
0.0,1,0.4496012032032013
0.0,1,0.780214250087738
1.0,1,0.9577426314353943
0.0,0,0.07075576484203339
1.0,1,0.9352452158927917
0.0,0,0.08711065351963043
0.0,0,0.05015798285603523
0.0,0,0.011474193073809147
0.0,1,0.4861878752708435
0.0,0,0.2298315316438675
1.0,1,0.9982821941375732
1.0,1,0.7730525135993958
1.0,1,0.9940043091773987
1.0,1,0.9415218234062195
1.0,1,0.8875623941421509
1.0,1,0.9610865116119385
1.0,0,0.10368026793003082
0.0,0,0.007354398258030415
0.0,0,0.08643972128629684
1.0,1,0.9504693746566772
1.0,1,0.8972675204277039
1.0,0,0.20550626516342163
1.0,1,0.3833862543106079
1.0,1,0.9973378777503967
1.0,1,0.9966503977775574
1.0,1,0.4322477877140045
0.0,0,0.04380873963236809
0.0,0,0.22517938911914825
0.0,0,0.002598464023321867
0.0,0,0.094817616045475
1.0,1,0.46368157863616943
0.0,1,0.5688678026199341
0.0,1,0.6533977389335632
0.0,0,0.05603523179888725
0.0,1,0.8653052449226379
0.0,0,0.0004552953178063035
1.0,1,0.9342104196548462
1.0,0,0.12279684096574783
0.0,0,0.04950489103794098
1.0,1,0.9870478510856628
0.0,1,0.7992634773254395
1.0,1,0.9811277389526367
1.0,1,0.9985117316246033
0.0,0,0.03428739309310913
0.0,0,0.12021824717521667
1.0,1,0.9737226366996765
1.0,1,0.984098494052887
0.0,1,0.7685568928718567
0.0,0,0.0881648138165474
0.0,0,0.16266316175460815
1.0,1,0.684452474117279
1.0,0,0.0021719972137361765
1.0,1,0.4114171862602234
0.0,0,0.0032055960036814213
0.0,1,0.5516582727432251
1.0,1,0.9750492572784424
1.0,1,0.9916292428970337
1.0,1,0.7708770036697388
0.0,1,0.8298445343971252
0.0,0,0.0373539924621582
0.0,0,0.027772709727287292
1.0,1,0.3856949806213379
1.0,1,0.997796893119812
1.0,1,0.8251762986183167
0.0,0,0.0831436738371849
0.0,0,0.010224924422800541
1.0,1,0.6572853326797485
1.0,0,0.1726984679698944
1.0,1,0.9024426937103271
1.0,1,0.6684162020683289
0.0,0,0.12008984386920929
0.0,1,0.6028966903686523
1.0,1,0.9424903392791748
0.0,0,0.007844101637601852
0.0,0,0.23321516811847687
1.0,1,0.9990585446357727
0.0,0,0.0012706678826361895
1.0,1,0.8305153846740723
1.0,1,0.7739460468292236
1.0,0,0.17205923795700073
1.0,0,0.15935149788856506
1.0,1,0.9701917767524719
1.0,1,0.9864330887794495
0.0,1,0.6631428003311157
0.0,0,0.00014840328367426991
0.0,1,0.3767545819282532
0.0,0,0.009181084111332893
0.0,0,0.03240925446152687
0.0,0,0.10854403674602509
1.0,1,0.8559789061546326
1.0,1,0.9763234257698059
1.0,1,0.9922425746917725
0.0,0,0.1114407628774643
0.0,1,0.6710789799690247
1.0,1,0.9996559619903564
0.0,0,0.0006740202661603689
1.0,1,0.9985215067863464
1.0,0,0.0035526494029909372
0.0,0,0.17438849806785583
1.0,1,0.9474550485610962
1.0,1,0.9977989792823792
0.0,0,0.1625501811504364
0.0,1,0.907116711139679
0.0,0,0.2759697139263153
1.0,1,0.9857913255691528
1.0,1,0.9756578803062439
0.0,0,0.008649548515677452
0.0,0,0.03762400522828102
0.0,0,0.0008581345318816602
1.0,1,0.9948474168777466
0.0,0,0.09235253930091858
0.0,0,0.011885781772434711
0.0,0,0.2480265200138092
0.0,1,0.7061832547187805
1.0,1,0.674067497253418
0.0,0,0.016193442046642303
0.0,0,0.006302799563854933
0.0,0,0.07434138655662537
1.0,1,0.9913139939308167
0.0,0,0.0038034841418266296
1.0,1,0.9880520105361938
1.0,1,0.9234651923179626
1.0,1,0.6996921896934509
1.0,1,0.9712591767311096
1.0,1,0.9815046191215515
0.0,1,0.7366339564323425
0.0,0,0.0077818832360208035
0.0,1,0.7041683793067932
1.0,1,0.42554885149002075
0.0,0,0.001305831829085946
1.0,1,0.995240330696106
1.0,1,0.46915334463119507
0.0,0,0.22664640843868256
1.0,1,0.6092892289161682
1.0,0,0.1713465005159378
0.0,0,0.0038463750388473272
0.0,0,0.0006946185021661222
0.0,0,0.11672145873308182
1.0,1,0.3555981516838074
0.0,0,0.025664756074547768
1.0,1,0.9645521640777588
1.0,1,0.9601659774780273
0.0,0,0.002067708410322666
1.0,1,0.6854038238525391
0.0,0,0.00552016869187355
0.0,0,0.007063982542604208
0.0,0,0.0137947928160429
0.0,1,0.988795280456543
0.0,0,0.007918461225926876
0.0,0,0.0024291479494422674
0.0,0,0.012713061645627022
0.0,0,0.00471162935718894
0.0,0,0.006715294439345598
0.0,0,0.01877990923821926
0.0,1,0.9285491704940796
0.0,0,0.30140209197998047
0.0,0,0.016250621527433395
0.0,1,0.9731671214103699
1.0,0,0.10041866451501846
1.0,0,0.05763442814350128
0.0,0,0.07160528749227524
0.0,0,0.0004705888277385384
0.0,0,0.26182329654693604
1.0,1,0.9602466225624084
0.0,1,0.3887591063976288
1.0,0,0.29914435744285583
1.0,1,0.7303842902183533
1.0,1,0.9984595775604248
1.0,1,0.6886388063430786
0.0,0,0.2696996033191681
1.0,0,0.127909854054451
1.0,1,0.9946069121360779
0.0,0,0.11092044413089752
0.0,0,0.014455900527536869
1.0,1,0.6222749352455139
1.0,1,0.8515698909759521
0.0,0,0.01192146260291338
1.0,1,0.9715489149093628
0.0,0,0.04490040987730026
0.0,0,0.0025576548650860786
1.0,1,0.9999133348464966
0.0,1,0.47692298889160156
0.0,0,0.16776855289936066
1.0,1,0.8910886645317078
1.0,1,0.9757240414619446
1.0,1,0.9713150262832642
1.0,1,0.9946858882904053
1.0,1,0.6448100209236145
0.0,1,0.7915053367614746
1.0,1,0.5634285807609558
1.0,1,0.9312713146209717
1.0,1,0.9963374137878418
0.0,0,0.04485342651605606
1.0,1,0.9968787431716919
0.0,0,0.0018274618778377771
0.0,1,0.9267215132713318
0.0,1,0.5981608033180237
1.0,1,0.36333268880844116
0.0,0,0.018563944846391678
1.0,1,0.9678174257278442
1.0,1,0.9755426049232483
0.0,1,0.6664057374000549
0.0,1,0.937041163444519
0.0,0,0.008115088567137718
1.0,1,0.815948486328125
1.0,0,0.10209186375141144
1.0,1,0.9733484387397766
1.0,1,0.9449456930160522
1.0,1,0.9094551801681519
1.0,0,0.15026138722896576
1.0,0,0.013715002685785294
0.0,0,0.0520053468644619
0.0,1,0.9526401162147522
1.0,1,0.5924257636070251
0.0,0,0.002867394359782338
0.0,0,0.002003258094191551
0.0,1,0.6784005761146545
1.0,1,0.8794630765914917
1.0,1,0.48887401819229126
0.0,0,0.007436452899128199
1.0,1,0.8789392113685608
0.0,0,0.0210834052413702
1.0,1,0.9704324007034302
0.0,0,0.002735255751758814
1.0,1,0.8608554005622864
1.0,1,0.8887025117874146
1.0,0,0.2287185788154602
0.0,1,0.5224930644035339
0.0,0,0.08585858345031738
0.0,0,0.26729416847229004
0.0,0,0.29664477705955505
0.0,0,0.17762121558189392
0.0,0,0.0057723126374185085
1.0,0,0.056823648512363434
1.0,0,0.22685649991035461
1.0,1,0.9831053614616394
0.0,0,0.0034848812501877546
0.0,0,0.027567457407712936
0.0,0,0.012722965329885483
1.0,1,0.9873238801956177
1.0,1,0.5027773380279541
1.0,1,0.9786962270736694
1.0,1,0.6139991879463196
1.0,1,0.9974954128265381
0.0,0,0.005751361604779959
1.0,1,0.9319738149642944
0.0,0,0.0014496068470180035
1.0,0,0.03536572679877281
1.0,1,0.9813464283943176
1.0,0,0.18215732276439667
1.0,1,0.8913121223449707
1.0,1,0.9926683902740479
0.0,0,0.1493014395236969
1.0,0,0.14130766689777374
1.0,1,0.94891756772995
1.0,1,0.9898692965507507
1.0,1,0.9590057134628296
0.0,0,0.06945792585611343
0.0,0,0.03686016425490379
0.0,0,0.01650036685168743
0.0,1,0.983244776725769
0.0,0,0.018647080287337303
0.0,1,0.9136006236076355
1.0,1,0.9365143179893494
1.0,1,0.8261888027191162
0.0,0,0.26542016863822937
1.0,1,0.9300414323806763
1.0,0,0.18196652829647064
0.0,0,0.3542283773422241
0.0,0,0.0014992993092164397
1.0,1,0.9950647950172424
1.0,1,0.6280682682991028
1.0,1,0.7806143760681152
0.0,0,0.052184753119945526
0.0,0,0.021164758130908012
0.0,0,0.07383894175291061
0.0,0,0.006396270822733641
0.0,0,0.053101908415555954
0.0,0,0.33478763699531555
1.0,1,0.8720539808273315
1.0,0,0.18941135704517365
0.0,0,0.015390215441584587
1.0,1,0.9405287504196167
0.0,1,0.9415960907936096
0.0,1,0.6861532926559448
0.0,0,0.04075849801301956
1.0,1,0.9373003840446472
1.0,0,0.27014949917793274
1.0,1,0.9496942758560181
0.0,0,0.03200501948595047
0.0,0,0.0568276047706604
0.0,0,0.038053274154663086
0.0,0,0.008972198702394962
0.0,1,0.8425630331039429
1.0,1,0.9931930899620056
1.0,0,0.239324688911438
1.0,1,0.9968186616897583
1.0,0,0.011687242425978184
0.0,0,0.22476395964622498
1.0,0,0.19186724722385406
1.0,1,0.8218041658401489
1.0,1,0.9617234468460083
0.0,0,0.18274910748004913
0.0,0,0.029089752584695816
1.0,1,0.5291635394096375
1.0,1,0.954204261302948
0.0,1,0.9062010645866394
0.0,0,0.08624155819416046
1.0,1,0.9487872123718262
1.0,1,0.9994760155677795
1.0,0,0.10991217195987701
0.0,0,0.1593109667301178
0.0,1,0.43958789110183716
1.0,0,0.27967599034309387
1.0,1,0.9921080470085144
1.0,1,0.9113902449607849
1.0,1,0.7232876420021057
1.0,1,0.9928299784660339
1.0,1,0.9673289656639099
0.0,0,0.05763063207268715
0.0,0,0.004099216777831316
1.0,1,0.9873096346855164
1.0,1,0.9973262548446655
0.0,0,0.005084586795419455
1.0,1,0.7112028002738953
0.0,0,0.014182822778820992
0.0,0,0.2024591863155365
0.0,0,0.0018085635965690017
1.0,1,0.8573246598243713
0.0,0,0.3550793528556824
0.0,0,0.01204177550971508
0.0,0,0.11095257103443146
0.0,0,0.04572196304798126
0.0,0,0.25830698013305664
0.0,0,0.08984257280826569
0.0,0,0.01158176176249981
0.0,0,0.0007644325378350914
1.0,1,0.9894396662712097
0.0,0,0.005055554211139679
1.0,0,0.15277834236621857
0.0,1,0.49574199318885803
1.0,1,0.9717641472816467
1.0,0,0.08304344117641449
0.0,0,0.0016288063488900661
1.0,0,0.08995018154382706
1.0,1,0.6828957200050354
1.0,0,0.25704365968704224
0.0,0,0.14495907723903656
0.0,0,0.21146808564662933
1.0,1,0.7760300636291504
1.0,1,0.9983327984809875
0.0,1,0.4645804762840271
0.0,0,0.04155838117003441
0.0,1,0.8030886054039001
1.0,0,0.18985112011432648
1.0,0,0.00345468707382679
0.0,0,0.02268068492412567
0.0,0,0.0031888734083622694
1.0,0,0.0062866369262337685
0.0,0,0.016955358907580376
0.0,0,0.28000685572624207
0.0,0,0.022959452122449875
0.0,0,0.02083510160446167
1.0,1,0.9993773102760315
1.0,1,0.3770274817943573
1.0,1,0.9992451667785645
0.0,0,0.030804436653852463
1.0,1,0.9991631507873535
0.0,0,0.09296046197414398
0.0,0,0.026562994346022606
0.0,0,0.19662413001060486
1.0,1,0.4851335883140564
0.0,0,0.06411316990852356
1.0,0,0.06298580765724182
1.0,1,0.7552486062049866
0.0,0,0.09719323366880417
0.0,0,0.11301780492067337
1.0,0,0.20353932678699493
0.0,1,0.7341128587722778
0.0,0,0.02542959526181221
1.0,0,0.008030095137655735
0.0,1,0.9659208059310913
1.0,1,0.981812596321106
0.0,1,0.3956685960292816
0.0,0,0.029136907309293747
1.0,0,0.03435617312788963
1.0,1,0.9786311388015747
1.0,1,0.9618740081787109
0.0,0,0.02598309889435768
1.0,1,0.49303779006004333
0.0,0,0.04569579288363457
1.0,1,0.9655566215515137
1.0,1,0.9058046340942383
0.0,1,0.6069018840789795
1.0,1,0.9916161894798279
1.0,1,0.9899769425392151
0.0,0,0.34547463059425354
1.0,1,0.5302924513816833
1.0,1,0.4869948923587799
1.0,1,0.9924975037574768
0.0,0,0.004810465034097433
0.0,0,0.05620793625712395
1.0,1,0.9279831051826477
0.0,0,0.018959596753120422
0.0,1,0.7405319809913635
0.0,0,0.0067154779098927975
0.0,0,0.04868302121758461
0.0,0,0.09522396326065063
1.0,1,0.6781445741653442
0.0,0,0.17097926139831543
1.0,1,0.4055582880973816
0.0,1,0.7314954996109009
0.0,0,0.30617958307266235
0.0,0,0.1032542809844017
0.0,0,0.3475657105445862
1.0,1,0.5828972458839417
0.0,1,0.6212202310562134
0.0,0,0.00360105955041945
1.0,1,0.761688232421875
1.0,1,0.7766035199165344
0.0,0,0.013648462481796741
0.0,0,0.024334672838449478
0.0,0,0.012403862550854683
0.0,1,0.4238876700401306
0.0,0,0.0417167991399765
1.0,1,0.8823752403259277
1.0,1,0.9557900428771973
1.0,1,0.7741610407829285
1.0,0,0.037339553236961365
0.0,0,0.010567118413746357
1.0,1,0.8020068407058716
1.0,0,0.09838784486055374
1.0,1,0.6733817458152771
0.0,1,0.39444699883461
0.0,1,0.5380462408065796
0.0,1,0.5438453555107117
1.0,1,0.4598623812198639
0.0,0,0.007495415396988392
0.0,0,0.008297830820083618
1.0,0,0.010447372682392597
0.0,0,0.27850621938705444
1.0,1,0.9538902044296265
1.0,0,0.05259634926915169
0.0,0,0.270821213722229
0.0,0,0.001843182137235999
1.0,1,0.9128695130348206
0.0,0,0.041119664907455444
0.0,0,0.0015094365226104856
0.0,1,0.4637638032436371
0.0,1,0.4951714277267456
1.0,1,0.9841634631156921
0.0,0,0.03382352367043495
1.0,0,0.29849085211753845
0.0,0,0.001643796800635755
0.0,0,0.1461966186761856
1.0,1,0.6882209181785583
0.0,0,0.0015042874729260802
0.0,1,0.8843976259231567
1.0,1,0.9570481181144714
0.0,0,0.19839124381542206
0.0,1,0.8570044636726379
0.0,1,0.9710438251495361
1.0,1,0.9881744384765625
0.0,0,0.002526648808270693
1.0,0,0.11701538413763046
0.0,0,0.05860675498843193
1.0,1,0.9936763644218445
0.0,0,0.10539360344409943
1.0,0,0.04170382767915726
1.0,1,0.9967207312583923
1.0,1,0.8499724268913269
1.0,1,0.9991357922554016
1.0,1,0.9933006763458252
1.0,1,0.9490697979927063
0.0,0,0.24970215559005737
1.0,1,0.9900410771369934
1.0,1,0.6771870255470276
1.0,1,0.921731173992157
1.0,1,0.9992519021034241
1.0,1,0.9790123701095581
0.0,1,0.5015012621879578
1.0,1,0.669859766960144
1.0,1,0.9099695682525635
1.0,1,0.8220005631446838
0.0,0,0.02153225988149643
1.0,1,0.8969359397888184
1.0,0,0.29118555784225464
1.0,1,0.5909105539321899
1.0,1,0.9881362915039062
0.0,0,0.1515459418296814
0.0,0,0.06751218438148499
0.0,0,0.006507481448352337
0.0,1,0.6537741422653198
1.0,1,0.9955874681472778
1.0,1,0.8532078266143799
0.0,0,0.0037162406370043755
1.0,1,0.6610471606254578
0.0,0,0.1755334734916687
0.0,0,0.005220185033977032
0.0,0,0.015857242047786713
1.0,1,0.9320473670959473
0.0,0,0.03789772838354111
0.0,0,0.06114259734749794
1.0,1,0.8336124420166016
1.0,1,0.9983912110328674
1.0,0,0.0021266837138682604
0.0,1,0.8399397730827332
0.0,0,0.014478927478194237
1.0,1,0.8749079704284668
0.0,0,0.00038870496791787446
0.0,0,0.019327213987708092
0.0,0,0.28011995553970337
0.0,1,0.7020129561424255
0.0,0,0.06815417110919952
1.0,1,0.4189315438270569
0.0,0,0.038329970091581345
1.0,0,0.18242517113685608
1.0,1,0.9819331765174866
1.0,1,0.9442466497421265
1.0,1,0.9985994696617126
1.0,1,0.9883387088775635
1.0,1,0.399211049079895
0.0,1,0.8305086493492126
0.0,1,0.37530672550201416
1.0,1,0.721580445766449
0.0,0,0.003089205827564001
1.0,0,0.007755459751933813
1.0,0,0.3539326786994934
1.0,0,0.33069878816604614
0.0,0,0.1327817738056183
0.0,0,0.03813592344522476
1.0,1,0.9945799112319946
1.0,1,0.8665984272956848
0.0,0,0.0012954336125403643
1.0,0,0.20048481225967407
1.0,1,0.9574815630912781
1.0,1,0.803480327129364
0.0,0,0.0012548633385449648
0.0,0,0.021687116473913193
1.0,1,0.8891448974609375
0.0,0,0.02633119747042656
0.0,0,0.33238381147384644
1.0,1,0.5341067314147949
0.0,0,0.20443768799304962
0.0,0,0.018622716888785362
0.0,0,0.24360255897045135
1.0,1,0.8993442058563232
0.0,0,0.05077429860830307
0.0,0,0.019866887480020523
0.0,0,0.03892584145069122
0.0,0,0.008957392536103725
1.0,1,0.9911489486694336
0.0,0,0.11552615463733673
1.0,1,0.9984482526779175
1.0,1,0.8398581147193909
0.0,0,0.10822635889053345
1.0,1,0.6638690233230591
1.0,0,0.10789750516414642
1.0,1,0.8379923105239868
0.0,0,0.30954769253730774
1.0,0,0.25560787320137024
1.0,1,0.5133750438690186
1.0,1,0.9988489151000977
1.0,0,0.03363160416483879
1.0,1,0.9246141314506531
1.0,1,0.9226498603820801
0.0,0,0.2707251012325287
1.0,1,0.8078619241714478
0.0,0,0.007126177661120892
0.0,0,0.0035266827326267958
0.0,0,0.0086362911388278
1.0,1,0.5796464681625366
0.0,0,0.03335374966263771
1.0,1,0.9936158657073975
0.0,0,0.10140068829059601
1.0,0,0.137964129447937
0.0,0,0.00491079268977046
0.0,0,0.03935327008366585
1.0,1,0.9879078269004822
0.0,0,0.1352136880159378
1.0,1,0.9966652989387512
0.0,0,0.16255110502243042
1.0,1,0.9575542211532593
1.0,0,0.2647893726825714
0.0,0,0.001971126301214099
1.0,0,0.019121980294585228
0.0,0,0.18272295594215393
1.0,1,0.7858796119689941
0.0,0,0.004351840820163488
0.0,1,0.9870490431785583
0.0,0,0.0014639281434938312
1.0,1,0.930408239364624
0.0,0,0.013959837146103382
1.0,1,0.7028557658195496
0.0,0,0.11001673340797424
1.0,1,0.8851338028907776
1.0,1,0.7875350117683411
1.0,1,0.9391031265258789
0.0,0,0.0008047462906688452
1.0,1,0.9745484590530396
1.0,1,0.9889934659004211
0.0,0,0.3100413978099823
1.0,1,0.9976997971534729
0.0,0,0.08862035721540451
0.0,0,0.0049821254797279835
0.0,0,0.011589575558900833
1.0,1,0.9985557198524475
0.0,0,0.000931172224227339
1.0,1,0.9721753001213074
1.0,1,0.967541515827179
0.0,0,0.11554358154535294
1.0,1,0.8733487129211426
1.0,1,0.8267505764961243
0.0,0,0.002119919750839472
1.0,1,0.5953686237335205
0.0,0,0.02009292133152485
1.0,1,0.8459018468856812
1.0,1,0.9911243319511414
1.0,0,0.32779645919799805
0.0,0,0.02743159420788288
0.0,0,0.1016792505979538
1.0,1,0.5004568099975586
0.0,0,0.04984357953071594
0.0,1,0.7864907383918762
1.0,0,0.26118287444114685
1.0,1,0.983181893825531
1.0,1,0.8896492719650269
1.0,1,0.9978013634681702
0.0,0,0.10523424297571182
1.0,1,0.9717558026313782
1.0,1,0.9830495715141296
1.0,1,0.9755656719207764
1.0,1,0.9530595541000366
0.0,0,0.16617092490196228
1.0,1,0.9987363219261169
0.0,0,0.027558861300349236
1.0,1,0.9196556806564331
0.0,0,0.08959676325321198
0.0,1,0.36286765336990356
1.0,0,0.19944074749946594
1.0,1,0.9924537539482117
0.0,0,0.08149783313274384
0.0,0,0.019217373803257942
1.0,1,0.41303375363349915
0.0,0,0.01734720729291439
1.0,0,0.024284660816192627
0.0,0,0.0046705747954547405
0.0,1,0.6579335927963257
0.0,0,0.12708821892738342
0.0,0,0.35463738441467285
0.0,0,0.007286562584340572
0.0,1,0.4145735800266266
1.0,1,0.7894827723503113
0.0,0,0.11488579958677292
1.0,1,0.9140154719352722
0.0,0,0.003346192417666316
1.0,0,0.07337259501218796
1.0,1,0.8990569710731506
0.0,0,0.007522615138441324
0.0,0,0.0021098023280501366
0.0,0,0.08047317713499069
1.0,0,0.1338159590959549
0.0,0,0.3543505370616913
0.0,0,0.06589677184820175
0.0,0,0.023193703964352608
1.0,1,0.8416706323623657
0.0,1,0.4541758596897125
0.0,1,0.3624074161052704
0.0,0,0.032401181757450104
0.0,0,0.31767022609710693
1.0,1,0.9426202178001404
1.0,1,0.9791082739830017
0.0,0,0.2778012156486511
0.0,0,0.002707670908421278
1.0,0,0.028961393982172012
1.0,1,0.9968666434288025
0.0,0,0.002086397958919406
1.0,1,0.8019618391990662
0.0,0,0.06844841688871384
1.0,1,0.9680718779563904
0.0,1,0.5576149225234985
1.0,1,0.40735960006713867
1.0,1,0.9968350529670715
1.0,1,0.9882252216339111
0.0,0,0.007419728673994541
1.0,1,0.47526252269744873
1.0,1,0.8925262689590454
1.0,1,0.9957037568092346
0.0,1,0.9703331589698792
1.0,0,0.04188305884599686
0.0,0,0.317417711019516
0.0,0,0.09376533329486847
0.0,0,0.06180781498551369
1.0,1,0.962074339389801
0.0,0,0.08863333612680435
1.0,1,0.9974617958068848
0.0,0,0.31396299600601196
1.0,0,0.2767852544784546
1.0,1,0.9953175783157349
0.0,1,0.931601345539093
0.0,0,0.019673554226756096
1.0,1,0.5492488145828247
0.0,0,0.21710816025733948
1.0,1,0.5482914447784424
0.0,1,0.39434418082237244
1.0,1,0.46160727739334106
0.0,1,0.4533342123031616
1.0,0,0.007691660430282354
0.0,1,0.8392541408538818
0.0,0,0.04216388612985611
1.0,1,0.9992039799690247
1.0,0,0.05576985329389572
0.0,0,0.011632489040493965
0.0,0,0.06445696204900742
1.0,1,0.5226850509643555
0.0,1,0.6266082525253296
0.0,0,0.000639996025711298
0.0,0,0.0439286008477211
0.0,0,0.09798432886600494
1.0,1,0.9129417538642883
1.0,1,0.9879193305969238
1.0,0,0.006293810438364744
1.0,0,0.01677810214459896
0.0,0,0.012843545526266098
0.0,1,0.7891944050788879
0.0,0,0.1360182762145996
1.0,1,0.9622792601585388
0.0,0,0.005749706644564867
1.0,1,0.9881504774093628
1.0,1,0.7806535363197327
0.0,0,0.003173916833475232
1.0,0,0.2504901587963104
1.0,1,0.9980582594871521
1.0,1,0.9978984594345093
1.0,0,0.13049457967281342
1.0,1,0.9676293134689331
1.0,1,0.959495484828949
1.0,1,0.9872674345970154
1.0,1,0.8984845876693726
0.0,0,0.01750721037387848
1.0,1,0.9833664894104004
0.0,1,0.5590433478355408
1.0,1,0.9829198122024536
0.0,0,0.0046144165098667145
0.0,0,0.005771705415099859
0.0,0,0.027629930526018143
1.0,1,0.9950640797615051
0.0,0,0.0844377726316452
1.0,1,0.9834022521972656
0.0,0,0.046862661838531494
0.0,1,0.5396576523780823
1.0,0,0.061992861330509186
0.0,0,0.011178537271916866
0.0,0,0.0015798535896465182
1.0,1,0.582780122756958
1.0,1,0.9956170320510864
0.0,1,0.9807943105697632
1.0,1,0.5876590013504028
0.0,0,0.218096524477005
0.0,0,0.026604127138853073
0.0,0,0.2973545491695404
0.0,0,0.007412581704556942
0.0,0,0.08331118524074554
1.0,1,0.9111601710319519
1.0,1,0.9328696131706238
0.0,1,0.9267224073410034
0.0,0,0.005257537122815847
1.0,1,0.9572251439094543
1.0,1,0.9955820441246033
0.0,0,0.03446243330836296
1.0,1,0.998601496219635
0.0,0,0.029637670144438744
0.0,0,0.1492975503206253
1.0,1,0.9407244920730591
1.0,1,0.9915397763252258
0.0,0,0.013262918218970299
0.0,0,0.007742806803435087
1.0,1,0.7852961421012878
1.0,0,0.046445444226264954
0.0,0,0.0009441814036108553
1.0,1,0.9847716689109802
1.0,1,0.9782335758209229
0.0,0,0.2773323357105255
1.0,1,0.8460903763771057
0.0,0,0.0025611156597733498
0.0,0,0.00046912115067243576
1.0,1,0.36640217900276184
0.0,0,0.0233071967959404
1.0,1,0.9226698279380798
1.0,1,0.3739924132823944
0.0,0,0.058667540550231934
0.0,0,0.0329628512263298
0.0,0,0.0005070040933787823
1.0,1,0.9361869692802429
0.0,0,0.005415072664618492
1.0,0,0.007751038763672113
0.0,0,0.05275614559650421
0.0,0,0.007832701317965984
0.0,0,0.017694693058729172
1.0,0,0.018944134935736656
1.0,0,0.013463784009218216
0.0,0,0.02720855176448822
0.0,0,0.14911454916000366
0.0,0,0.01218020636588335
1.0,1,0.8673723936080933
1.0,1,0.8810362815856934
1.0,1,0.9937198162078857
0.0,0,0.287587970495224
1.0,1,0.4300658404827118
1.0,1,0.8748440146446228
0.0,0,0.00688984664157033
1.0,1,0.8410109281539917
0.0,0,0.035132259130477905
1.0,1,0.9982897639274597
1.0,0,0.17257258296012878
0.0,0,0.11862924695014954
1.0,1,0.7263951301574707
0.0,0,0.012142747640609741
0.0,0,0.05901702865958214
0.0,1,0.4535062313079834
1.0,0,0.14240773022174835
1.0,1,0.6131290793418884
0.0,0,0.08305324614048004
0.0,0,0.0018307074205949903
0.0,0,0.19081608951091766
1.0,0,0.164123997092247
0.0,1,0.4807114005088806
0.0,0,0.00030903585138730705
0.0,0,0.013001048006117344
0.0,0,0.04025087133049965
1.0,0,0.010155264288187027
0.0,0,0.007952554151415825
1.0,1,0.5172140598297119
1.0,1,0.9978607296943665
1.0,0,0.06402689963579178
0.0,0,0.15911714732646942
0.0,1,0.9181705117225647
1.0,1,0.971071183681488
1.0,1,0.9958245754241943
0.0,0,0.039974335581064224
0.0,1,0.7854232788085938
0.0,0,0.027148602530360222
1.0,1,0.9778977036476135
1.0,1,0.975506067276001
0.0,0,0.03714212402701378
0.0,0,0.03066391497850418
0.0,0,0.018135007470846176
1.0,1,0.4288807809352875
1.0,1,0.8929006457328796
1.0,1,0.8613584637641907
0.0,0,0.1604534238576889
0.0,0,0.04667641595005989
1.0,1,0.8894293308258057
0.0,0,0.16224534809589386
0.0,0,0.09356944262981415
1.0,1,0.8074513673782349
1.0,1,0.9987698197364807
0.0,0,0.12102898210287094
0.0,0,0.11781004816293716
1.0,1,0.9983162879943848
0.0,0,0.0408746711909771
0.0,0,0.0003737721126526594
1.0,1,0.9215517044067383
0.0,0,0.18597528338432312
1.0,1,0.9870132803916931
0.0,0,0.011224770918488503
1.0,1,0.8869966268539429
0.0,0,0.11628342419862747
1.0,1,0.48680317401885986
1.0,1,0.5902714133262634
0.0,1,0.9520198702812195
1.0,0,0.08324018120765686
0.0,1,0.6163434982299805
1.0,1,0.7490155100822449
1.0,0,0.27582475543022156
0.0,0,0.1609255075454712
1.0,1,0.4692241847515106
0.0,0,0.015470960177481174
0.0,0,0.007556937634944916
1.0,1,0.9728237986564636
1.0,1,0.9690551161766052
0.0,1,0.7447652220726013
0.0,0,0.057016998529434204
0.0,0,0.010464646853506565
1.0,0,0.09838361293077469
1.0,1,0.995932400226593
0.0,1,0.9486138820648193
1.0,1,0.994388997554779
1.0,1,0.844258725643158
1.0,0,0.2801573872566223
0.0,0,0.00475297262892127
0.0,0,0.000807271571829915
0.0,1,0.4764088988304138
0.0,0,0.15085716545581818
0.0,1,0.4463423788547516
0.0,0,0.0008996246615424752
1.0,1,0.9969785213470459
0.0,0,0.3545558452606201
1.0,1,0.9401939511299133
1.0,1,0.9991682767868042
1.0,1,0.9958217144012451
0.0,0,0.2987053692340851
0.0,0,0.02202446758747101
0.0,0,0.02354591153562069
1.0,1,0.9212512373924255
0.0,0,0.00829674769192934
1.0,1,0.9501128196716309
0.0,0,0.06093797832727432
1.0,1,0.9338769912719727
1.0,1,0.9997014403343201
1.0,0,0.030268020927906036
1.0,1,0.9929141998291016
1.0,0,0.09121741354465485
0.0,0,0.06790214031934738
1.0,0,0.29956838488578796
0.0,0,0.07311618328094482
0.0,1,0.996504545211792
1.0,1,0.9988640546798706
0.0,0,0.10966373234987259
1.0,1,0.8534102439880371
0.0,1,0.7646716833114624
0.0,0,0.19008731842041016
1.0,1,0.4505819082260132
1.0,1,0.8572207689285278
1.0,0,0.15673361718654633
1.0,0,0.12881584465503693
0.0,0,0.01933746598660946
1.0,1,0.9193792939186096
1.0,1,0.9921125173568726
1.0,1,0.974470317363739
1.0,1,0.909419059753418
0.0,0,0.04046417027711868
1.0,1,0.9550679326057434
0.0,0,0.2925484776496887
0.0,0,0.07963252067565918
0.0,0,0.05335629731416702
0.0,0,0.0030290528666228056
1.0,0,0.06541022658348083
1.0,1,0.7439191341400146
0.0,1,0.8560137748718262
0.0,0,0.1808883547782898
0.0,0,0.1381153017282486
0.0,0,0.044091686606407166
1.0,1,0.5992351770401001
0.0,0,0.01934465952217579
0.0,0,0.02449408732354641
1.0,0,0.2360537201166153
0.0,0,0.0662800669670105
1.0,1,0.8634428381919861
0.0,1,0.7422428131103516
0.0,0,0.2289309799671173
1.0,1,0.8365435004234314
0.0,0,0.06742596626281738
0.0,1,0.9306402802467346
0.0,0,0.09639054536819458
0.0,0,0.06766187399625778
1.0,1,0.46371084451675415
1.0,1,0.8337290287017822
1.0,1,0.97187739610672
0.0,0,0.0016472755232825875
0.0,0,0.015821857377886772
0.0,0,0.00028078246396034956
0.0,0,0.01013860572129488
1.0,1,0.9987071752548218
0.0,1,0.42456406354904175
1.0,1,0.9485763907432556
0.0,0,0.017857760190963745
0.0,0,0.13126304745674133
0.0,1,0.7210146188735962
0.0,1,0.7438915967941284
1.0,1,0.8682938814163208
1.0,1,0.9855679273605347
0.0,0,0.01649695448577404
1.0,1,0.6765063405036926
0.0,0,0.12849320471286774
0.0,0,0.11411688476800919
1.0,1,0.9912954568862915
0.0,0,0.0022154999896883965
1.0,1,0.9691590070724487
0.0,0,0.00031990211573429406
0.0,1,0.8504492044448853
0.0,0,0.15567459166049957
1.0,1,0.5326989889144897
0.0,0,0.20568948984146118
1.0,1,0.4454313814640045
1.0,1,0.9215211272239685
0.0,0,0.03111771121621132
1.0,0,0.005900828167796135
1.0,1,0.9644565582275391
1.0,1,0.9942329525947571
0.0,0,0.01868152990937233
1.0,1,0.9878848195075989
0.0,0,0.034145765006542206
1.0,0,0.11945343762636185
0.0,0,0.0030933881644159555
1.0,1,0.9768359661102295
0.0,1,0.8404356837272644
0.0,0,0.01885710097849369
0.0,0,0.004276697523891926
0.0,0,0.008611304685473442
0.0,0,0.0011317526223137975
1.0,1,0.4935932755470276
1.0,1,0.7456184029579163
0.0,0,0.17717605829238892
1.0,1,0.9256948828697205
0.0,1,0.9231696128845215
0.0,1,0.9437833428382874
1.0,1,0.8643714189529419
0.0,0,0.05367385223507881
1.0,0,0.3483949601650238
1.0,1,0.9915845394134521
1.0,1,0.4686623513698578
1.0,1,0.8534801602363586
0.0,0,0.00356404110789299
0.0,0,0.0799822211265564
0.0,0,0.2290351837873459
0.0,0,0.02290918491780758
1.0,0,0.06472406536340714
1.0,1,0.9877445101737976
1.0,1,0.5867018699645996
1.0,1,0.7092406749725342
0.0,0,0.18620041012763977
1.0,1,0.4109814763069153
1.0,1,0.999790608882904
1.0,1,0.6228366494178772
1.0,1,0.9413990378379822
0.0,0,0.06824911385774612
1.0,1,0.8782778382301331
1.0,1,0.4639427363872528
0.0,0,0.3443451225757599
1.0,0,0.14621001482009888
0.0,0,0.006431621499359608
1.0,1,0.841659426689148
0.0,0,0.02790374867618084
0.0,0,0.12362504005432129
1.0,1,0.7474575042724609
0.0,1,0.9021895527839661
0.0,1,0.7940729260444641
1.0,1,0.460797518491745
0.0,0,0.0566927045583725
0.0,0,0.16418693959712982
1.0,1,0.7250459790229797
0.0,0,0.05114342272281647
0.0,0,0.02232324704527855
0.0,0,0.2907569408416748
0.0,1,0.4186578392982483
0.0,0,0.07141982764005661
1.0,0,0.05559934303164482
0.0,0,0.06961731612682343
0.0,0,0.24786920845508575
0.0,1,0.42668038606643677
0.0,0,0.0056175850331783295
1.0,1,0.9882028698921204
0.0,0,0.005094268824905157
0.0,1,0.6222105622291565
1.0,1,0.9933713674545288
1.0,1,0.9684064984321594
1.0,1,0.5124717354774475
1.0,1,0.4615231454372406
0.0,0,0.2037988156080246
1.0,0,0.2522452771663666
1.0,1,0.9515044689178467
1.0,1,0.4750930666923523
0.0,0,0.04173195734620094
0.0,1,0.5336171984672546
0.0,1,0.5077841877937317
1.0,0,0.083736851811409
0.0,0,0.042330142110586166
1.0,1,0.9749504327774048
1.0,1,0.5234717726707458
1.0,1,0.7190789580345154
0.0,0,0.0017859115032479167
1.0,1,0.9261739253997803
1.0,1,0.9998030066490173
1.0,1,0.9029117226600647
1.0,1,0.4842890501022339
0.0,1,0.36866143345832825
0.0,0,0.002728634048253298
0.0,0,0.0141456825658679
1.0,0,0.23215091228485107
0.0,0,0.15336284041404724
1.0,1,0.7222949266433716
1.0,1,0.9996053576469421
0.0,0,0.025491593405604362
0.0,0,0.017759257927536964
0.0,1,0.4858405292034149
1.0,0,0.04725414514541626
0.0,0,7.462195208063349e-05
1.0,1,0.9991568326950073
0.0,0,0.008715457282960415
1.0,0,0.16924205422401428
1.0,1,0.7050688862800598
1.0,1,0.47963374853134155
1.0,1,0.7062797546386719
0.0,0,0.007710838690400124
0.0,0,0.012578924186527729
1.0,1,0.9985513091087341
1.0,1,0.9825218915939331
1.0,1,0.9752218723297119
1.0,1,0.8699307441711426
1.0,1,0.9996668100357056
1.0,1,0.8371131420135498
1.0,1,0.9977018237113953
1.0,1,0.9934996366500854
1.0,1,0.7964856624603271
0.0,0,0.0934111624956131
0.0,0,0.02809634618461132
0.0,0,0.00019186659483239055
0.0,0,0.10774305462837219
0.0,0,0.001468981965444982
1.0,1,0.9984379410743713
0.0,1,0.7655400037765503
0.0,0,0.04171533137559891
1.0,1,0.9663172960281372
1.0,1,0.9255585074424744
1.0,1,0.9992440938949585
0.0,0,0.003979055676609278
0.0,0,0.00020354511798359454
0.0,0,0.003014830406755209
0.0,0,0.042287468910217285
1.0,0,0.1770486682653427
1.0,1,0.992000937461853
1.0,0,0.16994711756706238
0.0,1,0.5469057559967041
1.0,1,0.9916986227035522
1.0,1,0.4869934320449829
1.0,1,0.8713768124580383
1.0,1,0.9728994965553284
1.0,0,0.1382857859134674
0.0,0,0.0048721241764724255
0.0,1,0.6975107789039612
1.0,1,0.9979245662689209
1.0,1,0.8265472054481506
0.0,0,0.00020143335859756917
0.0,1,0.9404795169830322
0.0,0,0.07155545800924301
1.0,1,0.9855062961578369
0.0,0,0.0019873997662216425
0.0,0,0.1185939833521843
0.0,0,0.3209029734134674
1.0,1,0.7702636122703552
0.0,0,0.32205477356910706
0.0,1,0.4395248293876648
1.0,1,0.9947571754455566
1.0,0,0.03609316051006317
0.0,0,0.11117618530988693
1.0,0,0.05348774418234825
1.0,0,0.16694115102291107
1.0,1,0.821029543876648
1.0,1,0.9320207238197327
1.0,1,0.9799885749816895
0.0,0,0.013679051771759987
0.0,0,0.2533619999885559
0.0,0,0.3211686611175537
0.0,0,0.06160864979028702
0.0,0,0.041898783296346664
0.0,0,0.030857475474476814
0.0,1,0.6988414525985718
1.0,1,0.5917757153511047
0.0,0,0.009981609880924225
0.0,1,0.9061793088912964
0.0,1,0.6479936242103577
0.0,1,0.4575267434120178
0.0,0,0.014779496937990189
1.0,1,0.7657238841056824
1.0,1,0.9992882609367371
1.0,1,0.9918941855430603
0.0,0,0.0199793241918087
1.0,1,0.7987797260284424
0.0,0,0.003772107418626547
1.0,1,0.9964584708213806
0.0,0,0.0013468022225424647
0.0,0,0.0010375995188951492
1.0,0,0.12956272065639496
1.0,1,0.37829044461250305
1.0,0,0.12052591890096664
0.0,0,0.03469250723719597
1.0,1,0.9994764924049377
1.0,0,0.042290180921554565
0.0,0,0.017850084230303764
1.0,1,0.8561561703681946
1.0,1,0.6956605911254883
0.0,0,0.03124873712658882
1.0,1,0.9940930008888245
1.0,1,0.6510850191116333
0.0,0,0.10913679003715515
0.0,0,0.056075531989336014
0.0,1,0.3744919002056122
0.0,0,0.24951398372650146
0.0,0,0.12400902062654495
0.0,0,0.06275124102830887
1.0,0,0.15742763876914978
0.0,0,0.0005237699369899929
1.0,1,0.9829119443893433
1.0,1,0.927128255367279
1.0,1,0.9595680236816406
1.0,0,0.28945302963256836
1.0,1,0.9483579397201538
0.0,0,0.059835802763700485
0.0,1,0.6938468217849731
0.0,1,0.5085334181785583
0.0,0,0.012707509100437164
0.0,0,0.011048204265534878
0.0,0,0.005944277625530958
0.0,0,0.0448850654065609
0.0,0,0.01812155544757843
0.0,0,0.005577356554567814
1.0,1,0.9970833659172058
0.0,0,0.02243194356560707
0.0,0,0.0010378294391557574
0.0,0,0.04267098009586334
1.0,1,0.9392671585083008
0.0,0,0.00037256593350321054
1.0,1,0.9872487187385559
0.0,1,0.5703498125076294
0.0,1,0.5883554220199585
0.0,0,0.038367681205272675
1.0,1,0.9994184970855713
0.0,0,0.34601807594299316
1.0,0,0.14146040380001068
0.0,1,0.7104812860488892
1.0,1,0.43051275610923767
1.0,1,0.9977695941925049
1.0,1,0.7212079763412476
0.0,1,0.4118528366088867
0.0,0,0.02996746264398098
1.0,1,0.6670554876327515
1.0,1,0.9967706203460693
0.0,0,0.00016536933253519237
0.0,0,0.05019297078251839
0.0,0,0.0848095640540123
1.0,1,0.8810004591941833
1.0,1,0.9983685612678528
0.0,0,0.07732599973678589
0.0,0,0.09939231723546982
0.0,0,0.044357918202877045
1.0,1,0.832909345626831
0.0,0,0.17526143789291382
0.0,0,0.02507445588707924
0.0,0,0.03609411045908928
1.0,1,0.9531784653663635
0.0,0,0.006272529251873493
0.0,0,0.04679426550865173
1.0,0,0.03275657072663307
1.0,1,0.9952296018600464
0.0,0,0.07727242261171341
0.0,0,0.009421748109161854
0.0,0,0.03292346000671387
1.0,1,0.9846943020820618
1.0,1,0.9095640182495117
0.0,0,0.13509881496429443
1.0,0,0.076320119202137
1.0,0,0.311289519071579
0.0,0,0.2692495882511139
0.0,0,0.2141215205192566
1.0,1,0.7260217666625977
1.0,1,0.9727382659912109
0.0,0,0.008799135684967041
0.0,0,0.014761831611394882
1.0,1,0.6806877255439758
1.0,1,0.918347954750061
0.0,0,0.11287405341863632
0.0,0,0.1361512988805771
0.0,0,0.15481646358966827
0.0,0,0.09925824403762817
0.0,0,0.0039043636061251163
0.0,0,0.13634862005710602
1.0,1,0.9922438263893127
1.0,1,0.944133460521698
0.0,0,0.19714289903640747
1.0,1,0.958953857421875
0.0,0,0.03445107117295265
0.0,0,0.13639967143535614
1.0,1,0.9322873950004578
0.0,0,0.021452784538269043
1.0,1,0.9973587393760681
0.0,0,0.011873635463416576
0.0,0,0.01354787964373827
1.0,1,0.7652422189712524
1.0,1,0.7206689715385437
1.0,0,0.0968363881111145
0.0,0,0.010971144773066044
1.0,1,0.7736100554466248
1.0,1,0.520843505859375
1.0,1,0.9591546058654785
1.0,1,0.9147958159446716
0.0,0,0.002008640905842185
1.0,1,0.5301395058631897
0.0,0,0.19934116303920746
0.0,0,0.010246488265693188
1.0,0,0.0903511643409729
0.0,0,0.002426156774163246
1.0,1,0.9798531532287598
1.0,1,0.9564801454544067
1.0,1,0.5679953694343567
0.0,0,0.30883821845054626
0.0,0,0.08239917457103729
1.0,1,0.9152110815048218
0.0,0,0.04117680341005325
1.0,1,0.9103556871414185
1.0,1,0.5553164482116699
1.0,0,0.048178669065237045
0.0,0,0.0020697982981801033
1.0,1,0.4831007719039917
0.0,0,0.07857882976531982
0.0,0,0.016647083684802055
1.0,1,0.9009662866592407
1.0,1,0.38164204359054565
0.0,0,0.0005447249859571457
1.0,1,0.8034791350364685
1.0,1,0.38283419609069824
1.0,1,0.9943997263908386
1.0,1,0.9323947429656982
1.0,1,0.6857672929763794
1.0,1,0.851402223110199
0.0,0,0.0007020385819487274
1.0,1,0.9927486777305603
0.0,0,0.019624127075076103
0.0,0,0.015285898931324482
1.0,1,0.7484160661697388
1.0,1,0.9203578233718872
0.0,0,0.00491339759901166
0.0,0,0.0027297060005366802
0.0,0,0.0021578294690698385
1.0,1,0.9463673830032349
1.0,1,0.9890223741531372
0.0,1,0.45667925477027893
0.0,0,0.06791824102401733
1.0,1,0.9951345324516296
0.0,0,0.018051598221063614
1.0,1,0.9802255034446716
0.0,0,0.08777979016304016
1.0,1,0.994851291179657
0.0,0,0.20159833133220673
0.0,0,0.016581682488322258
0.0,0,0.34033194184303284
1.0,1,0.9184444546699524
1.0,0,0.21228933334350586
1.0,1,0.3740786015987396
0.0,0,0.00495592737570405
0.0,0,0.0038527529686689377
1.0,1,0.3615240454673767
1.0,1,0.47779691219329834
0.0,0,0.04889127239584923
1.0,1,0.7629299163818359
0.0,1,0.3658114969730377
0.0,0,0.10177303105592728
0.0,0,0.026785224676132202
0.0,1,0.6210442185401917
0.0,0,0.00023866431729402393
0.0,0,0.022224364802241325
1.0,0,0.16632184386253357
1.0,1,0.9934149980545044
0.0,0,0.011079059913754463
1.0,1,0.3961068391799927
1.0,1,0.39969441294670105
1.0,1,0.7480700016021729
0.0,0,0.02501378394663334
1.0,1,0.6850070953369141
0.0,0,0.23273290693759918
0.0,0,0.20587779581546783
1.0,1,0.8891565799713135
0.0,0,0.32440537214279175
0.0,1,0.8739153742790222
0.0,1,0.8339735269546509
1.0,1,0.998513400554657
1.0,1,0.38988351821899414
1.0,1,0.9910021424293518
1.0,1,0.9988160133361816
1.0,0,0.02554081380367279
0.0,0,0.008053579367697239
0.0,0,0.044745005667209625
1.0,1,0.9648833274841309
1.0,1,0.4231857359409332
1.0,1,0.8612167835235596
1.0,0,0.10055389255285263
1.0,1,0.9951747059822083
0.0,1,0.9776769280433655
1.0,1,0.8497385382652283
0.0,1,0.7215428352355957
1.0,0,0.17054706811904907
1.0,1,0.999062716960907
1.0,1,0.9771560430526733
1.0,1,0.9915469288825989
1.0,1,0.9596903324127197
0.0,0,0.009680834598839283
1.0,1,0.5479716062545776
1.0,1,0.866962730884552
1.0,1,0.48099473118782043
1.0,1,0.9995821118354797
1.0,1,0.9524061679840088
0.0,1,0.6674572825431824
1.0,0,0.14952144026756287
0.0,1,0.7444185614585876
1.0,1,0.693756103515625
1.0,0,0.12497780472040176
0.0,0,0.009776127524673939
0.0,1,0.36214256286621094
0.0,0,0.002656603464856744
0.0,0,0.13923338055610657
0.0,0,0.22086657583713531
1.0,0,0.021855151280760765
0.0,1,0.8073176145553589
1.0,1,0.7932092547416687
0.0,0,0.11651906371116638
1.0,1,0.966935932636261
0.0,0,0.06732473522424698
0.0,1,0.5605418086051941
0.0,0,0.0009113310952670872
1.0,0,0.08518461883068085
0.0,0,0.11214803904294968
0.0,0,0.0011131734354421496
0.0,0,0.011087755672633648
0.0,0,0.10829772055149078
0.0,0,0.021409379318356514
0.0,1,0.8672138452529907
0.0,0,0.01989542320370674
0.0,0,0.07041602581739426
0.0,0,0.01561224739998579
1.0,0,0.26528501510620117
0.0,1,0.4983161389827728
0.0,0,0.0024755357299000025
0.0,0,0.004409416578710079
0.0,0,0.003175309393554926
0.0,0,0.0008216468850150704
0.0,0,0.0026564113795757294
1.0,1,0.9609599709510803
0.0,1,0.7947062253952026
1.0,0,0.24134226143360138
1.0,1,0.42785269021987915
0.0,1,0.5929863452911377
1.0,0,0.13957591354846954
0.0,0,0.018385475501418114
0.0,1,0.6678166389465332
0.0,0,0.005143843125551939
0.0,0,0.00664748577401042
1.0,0,0.2159300595521927
1.0,1,0.9190839529037476
0.0,0,0.03103363886475563
0.0,0,0.00410082470625639
1.0,1,0.9592052698135376
0.0,0,0.004029546864330769
0.0,0,0.008616036735475063
1.0,1,0.9996984004974365
0.0,1,0.44519975781440735
0.0,0,0.003272590460255742
1.0,1,0.9959916472434998
1.0,1,0.9697377681732178
1.0,1,0.9496741890907288
0.0,0,0.08884904533624649
1.0,1,0.9430812001228333
0.0,1,0.7863783836364746
0.0,0,0.06107938662171364
1.0,0,0.05228320136666298
0.0,1,0.3591897189617157
0.0,0,0.0008541428833268583
1.0,1,0.41005009412765503
0.0,0,0.006823485717177391
1.0,1,0.9572312235832214
0.0,0,0.032702140510082245
0.0,0,0.014125808142125607
0.0,0,0.049236711114645004
1.0,1,0.8791248202323914
1.0,1,0.736652135848999
1.0,1,0.9864793419837952
1.0,1,0.7045119404792786
1.0,1,0.4837745428085327
0.0,0,0.09746380895376205
1.0,1,0.9777490496635437
1.0,0,0.004417443182319403
0.0,0,0.05757742375135422
1.0,0,0.2091234177350998
0.0,0,0.06971067935228348
1.0,1,0.6799426674842834
1.0,1,0.8142971396446228
0.0,0,0.1485014110803604
0.0,0,0.010664393194019794
0.0,0,0.011162761598825455
0.0,0,0.0017736752051860094
1.0,1,0.9356550574302673
1.0,1,0.7229233980178833
0.0,1,0.3621821701526642
1.0,0,0.19180715084075928
0.0,1,0.6891717314720154
0.0,1,0.6222101449966431
0.0,0,0.011379565112292767
0.0,0,0.009670992381870747
0.0,1,0.7269385457038879
1.0,0,0.2602398097515106
0.0,0,0.0025167097337543964
0.0,0,0.0021621068008244038
0.0,1,0.8745594620704651
0.0,0,0.047756899148225784
1.0,1,0.9996616840362549
0.0,0,0.0006558710592798889
0.0,0,0.0009270059526897967
0.0,0,0.2712007164955139
0.0,0,0.22843711078166962
0.0,0,0.006130835972726345
1.0,1,0.9743703603744507
1.0,1,0.5813347101211548
1.0,1,0.983749270439148
1.0,1,0.9688528776168823
0.0,1,0.49787724018096924
1.0,1,0.9667229652404785
1.0,1,0.9938978552818298
0.0,1,0.6668882966041565
0.0,0,0.1706453263759613
1.0,1,0.724332869052887
0.0,0,0.03264598920941353
0.0,0,0.12571202218532562
1.0,1,0.9905292391777039
0.0,0,0.04004442319273949
1.0,0,0.03437843918800354
1.0,1,0.7068471908569336
1.0,0,0.35017630457878113
0.0,0,0.1907149702310562
1.0,1,0.9889100790023804
0.0,0,0.2292833924293518
1.0,1,0.9415412545204163
1.0,1,0.9790253043174744
1.0,1,0.9770302772521973
0.0,0,0.06914772093296051
1.0,1,0.9642980098724365
0.0,0,0.08832965791225433
1.0,1,0.732277512550354
0.0,0,0.0009086939971894026
1.0,1,0.8098201751708984
0.0,0,0.3196735084056854
1.0,1,0.9068841934204102
0.0,0,0.13195770978927612
1.0,1,0.5695610642433167
0.0,1,0.7290040850639343
1.0,1,0.9948534369468689
0.0,0,0.034844305366277695
1.0,1,0.9904636144638062
1.0,1,0.9951157569885254
0.0,1,0.8202935457229614
0.0,0,0.2610127329826355
0.0,0,0.13322260975837708
0.0,1,0.7977696061134338
0.0,0,0.12697717547416687
0.0,0,0.13053880631923676
0.0,0,0.30966809391975403
0.0,0,0.24401888251304626
1.0,1,0.3697713017463684
0.0,0,0.012894349172711372
0.0,1,0.7610283493995667
1.0,1,0.973053514957428
1.0,1,0.994114339351654
1.0,0,0.045549340546131134
0.0,0,0.12293951958417892
1.0,1,0.9997493624687195
1.0,1,0.9711477160453796
0.0,0,0.019115880131721497
0.0,0,0.04140721634030342
0.0,0,0.2809300124645233
1.0,1,0.9574018120765686
0.0,0,0.02509138733148575
0.0,0,0.26948311924934387
1.0,1,0.9700779318809509
0.0,0,0.0006046396447345614
0.0,0,0.00688193878158927
1.0,1,0.4520290493965149
1.0,0,0.19082757830619812
1.0,0,0.01308090053498745
0.0,0,0.0765545442700386
1.0,1,0.9989824891090393
1.0,1,0.9983060359954834
1.0,1,0.5136016607284546
1.0,1,0.8155488967895508
1.0,0,0.13203758001327515
0.0,0,0.0005539588164538145
0.0,0,0.0018325556302443147
1.0,1,0.6014754176139832
0.0,0,0.19525118172168732
0.0,0,0.003173933131620288
1.0,1,0.5056363940238953
1.0,1,0.9724838733673096
0.0,1,0.9816040992736816
1.0,1,0.9329367280006409
1.0,0,0.3324645757675171
1.0,1,0.9915719032287598
1.0,0,0.24503347277641296
1.0,1,0.9638641476631165
0.0,1,0.8965373635292053
1.0,1,0.9794790148735046
1.0,1,0.997814416885376
1.0,1,0.9998225569725037
0.0,0,0.056789200752973557
0.0,0,0.059441305696964264
1.0,1,0.8951161503791809
1.0,1,0.8023923635482788
0.0,1,0.9336176514625549
0.0,0,0.003605018835514784
1.0,1,0.9274007678031921
1.0,1,0.9588831663131714
0.0,0,0.017795627936720848
1.0,1,0.6261815428733826
1.0,0,0.32540416717529297
1.0,1,0.5407363772392273
0.0,0,0.027086174115538597
0.0,0,0.0016019546892493963
1.0,1,0.9796919226646423
1.0,1,0.9911579489707947
1.0,0,0.298520565032959
0.0,0,0.04469367489218712
0.0,0,0.12719056010246277
0.0,1,0.6426706910133362
0.0,0,0.027774395421147346
1.0,1,0.40939322113990784
0.0,0,0.02976890839636326
1.0,1,0.5727117657661438
0.0,0,0.117116279900074
1.0,1,0.9064022898674011
1.0,1,0.8978100419044495
1.0,1,0.9782859086990356
1.0,1,0.998810887336731
0.0,1,0.9102453589439392
0.0,1,0.3936721086502075
1.0,1,0.5796733498573303
1.0,1,0.8481000065803528
1.0,1,0.9995884299278259
0.0,0,0.250811904668808
0.0,0,0.0033034048974514008
1.0,1,0.9055370092391968
0.0,1,0.9458032250404358
0.0,1,0.3973979949951172
1.0,1,0.9849942326545715
1.0,1,0.9885756373405457
0.0,1,0.44425562024116516
1.0,1,0.6839680075645447
0.0,0,0.04296509921550751
1.0,1,0.7701309323310852
1.0,1,0.9492363929748535
1.0,1,0.9970135688781738
0.0,1,0.7698239088058472
1.0,1,0.8877720832824707
1.0,1,0.8618789911270142
1.0,1,0.8344711661338806
1.0,1,0.99979168176651
0.0,0,0.0638541504740715
1.0,0,0.11323066800832748
0.0,0,0.0020182039588689804
0.0,0,0.1704840362071991
1.0,1,0.9790040850639343
1.0,1,0.9827926754951477
0.0,0,0.012600951828062534
1.0,1,0.6591209173202515
0.0,0,0.24519330263137817
1.0,1,0.988183856010437
0.0,0,9.426510223420337e-05
1.0,0,0.009205963462591171
0.0,0,0.15046259760856628
0.0,1,0.5574892163276672
0.0,0,0.04821160063147545
0.0,0,0.027350636199116707
0.0,1,0.4507003426551819
0.0,0,0.02983330562710762
1.0,1,0.9851987957954407
1.0,0,0.06582091748714447
0.0,0,0.038215648382902145
1.0,1,0.914345920085907
0.0,0,0.05494740605354309
1.0,1,0.8451003432273865
1.0,1,0.9590503573417664
1.0,1,0.4634873867034912
1.0,1,0.5559732913970947
0.0,0,0.005939793772995472
0.0,0,0.29695647954940796
1.0,1,0.9422607421875
1.0,1,0.9880698323249817
1.0,0,0.008174341171979904
0.0,0,0.12796816229820251
0.0,0,0.012493675574660301
1.0,1,0.78219074010849
0.0,0,0.025945665314793587
0.0,0,0.016651848331093788
1.0,1,0.9316272139549255
1.0,1,0.9204921722412109
0.0,0,0.13082164525985718
1.0,1,0.9968603849411011
0.0,1,0.7324948310852051
1.0,1,0.9656476378440857
1.0,1,0.9645935297012329
1.0,1,0.3993597626686096
0.0,0,0.21574021875858307
0.0,0,0.14280904829502106
1.0,1,0.937166690826416
1.0,1,0.8884222507476807
1.0,0,0.017783472314476967
1.0,0,0.08922356367111206
1.0,1,0.9238486886024475
0.0,0,0.07297636568546295
1.0,0,0.10082042962312698
0.0,0,0.01354089006781578
0.0,0,0.06524970382452011
0.0,0,0.06700123846530914
1.0,1,0.9859060049057007
0.0,0,0.0020464553963392973
0.0,0,0.013912436552345753
0.0,0,0.02298891358077526
0.0,0,0.13445748388767242
1.0,1,0.894468367099762
0.0,0,0.2042507529258728
0.0,1,0.6299558281898499
0.0,0,0.14429643750190735
1.0,1,0.740865170955658
1.0,1,0.7374166250228882
1.0,1,0.991764485836029
1.0,1,0.6316857933998108
1.0,1,0.9740141034126282
1.0,0,0.3069949150085449
1.0,1,0.6748610734939575
0.0,0,0.00963489431887865
0.0,0,0.03662387281656265
1.0,0,0.013898110948503017
0.0,1,0.4085887372493744
1.0,1,0.9859529733657837
1.0,1,0.9661146402359009
0.0,0,0.0029288893565535545
0.0,0,0.017029833048582077
0.0,0,0.11172295361757278
1.0,1,0.9559361934661865
1.0,1,0.9335871338844299
0.0,0,0.0135247353464365
1.0,1,0.9993826150894165
0.0,0,0.06780103594064713
1.0,1,0.8992820978164673
0.0,0,0.0047673857770860195
0.0,0,0.20165179669857025
1.0,1,0.9590831995010376
1.0,1,0.7712302207946777
1.0,0,0.10066594183444977
1.0,1,0.9983735084533691
1.0,1,0.4487208425998688
0.0,0,0.010507205501198769
0.0,1,0.40898269414901733
1.0,1,0.8210932612419128
1.0,1,0.6482756733894348
1.0,1,0.9972516894340515
0.0,0,0.21139349043369293
0.0,0,0.2956886291503906
0.0,0,0.009690751321613789
0.0,0,0.010931144468486309
1.0,1,0.9880280494689941
1.0,1,0.8620185852050781
0.0,0,0.057851601392030716
1.0,1,0.5177161693572998
0.0,0,0.002205330180004239
0.0,0,0.17972628772258759
1.0,0,0.2362138032913208
0.0,0,0.024429135024547577
1.0,1,0.9651585817337036
1.0,1,0.9780529141426086
1.0,1,0.9988903403282166
0.0,1,0.4045836329460144
1.0,1,0.643130898475647
0.0,0,0.07648725062608719
1.0,1,0.9764400124549866
1.0,1,0.9949778914451599
1.0,1,0.9986329674720764
0.0,0,0.045753177255392075
1.0,1,0.955640971660614
1.0,0,0.29289495944976807
0.0,1,0.6920969486236572
0.0,0,0.2848637104034424
0.0,0,0.007165942806750536
0.0,1,0.41886258125305176
1.0,0,0.1251591593027115
1.0,1,0.5811760425567627
1.0,1,0.9706578850746155
0.0,0,0.0006211645668372512
1.0,1,0.9849061369895935
0.0,1,0.4177827537059784
0.0,0,0.019990429282188416
0.0,1,0.9082449674606323
1.0,1,0.9917104840278625
1.0,0,0.047669749706983566
1.0,1,0.999054491519928
1.0,1,0.9494417309761047
1.0,1,0.7962925434112549
0.0,0,0.009304692037403584
0.0,1,0.6668871641159058
0.0,0,0.2910102605819702
0.0,0,0.18970391154289246
0.0,0,0.039413806051015854
0.0,0,0.008626783266663551
0.0,0,0.009500082582235336
0.0,0,0.20431184768676758
1.0,1,0.9988473653793335
0.0,0,0.059236396104097366
0.0,0,0.010974571108818054
0.0,0,0.017664112150669098
1.0,1,0.9532097578048706
1.0,1,0.8436869382858276
1.0,0,0.08723165094852448
1.0,1,0.862236738204956
1.0,1,0.9684699773788452
1.0,1,0.6333704590797424
1.0,1,0.6406087279319763
1.0,0,0.34254753589630127
0.0,0,0.0009417695109732449
0.0,0,0.20076194405555725
1.0,1,0.8818955421447754
1.0,1,0.981205940246582
1.0,1,0.9929456114768982
0.0,0,0.02432974800467491
1.0,0,0.150456503033638
1.0,1,0.832278311252594
0.0,1,0.43288034200668335
0.0,0,0.0760272964835167
1.0,1,0.5800914168357849
1.0,1,0.4139030873775482
0.0,0,0.002879308769479394
0.0,1,0.7183622717857361
0.0,1,0.48923811316490173
1.0,1,0.9893863201141357
1.0,1,0.9760828018188477
0.0,0,0.18044397234916687
1.0,1,0.9937698245048523
1.0,1,0.8271236419677734
1.0,1,0.9374043941497803
1.0,1,0.992629885673523
0.0,0,0.004154645372182131
0.0,0,0.0019963583908975124
1.0,1,0.8024793267250061
1.0,1,0.7570528388023376
1.0,0,0.18095266819000244
1.0,1,0.5311020016670227
0.0,0,0.0068840510211884975
1.0,1,0.9954534769058228
0.0,0,0.002502928487956524
1.0,1,0.9924597144126892
1.0,1,0.980323076248169
1.0,1,0.49388906359672546
0.0,0,0.06288108229637146
0.0,0,0.0012455722317099571
0.0,0,0.00148873683065176
1.0,1,0.9858658313751221
0.0,0,0.002796720014885068
0.0,0,0.004163414239883423
1.0,1,0.9778901934623718
0.0,1,0.7962172627449036
1.0,1,0.9933119416236877
0.0,0,0.005766000133007765
0.0,0,0.0009779315441846848
1.0,1,0.9609568119049072
1.0,1,0.9983893632888794
1.0,1,0.7560533285140991
1.0,1,0.6307759284973145
0.0,1,0.3934692144393921
0.0,0,0.1419493705034256
0.0,0,0.012747474946081638
1.0,1,0.9206661581993103
0.0,0,0.016812456771731377
0.0,1,0.3593704402446747
0.0,0,0.28255072236061096
0.0,0,0.15597409009933472
1.0,1,0.7063547372817993
0.0,0,0.0011743378126993775
1.0,1,0.9445216059684753
0.0,0,0.0033947115298360586
0.0,0,0.0005205951747484505
1.0,1,0.9846920371055603
1.0,1,0.9602102637290955
0.0,0,0.002511213766410947
1.0,1,0.5723958611488342
1.0,1,0.7482065558433533
1.0,1,0.9985718727111816
1.0,1,0.9936876893043518
1.0,0,0.30415892601013184
1.0,1,0.996623158454895
0.0,0,0.03157017007470131
0.0,0,0.0008426498388871551
1.0,0,0.22691017389297485
1.0,1,0.362165629863739
1.0,1,0.9706525206565857
0.0,1,0.825103223323822
1.0,1,0.9995498061180115
0.0,0,0.041106849908828735
0.0,0,0.010511182248592377
1.0,1,0.9353703260421753
1.0,1,0.3687233328819275
1.0,1,0.811843752861023
1.0,1,0.8990817666053772
1.0,1,0.9680135846138
1.0,1,0.9979290962219238
0.0,0,0.23252439498901367
0.0,0,0.00274239806458354
0.0,0,0.020713549107313156
1.0,1,0.7506001591682434
0.0,0,0.006104596890509129
0.0,0,0.001157168298959732
1.0,0,0.11389318108558655
1.0,1,0.8666217923164368
0.0,0,0.03214866667985916
1.0,1,0.859006941318512
0.0,1,0.40970003604888916
0.0,0,0.00554684130474925
0.0,0,0.11755694448947906
0.0,1,0.5149320960044861
1.0,1,0.7315835952758789
0.0,0,0.31960153579711914
0.0,0,0.07459218800067902
0.0,0,0.018630413338541985
1.0,1,0.996727705001831
1.0,1,0.9897580146789551
0.0,0,0.09704142063856125
0.0,1,0.37959611415863037
0.0,0,0.022707272320985794
1.0,1,0.989167332649231
1.0,0,0.13611307740211487
0.0,0,0.16926223039627075
0.0,0,0.06465665996074677
0.0,0,0.00902046263217926
1.0,1,0.9692831635475159
0.0,1,0.4323454201221466
0.0,1,0.5056144595146179
0.0,1,0.4067583382129669
1.0,1,0.9877961874008179
1.0,1,0.9438866972923279
0.0,0,0.022613007575273514
1.0,1,0.9137722253799438
1.0,0,0.017855394631624222
1.0,0,0.19615493714809418
1.0,1,0.9772669076919556
0.0,0,0.16945630311965942
1.0,1,0.9976425766944885
1.0,1,0.9848479628562927
1.0,1,0.713344156742096
0.0,1,0.3714783489704132
1.0,0,0.2940415143966675
0.0,1,0.3866305947303772
1.0,1,0.947528064250946
0.0,0,0.1031317189335823
0.0,0,0.007153570652008057
0.0,0,0.03549521043896675
1.0,1,0.5100483894348145
0.0,0,0.014864088967442513
1.0,0,0.07727820426225662
0.0,0,0.02757398411631584
1.0,1,0.6494418382644653
0.0,0,0.01007078681141138
0.0,0,0.13913443684577942
0.0,0,0.015973707661032677
1.0,0,0.31983309984207153
0.0,0,0.10960312932729721
1.0,1,0.7679688334465027
0.0,1,0.9092552661895752
1.0,1,0.9971109628677368
0.0,0,0.06416570395231247
0.0,0,0.055331695824861526
1.0,1,0.8342350721359253
0.0,1,0.8872289061546326
0.0,0,0.0009334987844340503
1.0,0,0.07251846045255661
0.0,0,0.1544661819934845
1.0,1,0.9555957913398743
0.0,0,0.008134128525853157
1.0,1,0.9924569129943848
1.0,1,0.961504340171814
1.0,1,0.9839853644371033
0.0,1,0.517431378364563
0.0,0,0.003908970858901739
1.0,1,0.9271384477615356
0.0,1,0.4430920481681824
0.0,0,0.06720519065856934
0.0,1,0.4876585006713867
1.0,1,0.9979540109634399
0.0,0,0.005418736021965742
0.0,0,0.07155439257621765
1.0,1,0.9957271814346313
0.0,0,0.00347970356233418
1.0,1,0.4592844545841217
0.0,0,0.07290636003017426
0.0,1,0.38034647703170776
0.0,0,0.023217910900712013
1.0,1,0.6932111978530884
1.0,1,0.5331401228904724
1.0,0,0.044082704931497574
0.0,0,0.012967852875590324
0.0,0,0.2289687693119049
0.0,0,0.06442667543888092
0.0,0,0.11736218631267548
1.0,1,0.9605699181556702
0.0,1,0.3594679832458496
1.0,1,0.9629027843475342
1.0,1,0.7238802313804626
1.0,1,0.9982241988182068
0.0,0,0.03550771623849869
1.0,0,0.18719305098056793
0.0,1,0.7685468792915344
0.0,0,0.23892202973365784
1.0,1,0.90436190366745
1.0,0,0.3125441372394562
1.0,1,0.9378887414932251
1.0,1,0.760408878326416
0.0,0,0.002640355611220002
0.0,0,0.006977077107876539
0.0,0,0.007145240902900696
0.0,1,0.9785413146018982
1.0,1,0.9977858066558838
0.0,0,0.01760963350534439
0.0,0,0.03853436931967735
0.0,1,0.45584315061569214
1.0,1,0.9905311465263367
1.0,1,0.9404702186584473
1.0,1,0.9956401586532593
1.0,1,0.9217432141304016
0.0,0,0.1655554175376892
0.0,0,0.0630970299243927
1.0,1,0.39212146401405334
0.0,0,0.13682520389556885
0.0,0,0.0007471214048564434
1.0,1,0.9715844988822937
1.0,0,0.08893764019012451
0.0,1,0.8108963966369629
0.0,0,0.03584272414445877
1.0,1,0.9947566986083984
1.0,1,0.37916022539138794
1.0,1,0.8130955696105957
1.0,0,0.019474796950817108
1.0,1,0.9989057779312134
0.0,0,0.270592600107193
1.0,1,0.9261266589164734
0.0,0,0.09593463689088821
1.0,1,0.9945882558822632
1.0,0,0.06378625333309174
0.0,0,0.006234103348106146
0.0,1,0.9705837965011597
1.0,1,0.8173437118530273
0.0,0,0.0320921428501606
1.0,1,0.8522899746894836
0.0,0,0.03789858892560005
0.0,0,0.021644575521349907
0.0,1,0.8064269423484802
1.0,1,0.582426130771637
1.0,1,0.8612197041511536
0.0,0,0.19014666974544525
1.0,1,0.9289985299110413
1.0,1,0.9607877135276794
0.0,1,0.4858032763004303
0.0,0,0.1874397248029709
1.0,0,0.11533814668655396
0.0,0,0.3171658515930176
0.0,0,0.29459264874458313
1.0,1,0.9835029244422913
0.0,0,0.006463407073169947
0.0,0,0.14771175384521484
0.0,0,0.01621267944574356
1.0,1,0.9892768859863281
0.0,0,0.006586582399904728
1.0,0,0.31810176372528076
1.0,1,0.5319240093231201
1.0,1,0.9180141687393188
1.0,1,0.9988574981689453
1.0,1,0.7817172408103943
0.0,1,0.49914678931236267
0.0,0,0.040686819702386856
0.0,0,0.2746814489364624
1.0,1,0.9965479969978333
1.0,1,0.9980428218841553
1.0,1,0.9671005606651306
1.0,1,0.9974308609962463
1.0,1,0.9675082564353943
1.0,1,0.9007027745246887
0.0,0,0.19866064190864563
1.0,1,0.8874101042747498
0.0,0,0.024206344038248062
1.0,1,0.8211967945098877
1.0,0,0.004717095289379358
0.0,1,0.47517552971839905
1.0,1,0.9918240904808044
0.0,0,0.3047087788581848
1.0,1,0.9989425539970398
0.0,0,0.16796734929084778
0.0,0,0.00022104050731286407
0.0,0,0.04121172055602074
1.0,0,0.2607293725013733
0.0,0,0.1928296983242035
1.0,1,0.944581151008606
1.0,0,0.04874651879072189
1.0,1,0.937764048576355
0.0,1,0.629642128944397
0.0,0,0.016280407086014748
0.0,0,0.030903534963726997
1.0,1,0.9821321964263916
0.0,0,0.24425694346427917
1.0,1,0.9612846374511719
0.0,0,0.0004864076618105173
1.0,1,0.5470870733261108
1.0,1,0.9839603304862976
1.0,1,0.9965153932571411
1.0,0,0.017867011949419975
1.0,0,0.042145729064941406
1.0,0,0.30408957600593567
1.0,1,0.9873122572898865
0.0,0,0.2890133857727051
1.0,0,0.23547789454460144
1.0,1,0.5794363617897034
1.0,1,0.886515736579895
1.0,1,0.9604710340499878
0.0,0,0.027577059343457222
0.0,0,0.0005049006431363523
1.0,0,0.2505938410758972
0.0,0,0.011755741201341152
0.0,0,0.0006907935603521764
1.0,0,0.03908148035407066
0.0,1,0.9743155837059021
1.0,1,0.9882975220680237
0.0,0,0.007204643450677395
0.0,0,0.0028866189531981945
1.0,1,0.981813907623291
1.0,1,0.8973813652992249
0.0,1,0.46202290058135986
0.0,0,0.00016933161532506347
0.0,0,0.028285397216677666
0.0,0,0.018632397055625916
1.0,0,0.047165680676698685
0.0,0,0.0059872218407690525
1.0,0,0.004626390058547258
0.0,0,0.08464305102825165
0.0,0,0.04185233265161514
1.0,0,0.11149391531944275
1.0,1,0.9793418049812317
1.0,1,0.9737281799316406
1.0,1,0.9984132051467896
1.0,1,0.5978965163230896
1.0,1,0.7364787459373474
0.0,1,0.6978280544281006
1.0,0,0.3115312159061432
0.0,1,0.7951809763908386
0.0,1,0.9485171437263489
0.0,0,0.02233392745256424
1.0,1,0.8018265962600708
0.0,0,0.10059073567390442
1.0,1,0.9962384700775146
1.0,1,0.9855344295501709
1.0,1,0.940117359161377
1.0,1,0.8982322216033936
0.0,0,0.0006628872361034155
1.0,0,0.30852168798446655
1.0,1,0.9982839226722717
0.0,1,0.7563610076904297
