y_true,y_pred,y_score
1.0,1,0.9999970197677612
0.0,0,0.005886278580874205
0.0,0,0.010565502569079399
1.0,1,0.9980997443199158
0.0,0,0.0005377190536819398
0.0,0,0.00020358804613351822
0.0,0,0.014283343218266964
0.0,0,5.4098716645967215e-05
0.0,0,0.0024952071253210306
0.0,0,0.0007844570209272206
1.0,0,0.002379334531724453
1.0,1,0.971258819103241
0.0,0,0.25400570034980774
0.0,1,0.9262652397155762
1.0,1,0.8258726596832275
1.0,1,0.9770222902297974
1.0,1,0.9803143739700317
0.0,0,0.009101200848817825
0.0,0,0.20583133399486542
0.0,0,0.007865695282816887
0.0,0,0.006512523628771305
0.0,0,0.05039684846997261
1.0,1,0.9459758996963501
0.0,0,0.0017921917606145144
1.0,1,0.9711998701095581
0.0,0,0.0007864036597311497
1.0,1,0.9914816617965698
0.0,0,0.07163463532924652
0.0,0,0.0019810013473033905
1.0,0,0.005177383776754141
1.0,0,0.0011055319337174296
0.0,0,0.0006998312310315669
0.0,0,0.002280977088958025
0.0,1,0.9950610995292664
0.0,0,0.013433517888188362
1.0,1,0.9835804104804993
1.0,1,0.5478672981262207
1.0,1,0.9995661377906799
1.0,1,0.9652306437492371
0.0,0,0.00011013439507223666
1.0,1,0.9999855756759644
0.0,0,0.0015807223971933126
0.0,0,0.0006555616855621338
1.0,1,0.9999257326126099
0.0,0,0.011417138390243053
1.0,1,0.9839211702346802
1.0,1,0.8346837162971497
0.0,0,0.3850812017917633
0.0,0,4.673100193031132e-05
1.0,1,0.999755322933197
0.0,0,0.00018906639888882637
0.0,0,0.015096055343747139
0.0,0,0.0030787894502282143
0.0,0,0.002199128270149231
0.0,0,0.005428958684206009
1.0,0,0.08608101308345795
0.0,0,0.002092036884278059
1.0,1,0.9999326467514038
0.0,0,2.782463161565829e-05
1.0,1,0.977020800113678
1.0,1,0.7137662172317505
1.0,1,0.7593865990638733
0.0,0,4.958636418450624e-05
0.0,0,4.1169343603542075e-05
1.0,1,0.9572808146476746
1.0,1,0.8976346850395203
1.0,1,0.9996111989021301
0.0,0,0.0004946235567331314
1.0,1,0.42699986696243286
0.0,0,0.11402617394924164
0.0,0,0.001875196467153728
0.0,0,0.021576933562755585
0.0,0,0.0007735762046650052
1.0,1,0.9937371015548706
0.0,0,1.5829546100576408e-05
0.0,0,0.000113307723950129
0.0,0,0.0018619097536429763
1.0,1,0.9733436107635498
0.0,0,0.0001629579928703606
1.0,1,0.9998811483383179
0.0,0,3.552646012394689e-05
1.0,1,0.9998546838760376
1.0,1,0.9842970967292786
0.0,0,0.0008082284475676715
0.0,0,0.00021949457004666328
0.0,0,0.029153089970350266
1.0,1,0.9999498128890991
0.0,0,0.00023560665431432426
0.0,0,0.003441994311287999
0.0,0,0.0032748759258538485
0.0,0,0.07483820617198944
1.0,1,0.9795861840248108
0.0,0,0.3949257433414459
1.0,0,0.06293875724077225
1.0,1,0.9999496936798096
0.0,0,0.020635386928915977
1.0,1,0.9979926347732544
0.0,0,0.00045699786278419197
1.0,1,0.9999725818634033
1.0,0,0.18105822801589966
1.0,1,0.715831458568573
1.0,1,0.9991909861564636
1.0,1,0.9335069060325623
0.0,0,0.0003946698270738125
0.0,0,0.13340021669864655
1.0,1,0.9830397963523865
1.0,1,0.9403932690620422
0.0,0,0.04326605796813965
1.0,1,0.9999300241470337
1.0,0,0.3623984456062317
1.0,0,0.05939248576760292
0.0,0,0.011566170491278172
1.0,1,0.999671459197998
1.0,1,0.9544643759727478
0.0,0,0.018529681488871574
0.0,0,1.0268046025885269e-05
0.0,0,0.0006773413624614477
0.0,1,0.5495308637619019
0.0,0,2.5198345610988326e-05
0.0,0,0.0002588167553767562
1.0,1,0.9997883439064026
1.0,1,0.9708698987960815
1.0,1,0.4323558211326599
0.0,0,0.23208856582641602
1.0,1,0.8179208636283875
0.0,0,1.4371740689966828e-05
1.0,1,0.9194582104682922
1.0,1,0.9999520778656006
0.0,0,0.3310439884662628
1.0,1,0.9979015588760376
1.0,1,0.9998996257781982
0.0,0,0.002228077733889222
0.0,0,0.00031264949939213693
0.0,0,0.002357358345761895
0.0,0,0.003289619227871299
1.0,1,0.9899106621742249
1.0,1,0.854364275932312
0.0,0,0.00452086329460144
0.0,0,0.09607736766338348
1.0,1,0.9999247789382935
1.0,1,0.9771208763122559
0.0,0,0.035333797335624695
1.0,1,0.9964150190353394
1.0,0,0.10521971434354782
0.0,0,0.006180204916745424
0.0,0,0.02165933884680271
1.0,1,0.9999972581863403
1.0,1,0.9999459981918335
0.0,0,0.3170568645000458
0.0,0,0.0125325508415699
1.0,1,0.9988527297973633
1.0,1,0.9997581839561462
0.0,0,0.2825494706630707
0.0,0,0.02416246011853218
0.0,0,0.001757524092681706
0.0,0,9.7237279987894e-06
1.0,1,0.9718947410583496
1.0,0,0.3518264591693878
0.0,0,0.0014872447354719043
1.0,1,0.8234386444091797
0.0,0,0.00013647001469507813
1.0,1,0.9795672297477722
0.0,0,0.01662377640604973
1.0,1,0.904728353023529
1.0,0,0.0010790623491629958
0.0,0,0.013297378085553646
0.0,0,0.024280840530991554
0.0,0,0.00027295653126202524
1.0,1,0.9992464780807495
1.0,1,0.9990344047546387
0.0,0,4.338638609624468e-05
0.0,0,0.0001412521960446611
1.0,1,0.9840440154075623
0.0,0,0.013738714158535004
0.0,0,0.00010232054046355188
0.0,0,1.5626163076376542e-05
1.0,1,0.9981289505958557
1.0,1,0.9999735355377197
1.0,1,0.9939320087432861
0.0,0,4.5681717892875895e-05
0.0,0,0.048867274075746536
0.0,0,0.010954063385725021
1.0,1,0.999992847442627
1.0,1,0.5109780430793762
0.0,0,0.2831524908542633
1.0,1,0.9858900308609009
1.0,1,0.9912803769111633
1.0,1,0.9577857851982117
0.0,0,8.016007086553145e-06
1.0,1,0.9842196106910706
0.0,0,0.0013798270374536514
1.0,1,0.9944276809692383
0.0,0,0.2500673830509186
0.0,0,0.03401564434170723
0.0,1,0.8635383248329163
1.0,1,0.9999974966049194
0.0,0,0.00011460526729933918
0.0,0,1.026630252454197e-05
1.0,1,0.9986377358436584
1.0,1,0.9997113347053528
1.0,1,0.9882497787475586
1.0,1,0.9994885921478271
1.0,1,0.9999940395355225
0.0,0,0.013184172101318836
0.0,0,9.949942068487871e-06
0.0,0,0.1794200837612152
0.0,0,0.0015429960330948234
0.0,0,0.0004965523257851601
1.0,1,0.9885367155075073
0.0,0,0.003281989134848118
0.0,0,0.04481019452214241
0.0,0,0.06502692401409149
1.0,1,0.9999991655349731
0.0,0,0.0006569470278918743
1.0,1,0.9992144107818604
1.0,1,0.9572048187255859
0.0,0,3.157620085403323e-05
0.0,0,0.06835270673036575
0.0,0,0.009436587803065777
1.0,1,0.9848544597625732
0.0,0,0.009364627301692963
0.0,0,5.159206466487376e-06
0.0,0,0.012305723503232002
0.0,0,0.0021642178762704134
1.0,1,0.9879113435745239
1.0,1,0.9999732971191406
0.0,0,0.02738833799958229
0.0,0,0.000679262273479253
1.0,1,0.9999866485595703
1.0,0,9.54384813667275e-05
0.0,0,0.2575620412826538
0.0,0,0.02928840182721615
0.0,0,0.11571236699819565
1.0,1,0.9990647435188293
0.0,0,9.545395732857287e-05
1.0,1,0.5045649409294128
0.0,0,0.004553789738565683
1.0,0,0.012207148596644402
1.0,1,0.9992257356643677
0.0,1,0.692651093006134
0.0,1,0.9546152353286743
0.0,0,8.189144136849791e-05
0.0,0,0.002105012070387602
0.0,0,0.03374191373586655
1.0,1,0.9993109703063965
1.0,1,0.9996479749679565
1.0,1,0.999767005443573
1.0,1,0.999914288520813
1.0,1,0.5455379486083984
0.0,0,0.0016773550305515528
1.0,1,0.9685437679290771
1.0,1,0.9994763731956482
0.0,0,7.495459158235462e-06
1.0,1,0.9997879862785339
1.0,0,0.010886235162615776
0.0,0,0.00036043315776623785
1.0,1,0.9980474710464478
1.0,1,0.996982991695404
1.0,0,0.23624765872955322
0.0,0,2.9639290005434304e-05
1.0,1,0.997965931892395
1.0,1,0.9870384931564331
1.0,1,0.9971421360969543
0.0,0,0.01803959347307682
0.0,0,0.00016362906899303198
1.0,1,0.999881386756897
0.0,0,0.00010776895214803517
0.0,0,1.2289098776818719e-05
0.0,0,0.0013186477590352297
0.0,0,0.005993497092276812
1.0,1,0.9948987364768982
0.0,1,0.512042224407196
1.0,0,0.00011076992814196274
0.0,1,0.988591730594635
1.0,1,0.9652616381645203
0.0,0,0.0022340083960443735
0.0,1,0.9298579096794128
0.0,0,0.06388948857784271
0.0,0,0.0004971689777448773
0.0,0,0.005872218403965235
1.0,1,0.9999443292617798
1.0,0,0.3068244159221649
1.0,1,0.9994768500328064
0.0,0,0.0005375617183744907
0.0,0,0.00024937608395703137
1.0,1,0.9917873740196228
1.0,1,0.9100552201271057
0.0,0,0.0012852533254772425
0.0,0,0.13413402438163757
1.0,1,0.9675536751747131
0.0,1,0.9483249187469482
0.0,0,0.0015257485210895538
0.0,1,0.9250339865684509
0.0,0,0.003458333434537053
0.0,0,0.13330957293510437
0.0,0,0.00018498145800549537
1.0,1,0.9963615536689758
0.0,0,3.492130053928122e-05
0.0,0,0.0017753307474777102
0.0,0,0.00014488876331597567
1.0,1,0.9998733997344971
0.0,0,0.001276587718166411
1.0,1,0.999552309513092
0.0,0,0.02205061726272106
1.0,1,0.9871455430984497
0.0,0,0.0003666788397822529
0.0,0,0.012504163198173046
0.0,0,0.00011486303264973685
1.0,1,0.997401237487793
0.0,0,0.11739573627710342
1.0,1,0.9999614953994751
1.0,1,0.9003558158874512
1.0,1,0.9794613122940063
0.0,1,0.992664098739624
0.0,0,7.144612754927948e-05
1.0,1,0.9719877243041992
1.0,1,0.9994344115257263
1.0,1,0.9999586343765259
1.0,1,0.9497203230857849
0.0,0,0.03304774686694145
0.0,0,0.002813066355884075
1.0,1,0.9700654745101929
0.0,0,0.18066570162773132
1.0,1,0.9767657518386841
0.0,1,0.8042473793029785
1.0,1,0.9959021210670471
0.0,0,0.0010391066316515207
1.0,0,0.08605709671974182
0.0,0,0.003939250484108925
0.0,0,0.0006416466203518212
1.0,1,0.884289026260376
1.0,1,0.9998941421508789
1.0,1,0.9994774460792542
0.0,0,0.0006740979733876884
0.0,1,0.5753758549690247
0.0,0,0.04964904114603996
1.0,1,0.9998565912246704
0.0,0,0.006202867720276117
0.0,0,0.028165215626358986
0.0,0,6.868418495287187e-06
1.0,1,0.9966021776199341
0.0,0,0.04768361896276474
1.0,0,0.02322572097182274
0.0,0,0.0026570595800876617
0.0,0,0.0005266650696285069
1.0,1,0.9988076686859131
1.0,1,0.999981164932251
1.0,1,0.8973621726036072
0.0,0,0.00015795697981957346
0.0,0,0.0021708894055336714
0.0,0,0.0006421124562621117
0.0,0,3.669822035590187e-05
1.0,1,0.9963370561599731
1.0,1,0.9999961853027344
0.0,0,6.212337757460773e-05
0.0,0,0.2796151638031006
0.0,0,0.0018248474225401878
0.0,0,0.0001291774824494496
0.0,0,0.002225225092843175
0.0,0,4.8652280383976176e-05
1.0,1,0.5875367522239685
1.0,1,0.9876213669776917
0.0,0,0.11299130320549011
0.0,0,1.8652119251783006e-05
0.0,0,0.0016268308972939849
0.0,1,0.4734465777873993
0.0,0,0.022386230528354645
0.0,0,0.00011537930549820885
1.0,1,0.9962761402130127
0.0,0,0.008974013850092888
1.0,0,0.010997258126735687
0.0,0,0.002161015523597598
0.0,0,0.00017386412946507335
0.0,0,0.0009573664283379912
0.0,0,1.1970827472396195e-05
1.0,1,0.8766947388648987
0.0,0,0.005394697189331055
1.0,1,0.9999353885650635
0.0,1,0.9562680721282959
1.0,1,0.49099037051200867
1.0,1,0.9960376024246216
0.0,1,0.6505395770072937
1.0,1,0.7736502885818481
1.0,1,0.9959806203842163
1.0,1,0.9614354372024536
1.0,1,0.9998854398727417
0.0,0,0.001980821369215846
0.0,1,0.9819611310958862
0.0,0,0.0366763211786747
1.0,1,0.9995222091674805
1.0,1,0.9849083423614502
0.0,0,9.339059761259705e-05
0.0,0,0.00029120148974470794
1.0,1,0.9872227907180786
1.0,1,0.9996435642242432
0.0,0,0.007176538463681936
1.0,1,0.9425639510154724
0.0,0,0.01399547141045332
1.0,1,0.9994377493858337
1.0,1,0.9975250363349915
1.0,1,0.984026312828064
1.0,0,0.025084901601076126
1.0,1,0.9877150654792786
1.0,1,0.999477207660675
1.0,1,0.9998276233673096
1.0,1,0.9979661703109741
1.0,1,0.9999854564666748
0.0,1,0.9951700568199158
1.0,1,0.407325804233551
1.0,1,0.9983248114585876
0.0,1,0.9916163086891174
0.0,0,0.0001330382510786876
0.0,0,0.00011203510803170502
0.0,0,0.000244950846536085
0.0,0,0.00010561873932601884
0.0,0,0.1977873593568802
0.0,0,3.402264337637462e-05
0.0,1,0.52409428358078
0.0,0,1.221334400725027e-06
0.0,1,0.9994677901268005
1.0,0,0.17257168889045715
1.0,1,0.9999551773071289
1.0,1,0.999812662601471
1.0,1,0.8089340329170227
0.0,0,0.014090318232774734
1.0,1,0.9999668598175049
0.0,1,0.5003035068511963
0.0,0,0.02650783583521843
1.0,1,0.9985895752906799
0.0,1,0.46054404973983765
0.0,0,0.012534275650978088
1.0,1,0.9426699876785278
1.0,1,0.9912241697311401
0.0,0,0.0001298729475820437
0.0,0,1.5009868548077065e-05
1.0,1,0.860375702381134
1.0,0,0.06891167908906937
0.0,0,0.02951827459037304
1.0,1,0.9997058510780334
0.0,0,0.024361586198210716
0.0,0,0.0017351906280964613
1.0,1,0.8992622494697571
0.0,0,0.2349952906370163
1.0,1,0.9942123293876648
0.0,0,0.000504768337123096
0.0,0,0.029309438541531563
0.0,0,6.552503327839077e-05
0.0,0,1.222469381900737e-05
0.0,0,0.024385251104831696
1.0,1,0.7914766669273376
0.0,0,0.007580092176795006
0.0,0,0.06240168958902359
1.0,1,0.9344952702522278
0.0,0,0.02089710906147957
0.0,0,2.4365237550227903e-05
0.0,0,5.9661797422450036e-05
0.0,0,0.004087444860488176
0.0,0,0.11085996776819229
0.0,1,0.8218291401863098
0.0,0,0.0013748862547799945
0.0,0,0.0005913545610383153
1.0,1,0.9999809265136719
0.0,0,1.4544143596140202e-05
1.0,1,0.9980973601341248
1.0,1,0.998428463935852
1.0,1,0.9890866279602051
0.0,1,0.5826942324638367
0.0,0,0.00010815924179041758
1.0,1,0.9996743202209473
0.0,0,0.00031371242948807776
0.0,1,0.8939218521118164
0.0,0,9.475211845710874e-05
0.0,0,0.07518793642520905
0.0,0,0.075440913438797
1.0,1,0.9998045563697815
0.0,1,0.8521555066108704
1.0,1,0.8740795850753784
0.0,1,0.9965399503707886
1.0,1,0.9999754428863525
0.0,0,0.000333654839778319
1.0,1,0.9973449110984802
0.0,0,0.00024459586711600423
1.0,1,0.9999911785125732
1.0,1,0.7996424436569214
0.0,0,0.004031757824122906
1.0,1,0.9769834876060486
0.0,0,0.00011206449562450871
1.0,1,0.999951958656311
1.0,1,0.9993826150894165
0.0,0,0.20965005457401276
1.0,1,0.907089114189148
0.0,0,0.00036230412661097944
1.0,1,0.9989739656448364
0.0,0,0.0001654169464018196
1.0,1,0.9949465394020081
1.0,0,0.01530719455331564
0.0,1,0.6513324975967407
1.0,1,0.8242596387863159
0.0,1,0.9996978044509888
0.0,0,0.001518367906101048
0.0,1,0.6785118579864502
1.0,1,0.9942129254341125
0.0,0,0.008526301011443138
0.0,0,1.798047378542833e-06
0.0,0,0.007657337933778763
1.0,0,0.008034027181565762
0.0,0,0.0015778293600305915
0.0,0,0.0010210979962721467
1.0,0,0.17083437740802765
1.0,1,0.8586894869804382
1.0,1,0.9999412298202515
0.0,0,1.3892940842197277e-06
1.0,1,0.9999395608901978
1.0,1,0.9355722069740295
1.0,0,0.009201988577842712
0.0,0,0.06546134501695633
0.0,0,0.00017701413889881223
1.0,1,0.9999016523361206
1.0,1,0.974677562713623
0.0,0,0.001442529377527535
0.0,1,0.546216607093811
1.0,1,0.9981135129928589
0.0,0,0.01387292705476284
0.0,0,5.488534952746704e-05
0.0,0,1.745611552905757e-05
1.0,1,0.9987072944641113
0.0,0,0.0045762984082102776
1.0,1,0.756801962852478
0.0,1,0.9992282390594482
0.0,0,0.0012844150187447667
1.0,1,0.9994582533836365
1.0,1,0.9968900084495544
1.0,1,0.9576863050460815
0.0,0,0.0003264227125328034
0.0,0,0.016168203204870224
0.0,0,0.0012147976085543633
1.0,1,0.501305341720581
1.0,1,0.6661685705184937
0.0,0,0.0015826388262212276
1.0,1,0.9910544753074646
0.0,0,0.0007349516963586211
0.0,0,0.0009781832341104746
0.0,1,0.48152485489845276
0.0,0,0.3562512695789337
0.0,0,0.014355242252349854
0.0,0,0.026659833267331123
0.0,0,0.0011463953414931893
1.0,1,0.9999996423721313
1.0,1,0.9997735619544983
1.0,1,0.9955845475196838
1.0,1,0.896985650062561
1.0,1,0.9999988079071045
1.0,1,0.999936580657959
1.0,0,0.37672290205955505
1.0,1,0.9747720956802368
1.0,1,0.9963575005531311
1.0,1,0.773291826248169
1.0,1,0.9956028461456299
0.0,0,0.3572022020816803
0.0,0,0.008876584470272064
0.0,0,0.0004235298838466406
0.0,1,0.7967934608459473
0.0,0,0.10810842365026474
0.0,0,0.0011507674353197217
0.0,0,0.001170421950519085
0.0,0,9.194365702569485e-06
1.0,1,0.8392032980918884
1.0,1,0.9987793564796448
1.0,0,0.1380760371685028
0.0,0,0.1584848314523697
0.0,0,0.0007128664292395115
0.0,0,0.014180936850607395
0.0,0,0.00023148638138081878
0.0,0,0.0021451415959745646
0.0,0,0.0009979645255953074
1.0,0,0.1905408501625061
0.0,0,0.006317839026451111
0.0,0,0.00937576312571764
0.0,0,0.0002611270756460726
0.0,0,2.7231801141169854e-05
0.0,0,0.0001404423383064568
1.0,1,0.9999699592590332
0.0,0,0.2571008801460266
1.0,1,0.9994878768920898
0.0,0,0.000638436758890748
0.0,0,0.00029482104582712054
0.0,0,0.0005645872442983091
0.0,0,0.0016539751086384058
0.0,0,0.0014457080978900194
0.0,0,0.00042752831359393895
0.0,0,0.0034505904186517
1.0,1,0.9996362924575806
1.0,1,0.9998985528945923
1.0,1,0.996570348739624
0.0,0,0.047506265342235565
0.0,0,1.254955986951245e-05
1.0,1,0.997083842754364
1.0,1,0.9944023489952087
0.0,0,0.0004890112904831767
1.0,1,0.9999147653579712
1.0,1,0.9995618462562561
0.0,0,1.909233833430335e-05
0.0,0,0.00017930727335624397
0.0,0,0.0017429827712476254
1.0,1,0.8774868249893188
0.0,0,0.24530725181102753
0.0,0,4.379338497528806e-05
1.0,1,0.6147013902664185
1.0,1,0.9996873140335083
0.0,0,0.08626604080200195
1.0,1,0.8840357065200806
0.0,0,8.002632239367813e-05
1.0,1,0.5341776013374329
0.0,0,0.0030650498811155558
1.0,1,0.8310122489929199
1.0,1,0.6840658187866211
1.0,1,0.9990666508674622
0.0,1,0.6185176968574524
1.0,1,0.9997658133506775
0.0,1,0.7277873158454895
0.0,0,1.9522309230524115e-05
0.0,0,0.005509610753506422
1.0,0,0.1157921776175499
0.0,0,3.4009262890322134e-06
0.0,0,0.33632805943489075
0.0,0,0.0457875095307827
0.0,0,3.5737270081881434e-05
0.0,0,0.00014635547995567322
1.0,1,0.9904430508613586
1.0,1,0.9982740879058838
0.0,0,9.646416583564132e-05
0.0,0,0.00018270371947437525
0.0,0,2.198202309955377e-05
1.0,1,0.9231893420219421
0.0,0,0.003752894001081586
0.0,1,0.9813230037689209
1.0,1,0.9811930656433105
0.0,0,0.0593457967042923
0.0,0,0.04418107494711876
0.0,0,0.0007245467277243733
0.0,0,0.03113511949777603
1.0,1,0.9681448340415955
0.0,0,0.0012173134600743651
0.0,0,0.33209800720214844
0.0,0,0.0025305405724793673
0.0,0,0.08515584468841553
1.0,0,0.014360795728862286
1.0,0,0.016610663384199142
1.0,1,0.9999955892562866
0.0,1,0.9983567595481873
1.0,1,0.9907955527305603
0.0,0,0.00017229057266376913
1.0,1,0.9992796778678894
1.0,1,0.999799907207489
1.0,1,0.9947659969329834
0.0,0,5.956549648544751e-05
1.0,1,0.9988376498222351
0.0,0,0.004081100225448608
1.0,1,0.9803260564804077
1.0,1,0.9998366832733154
1.0,0,0.14102327823638916
0.0,0,0.08227892965078354
1.0,1,0.9991645812988281
0.0,1,0.9541615843772888
1.0,1,0.9147325754165649
1.0,1,0.9964751601219177
0.0,1,0.7094601392745972
1.0,1,0.8156552314758301
0.0,0,0.00013367838982958347
0.0,0,0.0002719844342209399
1.0,0,0.010623788461089134
0.0,0,0.06680373102426529
1.0,1,0.9919894337654114
1.0,1,0.9999570846557617
0.0,0,0.03258718177676201
0.0,0,0.1318196803331375
0.0,0,9.528346708975732e-06
0.0,0,5.765692549175583e-06
0.0,0,0.005388220772147179
0.0,0,0.06344400346279144
1.0,1,0.9999988079071045
0.0,0,0.009884675033390522
0.0,0,9.670841973274946e-05
0.0,0,0.029081450775265694
0.0,0,0.0005906721344217658
0.0,0,0.00413940753787756
0.0,0,0.0003759048704523593
0.0,1,0.8027969002723694
1.0,0,0.0015151780098676682
1.0,1,0.9894412755966187
0.0,0,0.07385583221912384
0.0,0,0.008630920201539993
0.0,0,0.0006573679274879396
0.0,0,0.00023047726426739246
0.0,0,0.0005581052973866463
1.0,1,0.7014893889427185
0.0,0,0.001602177508175373
1.0,1,0.95087069272995
0.0,1,0.9139858484268188
0.0,0,0.08591020852327347
1.0,0,0.34257882833480835
0.0,0,0.0013678838731721044
0.0,0,8.00600610091351e-05
0.0,0,0.0025523274671286345
0.0,0,3.652831583167426e-05
0.0,0,0.00017170525097753853
0.0,0,0.02315467782318592
1.0,0,0.09135157614946365
1.0,1,0.6887533068656921
1.0,1,0.9991248250007629
1.0,1,0.9982101917266846
0.0,0,0.02223440259695053
0.0,0,0.1256042867898941
0.0,0,0.00015588839596603066
1.0,1,0.9991124272346497
1.0,1,0.8716044425964355
0.0,0,0.00022429891396313906
1.0,1,0.9754952192306519
0.0,0,0.00023263358161784708
0.0,0,0.011173930950462818
0.0,0,0.0004109396249987185
1.0,1,0.4221208393573761
0.0,0,0.0005590079817920923
1.0,0,0.25281915068626404
1.0,1,0.9998286962509155
1.0,1,0.9067556858062744
1.0,1,0.9786536693572998
0.0,0,3.960096000810154e-05
0.0,0,5.6995422710315324e-06
1.0,1,0.9678816795349121
1.0,1,0.9999818801879883
0.0,0,0.04072819650173187
1.0,1,0.9999842643737793
1.0,1,0.99997878074646
0.0,1,0.9999227523803711
1.0,1,0.9833635091781616
1.0,1,0.9982510209083557
0.0,0,0.03857963904738426
0.0,0,0.0004367377841845155
0.0,0,0.0032089606393128633
1.0,1,0.9467940926551819
0.0,0,0.007251595612615347
1.0,1,0.9860231876373291
0.0,0,0.00018763401021715254
0.0,0,0.00386057305149734
0.0,0,0.0027576906140893698
0.0,0,0.00016193350893445313
1.0,1,0.9994679093360901
0.0,1,0.4148779511451721
0.0,1,0.6233741044998169
0.0,0,0.0023659809958189726
1.0,1,0.9785223603248596
0.0,1,0.9304786324501038
1.0,1,0.9996974468231201
1.0,1,0.9999698400497437
1.0,1,0.9997604489326477
1.0,1,0.8478867411613464
1.0,1,0.9926939010620117
0.0,0,0.00016668376338202506
0.0,0,8.522649750375422e-07
1.0,1,0.9992214441299438
1.0,1,0.9997487664222717
1.0,1,0.8229499459266663
1.0,1,0.9990886449813843
1.0,1,0.9781758189201355
0.0,0,0.0007026235689409077
1.0,1,0.9997281432151794
0.0,0,0.0005631636013276875
1.0,1,0.9994984865188599
0.0,0,9.658611816121265e-05
1.0,1,0.999247670173645
0.0,1,0.8794941306114197
0.0,1,0.6150749921798706
0.0,0,0.002141328761354089
1.0,1,0.9966121315956116
0.0,0,9.618712647352368e-05
1.0,1,0.7909566760063171
1.0,1,0.9659696817398071
0.0,0,0.0002488929603714496
0.0,0,0.12047777324914932
0.0,1,0.43113210797309875
1.0,1,0.999629020690918
0.0,0,8.794660971034318e-05
0.0,0,0.00023879770014900714
0.0,0,0.009406575933098793
0.0,0,0.14937801659107208
1.0,1,0.9999743700027466
1.0,1,0.9305142164230347
0.0,0,0.0004529868019744754
0.0,1,0.4072590470314026
0.0,0,2.9336035368032753e-05
0.0,0,0.0003678442444652319
1.0,1,0.9999655485153198
1.0,1,0.9960113763809204
0.0,1,0.9999388456344604
0.0,0,0.00042036676313728094
1.0,1,0.9845561981201172
1.0,1,0.8349740505218506
1.0,1,0.9998949766159058
1.0,0,0.23461829125881195
1.0,1,0.4712505340576172
0.0,0,0.0003120863693766296
1.0,1,0.744699239730835
0.0,0,0.00029554148204624653
0.0,0,6.200187635840848e-05
0.0,0,0.023476125672459602
1.0,0,0.21733000874519348
0.0,0,0.22766345739364624
0.0,0,0.0003852068039122969
0.0,0,2.4725735784159042e-05
0.0,0,0.01693025603890419
0.0,1,0.8579573631286621
0.0,0,0.006302895490080118
0.0,0,0.0010386077919974923
1.0,0,0.0005618521827273071
0.0,1,0.4282623827457428
0.0,0,0.21862313151359558
1.0,1,0.5643621683120728
0.0,0,0.017678027972579002
0.0,0,0.2898849844932556
1.0,1,0.9437271952629089
0.0,1,0.9309337735176086
1.0,0,0.008923803456127644
1.0,1,0.9399735927581787
0.0,0,9.451856749365106e-05
1.0,1,0.9969955682754517
0.0,0,0.004867260344326496
0.0,0,0.004514796193689108
0.0,0,0.3315523564815521
0.0,0,0.04933922737836838
0.0,0,0.14595630764961243
1.0,1,0.9993985891342163
1.0,1,0.9999961853027344
1.0,0,2.532002781663323e-06
0.0,0,0.00263946782797575
1.0,1,0.9997738003730774
0.0,0,0.005943159107118845
0.0,0,0.005350574851036072
0.0,0,0.019442787393927574
0.0,0,0.16727475821971893
0.0,0,0.0003083898045588285
0.0,0,0.2398265302181244
0.0,0,0.0002049686008831486
0.0,0,0.010219467803835869
1.0,1,0.9576343894004822
0.0,0,0.025972479954361916
1.0,1,0.7022114992141724
0.0,0,0.12161900848150253
1.0,1,0.9999678134918213
0.0,0,0.00017170229693874717
0.0,0,0.000806653406471014
1.0,1,0.9994051456451416
0.0,0,0.006882372312247753
1.0,1,0.9883864521980286
0.0,0,0.00013109379506204277
1.0,1,0.9990967512130737
0.0,0,4.338419603300281e-05
0.0,0,0.36270448565483093
1.0,1,0.9991402626037598
0.0,0,0.036729443818330765
1.0,1,0.7845585942268372
1.0,1,0.9997720122337341
0.0,1,0.8672650456428528
0.0,0,0.0006510885432362556
0.0,0,0.011437414214015007
0.0,0,0.005145068280398846
1.0,1,0.9999810457229614
0.0,0,0.0040124934166669846
1.0,1,0.9230566620826721
1.0,0,0.07789197564125061
0.0,1,0.6100680828094482
0.0,0,0.0453161746263504
1.0,0,0.05617919936776161
1.0,1,0.9983899593353271
1.0,1,0.9992830157279968
0.0,0,0.0037926663644611835
0.0,0,0.0003148321120534092
0.0,0,0.00045111365034244955
1.0,1,0.984936535358429
1.0,1,0.958349347114563
0.0,1,0.8857955932617188
1.0,0,0.082710400223732
0.0,0,0.0011479033855721354
1.0,1,0.7461230754852295
0.0,0,0.005619090516120195
1.0,1,0.9453606009483337
1.0,1,0.9396189451217651
0.0,0,0.00017357127217110246
0.0,0,0.0010646578157320619
0.0,0,0.003987631760537624
0.0,1,0.6298445463180542
1.0,1,0.9841529726982117
0.0,0,0.0028311465866863728
0.0,0,0.0003101808251813054
0.0,0,0.0023255664855241776
0.0,0,0.000174704022356309
1.0,1,0.9974702596664429
0.0,0,0.0469939187169075
1.0,1,0.9921684861183167
1.0,1,0.7353534698486328
0.0,0,0.00017800308705773205
0.0,0,0.0056525603868067265
0.0,0,0.00018966478819493204
1.0,1,0.9605193138122559
1.0,1,0.9965375661849976
0.0,0,0.00024099924485199153
1.0,1,0.9748337268829346
0.0,0,0.00248739100061357
0.0,0,5.910649269935675e-05
0.0,1,0.8961642384529114
0.0,0,0.00011612191883614287
0.0,0,0.041398368775844574
0.0,0,0.00042007555020973086
1.0,1,0.9999958276748657
0.0,0,4.5864348066970706e-05
0.0,0,0.3034803867340088
0.0,0,0.39611443877220154
0.0,0,0.0070799910463392735
1.0,1,0.8448968529701233
0.0,0,0.0003505199565552175
0.0,0,0.00033589519443921745
1.0,1,0.9996918439865112
1.0,1,0.9996730089187622
1.0,1,0.9996405839920044
1.0,1,0.9830824136734009
0.0,0,3.568240936147049e-05
1.0,1,0.8550490140914917
1.0,0,0.03020818904042244
1.0,0,0.005964468698948622
0.0,0,0.14618711173534393
1.0,1,0.9982972741127014
1.0,1,0.9991264939308167
0.0,0,0.17231902480125427
1.0,1,0.9379228949546814
1.0,1,0.9912774562835693
1.0,1,0.43275466561317444
1.0,1,0.9997701048851013
0.0,1,0.9970455765724182
1.0,1,0.9994028806686401
1.0,1,0.9607077240943909
1.0,1,0.9898720383644104
0.0,0,3.0055422030272894e-05
1.0,1,0.9999990463256836
0.0,0,0.00011126069148303941
0.0,0,0.011436530388891697
1.0,1,0.9944016337394714
0.0,0,0.3987695872783661
0.0,0,0.0006739567033946514
1.0,1,0.9999992847442627
1.0,0,0.23880968987941742
0.0,0,0.00025852053659036756
0.0,0,0.0007735530380159616
1.0,1,0.9996329545974731
1.0,0,0.0024841041304171085
0.0,0,0.026353009045124054
1.0,1,0.9177470207214355
0.0,0,0.0448787696659565
0.0,0,4.157008879701607e-05
0.0,0,0.03331340104341507
0.0,1,0.6636634469032288
0.0,0,0.019424060359597206
0.0,0,0.00016187083383556455
1.0,1,0.9981916546821594
1.0,1,0.998909592628479
1.0,1,0.9999176263809204
1.0,1,0.9997614026069641
0.0,0,2.830131279552006e-06
0.0,0,0.001536701456643641
0.0,0,0.00017900184320751578
0.0,0,0.0007788459770381451
0.0,0,9.224939276464283e-06
0.0,0,3.5232693335274234e-05
1.0,1,0.9976773858070374
0.0,0,0.07705169916152954
1.0,1,0.9996730089187622
0.0,0,0.0005956974346190691
0.0,1,0.4824167490005493
0.0,0,0.12616541981697083
0.0,0,1.9463566786726005e-05
0.0,1,0.99544358253479
0.0,0,0.021145503968000412
0.0,0,0.005729494150727987
0.0,0,0.0017089766915887594
0.0,0,0.008457683026790619
0.0,0,6.276833573792828e-06
1.0,1,0.9993515610694885
0.0,0,0.08307649195194244
1.0,1,0.9984000325202942
0.0,0,0.0016436080913990736
0.0,0,0.003091459395363927
1.0,0,0.25277218222618103
1.0,1,0.9982621073722839
0.0,0,0.00024240335915237665
0.0,0,0.015795232728123665
1.0,0,0.03792111948132515
1.0,1,0.9996193647384644
0.0,0,0.008745933882892132
0.0,0,0.004390082787722349
1.0,0,0.022252770140767097
1.0,1,0.9996446371078491
1.0,1,0.9998424053192139
0.0,0,0.03730100393295288
1.0,1,0.9832157492637634
0.0,0,0.0011462047696113586
1.0,1,0.9999552965164185
1.0,1,0.9986032843589783
0.0,0,0.15878261625766754
1.0,1,0.9999903440475464
0.0,0,0.00677061639726162
0.0,0,0.044137995690107346
0.0,0,0.0001115742270485498
1.0,1,0.9999444484710693
0.0,0,0.00040452758548781276
0.0,0,0.39363420009613037
0.0,0,0.0018466277979314327
0.0,0,0.003725124290212989
0.0,0,0.003116755047813058
1.0,1,0.9998296499252319
0.0,0,0.02364550717175007
1.0,1,0.9967473745346069
0.0,0,0.024986963719129562
0.0,0,0.001309325685724616
0.0,0,0.029448753222823143
0.0,0,0.0006835362291894853
1.0,1,0.9999997615814209
1.0,1,0.9958068132400513
0.0,0,0.00015844045265112072
0.0,0,0.003010369138792157
1.0,1,0.9019547700881958
1.0,0,0.21776311099529266
0.0,0,0.00017953517090063542
0.0,0,0.00038030414725653827
1.0,1,0.9999004602432251
0.0,0,0.0004433690628502518
0.0,0,0.002089704619720578
1.0,1,0.6511330008506775
1.0,1,0.5159796476364136
0.0,1,0.9942708015441895
1.0,1,0.9897758960723877
0.0,0,0.0009318175143562257
1.0,1,0.9979179501533508
0.0,1,0.7458667159080505
0.0,0,0.0029757325537502766
0.0,0,0.0007074986933730543
0.0,0,0.00043604205711744726
1.0,1,0.9741837978363037
0.0,0,5.505440276465379e-05
1.0,1,0.9998040795326233
0.0,0,0.06702964752912521
1.0,1,0.9965447783470154
0.0,0,0.000492562772706151
0.0,0,6.215413304744288e-05
1.0,1,0.9953761100769043
0.0,0,3.721975872394978e-06
1.0,1,0.9996569156646729
1.0,1,0.9998672008514404
0.0,0,4.790678644894797e-07
0.0,0,0.00013401136675383896
0.0,0,0.05975516512989998
0.0,0,6.342685082927346e-05
1.0,1,0.9996999502182007
1.0,0,0.04827463626861572
0.0,0,0.00046233378816396
0.0,0,0.00014481059042736888
0.0,1,0.9897065162658691
1.0,1,0.9844761490821838
0.0,0,0.15735988318920135
0.0,0,0.0005762703367508948
0.0,0,0.0018072245875373483
1.0,1,0.9996976852416992
1.0,1,0.5110814571380615
0.0,0,0.0066744741052389145
0.0,0,2.3962737031979486e-05
0.0,0,0.008471854031085968
0.0,0,0.010082997381687164
1.0,1,0.9996417760848999
0.0,0,0.03788759559392929
0.0,1,0.9788578152656555
0.0,0,0.001389621291309595
1.0,1,0.9384641051292419
0.0,0,0.016909988597035408
1.0,1,0.9835003614425659
0.0,0,0.0005529156769625843
1.0,1,0.7550424337387085
1.0,1,0.9998041987419128
0.0,0,0.16595497727394104
1.0,1,0.9999597072601318
0.0,0,0.014931570738554
0.0,0,0.0015180101618170738
0.0,0,0.00032653752714395523
0.0,0,8.648075890960172e-05
0.0,0,7.341385298786918e-06
0.0,0,6.872133326396579e-06
1.0,1,0.9999933242797852
0.0,0,0.18893501162528992
0.0,0,0.008389647118747234
1.0,1,0.9445763826370239
0.0,1,0.49754542112350464
0.0,0,6.131587724667042e-05
0.0,0,0.18873213231563568
0.0,0,1.0593701517791487e-05
0.0,0,0.05505738779902458
0.0,0,0.0031209075823426247
1.0,0,0.13782621920108795
0.0,0,0.0040777819231152534
1.0,1,0.9999432563781738
0.0,0,1.4233977708499879e-05
0.0,0,0.0011207611532881856
1.0,1,0.9458767175674438
0.0,0,0.37246453762054443
0.0,0,0.010774057358503342
0.0,0,0.002378216478973627
0.0,0,6.326074071694165e-05
1.0,1,0.4358369708061218
0.0,0,0.0025925016961991787
0.0,0,0.007330050226300955
0.0,0,0.01563550904393196
0.0,1,0.9975467324256897
0.0,0,0.0016552094602957368
1.0,1,0.9954054355621338
1.0,1,0.9189581871032715
1.0,1,0.7690513134002686
1.0,1,0.9767457246780396
0.0,0,0.07762490957975388
0.0,0,0.0005290511762723327
0.0,1,0.44583043456077576
0.0,0,0.0016869916580617428
0.0,0,0.0008423492545261979
0.0,0,0.00042347318958491087
0.0,0,0.0012088099028915167
0.0,0,0.0005233917036093771
0.0,0,0.00024936467525549233
0.0,0,0.00030186912044882774
1.0,1,0.5887004733085632
0.0,0,0.1856720894575119
0.0,1,0.686220109462738
0.0,0,0.03238295391201973
0.0,0,9.885497274808586e-05
0.0,0,0.06429754197597504
0.0,0,0.002707148203626275
0.0,0,1.764373450896528e-06
1.0,1,0.9997809529304504
0.0,0,0.0003036213747691363
0.0,0,0.2675459086894989
1.0,1,0.9994296431541443
1.0,0,0.3079605996608734
1.0,1,0.9480855464935303
1.0,1,0.9961022138595581
0.0,0,0.0006781729753129184
1.0,1,0.999868631362915
0.0,1,0.9787889719009399
0.0,0,8.070423791650683e-05
0.0,1,0.7242439389228821
1.0,1,0.9982241988182068
0.0,0,0.21440045535564423
1.0,1,0.9997430443763733
1.0,1,0.9999877214431763
0.0,0,1.4348132026498206e-05
0.0,0,2.4005555587791605e-06
1.0,1,0.9973575472831726
0.0,0,0.0005857752403244376
1.0,1,0.9982326030731201
1.0,0,0.0239278431981802
0.0,0,0.012831545434892178
0.0,0,0.0006449042120948434
0.0,0,0.049127884209156036
0.0,0,0.00018492521485313773
1.0,1,0.9818315505981445
0.0,0,0.027264157310128212
1.0,1,0.995710015296936
0.0,0,0.0012053806567564607
1.0,1,0.9483736753463745
0.0,0,0.016695190221071243
1.0,1,0.9993185997009277
0.0,0,0.0014287810772657394
1.0,1,0.9798336625099182
0.0,0,0.35873040556907654
1.0,1,0.9999347925186157
1.0,1,0.9999940395355225
1.0,1,0.9999618530273438
1.0,1,0.9293054342269897
0.0,0,0.00028881896287202835
0.0,0,0.2658822238445282
1.0,1,0.999957799911499
0.0,0,0.000626602559350431
0.0,1,0.9734823107719421
1.0,1,0.9994010925292969
0.0,0,0.000947613560128957
1.0,1,0.7201863527297974
0.0,0,0.0014354323502629995
0.0,0,0.0009154955623671412
1.0,1,0.999995231628418
1.0,1,0.9988937973976135
0.0,0,0.0002949607733171433
0.0,0,0.0002892761258408427
1.0,1,0.7932955026626587
0.0,0,0.002443229779601097
0.0,0,0.00046754570212215185
1.0,1,0.9991298317909241
1.0,0,0.32384440302848816
0.0,0,8.100832928903401e-05
1.0,0,0.0029730007518082857
1.0,1,0.9796332120895386
0.0,0,0.0009874457027763128
1.0,1,0.9943623542785645
1.0,1,0.9990360736846924
0.0,0,0.10634220391511917
0.0,0,0.023486340418457985
1.0,1,0.9999830722808838
0.0,0,0.00042951421346515417
0.0,0,0.041047219187021255
0.0,0,0.00031563633820042014
1.0,1,0.9998101592063904
1.0,1,0.9652140736579895
0.0,0,5.703330316464417e-05
0.0,0,0.004798688925802708
1.0,1,0.9996824264526367
0.0,0,0.12189266085624695
0.0,0,0.29392296075820923
0.0,0,0.004673078190535307
0.0,0,0.002840294037014246
0.0,0,0.005071394611150026
1.0,1,0.9998592138290405
1.0,1,0.9999914169311523
1.0,1,0.7003198862075806
0.0,0,0.0015934493858367205
1.0,1,0.5043554902076721
0.0,0,0.0005869177985005081
0.0,0,0.04303709417581558
1.0,0,0.13372063636779785
0.0,0,0.00048676691949367523
1.0,1,0.9948862195014954
1.0,0,0.00718718720600009
0.0,0,0.0010655766818672419
1.0,1,0.9897500872612
1.0,1,0.4939109981060028
0.0,0,0.0010458186734467745
1.0,1,0.9990944862365723
0.0,0,0.007950722239911556
1.0,1,0.9971515536308289
1.0,0,0.13453634083271027
0.0,0,0.16060645878314972
0.0,0,0.0014856684720143676
0.0,0,0.004264505114406347
1.0,1,0.9987242817878723
0.0,0,0.17510630190372467
1.0,1,0.531018078327179
1.0,1,0.9965776801109314
1.0,1,0.9974687099456787
0.0,1,0.9366774559020996
1.0,0,0.27530139684677124
1.0,0,0.19522811472415924
1.0,0,0.2847940921783447
0.0,0,0.23202742636203766
0.0,0,0.09995356947183609
1.0,1,0.8113024234771729
1.0,1,0.9999985694885254
1.0,1,0.9737617373466492
1.0,1,0.5303875803947449
0.0,0,4.968373104929924e-05
0.0,0,5.5094795243348926e-05
1.0,1,0.9814932942390442
1.0,1,0.9995846152305603
1.0,1,0.993257999420166
1.0,1,0.9235185384750366
1.0,1,0.9999955892562866
1.0,1,0.9958826303482056
1.0,1,0.9999845027923584
0.0,0,0.01652471348643303
0.0,0,0.0006382277933880687
1.0,1,0.9615411162376404
1.0,1,0.9990246295928955
0.0,0,0.0005471972981467843
0.0,0,1.1958629329456016e-05
0.0,0,0.018509438261389732
0.0,0,1.0647564522514585e-05
1.0,1,0.9998496770858765
1.0,1,0.9989641904830933
0.0,0,0.003260916331782937
0.0,0,0.20683296024799347
0.0,0,0.010398815385997295
1.0,1,0.9905275106430054
0.0,0,0.000528032542206347
0.0,0,0.10078130662441254
1.0,1,0.9988276362419128
0.0,0,0.0032229223288595676
0.0,1,0.7188596129417419
1.0,1,0.9982171654701233
0.0,0,6.07724541623611e-06
1.0,1,0.9862892627716064
1.0,1,0.7552919983863831
1.0,1,0.9803261756896973
1.0,1,0.9990063309669495
0.0,0,0.06341037899255753
0.0,0,0.06333247572183609
1.0,1,0.987031877040863
0.0,0,0.029738981276750565
1.0,1,0.9981122016906738
0.0,0,0.0020226372871547937
0.0,0,0.0009270430891774595
0.0,0,2.873546509363223e-05
0.0,0,0.009134985506534576
0.0,0,0.0024906799662858248
0.0,0,0.00029761745827272534
0.0,0,0.0015538852894678712
0.0,0,0.0010121813975274563
0.0,0,0.00021549587836489081
0.0,0,0.11919829994440079
0.0,0,0.00046502440818585455
0.0,0,0.0022642866242676973
1.0,1,0.9997164607048035
0.0,0,0.00028836881392635405
0.0,0,0.021356113255023956
0.0,0,1.9254342987551354e-05
1.0,1,0.9997735619544983
0.0,1,0.8996229767799377
0.0,0,0.00897175446152687
0.0,0,0.0005893289926461875
0.0,0,0.0007288858760148287
1.0,1,0.9996389150619507
1.0,1,0.5995873808860779
1.0,1,0.9991205334663391
0.0,0,0.0017064412822946906
0.0,0,0.0005119870183989406
0.0,0,0.022755209356546402
1.0,1,0.9582824110984802
0.0,1,0.9988627433776855
0.0,0,0.2870347499847412
0.0,0,0.004556440282613039
0.0,0,0.002905886620283127
1.0,1,0.9967225193977356
0.0,0,0.0002771702711470425
1.0,1,0.9997367262840271
1.0,1,0.9691933393478394
0.0,0,0.006555694621056318
1.0,1,0.9916489124298096
0.0,0,0.0005305646336637437
0.0,0,0.0015768589219078422
0.0,1,0.995854377746582
0.0,0,0.016826342791318893
0.0,0,2.2245885702432133e-05
0.0,0,0.0016433694399893284
0.0,0,0.00028711618506349623
0.0,0,0.0002536806568969041
1.0,1,0.9995604157447815
1.0,1,0.9993929862976074
0.0,0,0.07550957798957825
0.0,0,0.00039007063605822623
0.0,0,0.00043062871554866433
0.0,1,0.9951463341712952
0.0,1,0.4424453377723694
0.0,0,0.00017127077444456518
1.0,1,0.9999998807907104
0.0,0,5.177451021154411e-05
0.0,0,0.00013704327284358442
0.0,0,0.007720166351646185
1.0,1,0.9289181232452393
0.0,1,0.995728075504303
1.0,1,0.9757038354873657
0.0,1,0.4503973722457886
0.0,0,0.000887206697370857
0.0,0,0.0020550466142594814
0.0,0,0.009583614766597748
1.0,1,0.88788241147995
1.0,1,0.9980168342590332
1.0,1,0.9997630715370178
0.0,0,0.025068942457437515
0.0,0,0.005631741601973772
0.0,0,0.002465556375682354
0.0,0,6.588851101696491e-05
1.0,0,0.0216707494109869
0.0,0,0.08299367129802704
0.0,0,0.01619735360145569
1.0,1,0.9763769507408142
0.0,0,0.0014804137172177434
0.0,1,0.5600007772445679
1.0,1,0.996234118938446
1.0,1,0.9997703433036804
1.0,1,0.9731606841087341
0.0,0,0.00985698401927948
0.0,0,0.001513504539616406
0.0,0,0.00012169020919827744
1.0,1,0.6304095983505249
1.0,1,0.9999885559082031
1.0,1,0.8480333089828491
1.0,1,0.9870953559875488
0.0,0,0.30753347277641296
0.0,0,0.012497453950345516
0.0,0,3.252316446378245e-06
0.0,0,0.0002508330508135259
0.0,1,0.5322561860084534
0.0,0,0.007131614722311497
0.0,0,0.028430981561541557
0.0,0,0.0502670593559742
1.0,1,0.8675117492675781
1.0,1,0.9971952438354492
0.0,0,0.0002859368978533894
1.0,1,0.9999467134475708
0.0,1,0.9994872808456421
0.0,0,0.004404495470225811
0.0,0,0.022176863625645638
0.0,0,0.005388813558965921
1.0,1,0.999946117401123
0.0,0,0.012959628365933895
1.0,1,0.9999949932098389
0.0,0,0.0007233655778691173
1.0,1,0.9877411723136902
0.0,0,0.003064398653805256
0.0,0,0.011420018039643764
1.0,1,0.9984235763549805
0.0,0,0.0016870275139808655
0.0,0,0.1440187394618988
1.0,0,0.2816004157066345
0.0,0,1.5482884919038042e-05
0.0,0,0.015521650202572346
1.0,1,0.9464151263237
1.0,1,0.9961382746696472
1.0,1,0.8634811639785767
0.0,0,7.69430334912613e-05
0.0,0,0.12121246010065079
1.0,1,0.9941913485527039
0.0,0,0.021868687123060226
0.0,0,0.0012976941652595997
1.0,1,0.9998617172241211
0.0,0,0.006737275514751673
1.0,1,0.99662846326828
0.0,0,0.00010876012674998492
1.0,0,0.0037173882592469454
0.0,0,0.016157837584614754
1.0,0,0.3006631135940552
0.0,0,8.596449333708733e-05
0.0,1,0.9624033570289612
1.0,1,0.9964005947113037
1.0,1,0.8679799437522888
1.0,1,0.96346116065979
1.0,1,0.9986338019371033
0.0,0,0.005915164016187191
0.0,0,0.00021407566964626312
1.0,1,0.9913840293884277
1.0,1,0.5941515564918518
1.0,1,0.9998714923858643
0.0,0,0.39230960607528687
0.0,0,0.08309146016836166
0.0,0,0.0077033089473843575
0.0,0,6.508387286885409e-06
1.0,1,0.9984045624732971
1.0,1,0.9976271986961365
1.0,1,0.8361666798591614
1.0,1,0.9975563287734985
0.0,0,6.574428698513657e-05
1.0,1,0.9902034997940063
0.0,0,0.03938514366745949
0.0,0,0.008121243678033352
0.0,0,0.002623095875605941
0.0,0,0.00010251782077830285
0.0,0,0.01100414339452982
1.0,1,0.8830335140228271
0.0,0,7.718520578237076e-08
0.0,0,0.00017882988322526217
0.0,0,0.021514438092708588
0.0,0,0.00023341808991972357
1.0,1,0.9758551716804504
0.0,0,8.533689833711833e-05
1.0,1,0.9986203908920288
0.0,0,0.35354742407798767
0.0,0,5.714993562833115e-07
0.0,0,6.149717228254303e-05
0.0,0,0.00016132336168084294
0.0,0,0.005365975201129913
0.0,0,0.32492485642433167
0.0,0,0.0010855022119358182
1.0,1,0.9991181492805481
0.0,0,0.008460194803774357
0.0,0,0.001575768576003611
0.0,0,4.686774991569109e-05
0.0,1,0.7209474444389343
1.0,1,0.9841712117195129
0.0,0,4.5909506297903135e-05
0.0,0,0.04744904488325119
0.0,0,0.07593687623739243
0.0,0,0.002054364187642932
0.0,0,0.000978337018750608
1.0,1,0.9999927282333374
0.0,0,0.0004848758690059185
0.0,0,0.0007393100531771779
0.0,0,0.15256528556346893
0.0,0,0.00026233584503643215
1.0,1,0.9963591694831848
0.0,0,0.000201936622033827
1.0,1,0.9998946189880371
0.0,0,0.31885573267936707
0.0,0,0.0012675165198743343
1.0,1,0.9686716198921204
0.0,0,8.278895620605908e-06
0.0,0,0.006138010416179895
0.0,0,0.008564935997128487
0.0,0,0.021007534116506577
0.0,0,0.001510737813077867
0.0,1,0.6992202401161194
0.0,0,0.0005155415274202824
0.0,0,0.004069413058459759
1.0,1,0.9993878602981567
1.0,1,0.9257735013961792
0.0,0,0.006203014869242907
1.0,1,0.9998565912246704
0.0,0,0.0013622662518173456
0.0,0,0.006314313970506191
1.0,1,0.9998844861984253
0.0,0,0.2706117331981659
0.0,1,0.8719004988670349
0.0,0,0.0010339760920032859
0.0,0,0.011332944966852665
0.0,0,0.0008895827340893447
1.0,1,0.9953849911689758
1.0,1,0.9946288466453552
1.0,1,0.9978485107421875
1.0,1,0.9933346509933472
0.0,0,4.803190222446574e-06
1.0,1,0.9976296424865723
1.0,1,0.9999243021011353
0.0,0,0.002673149574548006
0.0,0,0.06108049675822258
1.0,1,0.7902984023094177
1.0,1,0.982296884059906
1.0,1,0.9901461005210876
0.0,0,0.07006777077913284
1.0,1,0.7042126655578613
0.0,0,9.32152852328727e-06
0.0,0,0.017220458015799522
0.0,0,0.1103123128414154
1.0,0,0.1461874544620514
0.0,0,0.00029255557456053793
0.0,1,0.806529700756073
0.0,0,0.0005758096231147647
0.0,0,0.00552347581833601
0.0,0,6.306943396339193e-05
0.0,0,3.50931950379163e-05
0.0,0,0.0002343363594263792
1.0,1,0.9912734627723694
0.0,1,0.44139787554740906
1.0,0,0.060289133340120316
0.0,0,0.000366722175385803
0.0,0,0.02768901363015175
1.0,1,0.7081831693649292
0.0,0,0.08336837589740753
0.0,0,1.8675649698707275e-05
1.0,1,0.9905762672424316
0.0,0,9.729254088597372e-05
0.0,0,4.77564572065603e-05
1.0,1,0.9999186992645264
1.0,1,0.9879016876220703
0.0,0,0.10571455210447311
0.0,0,0.0032928853761404753
1.0,1,0.7229125499725342
1.0,1,0.9458265900611877
0.0,0,2.3546666852780618e-05
0.0,0,0.00036332206218503416
0.0,0,0.0006858811248093843
1.0,1,0.9185424447059631
1.0,1,0.9992899894714355
1.0,1,0.955964982509613
0.0,0,0.016668032854795456
0.0,0,7.026459206826985e-05
0.0,0,3.723063491634093e-05
0.0,0,7.2258444561157376e-06
1.0,1,0.9999065399169922
1.0,1,0.8191482424736023
0.0,1,0.6900588274002075
1.0,1,0.821123480796814
1.0,1,0.8323624730110168
0.0,0,0.0012005777098238468
0.0,0,0.036445993930101395
1.0,1,0.9976488947868347
0.0,0,0.10427208244800568
0.0,0,0.0024437843821942806
0.0,0,5.806845365441404e-05
1.0,1,0.9945248365402222
1.0,1,0.9866892695426941
0.0,0,0.00016306569159496576
0.0,0,0.24214260280132294
1.0,0,0.022611146792769432
1.0,0,0.08694539219141006
0.0,0,0.11339141428470612
0.0,0,6.426921027014032e-05
0.0,0,0.0003436600381974131
1.0,1,0.9988619089126587
0.0,0,0.0004033321747556329
1.0,1,0.9999475479125977
1.0,1,0.6774229407310486
1.0,1,0.9759165644645691
1.0,1,0.9857644438743591
1.0,0,0.28094813227653503
0.0,0,0.0022218653466552496
0.0,0,0.019532106816768646
0.0,0,0.008949141949415207
0.0,0,5.104349838802591e-06
0.0,0,3.9042101889208425e-06
0.0,0,0.0021208066027611494
1.0,1,0.9999575614929199
1.0,1,0.9964779019355774
1.0,1,0.9907156229019165
0.0,0,9.782961569726467e-05
0.0,0,0.0006733490154147148
0.0,0,0.0009441305883228779
0.0,0,0.11230973154306412
1.0,1,0.9987163543701172
0.0,0,2.7131456590723246e-05
1.0,1,0.998837411403656
1.0,1,0.999402642250061
1.0,1,0.40958818793296814
0.0,0,0.0004397773009259254
1.0,1,0.9975515007972717
1.0,0,0.049521833658218384
0.0,0,0.00013055463205091655
1.0,0,0.002069012261927128
1.0,1,0.9999972581863403
1.0,1,0.6422117352485657
1.0,1,0.9719862937927246
1.0,1,0.9982612729072571
0.0,1,0.9976004958152771
0.0,0,0.032669711858034134
0.0,0,0.007664674427360296
1.0,1,0.9671154022216797
0.0,0,0.03982369601726532
0.0,1,0.7187453508377075
0.0,0,0.014526852406561375
1.0,1,0.9999994039535522
1.0,1,0.9993823766708374
1.0,1,0.9998458623886108
1.0,1,0.8326249122619629
1.0,1,0.9969863295555115
0.0,0,0.03683396428823471
1.0,0,0.15872631967067719
1.0,1,0.9997803568840027
0.0,0,0.00040484312921762466
1.0,1,0.9958654642105103
0.0,0,0.011145195923745632
1.0,0,0.02609768509864807
0.0,0,1.6783191085778526e-06
1.0,1,0.9997286200523376
0.0,0,9.88916235655779e-06
0.0,0,0.013703939504921436
0.0,1,0.5735474228858948
1.0,1,0.9923235177993774
0.0,0,0.0046075619757175446
1.0,1,0.9918181896209717
1.0,1,0.9628177881240845
1.0,1,0.9998672008514404
1.0,1,0.9907140731811523
0.0,0,0.004850083962082863
0.0,1,0.7576450109481812
0.0,0,0.0005994890234433115
0.0,0,0.0003770754556171596
1.0,1,0.9992807507514954
1.0,1,0.999943733215332
1.0,1,0.8736828565597534
1.0,1,0.9998273253440857
1.0,1,0.9997977614402771
0.0,0,0.0004479200579226017
0.0,0,0.04123162850737572
1.0,0,0.059773899614810944
0.0,0,5.111107020638883e-05
0.0,0,0.001292601926252246
0.0,0,0.0040968116372823715
1.0,1,0.6885196566581726
0.0,0,0.01700836606323719
0.0,1,0.8486747145652771
1.0,1,0.8430849313735962
1.0,1,0.5816096067428589
0.0,0,0.0013276340905576944
0.0,0,0.00013547297567129135
1.0,1,0.9804153442382812
1.0,1,0.6871728897094727
0.0,0,1.3204941751610022e-05
0.0,0,4.667326265916927e-06
0.0,1,0.9575082063674927
1.0,1,0.9995294809341431
0.0,0,0.000296269339742139
0.0,0,0.24428203701972961
0.0,0,0.021507814526557922
1.0,1,0.9997842907905579
0.0,1,0.6048822999000549
1.0,1,0.8969656229019165
0.0,0,0.0001497771154390648
1.0,0,0.0012049295473843813
1.0,1,0.7598729729652405
1.0,1,0.999096155166626
1.0,1,0.9991236329078674
0.0,0,0.0012002255534753203
0.0,0,1.1951618034800049e-05
1.0,1,0.9996634721755981
0.0,0,0.00012430250353645533
0.0,0,0.012215477414429188
1.0,1,0.9999319314956665
0.0,0,0.01637362316250801
0.0,0,0.0007409355021081865
0.0,0,0.02785598114132881
1.0,1,0.9985939860343933
1.0,1,0.9999991655349731
0.0,0,0.0014993158401921391
0.0,0,0.0018618300091475248
1.0,0,0.0009407561155967414
0.0,0,0.010220355354249477
1.0,1,0.9999675750732422
1.0,1,0.9998345375061035
1.0,1,0.9534571766853333
0.0,0,0.0060852267779409885
1.0,1,0.9963467717170715
0.0,0,0.01640269346535206
1.0,1,0.9702003002166748
1.0,1,0.9999667406082153
1.0,1,0.9983818531036377
1.0,1,0.9998062252998352
1.0,1,0.9994317889213562
1.0,0,0.26506614685058594
1.0,1,0.5791335105895996
0.0,0,0.0004975789925083518
0.0,0,0.0013493732549250126
1.0,0,0.00883449800312519
1.0,1,0.9997536540031433
0.0,0,0.0002884392160922289
1.0,1,0.9902143478393555
0.0,0,0.010258130729198456
1.0,1,0.9880408644676208
0.0,0,0.0034980622585862875
0.0,1,0.8792504668235779
0.0,0,0.004831092432141304
1.0,1,0.9886196851730347
1.0,1,0.9981813430786133
0.0,0,2.7638714527711272e-05
1.0,0,0.030208515003323555
0.0,0,0.00013296557881403714
0.0,0,0.003833918133750558
0.0,0,0.02294556237757206
0.0,1,0.614472508430481
0.0,0,0.019831441342830658
1.0,0,0.25124117732048035
1.0,1,0.9984003901481628
1.0,1,0.9998302459716797
1.0,1,0.9965367317199707
1.0,1,0.8313467502593994
0.0,0,0.06022130325436592
0.0,0,0.0025869442615658045
0.0,0,0.03596952185034752
0.0,0,0.11748693138360977
1.0,1,0.7700484395027161
0.0,0,0.012428957968950272
0.0,0,5.850143497809768e-05
1.0,1,0.9998257756233215
1.0,1,0.9796454310417175
1.0,1,0.9895780086517334
0.0,0,4.8986359615810215e-05
1.0,1,0.9990941286087036
0.0,0,0.09615877270698547
0.0,0,0.0003080865426454693
1.0,1,0.9969808459281921
0.0,0,0.00012163951760157943
1.0,1,0.9999898672103882
0.0,0,0.0028278545942157507
1.0,1,0.9999862909317017
0.0,0,0.004708434455096722
1.0,1,0.9968851208686829
0.0,0,5.895483809581492e-06
0.0,0,0.10342816263437271
0.0,0,0.00021144963102415204
0.0,0,0.0012278466019779444
0.0,0,7.302832273126114e-06
1.0,1,0.9993007183074951
1.0,1,0.999995231628418
1.0,1,0.9767410755157471
0.0,1,0.9899516701698303
1.0,1,0.9980760812759399
1.0,1,0.9926924705505371
0.0,0,0.010656421072781086
1.0,1,0.9999966621398926
0.0,0,0.04153544455766678
1.0,1,0.9980137348175049
0.0,0,7.352434295171406e-06
1.0,0,0.012513539753854275
0.0,0,0.038059208542108536
0.0,0,0.00047445291420444846
1.0,1,0.9999912977218628
1.0,1,0.9993259906768799
1.0,1,0.9996837377548218
0.0,0,0.0003335692745167762
1.0,1,0.9989853501319885
0.0,0,0.0013239172985777259
0.0,0,9.333789785159752e-05
0.0,0,0.0006618545157834888
1.0,1,0.9995810389518738
0.0,0,0.00016518983466085047
1.0,1,0.9766308069229126
0.0,0,0.06641720235347748
1.0,1,0.9993220567703247
0.0,0,0.033862944692373276
0.0,0,0.21526816487312317
0.0,0,3.90931836591335e-06
0.0,0,2.128545384039171e-05
0.0,0,6.237037450773641e-05
0.0,0,0.02837790921330452
1.0,1,0.999714195728302
0.0,0,0.004345564171671867
1.0,1,0.993834376335144
1.0,1,0.9621540904045105
1.0,1,0.9987063407897949
0.0,0,0.00022286064631771296
1.0,1,0.9968001842498779
0.0,0,0.011101756244897842
1.0,1,0.99735426902771
0.0,0,0.00020489435701165348
0.0,0,0.010411443188786507
0.0,0,0.00034300456172786653
1.0,1,0.9997783303260803
1.0,1,0.9679763317108154
0.0,0,0.0012308218283578753
0.0,0,1.0040563211077824e-05
0.0,0,0.00025229519815184176
1.0,1,0.9596831798553467
0.0,0,0.0075692241080105305
0.0,0,0.11285527050495148
1.0,1,0.9998856782913208
1.0,1,0.9998681545257568
1.0,1,0.9788380861282349
0.0,1,0.48285621404647827
1.0,1,0.9833602905273438
1.0,1,0.9996490478515625
1.0,1,0.9915591478347778
1.0,1,0.9976656436920166
0.0,0,0.015152011066675186
0.0,0,0.08372156322002411
0.0,0,0.18874862790107727
1.0,0,0.23086097836494446
0.0,0,0.012132365256547928
0.0,0,0.0022114485036581755
0.0,0,0.0001149046584032476
0.0,0,0.000295884907245636
0.0,0,0.009862537495791912
0.0,0,0.09057070314884186
1.0,1,0.9992064833641052
1.0,1,0.9950307607650757
0.0,0,9.46546037994267e-07
1.0,1,0.9998751878738403
1.0,1,0.9978629946708679
0.0,0,0.00024710301659069955
1.0,1,0.973248302936554
0.0,0,0.000828405492939055
1.0,1,0.9998623132705688
1.0,1,0.9913592338562012
0.0,0,0.0013570439768955112
0.0,0,0.0018806682201102376
0.0,0,0.00022748367337044328
1.0,1,0.4344170093536377
1.0,1,0.9999979734420776
0.0,0,0.04016944020986557
0.0,1,0.9994418025016785
1.0,1,0.9973709583282471
0.0,0,0.0005902846460230649
1.0,1,0.8459747433662415
0.0,0,8.633047400508076e-05
0.0,0,0.001225137384608388
1.0,1,0.9994208812713623
0.0,0,6.043161192792468e-05
0.0,0,0.004331376403570175
0.0,0,0.001232857583090663
0.0,0,0.010751496069133282
1.0,1,0.9995294809341431
0.0,0,0.002127161482349038
0.0,0,0.011269936338067055
1.0,1,0.9997530579566956
0.0,0,0.0007095283945091069
0.0,0,2.135232170985546e-05
0.0,0,0.03477338328957558
1.0,1,0.8696675300598145
0.0,1,0.47474104166030884
1.0,1,0.9996786117553711
1.0,1,0.9806382656097412
0.0,0,4.499603892327286e-05
0.0,0,5.097278699395247e-05
0.0,0,0.00793223176151514
0.0,0,0.0219388697296381
0.0,0,5.8594891015673056e-05
1.0,1,0.9920288920402527
0.0,0,0.0008094146032817662
0.0,0,0.00033235130831599236
0.0,0,0.0007319137221202254
0.0,0,0.08072060346603394
1.0,0,0.3836802542209625
0.0,0,4.81015449622646e-05
0.0,0,7.483081844839035e-06
0.0,0,2.355169044676586e-06
1.0,1,0.9998480081558228
1.0,0,0.03412473201751709
0.0,0,4.8655434511601925e-05
0.0,0,0.2904435992240906
0.0,0,3.339726754347794e-05
0.0,0,0.00023708713706582785
0.0,0,0.013104164972901344
0.0,0,0.14749141037464142
0.0,0,0.004969143774360418
0.0,0,0.0016296617686748505
0.0,1,0.7364779710769653
0.0,1,0.9935164451599121
0.0,0,0.0007676748791709542
1.0,1,0.9450873136520386
0.0,0,0.0017070772591978312
1.0,1,0.9994206428527832
0.0,0,0.0002564341702964157
0.0,0,0.008130094036459923
0.0,0,0.0026356633752584457
0.0,0,0.0695885494351387
1.0,1,0.9947920441627502
0.0,0,0.0005784086533822119
1.0,1,0.9997507929801941
0.0,0,0.38713595271110535
0.0,0,0.010140720754861832
1.0,1,0.9996696710586548
0.0,0,1.846714258135762e-05
1.0,1,0.951549768447876
0.0,0,0.0037671260070055723
0.0,0,0.043977342545986176
0.0,0,0.0007736244588159025
1.0,1,0.9995649456977844
0.0,0,0.00505808275192976
1.0,1,0.9999737739562988
1.0,0,0.015730833634734154
1.0,1,0.995540201663971
1.0,1,0.9200659990310669
0.0,0,0.0002241845359094441
1.0,1,0.9230406284332275
0.0,0,0.006101872306317091
1.0,1,0.9996812343597412
1.0,1,0.999935507774353
1.0,1,0.9994588494300842
1.0,1,0.4915491044521332
0.0,1,0.842054009437561
0.0,0,0.016890350729227066
0.0,0,0.007408773060888052
1.0,1,0.9517512321472168
0.0,0,0.0012841784628108144
1.0,1,0.9995219707489014
1.0,1,0.99998939037323
1.0,1,0.9996390342712402
0.0,0,0.004379638936370611
0.0,0,0.002346475375816226
0.0,0,4.719844218925573e-05
1.0,0,0.0929691419005394
0.0,0,0.07683652639389038
0.0,0,0.0001612207997823134
1.0,0,0.02880561538040638
0.0,1,0.7599228024482727
1.0,1,0.9999986886978149
1.0,1,0.9557620882987976
0.0,0,0.10194595158100128
1.0,1,0.9993958473205566
0.0,0,0.0005076138186268508
1.0,0,7.532868767157197e-05
0.0,0,0.03219461441040039
0.0,1,0.88639235496521
1.0,1,0.9983800649642944
1.0,1,0.9999953508377075
0.0,0,0.0387975350022316
1.0,1,0.8707638382911682
0.0,0,0.0011347807012498379
1.0,1,0.9999501705169678
0.0,0,0.0046949973329901695
0.0,0,0.0020588033366948366
0.0,0,0.0025238334201276302
0.0,1,0.414273202419281
1.0,0,0.3272216022014618
1.0,0,0.22291061282157898
1.0,1,0.9995614886283875
0.0,0,5.8462057495489717e-05
1.0,1,0.9999945163726807
1.0,1,0.8954450488090515
1.0,1,0.9999346733093262
1.0,1,0.9962600469589233
1.0,0,0.004359013866633177
0.0,0,0.0008188588544726372
1.0,1,0.9990658164024353
0.0,0,0.00017649319488555193
1.0,1,0.9924302697181702
1.0,0,0.03462255001068115
0.0,0,8.940106636146083e-05
0.0,0,0.004621575120836496
0.0,0,0.01569618470966816
1.0,1,0.9833410382270813
0.0,0,7.815007120370865e-05
1.0,1,0.9959406852722168
1.0,1,0.5616999268531799
1.0,1,0.9930826425552368
0.0,0,0.036243658512830734
0.0,0,0.05646016448736191
1.0,1,0.9912241697311401
0.0,0,0.004861122462898493
1.0,1,0.9999946355819702
1.0,1,0.9258722066879272
1.0,1,0.9998103976249695
0.0,0,1.8323242329643108e-05
0.0,0,0.20485517382621765
0.0,0,0.0007122626411728561
1.0,1,0.9959843158721924
1.0,1,0.9999747276306152
0.0,0,6.464720172516536e-06
0.0,0,6.088906229706481e-05
0.0,0,0.0004028412513434887
0.0,0,0.13235926628112793
0.0,0,2.6560461265034974e-05
0.0,0,0.002426241058856249
0.0,0,0.02432895638048649
0.0,0,3.0901662739779567e-06
1.0,1,0.9603619575500488
0.0,0,0.0007863137871026993
0.0,0,0.15018409490585327
0.0,0,0.01355850137770176
0.0,0,0.0007909344276413321
0.0,0,0.00011441659444244578
1.0,1,0.7875322103500366
0.0,1,0.4349549114704132
0.0,0,0.09146149456501007
0.0,0,0.0006097670993767679
1.0,1,0.9982603192329407
0.0,0,0.0018430917989462614
0.0,0,0.00015283098036888987
0.0,0,4.462925062398426e-05
0.0,0,0.03826135769486427
1.0,1,0.9999910593032837
1.0,1,0.5334389209747314
0.0,0,0.0001294770190725103
1.0,1,0.9999426603317261
0.0,0,0.0010030177654698491
0.0,1,0.9940965175628662
0.0,0,0.24052594602108002
0.0,0,0.0025493684224784374
0.0,0,0.00032122942502610385
1.0,0,0.020267626270651817
0.0,0,3.6393965274328366e-05
0.0,1,0.7116159796714783
0.0,0,0.0004871656419709325
0.0,1,0.6628649234771729
0.0,0,0.011792664416134357
0.0,0,5.712812708225101e-05
1.0,1,0.9612668752670288
0.0,0,0.0003039985313080251
1.0,1,0.8545467853546143
1.0,1,0.9984142780303955
0.0,0,3.0635921575594693e-05
1.0,1,0.9999637603759766
0.0,0,0.004351613111793995
0.0,0,0.00010732500231824815
0.0,0,5.397485892899567e-06
1.0,1,0.816398024559021
1.0,1,0.9903408885002136
0.0,1,0.5026096105575562
0.0,0,3.54618787241634e-05
1.0,1,0.999677300453186
1.0,1,0.9874621033668518
1.0,1,0.9928179979324341
1.0,1,0.999809205532074
0.0,0,0.015476495027542114
0.0,0,0.00383604783564806
1.0,1,0.9994770884513855
1.0,0,8.311844794661738e-06
0.0,0,0.002314887009561062
0.0,0,0.00011755253217415884
0.0,0,0.00343818380497396
0.0,0,0.003282778663560748
0.0,0,0.17432841658592224
1.0,1,0.47258058190345764
0.0,0,0.0004120175144635141
0.0,0,0.00046007908531464636
0.0,0,0.007340303622186184
0.0,0,1.3646837032865733e-05
0.0,0,0.0044560665264725685
1.0,1,0.9428579211235046
0.0,0,0.015981018543243408
0.0,0,0.001125079463236034
1.0,1,0.9999642372131348
0.0,1,0.6975594758987427
1.0,1,0.9999853372573853
1.0,1,0.9999984502792358
0.0,0,2.4177043087547645e-06
1.0,1,0.9999115467071533
0.0,1,0.7107678055763245
0.0,0,0.0021682479418814182
0.0,0,0.0006685000262223184
1.0,1,0.9999954700469971
0.0,0,0.0012989133829250932
0.0,0,0.0029829947743564844
1.0,1,0.9999384880065918
0.0,0,0.010063131339848042
1.0,1,0.9991053938865662
0.0,0,0.005672387313097715
1.0,0,0.11182408034801483
0.0,0,0.012644454836845398
0.0,0,9.456866791879293e-06
1.0,1,0.999457061290741
1.0,0,0.0004858365573454648
0.0,0,0.0002102345897583291
0.0,0,0.014779281802475452
0.0,0,4.070668728672899e-05
0.0,1,0.470422625541687
0.0,0,0.01689649559557438
1.0,1,0.9997716546058655
0.0,0,0.0009183588554151356
0.0,0,0.04369242489337921
0.0,0,0.019488444551825523
1.0,1,0.9931952953338623
1.0,1,0.9281172752380371
1.0,1,0.9999970197677612
1.0,1,0.9765260815620422
1.0,1,0.9999998807907104
0.0,0,0.0009474448161199689
0.0,0,0.17731939256191254
0.0,0,0.007101493887603283
1.0,1,0.9999815225601196
0.0,0,0.0005143439047969878
0.0,0,0.07245588302612305
1.0,1,0.9713385701179504
1.0,1,0.9972405433654785
0.0,0,0.0025502778589725494
0.0,1,0.44389036297798157
0.0,0,0.030017703771591187
0.0,0,0.004185697063803673
0.0,0,0.0002496749220881611
0.0,0,0.01358353067189455
0.0,0,0.007685934193432331
0.0,0,0.17654187977313995
0.0,0,0.0009929800871759653
1.0,1,0.9920228719711304
0.0,0,0.00035537491203285754
0.0,0,0.0043348572216928005
1.0,1,0.9997205138206482
1.0,1,0.9999903440475464
0.0,0,0.005377891007810831
1.0,1,0.9996342658996582
0.0,0,0.004643571563065052
0.0,0,0.0024385624565184116
0.0,1,0.996421217918396
0.0,0,0.0016542018856853247
0.0,0,5.450719254440628e-05
0.0,0,0.2206166684627533
0.0,0,0.000759404560085386
0.0,0,0.00241689570248127
0.0,0,7.771628588670865e-05
1.0,1,0.8248119354248047
0.0,0,0.0001796015858417377
1.0,1,0.9999961853027344
0.0,0,0.0007239844999276102
0.0,0,7.797536090947688e-05
0.0,0,0.0004745936603285372
1.0,0,0.04225332289934158
1.0,1,0.9999270439147949
0.0,0,0.0006871497607789934
1.0,1,0.9640172123908997
1.0,1,0.9978082776069641
0.0,0,7.04642734490335e-05
0.0,0,0.0005865641287527978
1.0,1,0.999976634979248
0.0,0,0.0006715017952956259
1.0,1,0.9823320508003235
0.0,0,0.0005870417226105928
0.0,0,0.016421329230070114
0.0,0,0.20214274525642395
1.0,1,0.9862530827522278
0.0,1,0.7481564879417419
1.0,0,0.13852493464946747
0.0,0,9.264896652894095e-05
1.0,1,0.9915897250175476
0.0,0,0.00013947559637017548
0.0,0,0.0021082437597215176
0.0,0,0.08255334198474884
0.0,0,0.00033335821353830397
0.0,0,0.00040974828880280256
1.0,1,0.9948900938034058
0.0,0,0.015296884812414646
1.0,0,0.001218835124745965
0.0,0,0.0006856530089862645
0.0,0,0.01164238341152668
1.0,1,0.9998538494110107
1.0,1,0.9999831914901733
1.0,1,0.9748370051383972
1.0,1,0.9965910911560059
0.0,0,4.528895260591526e-06
0.0,0,0.006063392851501703
1.0,1,0.9980936646461487
0.0,0,0.0008110181079246104
0.0,0,0.0005350321298465133
1.0,1,0.9971935153007507
1.0,1,0.9999054670333862
0.0,0,0.004495739005506039
1.0,1,0.9920777678489685
0.0,0,3.446444316068664e-05
0.0,0,0.001907547703012824
0.0,0,0.06488033384084702
1.0,1,0.9991932511329651
1.0,1,0.9995855689048767
1.0,1,0.9805771708488464
0.0,0,0.312190443277359
0.0,0,0.0001512015878688544
1.0,1,0.995074450969696
1.0,1,0.9859675765037537
0.0,0,0.0035417142789810896
1.0,1,0.9212338328361511
0.0,0,0.0019391210516914725
1.0,1,0.9993213415145874
0.0,0,0.003951873630285263
1.0,0,0.0034144592937082052
1.0,1,0.999969482421875
0.0,0,0.0009065657504834235
0.0,0,0.0003978000895585865
0.0,0,0.024393392726778984
1.0,1,0.9996333122253418
1.0,1,0.9989018440246582
1.0,1,0.9994297623634338
1.0,1,0.99469393491745
0.0,0,0.002367445733398199
0.0,0,0.05630917102098465
1.0,0,0.0015669582644477487
0.0,0,0.0034754069056361914
0.0,1,0.781981348991394
0.0,0,0.003666757373139262
0.0,0,0.010223462246358395
1.0,1,0.9999822378158569
1.0,1,0.9983049631118774
0.0,0,0.02649417519569397
1.0,1,0.9894881248474121
1.0,1,0.7096017599105835
0.0,0,0.00022493649157695472
0.0,0,0.06789364665746689
1.0,1,0.9993515610694885
0.0,0,0.03392978385090828
1.0,1,0.9212393164634705
0.0,0,7.086542609613389e-05
1.0,1,0.9580187797546387
1.0,1,0.9998551607131958
1.0,1,0.9601791501045227
1.0,1,0.9999145269393921
0.0,0,0.0008306092349812388
0.0,0,0.0005223248736001551
0.0,0,0.0006465048645623028
0.0,0,2.4743472749833018e-05
0.0,0,0.0012520236195996404
1.0,1,0.9980553388595581
1.0,0,0.003191842697560787
0.0,0,7.901468052295968e-05
0.0,0,0.0018644103547558188
1.0,1,0.9998748302459717
1.0,1,0.9995023012161255
1.0,1,0.9873616695404053
1.0,1,0.9958804845809937
0.0,0,0.000174568805960007
0.0,0,0.07720325887203217
1.0,1,0.999833345413208
1.0,1,0.9969297051429749
0.0,0,0.000632321578450501
0.0,0,0.031943075358867645
1.0,1,0.8839979767799377
0.0,0,0.0002074989170068875
1.0,1,0.998222291469574
1.0,1,0.9927378296852112
1.0,0,0.021574530750513077
0.0,1,0.6271603107452393
0.0,0,0.001414927770383656
0.0,0,0.015972254797816277
0.0,0,0.00657710712403059
0.0,1,0.9395147562026978
1.0,1,0.9055383801460266
1.0,0,0.14887186884880066
0.0,0,0.014277301728725433
0.0,0,0.022773344069719315
1.0,0,0.19455069303512573
0.0,1,0.6780275106430054
0.0,0,0.0006421017460525036
1.0,0,0.2803620398044586
1.0,1,0.9998083710670471
0.0,0,0.0010871755657717586
0.0,0,0.017323603853583336
0.0,0,2.1266696421662346e-06
0.0,0,0.00044807870290242136
0.0,0,0.00013146107085049152
0.0,1,0.8726983666419983
1.0,1,0.9999284744262695
0.0,0,0.002276694867759943
0.0,0,0.0006983638158999383
1.0,1,0.999900221824646
1.0,1,0.4850747883319855
0.0,1,0.9134376645088196
1.0,1,0.6706319451332092
1.0,1,0.9998645782470703
1.0,1,0.9999403953552246
1.0,1,0.9458949565887451
1.0,1,0.9253609776496887
0.0,0,0.0032151821069419384
0.0,0,0.023159952834248543
0.0,0,0.006292841862887144
0.0,0,0.003302819561213255
0.0,0,0.0009545884095132351
0.0,0,0.0030501133296638727
1.0,1,0.9986721277236938
0.0,1,0.615303635597229
0.0,0,1.5001153769844677e-05
1.0,1,0.9824050068855286
1.0,1,0.9951857924461365
0.0,0,0.010548414662480354
0.0,0,0.23415973782539368
0.0,0,0.001046686782501638
1.0,1,0.9952760934829712
0.0,1,0.9997112154960632
0.0,0,0.03020470030605793
0.0,0,0.0001225982268806547
0.0,0,0.00038807091186754405
0.0,0,0.0006178018520586193
1.0,1,0.9984745383262634
0.0,0,5.025603400099499e-08
1.0,1,0.461330771446228
0.0,0,0.05163983628153801
1.0,1,0.9995555281639099
1.0,1,0.9997808337211609
1.0,1,0.9919999837875366
0.0,0,0.06159893423318863
1.0,1,0.9998980760574341
0.0,0,0.0012866116594523191
1.0,1,0.9982559084892273
0.0,0,5.563516970141791e-05
1.0,1,0.9872388243675232
0.0,0,1.9115348550258204e-05
0.0,0,0.0009258884820155799
0.0,0,0.07485861331224442
0.0,0,0.00013306400796864182
0.0,0,3.791296330746263e-05
0.0,0,4.857009116676636e-05
1.0,1,0.9791075587272644
1.0,1,0.9770520925521851
0.0,0,0.003900319105014205
1.0,1,0.9905829429626465
1.0,1,0.9914159178733826
1.0,0,0.15897846221923828
1.0,1,0.9962283372879028
0.0,0,0.2622855007648468
1.0,1,0.9935314059257507
0.0,1,0.8587918877601624
0.0,0,3.7064350181026384e-05
1.0,1,0.9990059733390808
0.0,0,8.082870044745505e-05
1.0,1,0.9804984927177429
0.0,0,0.38779351115226746
0.0,0,0.026394976302981377
1.0,1,0.9961387515068054
0.0,1,0.9529168605804443
1.0,1,0.8712959885597229
0.0,0,0.08332506567239761
0.0,1,0.7709353566169739
0.0,0,0.3685227036476135
1.0,0,0.1149677261710167
0.0,0,0.0007452882127836347
1.0,1,0.9987524747848511
1.0,1,0.9999608993530273
0.0,0,0.00011020332021871582
0.0,0,0.0003310348838567734
0.0,0,0.041909005492925644
0.0,1,0.9353955984115601
0.0,0,5.955834058113396e-05
1.0,1,0.9999350309371948
1.0,1,0.9999957084655762
1.0,1,0.9866423606872559
0.0,0,0.0010597516084089875
1.0,1,0.7886121869087219
0.0,0,0.002755323424935341
1.0,1,0.9989451766014099
1.0,0,0.002012076321989298
0.0,0,0.00035690973163582385
0.0,0,0.00011942455603275448
1.0,1,0.9878358244895935
1.0,1,0.9999914169311523
0.0,0,0.006039822474122047
0.0,0,0.00162825349252671
0.0,0,0.00826229341328144
0.0,0,0.00015814340440556407
0.0,0,0.016378523781895638
0.0,0,0.005659887101501226
0.0,0,0.00448870612308383
1.0,1,0.9999963045120239
1.0,0,0.001312969601713121
1.0,1,0.9998226761817932
0.0,0,0.02210855297744274
0.0,0,0.03370349854230881
1.0,1,0.8632563352584839
0.0,0,0.022773995995521545
0.0,0,0.001868683728389442
0.0,0,0.0004774404806084931
1.0,1,0.9866934418678284
0.0,0,0.0007830245885998011
1.0,1,0.9999754428863525
1.0,0,0.08301990479230881
1.0,1,0.9909381866455078
0.0,0,0.0013552712043747306
0.0,0,0.0008195286500267684
0.0,0,0.0046305181458592415
1.0,1,0.9369229078292847
1.0,0,0.034337762743234634
0.0,0,0.004048903938382864
1.0,1,0.981510579586029
0.0,1,0.863313615322113
0.0,0,0.00022681271366309375
0.0,0,0.05706068500876427
1.0,1,0.9582153558731079
1.0,1,0.9999570846557617
1.0,1,0.9985199570655823
1.0,1,0.9880682826042175
1.0,1,0.4257211983203888
0.0,0,0.00022223172709345818
0.0,0,0.0001428923278581351
0.0,0,6.550703983521089e-05
0.0,0,0.0009400683338753879
1.0,1,0.9851105213165283
0.0,0,0.0007764879846945405
1.0,1,0.9874974489212036
0.0,0,0.0008799419738352299
0.0,0,0.00863145012408495
0.0,0,0.08027800172567368
1.0,1,0.9989778995513916
0.0,0,0.0005583987222053111
0.0,1,0.8324292898178101
0.0,0,2.9569047910626978e-05
0.0,0,0.39162108302116394
1.0,1,0.9988791346549988
0.0,1,0.4346846044063568
0.0,0,0.0006182860233820975
0.0,0,0.015325469896197319
1.0,1,0.9972617626190186
1.0,0,0.048671331256628036
0.0,0,2.0787429093616083e-05
0.0,0,0.10560029745101929
0.0,0,0.006073684431612492
1.0,1,0.9998993873596191
0.0,0,0.00034228115691803396
1.0,1,0.4949173629283905
0.0,0,1.7888627326101414e-06
1.0,1,0.9994712471961975
1.0,1,0.9767357707023621
1.0,1,0.998741090297699
0.0,0,8.828926183923613e-06
0.0,0,0.005547446198761463
0.0,0,0.00045501653221435845
0.0,0,0.0011565334862098098
0.0,0,0.0006148788379505277
1.0,0,0.10512442886829376
1.0,1,0.9998021721839905
0.0,0,0.002146309707313776
0.0,0,0.05134626850485802
1.0,1,0.9999794960021973
0.0,0,0.00033011933555826545
0.0,1,0.9983015060424805
0.0,0,1.1226603419345338e-05
1.0,1,0.9093160629272461
0.0,0,0.2773902416229248
0.0,0,0.018855884671211243
1.0,1,0.9997374415397644
0.0,0,0.022667523473501205
0.0,0,9.71617191680707e-05
1.0,0,0.39376652240753174
1.0,1,0.9988766312599182
1.0,1,0.9984707236289978
0.0,0,8.729530964046717e-05
0.0,0,0.0003570693370420486
1.0,1,0.9995429515838623
0.0,0,8.051525583141483e-06
0.0,0,0.23909476399421692
1.0,0,0.14486324787139893
0.0,1,0.963682234287262
0.0,0,0.0017408261774107814
1.0,0,0.0006938001606613398
1.0,1,0.9996654987335205
1.0,1,0.6870074272155762
1.0,1,0.9992708563804626
0.0,0,9.963211778085679e-05
0.0,1,0.9829792380332947
0.0,0,0.00024575580027885735
0.0,0,4.27966624556575e-05
0.0,0,0.07040174305438995
0.0,0,1.4841326446912717e-05
1.0,1,0.9940496683120728
1.0,1,0.9976708292961121
0.0,0,0.0060984729789197445
0.0,0,2.5533279767842032e-05
0.0,0,0.04034857824444771
1.0,1,0.9999216794967651
1.0,1,0.9999926090240479
1.0,0,0.3126017153263092
0.0,0,0.007030196022242308
0.0,0,0.00024302628298755735
0.0,0,2.190142186009325e-05
1.0,1,0.9807410836219788
1.0,1,0.9989414811134338
1.0,1,0.9276515245437622
0.0,1,0.67237788438797
0.0,0,0.008865750394761562
0.0,0,0.0039568087086081505
1.0,1,0.8135736584663391
0.0,0,0.00021646149980369955
0.0,0,0.038617923855781555
0.0,0,0.0011265282519161701
0.0,0,0.004706792999058962
1.0,1,0.9803330302238464
1.0,1,0.999752938747406
0.0,0,0.00010393019329058006
0.0,0,0.030735798180103302
0.0,1,0.984684407711029
0.0,0,0.0004899430205114186
1.0,1,0.9919414520263672
1.0,1,0.9849981665611267
0.0,1,0.964164137840271
0.0,0,7.656098023289815e-05
0.0,0,0.0004741482262033969
0.0,0,0.003497304394841194
0.0,0,0.01436863373965025
0.0,0,0.0011291110422462225
0.0,0,0.19608871638774872
0.0,1,0.7686784863471985
1.0,1,0.9944308400154114
1.0,1,0.9859731197357178
1.0,1,0.9999290704727173
1.0,0,0.15224097669124603
1.0,1,0.743691623210907
1.0,0,0.2673836648464203
1.0,0,0.0027352310717105865
1.0,1,0.9984304308891296
0.0,0,0.1465911567211151
1.0,1,0.9995953440666199
1.0,1,0.4590441584587097
1.0,1,0.9999806880950928
0.0,0,0.0007616007933393121
1.0,1,0.9634589552879333
0.0,0,0.00027120683807879686
1.0,1,0.9919161200523376
1.0,1,0.9973806738853455
0.0,1,0.7638150453567505
0.0,0,0.0012401473941281438
1.0,1,0.99286288022995
0.0,0,0.00013190205208957195
1.0,1,0.9999959468841553
0.0,0,0.0007698455010540783
1.0,1,0.9996455907821655
1.0,1,0.9655440449714661
0.0,0,0.0032669680658727884
1.0,1,0.6297067403793335
1.0,1,0.9993717074394226
1.0,1,0.9845954775810242
0.0,1,0.9963741898536682
0.0,0,0.0005973613006062806
0.0,1,0.9156656265258789
0.0,0,0.0003851667861454189
0.0,0,0.006402856204658747
0.0,0,0.00042399426456540823
0.0,0,0.0033477735705673695
0.0,0,0.319053053855896
0.0,0,0.05578017979860306
0.0,0,0.0006996385054662824
0.0,0,0.01714686118066311
0.0,0,0.04000971466302872
0.0,0,6.403080624295399e-05
0.0,1,0.9005866646766663
0.0,0,0.011976226232945919
1.0,1,0.9936913251876831
1.0,1,0.9999477863311768
0.0,0,0.0006611149874515831
0.0,0,0.000473821593914181
0.0,0,0.0005193432443775237
0.0,0,0.07801863551139832
0.0,1,0.7624984383583069
1.0,0,0.03345070406794548
1.0,1,0.9861069917678833
0.0,0,0.05453573167324066
0.0,0,0.003462613560259342
0.0,0,0.019976355135440826
0.0,0,0.0018425540765747428
1.0,0,0.0006067701615393162
0.0,1,0.7531638145446777
0.0,0,0.0013662935234606266
0.0,0,0.16996347904205322
0.0,0,0.0012393449433147907
0.0,0,8.391037408728153e-05
0.0,0,0.0005195169942453504
0.0,0,0.02313598431646824
0.0,0,0.000436740112490952
0.0,0,0.028722496703267097
0.0,0,6.92757239448838e-05
1.0,1,0.9902487397193909
0.0,0,0.015192793682217598
0.0,0,0.0007771560340188444
0.0,0,0.0006103224004618824
1.0,1,0.9995049238204956
0.0,0,0.0019840828608721495
0.0,0,0.04082927480340004
0.0,0,0.0008416404016315937
1.0,1,0.9991310238838196
0.0,0,0.38570931553840637
1.0,1,0.9888700246810913
0.0,0,2.3138438336900435e-05
0.0,0,5.29489443579223e-05
1.0,1,0.9996355772018433
0.0,0,0.005160668399184942
1.0,0,0.11353171616792679
0.0,0,0.0014808062696829438
0.0,0,4.830891339224763e-05
0.0,1,0.4519006311893463
1.0,1,0.609606921672821
1.0,1,0.9994864463806152
1.0,1,0.8838207721710205
1.0,1,0.637157678604126
0.0,0,0.0022546022664755583
0.0,0,0.003658850211650133
0.0,0,0.0402270071208477
0.0,0,0.00011937320959987119
0.0,0,6.955984281376004e-05
1.0,1,0.999264657497406
0.0,0,0.007075142115354538
1.0,0,0.03701299801468849
0.0,0,0.0022526904940605164
0.0,0,0.00018596403242554516
0.0,0,0.005904630292207003
0.0,0,4.783512849826366e-05
0.0,0,0.0001389018289046362
0.0,0,1.9101528323517414e-06
1.0,1,0.9999738931655884
1.0,1,0.9888938069343567
0.0,0,0.0003812368668150157
0.0,1,0.9540365934371948
0.0,0,0.00019463192438706756
0.0,0,0.00015885887842159718
1.0,1,0.999992847442627
1.0,1,0.9955180287361145
1.0,1,0.9987190961837769
0.0,1,0.6836215853691101
0.0,0,0.004378339741379023
1.0,1,0.9994174242019653
0.0,0,0.07701191306114197
0.0,0,0.00026570208137854934
0.0,0,0.0009130468824878335
1.0,1,0.9597197771072388
0.0,0,0.0007296510739251971
0.0,0,8.971089755505091e-07
0.0,0,2.182941898354329e-06
0.0,0,0.1971132606267929
0.0,1,0.9194045066833496
0.0,0,0.011377740651369095
0.0,0,6.051197487977333e-06
0.0,0,0.3209371566772461
0.0,0,0.0013563443208113313
0.0,0,0.0018329096492379904
1.0,1,0.9991858601570129
0.0,0,0.00022650885512121022
0.0,0,0.0067374384962022305
0.0,0,0.0017838266212493181
0.0,0,0.007424133829772472
1.0,0,0.01979994587600231
1.0,1,0.9985761642456055
1.0,1,0.666205108165741
1.0,1,0.9988201260566711
0.0,0,0.012126491405069828
1.0,1,0.9998712539672852
1.0,0,0.01569513976573944
1.0,1,0.767681360244751
0.0,0,0.00020476133795455098
1.0,1,0.8749397397041321
0.0,0,0.28017717599868774
0.0,1,0.9986294507980347
0.0,0,0.19827713072299957
1.0,1,0.9980402588844299
1.0,1,0.9998607635498047
0.0,0,3.224702595616691e-05
0.0,0,0.17181262373924255
0.0,0,0.0005066253361292183
0.0,0,0.007894273847341537
0.0,0,0.0013098744675517082
0.0,0,0.002883894369006157
0.0,0,0.0006955515127629042
1.0,1,0.9986610412597656
1.0,1,0.9579910039901733
0.0,0,0.04444461315870285
1.0,1,0.9999299049377441
0.0,1,0.9765102863311768
1.0,1,0.9907169938087463
0.0,0,0.023380370810627937
1.0,1,0.9839179515838623
0.0,0,0.0007138436194509268
1.0,1,0.9985824823379517
0.0,0,0.024369560182094574
1.0,0,0.13481475412845612
0.0,0,0.0004996741190552711
1.0,1,0.6300430297851562
0.0,0,0.0060051982291042805
0.0,0,0.06869912892580032
1.0,1,0.9134241342544556
0.0,0,0.00014043404371477664
0.0,0,0.000929682981222868
0.0,0,0.08936475217342377
0.0,1,0.9999791383743286
0.0,0,0.005810093600302935
0.0,1,0.6725618243217468
0.0,0,0.00019528553821146488
0.0,0,3.0374278139788657e-05
0.0,0,0.000458431284641847
0.0,1,0.9105671644210815
0.0,1,0.7917355298995972
0.0,0,0.09353262186050415
0.0,0,0.003512756898999214
1.0,1,0.9980875849723816
0.0,0,0.002476529683917761
0.0,0,1.4714348253619391e-05
1.0,1,0.9673503637313843
1.0,1,0.9954817295074463
1.0,0,0.010613379068672657
1.0,1,0.9991476535797119
0.0,0,0.00020321177726145834
0.0,0,0.0001621904957573861
1.0,1,0.8910033702850342
0.0,0,0.0009521277970634401
0.0,0,0.3948518931865692
0.0,1,0.5695429444313049
0.0,1,0.5904149413108826
0.0,0,0.00012350641191005707
1.0,1,0.9991656541824341
0.0,1,0.995943009853363
1.0,1,0.9814831614494324
1.0,1,0.8486119508743286
0.0,0,0.14822475612163544
0.0,0,0.17637257277965546
1.0,1,0.9964571595191956
0.0,0,0.0010525420075282454
1.0,1,0.9999693632125854
0.0,0,0.030753325670957565
0.0,0,0.0002258123568026349
0.0,0,0.025419700890779495
0.0,0,0.000801389105618
0.0,0,0.0011836033081635833
0.0,0,0.0003554440336301923
1.0,1,0.999722421169281
1.0,1,0.9938242435455322
0.0,0,1.607127887837123e-05
0.0,0,0.0002961967547889799
1.0,1,0.9974372386932373
0.0,0,0.13014239072799683
1.0,1,0.9880228042602539
0.0,0,0.04378711059689522
1.0,1,0.9999899864196777
0.0,1,0.9079104661941528
0.0,0,0.2507396936416626
0.0,1,0.9927843809127808
0.0,1,0.9720673561096191
1.0,1,0.9638606905937195
0.0,0,3.440221553319134e-05
0.0,0,0.0006084257620386779
1.0,1,0.9987388253211975
1.0,0,0.17363713681697845
0.0,0,0.00042300132918171585
1.0,1,0.9976625442504883
0.0,0,0.00041749243973754346
0.0,0,0.00041307127685286105
0.0,0,0.07857173681259155
1.0,1,0.980144739151001
1.0,1,0.9024141430854797
1.0,1,0.9995391368865967
0.0,0,0.002677205251529813
1.0,1,0.9146096110343933
0.0,0,0.002614120487123728
0.0,0,0.0005520539125427604
0.0,0,0.0018255102913826704
0.0,1,0.5946164727210999
0.0,0,8.716136107977945e-06
1.0,1,0.9984971284866333
0.0,0,0.00046442970051430166
1.0,1,0.8975229859352112
0.0,0,0.00044406994129531085
1.0,1,0.7495635151863098
1.0,1,0.9998388290405273
0.0,0,0.007803828921169043
1.0,0,0.017420336604118347
0.0,0,0.03877999633550644
0.0,0,0.0025818580761551857
1.0,0,0.25001171231269836
0.0,0,0.0002728849940467626
0.0,0,0.0002823227259796113
0.0,0,0.0009970535757020116
0.0,0,0.009014961309731007
0.0,0,0.020586617290973663
0.0,0,0.12510856986045837
0.0,0,0.004114923067390919
0.0,0,0.001477355370298028
1.0,1,0.9997628331184387
1.0,1,0.9979321956634521
0.0,0,0.00014090162585489452
0.0,1,0.8752883076667786
1.0,1,0.9981149435043335
0.0,0,0.1013578549027443
1.0,0,0.043829310685396194
1.0,1,0.9233447313308716
0.0,0,0.0002072408824460581
0.0,0,0.00023382171639241278
0.0,0,0.003389670280739665
0.0,0,0.25282689929008484
1.0,1,0.9667145013809204
1.0,0,0.0323617085814476
1.0,1,0.9998273253440857
1.0,1,0.9996986389160156
1.0,1,0.9970189332962036
1.0,1,0.9991850256919861
1.0,1,0.9997583031654358
0.0,0,0.09404212236404419
0.0,0,0.00320758786983788
0.0,0,0.04460310563445091
0.0,0,4.427182284416631e-05
1.0,1,0.9741228222846985
0.0,0,0.0009726207936182618
0.0,0,0.002244331408292055
0.0,0,0.00022685274598188698
0.0,0,0.009714342653751373
1.0,1,0.9988958835601807
0.0,0,0.011952360160648823
1.0,1,0.9994520545005798
1.0,1,0.9775336384773254
0.0,0,0.008982809260487556
1.0,1,0.9737098813056946
0.0,0,0.002028773305937648
0.0,0,0.03679342195391655
1.0,1,0.9816392660140991
0.0,0,0.00011340835771989077
0.0,0,8.96105056824581e-09
1.0,1,0.41333088278770447
1.0,1,0.9759792685508728
1.0,0,0.001747293397784233
1.0,1,0.99956876039505
0.0,0,0.049057550728321075
0.0,0,0.30535730719566345
0.0,0,0.34138306975364685
0.0,0,0.005408602766692638
0.0,1,0.46157678961753845
1.0,1,0.9985626339912415
0.0,0,0.02742677368223667
0.0,0,0.001110085635446012
1.0,1,0.9046944975852966
1.0,0,0.03211154416203499
0.0,1,0.806924045085907
1.0,1,0.9992411136627197
0.0,0,0.028389131650328636
0.0,0,0.00024480445426888764
1.0,1,0.9891406297683716
0.0,0,0.0005103491712361574
1.0,1,0.9669158458709717
0.0,0,0.0012545108329504728
0.0,0,0.11065211147069931
1.0,1,0.9900824427604675
0.0,0,0.11060727387666702
1.0,1,0.9991014003753662
0.0,0,0.017553620040416718
0.0,0,0.00040848739445209503
1.0,1,0.999981164932251
0.0,0,2.933262749138521e-06
0.0,0,0.0944257453083992
1.0,1,0.998276948928833
0.0,0,0.016992419958114624
0.0,0,0.00023032151511870325
0.0,0,0.0004099012294318527
1.0,1,0.9963467717170715
1.0,1,0.9997755885124207
0.0,0,0.0004644963191822171
0.0,1,0.6795456409454346
0.0,0,0.0006686740089207888
0.0,0,0.0009710791055113077
1.0,1,0.9982218146324158
1.0,0,0.029902243986725807
0.0,0,0.0001988536969292909
0.0,0,9.574476280249655e-05
0.0,0,0.006798152811825275
0.0,0,0.010465273633599281
0.0,0,0.0050072018057107925
0.0,0,0.004057144280523062
0.0,0,0.004831943195313215
0.0,0,0.00028903959901072085
1.0,1,0.5138537287712097
0.0,1,0.9956455826759338
0.0,0,0.10039986670017242
0.0,0,4.699233159044525e-06
0.0,0,0.00019262931891717017
0.0,0,0.051205527037382126
1.0,1,0.9784241914749146
0.0,0,0.00010138001380255446
0.0,0,0.0011557250982150435
0.0,0,0.002035396872088313
1.0,1,0.999772846698761
0.0,0,0.10434114187955856
1.0,1,0.8515267372131348
1.0,0,0.025769591331481934
0.0,0,0.00149508286267519
0.0,0,0.00019087721011601388
0.0,0,0.0004544391413219273
1.0,1,0.9987934827804565
0.0,0,4.606532002071617e-06
0.0,1,0.9870167374610901
0.0,0,0.00013365838094614446
0.0,0,0.003969512414187193
0.0,0,0.003796487580984831
0.0,0,7.952651503728703e-05
1.0,1,0.9968429803848267
0.0,1,0.765812337398529
1.0,0,0.004392680712044239
1.0,1,0.9999752044677734
0.0,0,0.022537287324666977
0.0,1,0.9139730930328369
1.0,1,0.9760278463363647
0.0,1,0.4767887592315674
1.0,1,0.7442919611930847
0.0,0,0.0009111870895139873
0.0,0,1.380735557177104e-05
0.0,0,0.0003557084419298917
0.0,0,0.0007395947468467057
0.0,1,0.460290789604187
0.0,0,0.03127749264240265
1.0,1,0.9988780617713928
1.0,1,0.9997004270553589
1.0,0,0.15375064313411713
1.0,1,0.9995624423027039
0.0,0,0.0008559980778954923
0.0,0,0.011914892122149467
0.0,0,7.385671096926671e-07
0.0,1,0.43967390060424805
0.0,0,0.0247750636190176
0.0,1,0.4569748044013977
1.0,1,0.8173947930335999
1.0,0,0.008147393353283405
0.0,0,0.004453503526747227
0.0,0,0.0002887292066588998
0.0,0,0.04972708597779274
0.0,0,0.0034109207335859537
0.0,0,0.0023410990834236145
0.0,0,0.015230723656713963
1.0,1,0.9996860027313232
1.0,1,0.8624283075332642
0.0,0,0.3062545955181122
0.0,0,2.2894839275977574e-05
1.0,1,0.9953504800796509
0.0,1,0.7446916103363037
0.0,0,0.0002409195149084553
0.0,0,9.30268142838031e-05
1.0,1,0.9978400468826294
1.0,1,0.9728189706802368
0.0,0,0.013578010722994804
0.0,0,0.04770789295434952
0.0,0,2.6581747079035267e-05
0.0,0,0.00013502611545845866
0.0,0,0.08698904514312744
0.0,0,1.1345524399075657e-05
1.0,1,0.9993646740913391
0.0,0,0.05152449011802673
1.0,1,0.9999699592590332
1.0,1,0.5696994066238403
1.0,1,0.9782822728157043
1.0,1,0.47507739067077637
0.0,1,0.8239321112632751
0.0,0,0.00017322952044196427
0.0,0,0.00020385102834552526
1.0,1,0.9999347925186157
1.0,1,0.9975290894508362
0.0,0,0.0018428207840770483
0.0,0,0.04679194837808609
1.0,1,0.9846923351287842
1.0,1,0.859713077545166
0.0,0,0.11222902685403824
0.0,0,0.003108906326815486
1.0,0,0.094150610268116
0.0,1,0.5492525100708008
1.0,1,0.9995243549346924
1.0,1,0.9997345805168152
0.0,0,0.007401258684694767
0.0,0,0.0025636942591518164
0.0,1,0.5001856684684753
0.0,0,0.0030133561231195927
0.0,0,0.0018665713723748922
0.0,1,0.9834911227226257
1.0,1,0.9999781847000122
1.0,1,0.9988941550254822
1.0,1,0.9890138506889343
0.0,1,0.7202900052070618
0.0,1,0.9888773560523987
0.0,0,0.0012414261000230908
0.0,0,0.01273172628134489
0.0,0,0.0009925743797793984
0.0,0,0.00011055623326683417
1.0,1,0.9964587092399597
0.0,0,0.00019527265976648778
1.0,1,0.9634420275688171
0.0,0,0.15815483033657074
0.0,0,0.005727652460336685
1.0,0,0.3410622477531433
1.0,1,0.9999971389770508
0.0,0,0.001123171765357256
0.0,0,0.0034567201510071754
0.0,1,0.6353799700737
1.0,0,0.005087163764983416
0.0,0,0.011242488399147987
1.0,1,0.9985734224319458
0.0,0,0.0065550729632377625
1.0,1,0.9985137581825256
1.0,1,0.9816290140151978
1.0,1,0.9950887560844421
0.0,0,0.005164596252143383
0.0,0,0.00551080796867609
1.0,1,0.9358012080192566
1.0,0,0.3832591772079468
0.0,0,0.03735371306538582
0.0,0,0.00017246708739548922
1.0,1,0.9999250173568726
1.0,1,0.9980829954147339
0.0,0,0.01621265709400177
0.0,0,0.1609310805797577
0.0,0,0.004680069629102945
1.0,1,0.8177478313446045
1.0,1,0.9999599456787109
1.0,1,0.9988290667533875
0.0,0,0.0008830017177388072
1.0,1,0.9998784065246582
0.0,0,0.0024182277265936136
1.0,1,0.7350850701332092
0.0,1,0.8452498912811279
0.0,1,0.5516737699508667
0.0,0,0.0006378629477694631
0.0,1,0.7644254565238953
0.0,0,0.002036178018897772
0.0,0,0.00495699979364872
1.0,1,0.9944236874580383
1.0,1,0.9718555212020874
1.0,1,0.967271089553833
0.0,1,0.9622991681098938
1.0,1,0.8653072118759155
1.0,1,0.9999649524688721
0.0,0,0.027641594409942627
0.0,1,0.4318247139453888
0.0,0,0.00012937767314724624
1.0,1,0.9999774694442749
0.0,0,0.0027257290203124285
1.0,1,0.9999908208847046
0.0,0,0.010207055136561394
0.0,0,0.008721861988306046
0.0,1,0.9293361306190491
1.0,1,0.9946590065956116
0.0,0,6.151080469862791e-06
1.0,1,0.9975219368934631
1.0,1,0.9836145043373108
0.0,0,0.17507964372634888
0.0,0,2.1786139768664725e-05
0.0,0,0.0007549810106866062
0.0,0,9.834295269683935e-06
0.0,0,0.03620641678571701
1.0,0,0.18350042402744293
0.0,0,0.0012467734050005674
0.0,1,0.9908946752548218
1.0,1,0.9999934434890747
0.0,0,0.037462279200553894
0.0,0,0.001742204767651856
0.0,0,0.00019832143152598292
1.0,1,0.9998356103897095
0.0,0,1.1636315321084112e-05
1.0,1,0.9382760524749756
1.0,1,0.9997325539588928
1.0,0,0.08086720108985901
1.0,1,0.9974409341812134
1.0,1,0.9996365308761597
0.0,0,0.0015909646172076464
0.0,1,0.9995235204696655
1.0,1,0.9981194138526917
1.0,1,0.9997230172157288
0.0,0,0.00011740644549718127
0.0,1,0.9974406957626343
0.0,0,0.021150963380932808
1.0,1,0.9998452663421631
1.0,1,0.999082088470459
0.0,0,0.004330319352447987
0.0,1,0.7409895658493042
1.0,0,0.02066306211054325
1.0,1,0.9964620471000671
1.0,1,0.9999867677688599
0.0,0,0.00014092445780988783
0.0,1,0.9643852710723877
1.0,1,0.837165892124176
0.0,0,3.787935202126391e-05
0.0,0,0.0007439421024173498
0.0,0,0.010871206410229206
1.0,1,0.9998109936714172
0.0,0,0.00014865437697153538
1.0,1,0.9999837875366211
0.0,0,0.07446346431970596
0.0,0,0.0001740075822453946
1.0,0,0.04459704831242561
0.0,0,0.010569999925792217
0.0,0,0.00024388213932979852
1.0,1,0.9997760653495789
0.0,0,0.08129405975341797
1.0,0,0.23959901928901672
1.0,1,0.998329222202301
0.0,0,0.00027937415870837867
1.0,1,0.997133731842041
1.0,1,0.9999465942382812
1.0,1,0.9805946946144104
1.0,1,0.954539954662323
0.0,0,0.00029859034111723304
0.0,0,0.0004012398130726069
0.0,0,2.056364064628724e-05
0.0,0,6.004158876748988e-06
0.0,0,7.710999625487602e-07
1.0,1,0.9969444870948792
1.0,1,0.9939103126525879
0.0,0,0.0008439211524091661
1.0,1,0.9996845722198486
0.0,0,8.192838140530512e-05
0.0,1,0.7760282754898071
0.0,0,3.050450686714612e-06
1.0,0,0.2539810538291931
1.0,1,0.9824061393737793
1.0,1,0.9984419941902161
0.0,0,0.0003175441815983504
1.0,1,0.9999004602432251
0.0,0,0.07368401437997818
1.0,1,0.9830343723297119
1.0,1,0.991058349609375
1.0,1,0.9999973773956299
0.0,0,0.00014007696881890297
1.0,1,0.9930760860443115
1.0,1,0.9479745626449585
1.0,1,0.9998123049736023
0.0,0,0.002618618542328477
1.0,1,0.9932818412780762
0.0,0,0.27115678787231445
0.0,0,0.0013339428696781397
1.0,0,0.14006337523460388
1.0,1,0.9977540373802185
1.0,1,0.998348593711853
0.0,0,0.0010635219514369965
0.0,0,0.0005066830199211836
0.0,0,0.0017655594274401665
0.0,0,3.6117694435233716e-06
0.0,0,0.019619762897491455
1.0,1,0.9964483976364136
1.0,1,0.999320387840271
1.0,1,0.9985735416412354
0.0,0,4.0534923755330965e-05
0.0,0,0.0007658858667127788
1.0,1,0.7330102920532227
1.0,1,0.9984972476959229
0.0,0,0.0009732520557008684
0.0,0,0.000416099646827206
0.0,1,0.6606920957565308
0.0,0,0.0005251942202448845
0.0,0,0.000331491872202605
0.0,0,0.021815987303853035
1.0,0,0.29944685101509094
1.0,1,0.8542963266372681
1.0,0,5.214231464378827e-07
0.0,0,0.0010772475507110357
0.0,0,0.006702593062072992
1.0,1,0.999969482421875
0.0,0,0.008690639398992062
0.0,0,0.0006541499751619995
1.0,1,0.9776849150657654
0.0,0,0.08256436139345169
0.0,0,0.003233489580452442
1.0,1,0.9999736547470093
1.0,1,0.7786706686019897
0.0,0,0.0014403605600818992
1.0,1,0.9911190867424011
1.0,1,0.9996943473815918
0.0,0,0.0020061659161001444
1.0,1,0.9968031644821167
1.0,1,0.9998235106468201
0.0,0,0.0037067385856062174
0.0,0,0.005106458906084299
0.0,0,9.552561095915735e-05
0.0,0,5.697274536942132e-05
0.0,0,0.00024209337425418198
0.0,0,0.0007773763500154018
0.0,0,0.0014138973783701658
1.0,1,0.9976546764373779
0.0,0,0.10746070742607117
0.0,0,0.07950300723314285
1.0,1,0.9989870190620422
1.0,1,0.9995311498641968
1.0,0,0.23812322318553925
1.0,1,0.9993698000907898
1.0,1,0.999519944190979
1.0,1,0.9992635846138
0.0,0,3.286157880211249e-05
0.0,0,0.005222946405410767
0.0,0,0.021602923050522804
0.0,0,0.11806982755661011
1.0,1,0.9993693232536316
0.0,0,0.26102715730667114
0.0,0,0.002071537310257554
0.0,0,0.00026490833261050284
0.0,0,0.0015557381557300687
0.0,0,0.03706948459148407
1.0,1,0.9998679161071777
0.0,0,0.0007730334182269871
1.0,0,0.0036976474802941084
1.0,1,0.9592472910881042
0.0,0,0.04371780529618263
1.0,0,0.00838377047330141
0.0,0,6.5932686084124725e-06
0.0,0,0.3789006173610687
0.0,0,0.000877426820807159
0.0,0,0.0004077878256794065
0.0,0,2.2892506876814878e-06
0.0,0,0.010207513347268105
0.0,0,0.00011298835306661204
1.0,1,0.9999537467956543
0.0,0,0.0024745631963014603
1.0,0,0.017984779551625252
1.0,1,0.9855740666389465
1.0,1,0.5437257885932922
1.0,1,0.9998366832733154
1.0,0,0.020098799839615822
1.0,1,0.5782732963562012
0.0,0,0.005139111541211605
0.0,0,0.019007720053195953
1.0,0,0.29382455348968506
1.0,0,0.05109431967139244
0.0,0,0.13678544759750366
0.0,0,1.9556202914827736e-06
1.0,1,0.9997013211250305
1.0,1,0.9998270869255066
1.0,1,0.9962906837463379
0.0,0,0.004792637191712856
0.0,0,0.0015013131778687239
1.0,1,0.9976521134376526
1.0,1,0.9291678071022034
1.0,1,0.9999960660934448
0.0,1,0.5657558441162109
0.0,0,1.1723955140041653e-05
1.0,0,0.15207315981388092
1.0,1,0.9999828338623047
0.0,0,0.025028012692928314
0.0,0,0.001859206473454833
1.0,1,0.964841365814209
0.0,0,0.00015877452096901834
0.0,0,0.0023001243826001883
0.0,0,0.37519899010658264
1.0,1,0.9551874399185181
1.0,1,0.8839030861854553
0.0,0,0.05730633810162544
1.0,1,0.9829484820365906
1.0,0,0.035337839275598526
0.0,0,0.0032752887345850468
0.0,0,0.001213963609188795
0.0,0,0.0030697654001414776
0.0,0,0.00023045179841574281
0.0,1,0.568823516368866
1.0,1,0.9974865913391113
0.0,0,0.004021895583719015
0.0,0,0.3935358226299286
0.0,0,0.009792866185307503
0.0,0,0.00226598815061152
0.0,0,0.00994873046875
1.0,1,0.9936643838882446
1.0,1,0.7109929919242859
0.0,0,0.11526457220315933
0.0,0,0.0011372208828106523
0.0,0,0.00013274718367028981
1.0,1,0.9957008957862854
0.0,0,0.07096713036298752
0.0,0,0.0041162497363984585
0.0,0,0.0008287662640213966
1.0,1,0.8129981756210327
1.0,1,0.6923168301582336
0.0,0,0.0004154264461249113
0.0,0,0.001020896597765386
0.0,0,0.0018503819592297077
0.0,0,0.003258312353864312
1.0,1,0.8487586975097656
0.0,1,0.43387672305107117
0.0,0,4.994095434085466e-05
0.0,0,0.017921045422554016
1.0,1,0.9596489071846008
1.0,1,0.9943822622299194
0.0,0,0.12806470692157745
0.0,0,4.268620250513777e-05
0.0,0,0.0030230008997023106
0.0,0,0.0009527644142508507
1.0,1,0.9999010562896729
0.0,0,0.002364264102652669
1.0,1,0.9896723031997681
1.0,1,0.9802365899085999
0.0,0,0.04142017662525177
1.0,1,0.9966815114021301
0.0,0,2.7375454010325484e-05
1.0,1,0.9119739532470703
0.0,0,9.810726623982191e-05
0.0,0,1.699687709333375e-05
0.0,0,0.0058584329672157764
0.0,0,2.564841997809708e-05
1.0,1,0.9850869178771973
1.0,1,0.9997900128364563
0.0,0,0.05810317397117615
1.0,1,0.997309684753418
1.0,1,0.8651298880577087
0.0,0,0.00048704235814511776
0.0,0,0.018394315615296364
1.0,0,0.2444426566362381
0.0,0,0.00343266106210649
1.0,0,2.8681528419838287e-05
1.0,1,0.999997615814209
1.0,1,0.9686161279678345
1.0,1,0.7625135183334351
1.0,1,0.9999071359634399
0.0,0,0.21477411687374115
1.0,1,0.9999802112579346
1.0,1,0.9202338457107544
0.0,0,0.10361185669898987
0.0,0,0.09398321807384491
1.0,1,0.9911177754402161
0.0,0,2.3160911950981244e-05
0.0,0,0.04008015617728233
0.0,0,0.12694935500621796
1.0,1,0.999993085861206
0.0,0,5.6372915423708037e-05
0.0,0,0.0003325199068058282
1.0,1,0.9998726844787598
1.0,1,0.9999538660049438
0.0,0,0.0009465038310736418
1.0,1,0.9999983310699463
1.0,1,0.9999855756759644
0.0,0,0.0001856897579273209
1.0,1,0.9994449019432068
1.0,1,0.9999963045120239
0.0,0,0.0004614978388417512
0.0,0,0.2513883411884308
1.0,1,0.9981681108474731
0.0,0,0.00275178300216794
0.0,0,0.23467636108398438
1.0,1,0.9284515380859375
0.0,0,0.0002183684118790552
0.0,0,0.0003007803170476109
1.0,1,0.9999665021896362
1.0,1,0.9979155659675598
1.0,1,0.9988161325454712
0.0,0,0.0003513192059472203
0.0,0,0.0009641534416005015
0.0,0,0.12292663753032684
1.0,0,0.0035890552680939436
1.0,1,0.9960152506828308
0.0,0,0.0007142532849684358
0.0,0,0.00013651061453856528
0.0,0,0.004801128059625626
0.0,0,0.0009744606213644147
0.0,0,0.12874865531921387
0.0,1,0.4630724787712097
0.0,0,0.008478309959173203
0.0,0,8.705240907147527e-05
0.0,0,0.002376234158873558
0.0,0,0.0016950509743764997
0.0,0,0.00044605336734093726
0.0,0,2.5603159883758053e-05
1.0,1,0.999409556388855
1.0,1,0.9997678399085999
0.0,0,0.0013289953349158168
0.0,0,0.003643224947154522
1.0,0,0.020874692127108574
1.0,1,0.988639235496521
0.0,1,0.9990586638450623
0.0,0,0.011839043349027634
0.0,0,0.004893307574093342
1.0,0,0.009435215033590794
1.0,1,0.5263555645942688
0.0,1,0.437755286693573
0.0,0,0.000749739701859653
0.0,0,0.00012019572022836655
1.0,1,0.9871391654014587
0.0,0,0.003247597487643361
0.0,0,0.015863461419939995
0.0,0,0.0014212520327419043
0.0,0,0.022997135296463966
0.0,0,0.00010481868230272084
0.0,0,0.37200576066970825
0.0,0,0.04127848520874977
1.0,1,0.9956851005554199
1.0,1,0.9990957975387573
1.0,1,0.9983407258987427
0.0,0,0.002054557902738452
1.0,1,0.48492079973220825
1.0,1,0.9951221346855164
0.0,0,0.1183958351612091
0.0,0,0.0008899294771254063
0.0,0,9.433605009689927e-05
0.0,0,0.00014201078738551587
0.0,0,0.027912046760320663
0.0,0,0.0008231083629652858
1.0,1,0.9999746084213257
0.0,0,0.00018076712149195373
0.0,0,1.2281765521038324e-05
0.0,1,0.5952019095420837
1.0,1,0.9994398951530457
1.0,1,0.993023157119751
1.0,1,0.99982750415802
0.0,1,0.7099943161010742
0.0,0,3.0799350497545674e-05
1.0,1,0.9994745850563049
0.0,0,0.20814494788646698
0.0,0,0.21627961099147797
0.0,0,0.00030271123978309333
1.0,1,0.5959630608558655
0.0,0,0.00442089419811964
1.0,1,0.9999686479568481
0.0,0,0.007494408171623945
0.0,0,4.3426684896985535e-06
0.0,0,0.005521291866898537
1.0,1,0.9231089949607849
0.0,0,0.0006854472449049354
0.0,1,0.6285804510116577
0.0,0,0.07195834815502167
1.0,1,0.968741774559021
1.0,1,0.9999957084655762
1.0,1,0.9881830811500549
0.0,0,0.005023504141718149
1.0,1,0.9999983310699463
0.0,0,0.016019906848669052
1.0,1,0.99982750415802
0.0,0,0.29869917035102844
0.0,0,0.0007939208298921585
0.0,0,5.1877905207220465e-05
0.0,0,0.0005169240175746381
1.0,1,0.9999780654907227
1.0,1,0.4978664219379425
1.0,1,0.9996291399002075
0.0,0,0.00031677947845309973
1.0,0,0.3096643388271332
0.0,0,0.07862434536218643
0.0,0,0.0043349359184503555
0.0,1,0.8049507141113281
1.0,1,0.9999980926513672
0.0,0,0.08698686212301254
1.0,1,0.9983003735542297
1.0,1,0.9830412864685059
0.0,0,0.0011031338945031166
1.0,1,0.9813166856765747
1.0,1,0.999821126461029
0.0,0,0.10074592381715775
1.0,1,0.8951871395111084
0.0,0,0.05696351081132889
1.0,1,0.918203592300415
1.0,1,0.9814239144325256
1.0,1,0.9976282715797424
0.0,0,0.0030036133248358965
0.0,0,0.00013015413424000144
1.0,1,0.9912118315696716
0.0,0,0.363778293132782
1.0,1,0.999322772026062
0.0,0,0.00025478017050772905
1.0,1,0.9993869066238403
0.0,0,0.004778443370014429
0.0,0,1.681995672697667e-05
0.0,0,0.004432319197803736
1.0,0,0.17058929800987244
1.0,1,0.9809865355491638
1.0,1,0.9998328685760498
0.0,0,0.010229302570223808
0.0,0,0.0005551623180508614
1.0,1,0.9810463786125183
1.0,1,0.9994531273841858
0.0,0,2.2241049009608105e-05
0.0,0,6.803662472520955e-06
0.0,0,0.05432796850800514
1.0,1,0.9972088932991028
1.0,1,0.9923267960548401
1.0,0,0.00024352871696464717
0.0,0,0.0012458349810913205
1.0,1,0.9441684484481812
0.0,0,0.0061921365559101105
0.0,0,0.00126094208098948
1.0,0,0.10248281806707382
0.0,0,2.9027800337644294e-05
1.0,1,0.9623907804489136
0.0,0,0.0038675921969115734
1.0,1,0.5140609741210938
0.0,0,0.02769855596125126
1.0,1,0.997829020023346
1.0,1,0.9992907047271729
1.0,1,0.9976414442062378
0.0,0,0.00013114204921294004
0.0,0,0.0002821685338858515
1.0,1,0.999530553817749
0.0,0,0.007677988614886999
0.0,0,0.06933405995368958
0.0,0,0.002021983964368701
0.0,0,0.013304092921316624
0.0,0,0.00044901572982780635
1.0,1,0.8757097721099854
0.0,0,0.12547588348388672
1.0,1,0.9989305138587952
1.0,1,0.9999291896820068
0.0,0,0.0006994401337578893
0.0,0,0.04767999053001404
1.0,1,0.8646800518035889
0.0,0,0.011415121145546436
1.0,1,0.9992673993110657
1.0,1,0.9999891519546509
1.0,1,0.999954104423523
1.0,1,0.8639114499092102
0.0,0,0.038517218083143234
0.0,0,0.02099396474659443
1.0,1,0.9996108412742615
1.0,1,0.9663525819778442
0.0,0,0.004865814466029406
1.0,1,0.829954981803894
1.0,0,0.07534297555685043
1.0,1,0.9634507894515991
1.0,1,0.9986276626586914
0.0,0,1.6779413272161037e-06
0.0,0,0.018416812643408775
0.0,0,3.2994144021358807e-06
1.0,1,0.9998759031295776
1.0,1,0.9988775849342346
0.0,0,0.006971133407205343
1.0,1,0.9980929493904114
0.0,0,0.0028830033261328936
0.0,0,0.001005480531603098
0.0,0,8.999382407637313e-05
1.0,1,0.9999788999557495
1.0,1,0.998792290687561
0.0,0,0.0012354861246421933
1.0,1,0.9104033708572388
0.0,0,0.013225117698311806
0.0,0,0.007638764567673206
0.0,0,0.007706830743700266
0.0,0,0.0016754247481003404
1.0,1,0.9993301630020142
0.0,0,0.03017762489616871
0.0,0,0.00019129026622977108
0.0,0,0.0009437662083655596
1.0,1,0.9999281167984009
0.0,0,0.001370746991597116
0.0,0,0.0021364346612244844
1.0,1,0.9999240636825562
0.0,0,0.0003873476234730333
0.0,0,0.30085065960884094
1.0,1,0.9999966621398926
0.0,0,0.0051350463181734085
1.0,1,0.7102762460708618
1.0,1,0.9999215602874756
1.0,1,0.9935238361358643
1.0,1,0.8693466186523438
0.0,0,0.0011705673532560468
1.0,0,0.1514642834663391
1.0,1,0.9755017757415771
1.0,1,0.999622106552124
0.0,0,0.0030860956758260727
0.0,0,0.0031644264236092567
1.0,1,0.9847398400306702
0.0,0,0.0001049711208906956
0.0,0,0.00011946192535106093
0.0,0,6.751931505277753e-05
1.0,1,0.999496579170227
0.0,0,0.0011442007962614298
0.0,0,0.38747093081474304
1.0,0,0.023642776533961296
0.0,1,0.9763782024383545
0.0,0,0.026059627532958984
1.0,1,0.9981916546821594
0.0,1,0.47155770659446716
1.0,1,0.8115115761756897
0.0,0,0.08449643850326538
0.0,0,3.220744110876694e-05
1.0,1,0.9868971705436707
0.0,0,0.00020088194287382066
1.0,1,0.9998807907104492
1.0,1,0.9987704157829285
1.0,1,0.9910481572151184
1.0,1,0.7536922097206116
0.0,1,0.5651324391365051
0.0,1,0.961119532585144
1.0,1,0.5106911659240723
1.0,1,0.9998788833618164
1.0,1,0.9999997615814209
0.0,0,0.016698455438017845
0.0,0,0.0005017351941205561
1.0,1,0.999906063079834
0.0,0,0.001182314706966281
0.0,0,6.29037749604322e-05
1.0,1,0.9979731440544128
1.0,0,0.0028129287529736757
1.0,1,0.9999405145645142
0.0,0,0.00345362676307559
1.0,1,0.7215789556503296
0.0,0,5.3414049034472555e-05
0.0,0,0.005006864666938782
1.0,1,0.6932938098907471
0.0,0,0.0004216224770061672
0.0,0,0.05114249512553215
0.0,0,0.0013949901331216097
0.0,0,0.0002082493156194687
0.0,0,0.007673594169318676
0.0,0,0.003826662665233016
0.0,0,0.00024413663777522743
0.0,0,0.0010359283769503236
0.0,0,4.319470826885663e-05
0.0,0,0.039550650864839554
1.0,1,0.9998961687088013
0.0,0,7.405670203297632e-06
0.0,0,0.011393912136554718
1.0,1,0.9997778534889221
0.0,0,0.012979380786418915
1.0,1,0.9997749924659729
0.0,0,0.06886818259954453
0.0,0,0.026417681947350502
1.0,1,0.9804335236549377
1.0,0,0.0069622560404241085
0.0,0,0.0024989282246679068
1.0,1,0.9941733479499817
0.0,1,0.5568800568580627
1.0,1,0.9633879661560059
0.0,0,1.4443726286117453e-06
0.0,0,0.0022997655905783176
0.0,0,0.0006101688486523926
0.0,0,0.06771773099899292
0.0,0,0.0017326477682217956
0.0,0,0.01360444538295269
0.0,0,0.005411715246737003
1.0,0,0.19458799064159393
1.0,0,0.3675070106983185
1.0,1,0.994073212146759
0.0,0,0.00020851436420343816
1.0,1,0.6029888391494751
0.0,0,0.0018204491352662444
1.0,1,0.629400372505188
0.0,0,1.1550484487088397e-05
0.0,0,0.0009696937631815672
0.0,0,2.517783286748454e-05
0.0,0,0.3136572539806366
0.0,0,0.009886747226119041
1.0,1,0.9930765628814697
1.0,1,0.9976401329040527
1.0,1,0.9999957084655762
1.0,1,0.9987379908561707
0.0,0,0.020428715273737907
1.0,1,0.9998257756233215
0.0,0,0.04162834212183952
0.0,0,0.00017321894119959325
1.0,1,0.9998810291290283
1.0,1,0.9994909763336182
1.0,0,0.14197970926761627
0.0,0,0.00028761703288182616
0.0,0,0.008775918744504452
0.0,0,0.06749050319194794
1.0,1,0.9853001236915588
0.0,0,0.0028516335878521204
0.0,0,0.0003191981231793761
1.0,1,0.999880313873291
0.0,0,0.09862811118364334
0.0,0,0.049590203911066055
1.0,1,0.969707727432251
0.0,0,0.021472809836268425
0.0,1,0.9285815358161926
0.0,0,0.0010305159958079457
0.0,0,0.01577099598944187
0.0,0,0.0011798790656030178
1.0,1,0.8453583121299744
0.0,1,0.9995751976966858
0.0,0,0.15989015996456146
0.0,0,0.0059549883008003235
1.0,1,0.993573009967804
1.0,1,0.9663039445877075
0.0,0,0.014586539007723331
1.0,1,0.9802068471908569
1.0,0,0.06446446478366852
1.0,1,0.9977272152900696
0.0,0,0.00017841209773905575
0.0,1,0.9930773973464966
0.0,0,0.008012759499251842
0.0,0,1.8902318288382958e-06
1.0,1,0.9999773502349854
0.0,0,3.4210792364319786e-05
1.0,1,0.9999804496765137
0.0,0,0.00027685044915415347
0.0,1,0.9974128603935242
1.0,1,0.9358963370323181
1.0,1,0.9994667172431946
0.0,0,0.001536424970254302
1.0,1,0.9999377727508545
1.0,1,0.9999688863754272
1.0,1,0.9983718991279602
0.0,1,0.4742596447467804
0.0,0,0.0015589975519105792
0.0,0,0.00020335328008513898
0.0,0,0.0007597944349981844
0.0,1,0.5432426929473877
1.0,1,0.9998376369476318
0.0,0,0.011237929575145245
1.0,1,0.9999333620071411
1.0,1,0.9562949538230896
0.0,0,0.0006175289745442569
1.0,1,0.9999836683273315
0.0,0,0.01159931905567646
0.0,0,0.0021389031317085028
0.0,0,0.042752984911203384
0.0,0,0.001009564846754074
1.0,1,0.9810478091239929
0.0,0,0.023065656423568726
0.0,1,0.9751521348953247
0.0,0,0.0037374082021415234
0.0,0,3.955301508540288e-06
1.0,1,0.9801034927368164
1.0,1,0.9537575840950012
0.0,0,0.0001807779772207141
0.0,0,0.0002510290069039911
0.0,0,0.044827867299318314
0.0,0,0.024986162781715393
1.0,1,0.835545539855957
1.0,1,0.9751521348953247
1.0,1,0.9999711513519287
1.0,1,0.9461908340454102
1.0,0,0.002902866341173649
0.0,0,0.005588809493929148
0.0,0,3.0756469641346484e-05
1.0,1,0.9999970197677612
0.0,0,7.625648868270218e-05
1.0,1,0.9941091537475586
0.0,0,0.0003832629299722612
0.0,0,2.4645758003316587e-06
1.0,1,0.9815457463264465
0.0,0,0.0020174551755189896
0.0,0,0.00021517928689718246
1.0,1,0.990095853805542
1.0,1,0.9999260902404785
1.0,1,0.9999593496322632
0.0,0,0.0008435669587925076
1.0,1,0.9877349734306335
1.0,0,0.18904605507850647
0.0,0,3.4222801332361996e-05
1.0,1,0.9992247819900513
0.0,0,0.024846753105521202
0.0,0,0.06867121905088425
0.0,0,0.0001935941691044718
0.0,0,0.0008427466964349151
0.0,0,0.0004903782391920686
0.0,0,0.01608460210263729
1.0,1,0.9406208395957947
0.0,0,0.0020571111235767603
1.0,1,0.8935756087303162
0.0,1,0.781915009021759
1.0,1,0.8945199847221375
0.0,0,0.0006209180573932827
1.0,1,0.9789461493492126
0.0,0,0.007470812648534775
1.0,1,0.9949694275856018
1.0,1,0.9930388331413269
1.0,0,8.503227581968531e-05
1.0,1,0.995449960231781
0.0,0,0.09329193085432053
0.0,0,0.00024955873959697783
1.0,1,0.5815771222114563
1.0,1,0.7784419655799866
1.0,1,0.9796355962753296
0.0,0,4.691987669502851e-06
0.0,0,0.0034445831552147865
0.0,1,0.9962307810783386
0.0,0,0.0002480174007359892
1.0,1,0.9775250554084778
0.0,1,0.4740733206272125
0.0,0,0.04608122631907463
0.0,0,0.30765318870544434
1.0,1,0.801934003829956
0.0,0,0.0027149892412126064
0.0,0,0.0016441886546090245
1.0,1,0.9751485586166382
0.0,0,0.03697245940566063
0.0,0,0.004376460798084736
1.0,0,0.05840291082859039
0.0,0,0.005118648987263441
0.0,0,0.30453017354011536
0.0,0,0.0011761407367885113
0.0,0,5.471658823807957e-07
1.0,0,0.2870357632637024
0.0,1,0.8274267315864563
0.0,0,0.006041809916496277
0.0,1,0.9446505308151245
0.0,0,0.008428046479821205
0.0,0,0.00032131155603565276
0.0,0,0.00020389709970913827
0.0,0,0.0030786506831645966
0.0,0,0.012545055709779263
1.0,1,0.999847412109375
0.0,0,5.897935989196412e-05
0.0,0,0.005334684159606695
0.0,0,0.0033269484993070364
0.0,0,0.003145535010844469
1.0,1,0.9925083518028259
1.0,1,0.9999396800994873
0.0,0,0.15276417136192322
1.0,1,0.9979002475738525
0.0,1,0.5316337943077087
1.0,0,0.12567834556102753
0.0,0,0.0012142711784690619
1.0,0,0.2841440737247467
1.0,1,0.9665952920913696
0.0,0,7.493492739740759e-05
0.0,0,0.0006097348523326218
0.0,0,0.10789737850427628
1.0,0,0.29251161217689514
0.0,0,0.0020019598305225372
1.0,1,0.9999977350234985
0.0,0,0.00012644479284062982
1.0,1,0.5555150508880615
1.0,1,0.9974226951599121
1.0,1,0.9984216690063477
1.0,1,0.9987977743148804
1.0,1,0.9998490810394287
0.0,0,0.003971330355852842
0.0,0,0.002526103286072612
0.0,0,0.0014694464625790715
0.0,0,0.2476799190044403
0.0,0,0.0006345818983390927
0.0,0,0.0006084701744839549
0.0,0,0.22718603909015656
1.0,0,0.007438660133630037
1.0,1,0.998306155204773
0.0,0,0.0216519795358181
1.0,1,0.9995893836021423
0.0,0,4.647652531275526e-05
0.0,0,0.012259028851985931
1.0,1,0.9953761100769043
0.0,0,0.01175705436617136
1.0,1,0.9997005462646484
1.0,1,0.4804704189300537
1.0,1,0.633398175239563
1.0,1,0.9990341663360596
0.0,0,0.0002660097961779684
0.0,0,0.06076165288686752
0.0,0,7.415720119752223e-06
1.0,1,0.9179726243019104
0.0,0,0.0036688989493995905
0.0,0,1.5039652225823374e-06
0.0,0,0.01297491043806076
1.0,0,0.0349411740899086
0.0,0,0.0004760502779390663
0.0,1,0.43962404131889343
0.0,0,7.000786354183219e-06
0.0,0,0.010466004721820354
1.0,1,0.9933064579963684
1.0,1,0.999981164932251
0.0,1,0.8515121340751648
0.0,0,0.04520873725414276
0.0,0,0.008066488429903984
1.0,1,0.9991105198860168
0.0,0,0.0003124331997241825
1.0,1,0.9976073503494263
1.0,1,0.9931609630584717
1.0,0,0.17015781998634338
0.0,0,2.787971652651322e-06
0.0,0,0.31812047958374023
0.0,1,0.7164646983146667
0.0,0,0.0006618128973059356
1.0,1,0.8037909269332886
0.0,0,0.00938663724809885
0.0,0,0.05216698348522186
0.0,0,0.11104361712932587
0.0,0,0.0005210911622270942
0.0,0,6.706771387143817e-07
0.0,0,0.0007974120089784265
1.0,1,0.999390721321106
0.0,1,0.9891379475593567
1.0,1,0.9980648159980774
1.0,1,0.9997360110282898
1.0,1,0.9972564578056335
1.0,1,0.9987618923187256
1.0,1,0.9756104350090027
0.0,0,0.0022348545026034117
1.0,1,0.9911527037620544
1.0,1,0.9372696280479431
1.0,1,0.9854751825332642
0.0,0,0.0028888266533613205
1.0,0,0.3975677192211151
1.0,1,0.9933426976203918
1.0,1,0.9982206225395203
1.0,1,0.9515143036842346
1.0,1,0.8504774570465088
1.0,1,0.7306800484657288
0.0,0,0.0009875405812636018
0.0,0,0.00236151902936399
0.0,0,0.00102389813400805
0.0,0,0.0025495225563645363
1.0,0,0.20441684126853943
0.0,0,0.003275282448157668
0.0,0,0.0026712408289313316
0.0,0,0.011469359509646893
0.0,0,0.0015830887714400887
0.0,0,9.065125823326525e-07
1.0,1,0.687471330165863
1.0,1,0.9996142387390137
0.0,0,0.017417781054973602
0.0,0,5.081109975435538e-06
0.0,0,4.040215117129264e-06
0.0,1,0.9980497360229492
0.0,0,0.0035564848221838474
1.0,0,0.053104884922504425
1.0,1,0.4245746433734894
1.0,1,0.8600160479545593
1.0,1,0.9998059868812561
1.0,1,0.995272696018219
1.0,1,0.9981064796447754
0.0,0,0.00819073710590601
0.0,0,0.0006040618754923344
0.0,0,0.005079788155853748
0.0,0,0.2834072411060333
0.0,0,0.0002578426501713693
1.0,1,0.5540081262588501
0.0,0,0.0002810503065120429
0.0,1,0.7551588416099548
0.0,0,0.013595272786915302
1.0,1,0.9998480081558228
0.0,0,0.0006577207241207361
0.0,0,0.030218610540032387
1.0,1,0.47157254815101624
0.0,0,0.004766987636685371
1.0,1,0.9998371601104736
1.0,1,0.9999990463256836
0.0,0,2.4420160116278566e-05
0.0,1,0.4609265625476837
1.0,1,0.9932044744491577
0.0,1,0.9876077771186829
0.0,0,0.004049471113830805
1.0,1,0.9993545413017273
0.0,0,0.00023746289662085474
0.0,0,0.00010340587323298678
0.0,1,0.556067705154419
1.0,1,0.9908213019371033
0.0,0,0.01031641848385334
0.0,1,0.4717457890510559
0.0,0,0.001534588634967804
0.0,0,0.0008058021776378155
0.0,0,0.007516761776059866
0.0,0,3.7192628951743245e-05
1.0,1,0.986823558807373
0.0,0,0.01666603982448578
0.0,0,7.83469804446213e-05
1.0,0,4.665094820666127e-05
0.0,0,0.00039657350862398744
0.0,0,0.0961247980594635
0.0,1,0.9841287136077881
1.0,1,0.8670867085456848
1.0,1,0.9999492168426514
1.0,1,0.6579181551933289
0.0,0,0.06131044030189514
0.0,0,0.0007338934810832143
0.0,0,0.028589420020580292
1.0,1,0.9998226761817932
0.0,0,0.013010499067604542
0.0,0,0.0019802143797278404
1.0,1,0.8254680037498474
0.0,0,0.0034190285950899124
0.0,0,0.0005240373429842293
1.0,1,0.5770943760871887
1.0,1,0.9794730544090271
0.0,1,0.8740646243095398
0.0,0,0.010543537326157093
0.0,0,0.06303345412015915
0.0,0,0.0029547838494181633
1.0,1,0.9848687648773193
1.0,0,0.026877840980887413
0.0,0,0.007659323047846556
0.0,1,0.976894736289978
1.0,1,0.7925809621810913
1.0,1,0.9794797301292419
0.0,0,3.1620688787370455e-06
1.0,1,0.9965446591377258
0.0,0,0.0011048286687582731
1.0,1,0.847164511680603
1.0,0,0.06423382461071014
1.0,1,0.9999613761901855
1.0,0,0.18062740564346313
0.0,0,6.487683094746899e-06
0.0,0,0.0007246575551107526
1.0,0,0.23832102119922638
0.0,0,0.0017876897472888231
1.0,1,0.9989494681358337
0.0,0,0.049982283264398575
1.0,1,0.9999767541885376
0.0,0,0.006007247604429722
1.0,0,0.16329924762248993
0.0,0,0.0019048188114538789
1.0,1,0.979167103767395
1.0,1,0.9999762773513794
0.0,0,0.0008186888298951089
0.0,0,0.004377961158752441
0.0,1,0.8467799425125122
0.0,0,0.0001412860001437366
1.0,1,0.9783537983894348
0.0,0,6.727560685249045e-05
1.0,1,0.80543053150177
1.0,1,0.7106177806854248
0.0,0,0.04784773290157318
1.0,0,0.020075887441635132
0.0,0,0.011132092215120792
0.0,0,0.009391489438712597
0.0,0,0.03759846091270447
1.0,0,0.38684597611427307
0.0,0,0.00018966080097015947
0.0,0,0.00033980986336246133
1.0,0,0.03542882949113846
0.0,0,5.887276074645342e-06
1.0,1,0.9811679124832153
0.0,0,0.00014776489115320146
0.0,0,0.03185262531042099
0.0,0,7.81580456532538e-05
0.0,0,0.000248514988925308
1.0,0,0.11078396439552307
0.0,0,0.029024098068475723
0.0,0,0.000833923346363008
0.0,0,0.004537253640592098
1.0,0,0.0017588365590199828
0.0,1,0.6345434784889221
0.0,0,0.0006714249611832201
1.0,0,0.331789493560791
1.0,1,0.9905215501785278
1.0,0,0.2791633605957031
1.0,1,0.9989669322967529
1.0,1,0.791888952255249
1.0,1,0.9992534518241882
0.0,0,0.00022083931253291667
1.0,1,0.998914361000061
0.0,0,9.941640746546909e-05
0.0,0,0.008684314787387848
1.0,0,0.23307111859321594
1.0,1,0.9965865612030029
0.0,0,0.0020708651281893253
1.0,1,0.972146213054657
0.0,1,0.4426761269569397
0.0,1,0.46188411116600037
0.0,0,0.010842842049896717
1.0,1,0.9998451471328735
0.0,0,0.006113103125244379
1.0,1,0.9091217517852783
0.0,1,0.9885508418083191
0.0,0,0.0017747662495821714
1.0,1,0.9996322393417358
0.0,0,5.449440504889935e-05
0.0,1,0.7808955311775208
0.0,0,0.1619240641593933
0.0,0,2.7967969799647108e-05
1.0,1,0.534928560256958
1.0,1,0.9933833479881287
0.0,0,0.00011305829684715718
0.0,0,0.011525829322636127
1.0,1,0.6453648209571838
1.0,1,0.9493377804756165
1.0,1,0.9944247007369995
0.0,0,0.00012188868277007714
1.0,1,0.5360687971115112
0.0,0,0.2878003418445587
1.0,0,0.07463657110929489
1.0,1,0.8434703946113586
0.0,0,9.337658411823213e-06
0.0,0,6.397514516720548e-05
0.0,0,0.00022364141477737576
0.0,0,0.003322483040392399
1.0,1,0.9999991655349731
1.0,1,0.995681881904602
0.0,0,9.597145981388167e-05
1.0,1,0.9998408555984497
1.0,0,0.027934104204177856
0.0,1,0.5742160081863403
0.0,0,0.0069757127203047276
0.0,0,0.008194917812943459
0.0,0,0.003872029250487685
0.0,0,0.00010861234477488324
1.0,1,0.9993587136268616
0.0,0,0.00011391754378564656
0.0,0,0.02080773003399372
0.0,0,0.2928696572780609
1.0,1,0.9994599223136902
0.0,1,0.9928761720657349
0.0,0,0.007017332129180431
0.0,0,0.00044335389975458384
0.0,0,0.0007926082471385598
0.0,0,0.0003650825237855315
0.0,0,0.02941976673901081
1.0,1,0.9990020394325256
0.0,0,6.416204269044101e-05
0.0,0,1.139794858318055e-05
1.0,1,0.9965782761573792
1.0,1,0.9988417029380798
0.0,0,0.08147383481264114
0.0,0,0.029505901038646698
1.0,1,0.974658191204071
0.0,0,0.00034083169884979725
0.0,0,0.037301987409591675
0.0,0,0.00019795606203842908
0.0,0,0.0002340552455279976
1.0,1,0.9958416819572449
1.0,0,0.05829843878746033
1.0,1,0.47711583971977234
1.0,1,0.990667998790741
0.0,1,0.4638140797615051
0.0,0,0.0029039252549409866
0.0,0,0.00657592061907053
0.0,0,0.0589456669986248
0.0,0,0.03841858357191086
1.0,1,0.9964305758476257
0.0,0,0.0008940472034737468
1.0,1,0.9993327260017395
1.0,1,0.9995638728141785
1.0,0,0.0002534618542995304
0.0,0,0.0012872416991740465
0.0,0,0.0006865619216114283
1.0,1,0.9997203946113586
0.0,0,0.0017574714729562402
1.0,1,0.9994813799858093
0.0,0,0.006201486568897963
1.0,1,0.9280223846435547
0.0,0,0.00015097770665306598
1.0,1,0.6558099389076233
1.0,1,0.9966080188751221
1.0,1,0.9958345890045166
0.0,0,7.776180427754298e-05
1.0,1,0.8925806879997253
1.0,1,0.9984657764434814
0.0,0,0.0008596035186201334
1.0,1,0.8648503422737122
0.0,0,0.04511459171772003
0.0,0,0.00019044746295548975
1.0,1,0.995461642742157
0.0,0,0.003492068499326706
0.0,0,0.0005502394051291049
1.0,1,0.776253879070282
0.0,0,0.0012088346993550658
1.0,1,0.9991188645362854
1.0,1,0.9843956232070923
0.0,0,0.029726628214120865
0.0,0,3.529695823090151e-05
0.0,0,0.00015175262524280697
0.0,0,0.014867769554257393
1.0,1,0.9972276091575623
0.0,0,0.0002144018653780222
0.0,0,0.00629451172426343
0.0,0,0.00031283675343729556
0.0,0,0.2775999903678894
0.0,0,0.03646257519721985
1.0,1,0.9682624936103821
1.0,1,0.9998962879180908
0.0,0,0.004440642427653074
0.0,0,9.487390343565494e-05
1.0,1,0.58416748046875
0.0,0,0.0668962150812149
0.0,0,5.0160655518993735e-05
0.0,0,0.0004492426523938775
1.0,0,0.2603360116481781
1.0,1,0.5337228178977966
1.0,1,0.999995231628418
0.0,0,0.2696126699447632
1.0,1,0.9991300702095032
1.0,0,0.09810781478881836
0.0,0,7.026278035482392e-05
0.0,0,0.00047377237933687866
0.0,0,0.0007287879707291722
1.0,1,0.9997789263725281
1.0,1,0.8646553754806519
0.0,0,0.16695688664913177
1.0,1,0.9844030141830444
0.0,0,0.17022962868213654
1.0,1,0.9777725338935852
0.0,0,0.000182390256668441
0.0,0,3.284700869699009e-05
0.0,0,0.0003377001849003136
0.0,0,7.943472155602649e-05
1.0,1,0.4994315505027771
0.0,0,0.008508393540978432
0.0,0,5.844411134603433e-05
0.0,0,0.003230451140552759
0.0,0,0.013493812642991543
0.0,0,0.0009761754772625864
1.0,1,0.9987239241600037
0.0,0,2.92789627565071e-05
0.0,0,0.0001654166408115998
0.0,0,0.004356462508440018
0.0,0,1.399879039354346e-07
1.0,0,0.10348424315452576
0.0,0,0.0017041601240634918
1.0,1,0.9956802129745483
0.0,0,0.000364915031241253
0.0,0,0.005348565056920052
0.0,0,5.906051956117153e-05
1.0,1,0.9989965558052063
1.0,1,0.4028245210647583
0.0,0,2.54720634984551e-05
0.0,0,7.133930353120377e-07
1.0,1,0.9998364448547363
0.0,0,0.019290054216980934
0.0,0,0.00027341858367435634
0.0,0,6.906662747496739e-05
1.0,1,0.9954850673675537
1.0,1,0.999664306640625
0.0,0,0.1823190152645111
1.0,1,0.9999529123306274
1.0,1,0.9965953230857849
1.0,1,0.9149914979934692
0.0,0,8.416264608968049e-05
0.0,1,0.8357837796211243
0.0,0,0.004043221939355135
1.0,1,0.9785929322242737
0.0,0,0.006377128884196281
0.0,0,0.00451506394892931
0.0,0,4.325802728999406e-05
0.0,1,0.8033353686332703
0.0,0,0.00026620691642165184
0.0,0,0.005258978344500065
1.0,1,0.9996567964553833
0.0,1,0.812370777130127
0.0,0,0.06964103877544403
0.0,0,0.0007599196396768093
0.0,1,0.9077287316322327
0.0,0,0.0002614808327052742
0.0,0,0.118812695145607
1.0,1,0.9999963045120239
0.0,1,0.7468975186347961
0.0,0,0.049540143460035324
0.0,0,0.001732693868689239
0.0,0,0.022934168577194214
1.0,1,0.9094270467758179
0.0,1,0.5710430145263672
0.0,0,0.00023401084763463587
1.0,1,0.9999654293060303
0.0,0,0.00015285662084352225
1.0,1,0.5461781024932861
0.0,0,0.0005854727351106703
0.0,0,0.0069725424982607365
0.0,0,0.0006722916150465608
0.0,0,0.00030152453109622
0.0,0,0.0031211625318974257
1.0,1,0.9998611211776733
0.0,0,0.013068005442619324
1.0,1,0.9998738765716553
0.0,0,1.5422507203766145e-05
0.0,0,0.0006583642098121345
0.0,1,0.9043468832969666
1.0,1,0.9939868450164795
1.0,1,0.956336498260498
0.0,0,2.0820541976718232e-05
0.0,0,0.2092050313949585
0.0,0,4.36073933087755e-05
1.0,1,0.9980390667915344
0.0,0,0.24159713089466095
1.0,1,0.9928425550460815
1.0,1,0.9929777979850769
0.0,0,3.3006050216499716e-05
1.0,1,0.9999459981918335
1.0,1,0.9974437952041626
1.0,1,0.999484658241272
0.0,0,0.010725853964686394
1.0,1,0.9967204928398132
1.0,1,0.9448750019073486
1.0,1,0.9999290704727173
1.0,1,0.9998080134391785
0.0,0,0.0790472999215126
0.0,0,0.00889121275395155
0.0,0,0.315673291683197
1.0,0,0.0019710268825292587
0.0,0,4.2966286855516955e-05
0.0,0,0.18586157262325287
0.0,0,0.00466783344745636
0.0,0,0.0014901763061061502
0.0,0,0.0017155763925984502
0.0,1,0.9980533123016357
1.0,1,0.9994658827781677
1.0,1,0.8869041204452515
1.0,1,0.9889850616455078
1.0,1,0.9998370409011841
1.0,1,0.9984446167945862
1.0,1,0.9999881982803345
0.0,0,0.0012546440120786428
1.0,1,0.997445821762085
1.0,0,0.16136617958545685
1.0,1,0.6639509201049805
0.0,1,0.6891433000564575
1.0,1,0.7100112438201904
0.0,0,0.0004383816267363727
1.0,1,0.9168702363967896
0.0,0,0.0005416328203864396
1.0,1,0.9999330043792725
0.0,0,0.02906866930425167
0.0,0,9.37595686991699e-05
0.0,1,0.8810991048812866
0.0,1,0.5376310348510742
0.0,0,8.110086127999239e-06
0.0,0,0.00015785278810653836
1.0,0,0.033193040639162064
0.0,0,0.09178408235311508
0.0,0,0.0004964973777532578
0.0,1,0.45988157391548157
1.0,1,0.9936244487762451
1.0,1,0.9961768388748169
1.0,0,0.013866751454770565
0.0,0,0.00036626955261453986
0.0,0,0.0003399804700165987
1.0,1,0.9988549947738647
0.0,0,0.0026866537518799305
1.0,1,0.9769565463066101
0.0,0,0.026723504066467285
0.0,0,0.00887762475758791
0.0,0,0.0012743547558784485
1.0,0,0.1134466677904129
1.0,1,0.9949348568916321
0.0,1,0.9154152274131775
0.0,0,0.00027631380362436175
1.0,1,0.5129265189170837
1.0,1,0.999669075012207
0.0,0,1.0365935168010765e-06
0.0,0,0.00023551323101855814
0.0,0,0.00842094887048006
1.0,1,0.9495192766189575
1.0,1,0.9999600648880005
1.0,1,0.9767115116119385
0.0,0,0.270688533782959
0.0,0,0.003714408492669463
0.0,0,0.02915433794260025
1.0,1,0.998636782169342
0.0,0,0.028547951951622963
0.0,0,0.0002686346706468612
0.0,0,7.199669198598713e-05
0.0,0,0.0006242379313334823
1.0,1,0.9925772547721863
0.0,0,1.0621501132845879e-05
0.0,0,4.8032638915174175e-06
0.0,0,0.0019286603201180696
1.0,1,0.9769615530967712
1.0,1,0.8528996109962463
0.0,0,0.000211918682907708
0.0,0,0.043718017637729645
0.0,0,5.337952825357206e-05
1.0,1,0.996454119682312
1.0,1,0.4725494980812073
0.0,0,0.026340097188949585
0.0,0,0.00045747155672870576
1.0,1,0.9761091470718384
1.0,1,0.5710713863372803
1.0,0,0.13696125149726868
0.0,0,0.00097759161144495
0.0,0,9.067744394997135e-05
0.0,0,0.0035073428880423307
0.0,1,0.9974573254585266
0.0,0,0.0006170792039483786
1.0,0,0.0014578811824321747
1.0,1,0.7873902320861816
0.0,0,0.028706906363368034
1.0,0,0.36526286602020264
0.0,0,9.268643043469638e-05
0.0,0,0.09274912625551224
0.0,0,5.90031013416592e-05
1.0,1,0.7743289470672607
0.0,0,0.0013625413412228227
0.0,0,0.020223667845129967
1.0,1,0.9999582767486572
0.0,0,0.0004181954718660563
1.0,1,0.9425800442695618
0.0,0,0.0019317257683724165
1.0,1,0.990954577922821
0.0,0,0.006732098758220673
0.0,0,0.011141822673380375
0.0,0,4.4958073885936756e-06
0.0,0,2.3371609131572768e-05
0.0,0,0.04405215382575989
0.0,0,6.502476026071236e-05
0.0,1,0.9947518706321716
1.0,1,0.992712140083313
0.0,0,0.020861193537712097
1.0,1,0.9999004602432251
0.0,0,2.482491709088208e-06
0.0,0,0.0030132755637168884
0.0,0,0.39661654829978943
0.0,0,0.07266657799482346
1.0,1,0.9925951361656189
0.0,0,0.008437544107437134
0.0,0,0.002952186157926917
0.0,1,0.8199090361595154
0.0,0,1.6554662579437718e-05
1.0,1,0.9818523526191711
0.0,1,0.5038838386535645
1.0,1,0.999977707862854
0.0,0,0.0004672124341595918
1.0,1,0.9922212958335876
1.0,1,0.9999817609786987
0.0,0,0.05287722498178482
0.0,0,7.407100929412991e-05
1.0,1,0.9994053840637207
1.0,1,0.9986534118652344
0.0,0,0.0015210079727694392
0.0,0,0.09528327733278275
1.0,1,0.9959526062011719
0.0,1,0.7204675674438477
0.0,1,0.8127478361129761
1.0,1,0.8345312476158142
1.0,1,0.8784427046775818
0.0,0,8.121687278617173e-05
1.0,1,0.9388111233711243
1.0,1,0.999797523021698
0.0,0,1.2640016393561382e-05
1.0,1,0.9609397649765015
0.0,0,0.01160167995840311
1.0,1,0.8955484628677368
0.0,0,0.018573671579360962
1.0,0,0.2110152691602707
0.0,0,0.0013382966862991452
0.0,0,0.0072187562473118305
1.0,1,0.9967149496078491
1.0,1,0.9961806535720825
1.0,1,0.9999912977218628
0.0,0,5.090599734103307e-05
1.0,1,0.7413220405578613
0.0,0,0.00018407165771350265
0.0,0,6.727124127792194e-05
1.0,1,0.9984394907951355
0.0,0,0.0001806344516808167
0.0,1,0.5220961570739746
1.0,1,0.9999779462814331
0.0,0,0.1527927666902542
1.0,1,0.9996566772460938
1.0,1,0.9993415474891663
1.0,1,0.993624210357666
0.0,0,0.0025760282296687365
1.0,1,0.6182894110679626
1.0,1,0.8901495337486267
1.0,1,0.9996181726455688
0.0,0,0.0010469505796208978
0.0,0,0.24798017740249634
1.0,1,0.9881337285041809
0.0,0,0.001689455471932888
0.0,0,0.0011416292982175946
1.0,0,0.00027562814648263156
0.0,0,0.00041300689917989075
0.0,0,4.3846746848430485e-05
0.0,0,2.056011180684436e-05
1.0,1,0.9750184416770935
0.0,0,0.009593985043466091
0.0,0,0.0008272025152109563
0.0,0,0.014432130381464958
1.0,1,0.9980954527854919
0.0,0,2.3250675440067425e-05
1.0,1,0.9998902082443237
0.0,0,0.0007355966372415423
1.0,1,0.999670147895813
1.0,1,0.9988262057304382
1.0,1,0.9999772310256958
1.0,1,0.974274754524231
0.0,0,0.009759556502103806
0.0,0,0.00025969892158173025
1.0,1,0.9997771382331848
0.0,1,0.7525081634521484
1.0,0,0.05655517801642418
1.0,1,0.9998507499694824
1.0,1,0.585627019405365
1.0,1,0.960636556148529
0.0,0,0.0005822345265187323
0.0,0,3.533872222760692e-05
0.0,0,0.001096004736609757
1.0,1,0.9990234375
0.0,0,0.02737063728272915
0.0,0,0.07321546971797943
0.0,1,0.9824131727218628
1.0,1,0.9983319640159607
0.0,0,0.20291762053966522
1.0,1,0.9514368176460266
1.0,1,0.9989913105964661
1.0,1,0.999881386756897
1.0,1,0.9858189821243286
0.0,0,2.625398337841034e-05
1.0,0,0.1920929104089737
0.0,0,0.0010642643319442868
0.0,0,0.029570801183581352
1.0,1,0.9881085753440857
0.0,0,0.005207578651607037
1.0,0,0.2312352955341339
0.0,0,0.00878662709146738
1.0,1,0.999862790107727
0.0,0,0.2889236807823181
0.0,0,0.0017227015923708677
0.0,0,0.00060981884598732
0.0,0,0.0031062313355505466
0.0,0,0.2534312307834625
0.0,0,0.002594164339825511
0.0,0,0.00027852150378748775
1.0,0,0.0014151879586279392
0.0,0,0.00013110753207001835
1.0,1,0.9988818764686584
1.0,0,0.05159004032611847
1.0,1,0.9983893632888794
0.0,0,0.001205982407554984
0.0,0,0.09330888837575912
1.0,1,0.9992089867591858
1.0,1,0.9993656277656555
1.0,1,0.4486043155193329
0.0,0,0.0031409303192049265
1.0,1,0.9998928308486938
0.0,0,0.0015998907620087266
0.0,0,0.0015121576143428683
0.0,1,0.43867310881614685
0.0,0,0.0008619233849458396
0.0,0,0.00019639526726678014
0.0,0,0.03279927745461464
0.0,0,0.0011594953248277307
0.0,0,0.0021350160241127014
0.0,0,0.01294047199189663
0.0,0,0.00023770600091665983
1.0,1,0.9685360789299011
1.0,0,0.21276113390922546
1.0,1,0.9958011507987976
1.0,1,0.9999370574951172
1.0,1,0.9989055395126343
0.0,0,3.0718452762812376e-05
0.0,0,3.121328336419538e-05
1.0,1,0.9479345083236694
1.0,1,0.999775230884552
0.0,0,8.330786658916622e-05
0.0,0,0.03566918522119522
0.0,0,2.2437512598116882e-05
1.0,1,0.9870795607566833
0.0,0,3.064387055928819e-05
1.0,1,0.9655418395996094
0.0,0,0.0008229229133576155
1.0,0,0.0009637296898290515
1.0,1,0.9956243634223938
1.0,0,0.00048476888332515955
0.0,0,0.0004908422124572098
0.0,0,0.0017816814361140132
0.0,0,0.0015343327540904284
1.0,1,0.9998189806938171
1.0,1,0.9904701709747314
1.0,1,0.9999456405639648
0.0,0,0.0002789897844195366
0.0,0,0.026485050097107887
0.0,1,0.5604717135429382
0.0,0,0.0001732919627102092
1.0,1,0.9875361323356628
0.0,0,0.0003373315848875791
0.0,0,0.040117986500263214
1.0,1,0.9995543360710144
1.0,1,0.9993770718574524
0.0,0,0.02458333969116211
0.0,0,0.006339645013213158
0.0,0,1.3644494174513966e-05
0.0,0,0.0035514510236680508
1.0,1,0.7444142699241638
1.0,1,0.9976301193237305
0.0,0,0.00012414981028996408
0.0,1,0.5543507933616638
0.0,0,0.001862258999608457
0.0,0,0.015817930921912193
1.0,1,0.999902606010437
1.0,1,0.9878312945365906
0.0,1,0.7757700681686401
1.0,1,0.41863173246383667
1.0,1,0.9978384375572205
0.0,0,0.00015080132288858294
0.0,0,0.0012243515811860561
0.0,0,0.0002789650752674788
0.0,0,0.0012327630538493395
0.0,0,8.914525096770376e-05
1.0,1,0.999502420425415
0.0,0,0.004420566372573376
0.0,0,0.002385225147008896
1.0,1,0.9587343335151672
0.0,0,0.01843593828380108
0.0,0,0.00016829902597237378
1.0,1,0.9999529123306274
0.0,0,0.05705542489886284
0.0,0,0.00013392462278716266
0.0,0,0.00016949282144196332
0.0,0,0.0018970004748553038
1.0,1,0.9984855055809021
0.0,0,0.007709624245762825
1.0,1,0.9933534860610962
0.0,0,0.0014882562682032585
0.0,0,0.002423398895189166
0.0,0,0.0003392259241081774
0.0,0,0.0001312648964812979
0.0,0,0.0025389110669493675
1.0,1,0.9468181133270264
1.0,1,0.8535600304603577
0.0,0,0.0004188723396509886
1.0,1,0.9999970197677612
0.0,0,0.00044298465945757926
1.0,1,0.9999873638153076
1.0,1,0.9995006322860718
1.0,1,0.9774554967880249
0.0,0,0.02616185136139393
1.0,0,0.004638066980987787
0.0,0,0.0004027414252050221
0.0,0,0.20804914832115173
0.0,0,4.367143628769554e-05
0.0,0,0.00037213927134871483
1.0,1,0.9634827971458435
1.0,1,0.9999940395355225
1.0,1,0.9954336285591125
0.0,0,0.019089745357632637
0.0,0,0.013590233400464058
0.0,0,0.006070262286812067
0.0,0,5.14800995006226e-05
1.0,1,0.9896827936172485
1.0,1,0.9088260531425476
0.0,0,0.00010664820001693442
0.0,0,0.029798462986946106
0.0,0,0.029582077637314796
1.0,1,0.9815985560417175
1.0,1,0.8695981502532959
0.0,0,0.0002599298022687435
1.0,1,0.9992201328277588
0.0,0,0.0031712548807263374
0.0,0,9.726285497890785e-05
0.0,0,0.006909928284585476
0.0,0,0.0002109220513375476
0.0,0,0.010470968671143055
1.0,1,0.9984806180000305
0.0,0,0.029020516201853752
0.0,0,0.05322415381669998
0.0,0,0.0016253105131909251
0.0,0,0.00022898190945852548
0.0,1,0.435465008020401
1.0,1,0.9994890689849854
0.0,1,0.6834988594055176
0.0,1,0.9890824556350708
0.0,0,0.0014151239302009344
0.0,0,4.808291578228818e-06
0.0,0,2.5900631953845732e-05
0.0,0,0.00021286967967171222
0.0,0,0.032773979008197784
0.0,0,0.02823709137737751
1.0,0,0.17591218650341034
0.0,1,0.9039742350578308
1.0,1,0.8998948931694031
0.0,0,0.010456348769366741
0.0,0,0.0010922232177108526
0.0,1,0.7618578672409058
1.0,1,0.9973716735839844
0.0,0,0.00018594843277242035
0.0,0,0.0016224834835156798
0.0,0,0.13596820831298828
0.0,0,0.21411862969398499
1.0,1,0.9911801218986511
1.0,1,0.4198239743709564
0.0,0,0.36888962984085083
0.0,1,0.5190175771713257
1.0,0,0.1228487491607666
0.0,0,0.0012601892231032252
1.0,1,0.9001947641372681
0.0,0,0.04284445941448212
0.0,0,0.00022770784562453628
0.0,0,0.06308408081531525
0.0,1,0.9898356795310974
1.0,1,0.4252603054046631
1.0,1,0.6280686259269714
0.0,0,0.0002656911965459585
1.0,1,0.9984381794929504
0.0,0,0.0004923271480947733
1.0,0,0.3089623749256134
0.0,0,0.010832071304321289
1.0,1,0.9930106997489929
1.0,1,0.9885122776031494
1.0,1,0.9999288320541382
0.0,0,0.0004375291464384645
1.0,1,0.9974992871284485
0.0,0,0.0035177376121282578
0.0,0,7.0069581852294505e-06
1.0,1,0.9923264980316162
0.0,0,0.0007748196367174387
1.0,1,0.999987006187439
1.0,1,0.9990424513816833
1.0,1,0.9999004602432251
0.0,1,0.9999425411224365
1.0,1,0.9994198083877563
1.0,1,0.9948886036872864
0.0,0,0.00016766392218414694
0.0,0,0.06356604397296906
0.0,0,0.009843678213655949
0.0,0,0.0057836174964904785
0.0,0,0.0008968603215180337
0.0,1,0.9862706661224365
0.0,0,0.09155591577291489
1.0,1,0.9429242014884949
0.0,0,0.14061595499515533
1.0,1,0.7202909588813782
1.0,1,0.9999997615814209
1.0,1,0.9998723268508911
0.0,0,0.00014869733422528952
1.0,1,0.9962223768234253
1.0,1,0.9139699339866638
0.0,0,3.747842492884956e-05
1.0,1,0.9997656941413879
0.0,0,0.036725059151649475
0.0,0,0.007548726629465818
0.0,0,3.806698259722907e-06
0.0,0,0.0006733906920999289
1.0,1,0.964501142501831
0.0,1,0.7326448559761047
0.0,0,0.010276484303176403
0.0,1,0.48773881793022156
0.0,0,0.0006086137145757675
1.0,1,0.9955486059188843
0.0,1,0.47810378670692444
1.0,1,0.9953843951225281
0.0,0,0.0024808580055832863
0.0,0,0.00020064781710971147
1.0,1,0.9995119571685791
1.0,1,0.7866594791412354
0.0,0,0.00025571027072146535
0.0,0,0.0060623446479439735
0.0,0,0.0031190209556370974
0.0,0,0.0007142573595046997
0.0,0,0.151655912399292
1.0,1,0.9999581575393677
0.0,0,3.372229855358455e-07
0.0,0,0.12162718921899796
1.0,1,0.9988625049591064
1.0,1,0.9982284903526306
0.0,0,0.031555332243442535
0.0,0,0.00011375103349564597
1.0,1,0.9984800219535828
1.0,1,0.9999839067459106
0.0,0,0.00011231772077735513
1.0,1,0.9996596574783325
0.0,0,0.01335086952894926
1.0,1,0.9995248317718506
0.0,0,0.0017273393459618092
0.0,0,0.0001755210105329752
1.0,1,0.9219317436218262
0.0,0,0.0005919731920585036
0.0,0,0.0156180365011096
0.0,0,0.39259958267211914
0.0,0,0.0008599787252023816
0.0,0,0.0016325503820553422
0.0,0,0.0006430218927562237
1.0,1,0.9999992847442627
0.0,0,0.0010825878707692027
1.0,1,0.9962222576141357
0.0,0,0.062406767159700394
0.0,1,0.8119540214538574
1.0,1,0.9998056292533875
0.0,0,1.787753717508167e-05
0.0,0,0.010134587064385414
1.0,1,0.8238094449043274
1.0,1,0.9967621564865112
1.0,0,0.1175544410943985
0.0,0,0.017921414226293564
1.0,1,0.9907466173171997
0.0,0,0.0020214873366057873
1.0,1,0.9993883371353149
0.0,0,0.34943708777427673
0.0,0,0.310669869184494
1.0,0,0.01925734058022499
0.0,0,0.05639420822262764
0.0,0,0.00733749708160758
0.0,0,0.0061730570159852505
0.0,1,0.7348013520240784
1.0,0,0.00034643386607058346
1.0,0,0.029461432248353958
1.0,1,0.9906249642372131
0.0,0,0.0001380431785946712
0.0,0,0.00210850453004241
1.0,1,0.9981732368469238
0.0,1,0.9244617223739624
0.0,0,2.924873842857778e-05
1.0,1,0.8899363875389099
0.0,0,0.000719115836545825
0.0,0,0.004297410137951374
0.0,0,0.0004440153716132045
1.0,1,0.9948381781578064
1.0,1,0.9545276165008545
0.0,0,0.004477871581912041
0.0,0,0.0005384380929172039
0.0,0,0.0027684420347213745
0.0,0,0.015023360960185528
1.0,1,0.9215617775917053
0.0,0,0.005835195071995258
1.0,1,0.997261643409729
0.0,0,5.2878251153742895e-05
0.0,0,0.00015006445755716413
0.0,0,0.2806486487388611
0.0,0,0.01314222626388073
1.0,1,0.9657278656959534
1.0,1,0.9994943141937256
1.0,1,0.902239978313446
1.0,1,0.990066409111023
1.0,1,0.9999393224716187
0.0,0,0.005032528657466173
1.0,1,0.9999979734420776
1.0,1,0.578594982624054
0.0,0,0.005890607833862305
0.0,0,0.00033954219543375075
1.0,0,0.24126899242401123
0.0,0,0.18454356491565704
1.0,1,0.9801862239837646
1.0,1,0.9999488592147827
0.0,0,0.1254589855670929
1.0,1,0.9522272944450378
1.0,1,0.9907612204551697
1.0,1,0.9399633407592773
1.0,1,0.9941273927688599
0.0,0,0.00036471502971835434
0.0,0,0.00011951512715313584
1.0,1,0.9945443868637085
0.0,0,1.5237179468385875e-05
0.0,0,0.001809392706491053
1.0,1,0.7459886074066162
0.0,0,0.00047075600014068186
1.0,1,0.993181049823761
1.0,1,0.8474858403205872
1.0,1,0.8643104434013367
0.0,0,0.017017018049955368
1.0,1,0.6572313904762268
0.0,1,0.9302988648414612
1.0,1,0.9999417066574097
1.0,1,0.9987308382987976
0.0,0,0.3552306294441223
0.0,0,0.003403344890102744
1.0,1,0.9999576807022095
1.0,0,0.0771791934967041
1.0,0,0.34385138750076294
0.0,0,0.009953508153557777
1.0,1,0.6990953087806702
0.0,0,0.0005426994175650179
1.0,1,0.9980236291885376
1.0,1,0.9973911046981812
1.0,1,0.999972939491272
0.0,0,8.635739504825324e-05
1.0,1,0.9358358383178711
1.0,1,0.9947702288627625
1.0,1,0.9997419714927673
0.0,0,0.015301143750548363
1.0,1,0.9983236193656921
0.0,0,0.00010882247443078086
1.0,1,0.9994398951530457
0.0,0,0.0021487027406692505
0.0,1,0.48209527134895325
1.0,1,0.73979252576828
0.0,1,0.5869796872138977
1.0,1,0.8816049098968506
0.0,0,4.279041604604572e-05
0.0,0,2.8897711672470905e-05
1.0,1,0.9987552165985107
1.0,1,0.9979494214057922
0.0,0,0.04613535851240158
1.0,1,0.9996009469032288
0.0,0,0.0008010772289708257
0.0,0,6.650062277913094e-05
0.0,0,0.0016920703928917646
0.0,0,0.0030733367893844843
0.0,1,0.8718004822731018
0.0,0,0.004929052200168371
1.0,1,0.6386367082595825
1.0,1,0.9917495250701904
1.0,1,0.7524769306182861
0.0,0,0.16760066151618958
1.0,1,0.9992408752441406
1.0,1,0.9999960660934448
1.0,1,0.9938451647758484
0.0,0,0.014544229954481125
0.0,0,0.007365581579506397
1.0,1,0.9995902180671692
1.0,1,0.9998800754547119
0.0,0,2.9009783247602172e-05
1.0,1,0.8692888021469116
0.0,0,0.09685082733631134
0.0,0,4.611259640796561e-08
1.0,1,0.7503601908683777
1.0,1,0.9991993308067322
0.0,0,4.3318377720424905e-05
0.0,0,0.0009668960701674223
1.0,1,0.8718592524528503
0.0,0,0.2478310763835907
1.0,1,0.961499035358429
1.0,1,0.9251882433891296
1.0,1,0.9952438473701477
0.0,0,0.0005584362661466002
1.0,1,0.9974297881126404
1.0,0,0.040373511612415314
1.0,1,0.9991937279701233
0.0,0,0.004706571809947491
0.0,0,0.0010226609883829951
0.0,0,3.1779886739968788e-06
0.0,0,6.839266916358611e-06
1.0,1,0.5240340232849121
0.0,0,0.0020464162807911634
0.0,0,0.0004362861509434879
0.0,0,0.011109234765172005
1.0,1,0.8223323822021484
0.0,0,0.012234261259436607
0.0,0,6.452226557485119e-07
0.0,0,0.00042860678513534367
1.0,1,0.9998637437820435
0.0,0,0.018126511946320534
1.0,1,0.9874069094657898
0.0,0,0.00923179928213358
0.0,0,7.143481343518943e-05
1.0,1,0.9992423057556152
0.0,0,7.034938334982144e-06
1.0,1,0.9124252796173096
0.0,0,0.001086247037164867
0.0,0,0.006881247740238905
0.0,0,1.734166289679706e-05
0.0,0,0.05849900096654892
0.0,0,8.750784036237746e-05
0.0,0,0.0005425660056062043
0.0,0,0.012318781577050686
0.0,0,0.0004461679782252759
0.0,0,0.00025154437753371894
1.0,1,0.4329119622707367
0.0,1,0.9977871179580688
0.0,0,7.789933079038747e-06
1.0,1,0.9867673516273499
1.0,1,0.9982860684394836
0.0,0,0.3177991211414337
0.0,0,0.0009280576487071812
0.0,0,0.00039439869578927755
1.0,1,0.9995249509811401
0.0,0,0.00063442497048527
1.0,1,0.9759851694107056
0.0,0,1.150704611063702e-05
0.0,0,0.05911703407764435
0.0,0,0.0005382772069424391
0.0,0,0.0005243921186774969
1.0,0,0.09471891075372696
1.0,1,0.8993752598762512
1.0,1,0.9999995231628418
0.0,0,2.8690735689451685e-06
1.0,1,0.4431953430175781
0.0,0,2.9230001018731855e-05
0.0,1,0.4223170280456543
1.0,1,0.9042448401451111
0.0,0,0.00014948620810173452
1.0,1,0.974274754524231
0.0,0,0.00404538307338953
1.0,1,0.9821807146072388
1.0,1,0.9059803485870361
0.0,0,0.00013219013635534793
0.0,0,0.00020852391025982797
1.0,0,0.22145791351795197
1.0,0,0.16245794296264648
0.0,0,0.0008767569670453668
0.0,0,0.03172596916556358
0.0,0,0.0031084748916327953
0.0,0,0.003116191830486059
0.0,0,1.7721814629112487e-06
0.0,0,0.0012996508739888668
1.0,1,0.9791487455368042
0.0,0,0.04712739959359169
0.0,0,0.00044056971091777086
0.0,1,0.7563783526420593
0.0,0,0.0003066208155360073
0.0,0,3.935743279726012e-06
1.0,1,0.9929319620132446
0.0,0,0.00038625631714239717
0.0,0,6.106292130425572e-05
1.0,1,0.9357330203056335
0.0,0,0.05589629337191582
0.0,0,0.01234542764723301
1.0,1,0.8299452662467957
1.0,1,0.9950246214866638
1.0,0,0.2251533567905426
0.0,0,0.00043216306949034333
0.0,0,0.0009495169506408274
1.0,1,0.9433494806289673
0.0,0,0.00022237247321754694
1.0,1,0.9953312277793884
0.0,0,0.0013965485850349069
1.0,1,0.9995250701904297
1.0,1,0.9993927478790283
1.0,1,0.918513834476471
0.0,0,8.364410314243287e-05
1.0,1,0.9992947578430176
0.0,0,7.08590741851367e-05
1.0,1,0.991083025932312
1.0,1,0.9999915361404419
0.0,1,0.5156168937683105
1.0,1,0.999373733997345
1.0,0,0.039178669452667236
0.0,0,0.005200718995183706
1.0,1,0.9981572031974792
1.0,1,0.9999334812164307
0.0,0,0.006122618913650513
0.0,0,0.11426626145839691
0.0,0,0.06743910163640976
0.0,0,0.002780274488031864
1.0,1,0.9991582632064819
0.0,0,0.0001465563109377399
1.0,1,0.9874832630157471
0.0,0,0.0011502752313390374
1.0,1,0.9999606609344482
0.0,1,0.9966903924942017
0.0,0,0.004896170925348997
0.0,0,0.00013519423373509198
1.0,1,0.9998138546943665
0.0,0,0.0033072016667574644
0.0,0,0.00035591807682067156
0.0,0,1.6384328773710877e-05
1.0,1,0.9996199607849121
0.0,0,0.13827577233314514
0.0,0,0.280923992395401
1.0,1,0.9915934801101685
0.0,0,0.0029616502579301596
1.0,1,0.6928674578666687
0.0,0,0.2229739874601364
0.0,1,0.9618064761161804
0.0,0,0.008340639993548393
1.0,0,0.0001023013173835352
0.0,0,0.04737839475274086
1.0,1,0.9992589354515076
1.0,1,0.9993539452552795
1.0,1,0.7292231917381287
1.0,1,0.7291626334190369
0.0,0,0.002941064303740859
1.0,1,0.9999138116836548
1.0,1,0.9983494281768799
1.0,1,0.9996345043182373
0.0,0,0.00013542492524720728
0.0,0,0.003149631666019559
0.0,0,0.0007488513947464526
0.0,0,0.00016690419579390436
1.0,1,0.875343918800354
0.0,0,0.00012001945287920535
0.0,0,0.00024507159832865
0.0,0,0.11751300096511841
1.0,1,0.9999141693115234
1.0,1,0.9908062815666199
1.0,1,0.988723874092102
0.0,0,0.030598659068346024
0.0,0,0.002203524112701416
1.0,1,0.9991515874862671
0.0,0,0.0004851167614106089
0.0,0,0.00032867761910893023
0.0,0,0.0004856696759816259
0.0,0,0.005318643990904093
1.0,1,0.9942665696144104
1.0,0,0.18419095873832703
0.0,0,0.12788279354572296
0.0,0,6.178779585752636e-05
1.0,1,0.8833841681480408
0.0,0,6.379305705195293e-05
1.0,1,0.9999996423721313
0.0,1,0.7032075524330139
1.0,1,0.9994953870773315
1.0,1,0.9999966621398926
0.0,0,0.21074450016021729
0.0,0,0.012244521640241146
1.0,1,0.7534781694412231
0.0,0,0.0011267579393461347
1.0,1,0.9968931674957275
1.0,1,0.9801793098449707
0.0,0,0.009292472153902054
0.0,0,0.0004266991454642266
0.0,0,0.0004866817907895893
0.0,0,0.00012139930913690478
0.0,0,0.013341928832232952
0.0,0,0.05149473249912262
0.0,0,0.0021221984643489122
0.0,0,0.2863834798336029
0.0,0,0.00044244781020097435
1.0,1,0.9995846152305603
1.0,0,0.0005408630822785199
1.0,1,0.9998443126678467
0.0,0,0.0003697891079355031
1.0,1,0.9999251365661621
0.0,0,0.002874869853258133
1.0,1,0.9980145692825317
0.0,0,0.01566384732723236
1.0,1,0.9360656142234802
0.0,0,0.007918368093669415
0.0,0,0.00016645346477162093
0.0,0,0.19850841164588928
0.0,0,0.17830844223499298
1.0,1,0.7666074633598328
1.0,0,2.3546779630123638e-05
1.0,1,0.9987928867340088
0.0,1,0.769820511341095
1.0,1,0.9895560145378113
0.0,0,0.0011579853016883135
0.0,0,0.00010639932588674128
1.0,1,0.999963641166687
0.0,0,9.065686754183844e-05
0.0,0,0.005314128007739782
0.0,0,0.00021296530030667782
0.0,0,0.00022756609541829675
1.0,0,0.26784101128578186
1.0,0,0.1396622657775879
1.0,1,0.999994158744812
1.0,1,0.9586106538772583
1.0,1,0.5727838277816772
1.0,1,0.8037676811218262
0.0,0,0.0013241121778264642
0.0,0,0.005633453838527203
0.0,1,0.939171314239502
0.0,0,0.00012406505993567407
0.0,1,0.8224608302116394
1.0,1,0.7183820605278015
1.0,0,0.012708880007266998
1.0,1,0.9992805123329163
0.0,0,0.0009061080636456609
0.0,0,0.0009993978310376406
0.0,0,0.030633145943284035
1.0,1,0.999617338180542
1.0,1,0.8533046841621399
1.0,1,0.9684991836547852
0.0,0,0.011633684858679771
0.0,0,0.0004278842534404248
0.0,0,2.8937864044564776e-05
1.0,1,0.5163367390632629
1.0,1,0.9999446868896484
0.0,1,0.961527943611145
0.0,0,0.24557626247406006
0.0,0,0.0002147701452486217
0.0,0,0.0014657721621915698
1.0,1,0.5252590179443359
0.0,0,0.000984241021797061
0.0,0,0.0006234245956875384
1.0,1,0.988143265247345
1.0,1,0.4436534345149994
0.0,1,0.9914143681526184
1.0,1,0.999915599822998
0.0,0,0.13890200853347778
0.0,0,2.090603629767429e-05
1.0,1,0.9999654293060303
1.0,1,0.9994184970855713
1.0,1,0.9728805422782898
0.0,0,0.030912304297089577
0.0,0,0.010846734046936035
1.0,1,0.9996625185012817
0.0,0,5.215767669142224e-05
1.0,1,0.9915041327476501
0.0,0,0.0007206319714896381
0.0,0,0.12245833873748779
0.0,0,0.00033494847593829036
1.0,0,0.061973873525857925
1.0,0,0.005743685644119978
0.0,0,0.012223995290696621
0.0,0,3.0100167350610718e-05
0.0,0,9.256699740944896e-06
0.0,0,0.0006707205320708454
0.0,0,0.06324803084135056
0.0,0,0.00022108328994363546
0.0,0,0.02267482504248619
0.0,0,0.0006202136282809079
0.0,0,0.006689681671559811
0.0,0,2.088929613819346e-05
0.0,0,0.0007052936125546694
0.0,0,9.303710248786956e-05
0.0,0,0.13924260437488556
0.0,0,0.011367988772690296
0.0,0,0.0035685752518475056
0.0,1,0.6056194305419922
1.0,1,0.9974173307418823
0.0,0,8.888712181942537e-05
0.0,0,3.7750756746390834e-05
1.0,0,0.24786405265331268
0.0,0,5.329610939952545e-05
0.0,0,0.04323023930191994
1.0,1,0.9993689656257629
0.0,0,0.00010599882079986855
1.0,1,0.9184826612472534
0.0,0,0.027062710374593735
1.0,1,0.9710455536842346
1.0,1,0.9573328495025635
0.0,0,0.004037646111100912
0.0,1,0.5724188089370728
0.0,0,0.15961086750030518
0.0,0,0.0001760434388415888
0.0,0,0.02722112461924553
0.0,0,0.0788327232003212
0.0,0,0.009713681414723396
0.0,0,0.003230653703212738
0.0,0,0.0006435798131860793
0.0,0,0.00044187228195369244
0.0,0,0.004099240060895681
1.0,0,0.015199702233076096
0.0,1,0.9301570057868958
0.0,0,0.0056396108120679855
1.0,1,0.9999960660934448
1.0,1,0.8277205228805542
1.0,1,0.8185549974441528
0.0,0,0.0004227034223731607
0.0,0,0.00335709354840219
0.0,0,4.063183587277308e-05
0.0,0,1.8218759123556083e-06
1.0,1,0.9992166757583618
0.0,0,0.000622275925707072
0.0,0,0.03168051689863205
1.0,1,0.9999929666519165
0.0,0,0.001020887866616249
0.0,0,2.846788993338123e-05
0.0,0,0.002118242671713233
0.0,0,0.0007195699727162719
1.0,1,0.9826322793960571
0.0,1,0.988081693649292
1.0,1,0.9699692130088806
0.0,0,0.008329115808010101
1.0,1,0.9998672008514404
0.0,0,0.2491011917591095
1.0,0,0.19053027033805847
1.0,1,0.9997662901878357
1.0,1,0.9926512837409973
1.0,1,0.9729780554771423
0.0,1,0.4182424247264862
1.0,1,0.9969035983085632
1.0,1,0.9947295784950256
0.0,0,0.05213790759444237
0.0,0,0.00035393054713495076
0.0,0,0.006927098613232374
0.0,1,0.4307425916194916
0.0,0,0.0028599887154996395
1.0,0,0.0992322787642479
0.0,0,0.00270316400565207
1.0,1,0.7849515080451965
1.0,1,0.9439589381217957
0.0,0,0.001954421168193221
0.0,0,0.006703787017613649
0.0,0,0.00039935315726324916
0.0,0,0.004655333235859871
0.0,0,0.00044154495117254555
0.0,0,0.046269383281469345
0.0,1,0.9683879017829895
1.0,1,0.9772826433181763
0.0,0,0.04399669170379639
1.0,1,0.8175994753837585
1.0,1,0.9977426528930664
1.0,0,0.026915963739156723
0.0,0,0.2297276258468628
1.0,1,0.9997575879096985
1.0,1,0.9813840389251709
0.0,0,0.004453909117728472
1.0,1,0.9991745352745056
0.0,0,0.003034251742064953
0.0,0,0.0005550713394768536
0.0,1,0.8159703016281128
0.0,0,2.384006256761495e-05
1.0,1,0.9999643564224243
1.0,1,0.9484416842460632
0.0,1,0.7886670231819153
0.0,0,0.000329655478708446
0.0,0,0.0010299227433279157
1.0,1,0.9612953066825867
1.0,1,0.9999549388885498
1.0,1,0.9825634360313416
1.0,1,0.998683750629425
0.0,0,0.001783626270480454
0.0,0,0.00021463504526764154
0.0,0,0.2773197889328003
0.0,0,0.002992473542690277
1.0,1,0.999233603477478
0.0,1,0.9914132356643677
0.0,0,0.0009066930506378412
1.0,1,0.5736429691314697
1.0,1,0.7975034713745117
0.0,0,0.0018378498498350382
1.0,1,0.7765941619873047
0.0,0,0.0006992358830757439
0.0,0,0.11044476926326752
1.0,1,0.9997343420982361
0.0,0,0.0021705590188503265
0.0,0,6.482996832346544e-05
1.0,1,0.9777567386627197
0.0,0,0.00016637191583868116
0.0,0,0.00022077363973949105
1.0,0,0.10845917463302612
0.0,0,0.0006878311978653073
0.0,0,0.2537670135498047
0.0,0,0.000961439625825733
1.0,1,0.9983150959014893
0.0,0,0.11362237483263016
1.0,1,0.999446451663971
1.0,1,0.9999474287033081
0.0,0,0.03601757809519768
1.0,1,0.9256883263587952
1.0,1,0.8199933171272278
1.0,1,0.9997702240943909
0.0,0,7.649705366929993e-05
0.0,0,0.0012312016915529966
0.0,0,0.00014347655815072358
0.0,0,0.1488606184720993
0.0,0,0.003269378561526537
0.0,1,0.46032044291496277
0.0,0,0.31570953130722046
1.0,1,0.9969990253448486
1.0,1,0.9987027645111084
0.0,0,0.041504230350255966
0.0,0,4.437851384864189e-05
1.0,1,0.9958590865135193
0.0,0,0.00013808425865136087
0.0,0,0.0010269382037222385
0.0,0,6.801206473028287e-05
0.0,0,0.3924999535083771
1.0,1,0.4525083601474762
0.0,0,0.004051594994962215
1.0,1,0.9999129772186279
0.0,0,0.0010370224481448531
0.0,0,0.02126673050224781
1.0,1,0.9891266226768494
1.0,1,0.801817774772644
1.0,1,0.9999433755874634
0.0,0,0.0004376653232611716
1.0,1,0.9996951818466187
0.0,0,1.8419601474306546e-05
1.0,1,0.9998341798782349
0.0,0,0.0005764219094999135
0.0,0,0.0008382453816011548
1.0,1,0.9961638450622559
0.0,1,0.7868756055831909
1.0,1,0.9855377078056335
1.0,1,0.9994671940803528
0.0,1,0.6624262928962708
1.0,1,0.5035015940666199
0.0,0,0.2088298499584198
0.0,0,0.0005833246977999806
0.0,0,0.005078265909105539
0.0,0,0.04124421626329422
1.0,1,0.9999194145202637
1.0,1,0.9984448552131653
0.0,0,0.0007798537844792008
0.0,0,0.00043815976823680103
0.0,0,0.025105474516749382
1.0,1,0.9361754655838013
0.0,0,0.0032580411061644554
1.0,1,0.9999748468399048
1.0,1,0.7560410499572754
0.0,0,0.2751326262950897
1.0,1,0.9543224573135376
1.0,1,0.9999120235443115
1.0,1,0.8944517970085144
0.0,0,0.19978393614292145
1.0,1,0.7586983442306519
1.0,1,0.999292254447937
0.0,0,0.0008262036717496812
0.0,0,0.04870991036295891
1.0,1,0.9710654616355896
1.0,1,0.5979738235473633
1.0,1,0.9995375871658325
0.0,0,0.00030368685838766396
0.0,0,0.000991415698081255
1.0,1,0.9139155745506287
1.0,1,0.9984620809555054
1.0,0,0.1999989002943039
0.0,0,0.07402496784925461
0.0,0,0.008451007306575775
1.0,1,0.9994838237762451
0.0,0,0.0005833888426423073
1.0,1,0.9928096532821655
1.0,1,0.9999361038208008
1.0,1,0.9986255168914795
1.0,1,0.8856475353240967
1.0,1,0.9973856806755066
0.0,0,0.00034410980879329145
1.0,1,0.9920485615730286
1.0,1,0.994273841381073
0.0,0,0.03665824234485626
0.0,0,0.01015564613044262
0.0,0,4.522071321844123e-05
0.0,0,5.357413101592101e-06
0.0,0,0.02218925580382347
0.0,0,0.32218822836875916
0.0,0,0.0032135045621544123
1.0,1,0.9322940111160278
0.0,0,0.0013616723008453846
1.0,1,0.9270549416542053
0.0,0,0.008116232231259346
1.0,1,0.9994019269943237
0.0,0,0.021153459325432777
1.0,1,0.946054995059967
1.0,1,0.6417371034622192
1.0,1,0.8333418965339661
0.0,0,0.0010848726378753781
0.0,1,0.98427814245224
0.0,0,0.00046617392217740417
1.0,1,0.9999260902404785
1.0,1,0.738457202911377
0.0,0,0.1469266414642334
0.0,0,0.15468132495880127
1.0,1,0.9993195533752441
1.0,1,0.9319056868553162
1.0,1,0.9493065476417542
0.0,0,0.00011907683074241504
0.0,1,0.4714561998844147
0.0,0,0.008850428275763988
1.0,1,0.7561993598937988
0.0,1,0.48051413893699646
1.0,1,0.998878538608551
0.0,0,0.0006367553723976016
1.0,1,0.9908488988876343
1.0,1,0.9567604660987854
0.0,0,4.69724036520347e-05
1.0,1,0.9999690055847168
0.0,0,0.0038508297875523567
0.0,0,0.0002758818445727229
1.0,0,0.010150231420993805
1.0,1,0.5050292611122131
1.0,1,0.999744713306427
0.0,0,0.00042138382559642196
1.0,1,0.9973690509796143
0.0,0,0.027812892571091652
1.0,1,0.4818243384361267
1.0,1,0.9797505140304565
1.0,1,0.8793140053749084
0.0,0,0.0028317715041339397
1.0,1,0.6176659464836121
0.0,0,0.0005124959861859679
0.0,0,0.23807978630065918
1.0,1,0.995648205280304
0.0,1,0.9033824801445007
1.0,1,0.9981886744499207
0.0,1,0.5087916851043701
0.0,0,0.0006759330281056464
0.0,0,8.851967140799388e-05
1.0,1,0.8962866067886353
0.0,0,5.790780778625049e-05
1.0,1,0.9996465444564819
0.0,0,0.02709934487938881
0.0,0,7.42434203857556e-05
1.0,1,0.9990515112876892
1.0,1,0.999990701675415
1.0,1,0.9251724481582642
1.0,1,0.9522722363471985
0.0,0,0.00017970969201996922
0.0,0,3.182196815032512e-05
0.0,0,0.0016149154398590326
0.0,0,0.00365080195479095
0.0,0,0.00012489441724028438
0.0,0,0.046989306807518005
0.0,0,2.905588371504564e-05
0.0,0,0.2596452534198761
0.0,0,0.004608653020113707
1.0,1,0.9992994070053101
0.0,0,0.1320616751909256
0.0,0,0.02113204076886177
0.0,0,0.1046796441078186
0.0,0,9.976312139770016e-05
0.0,0,0.19618383049964905
1.0,1,0.9993749260902405
0.0,0,6.276368367252871e-05
1.0,1,0.9998161196708679
0.0,0,0.0004342053725849837
0.0,0,0.0004993613110855222
1.0,1,0.8896260857582092
1.0,1,0.997902512550354
1.0,1,0.9998083710670471
1.0,1,0.9987414479255676
1.0,1,0.9282985329627991
0.0,0,0.001601681811735034
0.0,0,0.04184665530920029
0.0,0,0.0008438093354925513
0.0,0,7.220736733870581e-05
1.0,1,0.9951607584953308
0.0,0,0.0020616818219423294
0.0,0,0.01527408231049776
0.0,0,0.014593072235584259
0.0,0,0.0030180122703313828
0.0,1,0.9953169822692871
1.0,1,0.9999516010284424
1.0,1,0.993658721446991
1.0,1,0.9999979734420776
0.0,0,0.0014394561294466257
1.0,1,0.9987537860870361
1.0,1,0.8128599524497986
0.0,0,0.06656906753778458
1.0,1,0.996371865272522
1.0,1,0.9886536002159119
1.0,1,0.5311026573181152
0.0,1,0.43145397305488586
0.0,0,0.0006774359499104321
1.0,1,0.9916372895240784
0.0,0,0.23418772220611572
0.0,1,0.9521716237068176
0.0,0,0.0031103063374757767
0.0,0,0.018486589193344116
1.0,1,0.4829982817173004
1.0,1,0.7994768023490906
1.0,1,0.9998339414596558
0.0,0,0.00986030325293541
0.0,0,0.0011259329039603472
0.0,0,0.07715761661529541
1.0,1,0.9812842011451721
0.0,0,0.26403936743736267
0.0,0,0.0465330146253109
0.0,0,0.23762942850589752
0.0,0,2.754372872004751e-05
0.0,0,0.0229257233440876
1.0,1,0.9942610263824463
1.0,0,0.0763651430606842
1.0,1,0.9789233803749084
0.0,0,0.003666988806799054
0.0,0,0.0024692006409168243
1.0,1,0.8666836619377136
0.0,0,4.045952209708048e-06
0.0,0,0.005468626040965319
1.0,0,0.04693621024489403
0.0,0,0.00037263837293721735
1.0,1,0.9990969896316528
0.0,1,0.7854331135749817
0.0,0,0.0019662738777697086
0.0,0,0.0001645256852498278
0.0,1,0.9789074063301086
0.0,1,0.44017747044563293
0.0,0,0.0007113906904123724
1.0,1,0.5801329612731934
0.0,0,0.00010184336133534089
1.0,0,0.003726244205608964
0.0,0,0.34143102169036865
0.0,0,0.002084802370518446
0.0,0,0.2002498358488083
1.0,1,0.9931954145431519
0.0,0,0.052136849611997604
0.0,0,0.0010065012611448765
0.0,0,0.0007307557389140129
1.0,1,0.9897851347923279
0.0,0,4.6646919145132415e-06
0.0,0,0.0002501824637874961
0.0,0,0.017078015953302383
1.0,1,0.998082160949707
1.0,1,0.9998478889465332
0.0,0,0.0023340643383562565
0.0,0,0.009182455018162727
0.0,0,0.0006610368727706373
0.0,1,0.8236503005027771
0.0,0,0.277682900428772
0.0,0,0.002405439969152212
0.0,0,0.011869238689541817
1.0,1,0.554078996181488
0.0,0,0.0001418182218912989
1.0,1,0.9810123443603516
0.0,0,0.00035301613388583064
1.0,1,0.9948422312736511
0.0,0,0.00047340666060335934
0.0,0,0.0004548166471067816
1.0,1,0.48137742280960083
1.0,1,0.9863274097442627
0.0,0,0.04956664517521858
1.0,1,0.9998849630355835
1.0,1,0.9987003803253174
0.0,0,0.0028535989113152027
0.0,0,0.0005235136486589909
0.0,0,1.8877476577472407e-06
1.0,1,0.9976676106452942
1.0,1,0.8116241693496704
1.0,1,0.9793468117713928
1.0,1,0.4462411105632782
0.0,1,0.7732788920402527
0.0,0,7.582850230392069e-06
0.0,0,0.0009683296666480601
1.0,1,0.9993622899055481
0.0,0,0.0011195094557479024
0.0,0,6.627776656387141e-06
0.0,0,0.10875707119703293
1.0,1,0.9491210579872131
0.0,0,0.11042387783527374
1.0,1,0.9861230850219727
0.0,0,0.0008102549472823739
1.0,1,0.7041555643081665
0.0,0,0.001991377677768469
1.0,1,0.9823225140571594
1.0,1,0.9998526573181152
0.0,0,6.104789645178244e-05
0.0,0,0.00023340962070506066
1.0,1,0.9999409914016724
1.0,1,0.95305335521698
0.0,0,0.0004957707715220749
0.0,0,3.216315235476941e-05
0.0,0,0.009111828170716763
0.0,1,0.7690331339836121
1.0,1,0.996211051940918
1.0,0,0.21632568538188934
1.0,1,0.9998772144317627
1.0,1,0.999796450138092
0.0,0,0.00021668242698069662
1.0,1,0.998865008354187
0.0,0,0.0032974742352962494
0.0,0,0.000886595225892961
0.0,0,0.00011396654736017808
1.0,1,0.9998750686645508
0.0,0,0.016230503097176552
1.0,1,0.9990890026092529
1.0,1,0.9948421120643616
0.0,0,0.02951039932668209
0.0,0,0.0031404313631355762
1.0,1,0.9913564920425415
0.0,0,7.293427916010842e-05
1.0,1,0.8717860579490662
0.0,0,0.00011715615983121097
1.0,1,0.7329769730567932
0.0,1,0.6491471529006958
1.0,1,0.9998056292533875
1.0,0,0.2612359821796417
0.0,0,0.003755916841328144
0.0,0,0.002230170415714383
0.0,0,0.003991760779172182
0.0,1,0.7568478584289551
0.0,1,0.4940628409385681
1.0,1,0.9982171654701233
0.0,0,0.028693825006484985
0.0,0,2.5367677153553814e-05
1.0,1,0.9999964237213135
0.0,0,1.0735973319242476e-06
0.0,0,0.00032305772765539587
1.0,1,0.6739752888679504
1.0,1,0.9875453114509583
1.0,1,0.9998570680618286
0.0,0,0.005383740179240704
0.0,0,9.934627769325743e-07
1.0,1,0.9262268543243408
0.0,0,0.0040193768218159676
1.0,1,0.7164938449859619
1.0,1,0.9998332262039185
1.0,1,0.9999781847000122
0.0,0,3.386428943485953e-05
1.0,1,0.9104307889938354
1.0,1,0.8580856323242188
0.0,0,0.0001835644361563027
1.0,1,0.8045271039009094
0.0,1,0.5213693380355835
1.0,1,0.7318311929702759
1.0,1,0.9992227554321289
0.0,0,0.07075560837984085
0.0,0,0.0035010105930268764
0.0,0,0.24840541183948517
0.0,0,0.000460087409010157
0.0,0,0.03976016119122505
1.0,1,0.9967358708381653
0.0,1,0.9751303791999817
0.0,0,9.225172107107937e-05
1.0,0,5.290079934638925e-05
1.0,1,0.8688637018203735
0.0,0,0.0007958277128636837
0.0,0,0.0008183043100871146
1.0,1,0.9995331764221191
1.0,1,0.9987290501594543
0.0,0,0.11605866253376007
1.0,1,0.7152498960494995
0.0,0,0.0027907381299883127
0.0,0,0.0004246327152941376
0.0,1,0.4741361439228058
0.0,0,3.4245229471707717e-05
0.0,0,0.001411748700775206
1.0,1,0.8775884509086609
0.0,0,0.2802425026893616
0.0,0,0.0008647125214338303
1.0,1,0.9980350136756897
1.0,1,0.9997316002845764
0.0,0,8.466324652545154e-05
0.0,0,0.001039551687426865
0.0,0,0.006571217905730009
0.0,0,0.0021088095381855965
0.0,0,0.0014705145731568336
0.0,1,0.8427165746688843
0.0,1,0.637368381023407
0.0,0,0.22645771503448486
1.0,1,0.8949915170669556
1.0,1,0.9965898990631104
0.0,0,0.012822101823985577
0.0,0,0.00023437233176082373
0.0,0,0.0022672228515148163
0.0,0,0.004703923128545284
0.0,0,0.07841309905052185
1.0,1,0.9997702240943909
0.0,0,0.0004084011306986213
1.0,1,0.9840657114982605
0.0,0,0.014287506230175495
0.0,0,0.00037260731915012
1.0,1,0.950040340423584
1.0,1,0.6828410625457764
0.0,0,9.261239756597206e-05
0.0,0,0.08320829272270203
0.0,0,0.04375414922833443
0.0,0,0.0018567576771602035
0.0,0,0.00032343307975679636
1.0,1,0.9994601607322693
0.0,0,0.0003111354017164558
1.0,1,0.998744010925293
1.0,1,0.9999741315841675
0.0,0,2.3613179109815974e-06
0.0,0,0.005984010174870491
0.0,0,0.004553817678242922
1.0,1,0.9999626874923706
1.0,1,0.9684336185455322
1.0,1,0.9941362142562866
0.0,0,0.0002291153505211696
0.0,0,0.00032133387867361307
1.0,1,0.972591757774353
1.0,1,0.5311926603317261
1.0,1,0.9353719353675842
1.0,1,0.9619224071502686
0.0,0,0.03031167760491371
1.0,1,0.9999300241470337
1.0,1,0.9997658133506775
1.0,1,0.9949254989624023
0.0,0,0.0022241517435759306
0.0,0,0.000587984686717391
1.0,1,0.9815603494644165
0.0,0,6.946544453967363e-05
0.0,0,0.00011602351878536865
0.0,0,0.02817126363515854
1.0,1,0.4264022409915924
0.0,0,0.004274107050150633
1.0,1,0.5537645220756531
0.0,0,0.13814304769039154
1.0,1,0.9992814660072327
1.0,1,0.999909520149231
1.0,1,0.9983914494514465
0.0,1,0.8272362351417542
1.0,1,0.9989411234855652
0.0,0,0.07466906309127808
1.0,1,0.9670968651771545
0.0,0,0.002087037544697523
1.0,1,0.9975594282150269
0.0,0,0.00020289813983254135
1.0,1,0.9985173344612122
1.0,0,0.0008345581009052694
0.0,0,0.00017554961959831417
0.0,0,7.450178964063525e-05
1.0,1,0.9810853004455566
1.0,1,0.9996813535690308
0.0,0,0.024331456050276756
0.0,0,0.0011723266215994954
0.0,0,8.415654883719981e-05
1.0,1,0.9899085760116577
1.0,1,0.9880218505859375
0.0,0,0.03837624192237854
0.0,0,0.356966495513916
0.0,0,0.0014306730590760708
1.0,1,0.9990214109420776
0.0,0,0.03195338323712349
1.0,1,0.946291983127594
0.0,0,2.53580765274819e-05
1.0,1,0.9948752522468567
0.0,0,0.008484456688165665
1.0,1,0.9329644441604614
1.0,1,0.9997034668922424
0.0,0,0.0027728399727493525
1.0,1,0.9999804496765137
1.0,1,0.999922513961792
1.0,1,0.9969755411148071
1.0,1,0.9994632601737976
1.0,0,0.0014682065229862928
0.0,0,0.0004359157173894346
1.0,1,0.9999614953994751
1.0,1,0.9979107975959778
0.0,0,0.011042819358408451
1.0,1,0.9869486093521118
0.0,0,0.00033508645719848573
0.0,0,0.06597879528999329
1.0,1,0.9894178509712219
1.0,1,0.9850409626960754
0.0,0,0.023675942793488503
0.0,0,0.001662601949647069
1.0,1,0.9999855756759644
1.0,1,0.9972124695777893
1.0,1,0.9999843835830688
0.0,1,0.5968897342681885
1.0,1,0.9869877099990845
1.0,1,0.9956373572349548
0.0,0,2.922071871580556e-05
1.0,1,0.9998227953910828
0.0,0,0.2442973405122757
1.0,1,0.998706579208374
0.0,0,3.922577525372617e-05
1.0,1,0.6082695126533508
0.0,0,3.484086482785642e-05
0.0,0,0.0004555006162263453
0.0,0,0.05771222710609436
1.0,0,0.3617655336856842
1.0,1,0.9579242467880249
0.0,0,0.00011047087900806218
1.0,1,0.9999170303344727
0.0,0,0.0010751539375633001
1.0,1,0.9999896287918091
1.0,1,0.9385578632354736
1.0,1,0.9847736358642578
1.0,1,0.9985752105712891
0.0,0,0.031600482761859894
1.0,1,0.9999116659164429
1.0,1,0.9987545013427734
0.0,0,6.126479274826124e-05
1.0,0,0.3482913374900818
0.0,0,0.007964929565787315
0.0,0,0.006368270143866539
1.0,1,0.9774772524833679
0.0,0,0.269539475440979
0.0,0,0.00012134097778471187
1.0,1,0.9918755292892456
1.0,1,0.9999855756759644
0.0,0,0.00043882589670829475
0.0,0,0.03652877360582352
1.0,1,0.702252209186554
0.0,0,0.07731185108423233
1.0,0,0.3757689893245697
1.0,1,0.9863097667694092
0.0,0,0.006340889260172844
1.0,1,0.42053893208503723
0.0,0,0.08314859867095947
1.0,1,0.6795908808708191
0.0,0,0.006470647174865007
1.0,1,0.9985955357551575
0.0,0,0.00015090027591213584
1.0,1,0.9999803304672241
1.0,1,0.9980935454368591
0.0,0,0.0005529799382202327
0.0,0,0.01955990493297577
1.0,1,0.9999587535858154
1.0,1,0.9948263764381409
0.0,1,0.5406568050384521
0.0,0,0.15633772313594818
1.0,1,0.5625801682472229
0.0,1,0.9876950979232788
1.0,1,0.9824464321136475
1.0,1,0.997543215751648
0.0,0,0.00038616391248069704
0.0,0,0.007813755422830582
0.0,0,3.4052442060783505e-05
1.0,1,0.9972273707389832
0.0,0,0.0007054308080114424
0.0,0,0.0001630671031307429
1.0,1,0.9530915021896362
0.0,0,0.0011541221756488085
0.0,0,0.013754385523498058
0.0,0,0.00686037540435791
1.0,0,0.28022655844688416
1.0,1,0.9989553689956665
1.0,1,0.9999943971633911
0.0,0,0.01190245896577835
0.0,0,0.0046182312071323395
1.0,0,0.3788645267486572
0.0,1,0.5579701662063599
0.0,1,0.8844482898712158
0.0,0,0.3169800341129303
1.0,1,0.9942070245742798
0.0,0,5.611038068309426e-05
0.0,0,0.0001829734246712178
0.0,0,0.29180729389190674
0.0,0,0.0014803734375163913
1.0,1,0.9999977350234985
0.0,0,3.8436235627159476e-05
1.0,1,0.9906708002090454
0.0,0,0.0025959487538784742
0.0,0,0.02409827709197998
1.0,1,0.9977766871452332
1.0,1,0.9996767044067383
0.0,1,0.9922702312469482
0.0,0,0.0001038266927935183
1.0,1,0.9974772334098816
1.0,1,0.998532772064209
0.0,0,0.02800431288778782
0.0,0,0.0009946617064997554
0.0,0,0.0016346913762390614
0.0,0,3.6908983247485594e-07
0.0,0,3.01217041851487e-05
0.0,1,0.998038113117218
0.0,0,0.008860933594405651
1.0,0,0.02751307189464569
1.0,1,0.9993531107902527
0.0,1,0.558089017868042
1.0,1,0.9697136878967285
1.0,1,0.9987088441848755
1.0,1,0.9997337460517883
0.0,1,0.7918958067893982
0.0,0,0.005482151638716459
1.0,1,0.9985069632530212
1.0,1,0.9988200068473816
0.0,0,0.004235608037561178
1.0,0,0.0075386022217571735
1.0,1,0.9729096293449402
0.0,0,0.0005252155242487788
1.0,1,0.7366553544998169
1.0,1,0.9999696016311646
0.0,0,0.0023711391258984804
0.0,0,0.00011760545748984441
1.0,1,0.9991720914840698
0.0,0,0.000583176501095295
0.0,0,0.010291481390595436
1.0,1,0.996593177318573
0.0,0,2.95112968160538e-05
1.0,1,0.9236599802970886
0.0,0,0.0014322480419650674
0.0,0,0.010863015428185463
0.0,0,5.118404078530148e-05
0.0,0,0.001633908017538488
0.0,0,0.00010426681546960026
0.0,0,0.002950558438897133
0.0,0,0.10693228989839554
0.0,0,6.25716129434295e-05
1.0,1,0.9999929666519165
1.0,1,0.9492654800415039
0.0,0,1.9243381757405587e-05
1.0,1,0.9960291385650635
1.0,1,0.9994111061096191
0.0,0,0.0002230638638138771
0.0,0,0.00018328512669540942
0.0,0,0.044045597314834595
0.0,0,0.00018925813492387533
1.0,1,0.9893883466720581
1.0,1,0.9998990297317505
1.0,0,0.0015115897404029965
1.0,1,0.966903567314148
1.0,0,0.00043708813609555364
0.0,0,0.005693373270332813
1.0,1,0.9999021291732788
0.0,0,0.005517174955457449
1.0,1,0.9620744585990906
0.0,0,0.31749227643013
1.0,1,0.9989802241325378
0.0,0,1.660346970311366e-05
1.0,0,0.25146985054016113
0.0,0,0.00030063267331570387
1.0,1,0.9995163679122925
1.0,1,0.9999899864196777
0.0,1,0.9762189984321594
0.0,0,0.003275624942034483
1.0,1,0.9995094537734985
0.0,0,5.1923438149970025e-05
0.0,0,0.0025962204672396183
1.0,0,0.05559220165014267
0.0,0,6.600838241865858e-05
0.0,0,0.009857314638793468
1.0,1,0.9885880947113037
0.0,0,7.244103699122206e-07
0.0,0,0.0011142577277496457
0.0,1,0.4476369023323059
0.0,0,0.002249745186418295
1.0,1,0.9999676942825317
1.0,1,0.9458870887756348
1.0,1,0.9999669790267944
0.0,0,0.0012874661479145288
1.0,1,0.999270498752594
0.0,0,0.0051971254870295525
0.0,1,0.43588125705718994
0.0,0,0.003771485760807991
1.0,1,0.9996604919433594
0.0,1,0.9997770190238953
0.0,0,0.0007385755889117718
0.0,0,0.010243099182844162
0.0,0,0.0011105064768344164
1.0,1,0.999290943145752
0.0,0,0.0005379982176236808
0.0,0,0.3024742603302002
1.0,0,0.0014151588547974825
0.0,0,2.1547075448324904e-06
1.0,1,0.878897488117218
1.0,1,0.987194836139679
0.0,1,0.7630727291107178
0.0,0,7.11669199517928e-05
0.0,0,0.011220987886190414
0.0,1,0.6719595193862915
1.0,1,0.9984392523765564
0.0,0,0.0062817917205393314
1.0,1,0.9999935626983643
1.0,1,0.999799907207489
0.0,0,0.00043953361455351114
0.0,0,0.0003677276545204222
0.0,0,0.0005422423710115254
0.0,0,0.010023375041782856
1.0,1,0.9998655319213867
1.0,1,0.9886605739593506
0.0,0,0.09718875586986542
0.0,0,7.051717693684623e-05
0.0,0,0.0018980300519615412
1.0,1,0.9999350309371948
0.0,0,0.00017089021275751293
0.0,0,0.015778006985783577
1.0,1,0.9956713914871216
1.0,1,0.998455286026001
1.0,1,0.6625503301620483
0.0,1,0.5221182107925415
0.0,0,0.0012265080586075783
0.0,0,0.0004324010224081576
1.0,1,0.9991732239723206
0.0,0,0.02130238711833954
0.0,0,0.07847123593091965
1.0,1,0.9767684936523438
1.0,1,0.9899601936340332
0.0,0,0.015533896163105965
0.0,0,0.0002526278549339622
0.0,0,0.00013411440886557102
0.0,0,0.0001324514305451885
1.0,1,0.9856938123703003
0.0,1,0.9861911535263062
0.0,0,0.18821999430656433
1.0,1,0.643750011920929
0.0,0,4.778880611411296e-05
1.0,1,0.8937295079231262
0.0,0,0.10652975738048553
0.0,0,0.014028140343725681
0.0,0,0.002569778822362423
0.0,0,0.0011339141055941582
0.0,0,0.08102425932884216
1.0,1,0.7841423749923706
1.0,1,0.9987356066703796
0.0,0,0.0033785386476665735
0.0,0,0.002482292242348194
0.0,0,0.0004692016518674791
0.0,0,0.0011197440326213837
0.0,0,0.0069519346579909325
0.0,0,0.21617335081100464
1.0,1,0.5054010152816772
0.0,0,0.008077170699834824
1.0,1,0.898040235042572
1.0,1,0.9305620193481445
0.0,0,7.285386345756706e-06
0.0,0,5.240796599537134e-05
0.0,0,0.00019017219892702997
0.0,0,0.04479008540511131
1.0,1,0.9379053711891174
0.0,0,9.258140198653564e-05
0.0,0,0.0007371394312940538
1.0,1,0.990265429019928
0.0,0,0.005051600746810436
0.0,0,0.02678341045975685
0.0,0,0.00032022467348724604
1.0,1,0.9786046743392944
1.0,1,0.9950821399688721
1.0,1,0.86058509349823
1.0,1,0.9999910593032837
0.0,0,0.0010925651295110583
0.0,0,0.0008610959048382938
0.0,0,2.1619489416480064e-05
0.0,0,0.0007815322023816407
1.0,1,0.7501048445701599
1.0,1,0.8541024327278137
1.0,1,0.9962277412414551
1.0,1,0.9269009232521057
1.0,1,0.9904881715774536
1.0,1,0.9999901056289673
0.0,0,0.0010014623403549194
1.0,1,0.990759015083313
0.0,0,0.07480404525995255
1.0,1,0.9969301819801331
1.0,1,0.9862787127494812
0.0,0,0.0005691316328011453
0.0,0,0.002683943836018443
0.0,0,7.835984433768317e-05
1.0,1,0.9999603033065796
0.0,0,0.003909626509994268
1.0,1,0.9836766123771667
0.0,0,0.0016462486237287521
1.0,1,0.8394286632537842
0.0,0,0.01000545360147953
0.0,0,0.0007376865250989795
1.0,1,0.9882969260215759
0.0,0,0.08319990336894989
0.0,0,0.053628649562597275
0.0,0,0.00041773327393457294
0.0,0,0.0004558689543046057
1.0,1,0.995044469833374
0.0,0,0.00027664387016557157
0.0,0,0.0008344133384525776
1.0,1,0.9524286985397339
1.0,1,0.9862494468688965
1.0,0,0.011261946521699429
0.0,0,0.0005586029146797955
1.0,1,0.9990372657775879
0.0,0,0.003454053308814764
0.0,0,0.00027736640186049044
0.0,1,0.47167813777923584
0.0,0,0.0034426897764205933
1.0,1,0.9626225829124451
1.0,1,0.9994385838508606
0.0,0,0.001109073986299336
0.0,0,0.0024024974554777145
1.0,1,0.9909226298332214
1.0,1,0.9864657521247864
1.0,1,0.9612919092178345
0.0,0,2.12705199373886e-05
0.0,0,0.0038518544752150774
0.0,0,0.0003052738029509783
1.0,1,0.9997312426567078
1.0,1,0.8469770550727844
1.0,1,0.9995099306106567
0.0,0,0.002838209504261613
1.0,1,0.9942147135734558
1.0,1,0.8547990322113037
0.0,0,0.002113653812557459
0.0,0,1.545862869534176e-05
0.0,0,0.01770777814090252
1.0,1,0.9986119270324707
0.0,0,0.0006742567056789994
1.0,0,0.04810691252350807
1.0,1,0.9999866485595703
0.0,0,0.002258820692077279
1.0,1,0.9952895641326904
1.0,1,0.9999476671218872
1.0,1,0.9988357424736023
0.0,0,7.896812894614413e-05
0.0,0,0.007346858736127615
0.0,0,0.004764888901263475
0.0,0,0.003491834970191121
0.0,0,0.0008914690115489066
0.0,0,0.00048149432404898107
0.0,0,0.0358261913061142
0.0,0,0.0013136124471202493
0.0,0,0.000695591326802969
0.0,0,0.003915456123650074
1.0,1,0.9682983756065369
0.0,0,0.2823394536972046
0.0,0,0.001739664119668305
0.0,0,0.002877925056964159
1.0,1,0.4206390976905823
0.0,1,0.7207149863243103
1.0,1,0.9999920129776001
1.0,1,0.9984122514724731
1.0,1,0.9991382360458374
1.0,1,0.9852986335754395
1.0,1,0.9998517036437988
0.0,0,0.0005806407425552607
0.0,0,4.198194437776692e-05
1.0,1,0.9944854378700256
1.0,1,0.9980740547180176
1.0,1,0.8590812683105469
1.0,1,0.9992820620536804
0.0,0,0.008878858759999275
0.0,0,0.0037949553225189447
0.0,0,0.000283500092336908
0.0,0,0.0019829715602099895
0.0,0,0.0046654860489070415
0.0,0,0.0007878195028752089
0.0,0,0.32310420274734497
1.0,0,0.027131706476211548
0.0,0,3.7394556784420274e-06
0.0,0,0.04493420198559761
1.0,1,0.9966945648193359
1.0,1,0.9999933242797852
1.0,1,0.998418927192688
0.0,0,0.00018392146739643067
0.0,0,0.0015047623310238123
1.0,1,0.9991102814674377
1.0,1,0.9991281628608704
0.0,0,0.0010156695498153567
0.0,0,5.01395015817252e-06
0.0,0,0.00032572884811088443
0.0,0,0.0013137714704498649
0.0,0,0.20879283547401428
0.0,0,4.602773697115481e-05
1.0,0,0.0828954204916954
0.0,0,0.10500934720039368
1.0,1,0.9862169027328491
0.0,0,0.014660051092505455
0.0,0,0.013081923127174377
0.0,0,0.003432103432714939
0.0,0,0.04296800121665001
0.0,0,0.011366739869117737
0.0,0,0.025489719584584236
0.0,0,0.00530696427449584
0.0,0,0.0007315211114473641
0.0,0,2.7950423827860504e-05
0.0,1,0.7344821691513062
1.0,1,0.926355242729187
0.0,0,2.4419647161266766e-05
0.0,0,0.025514788925647736
0.0,0,0.0018861002754420042
1.0,1,0.6071813106536865
1.0,1,0.9999690055847168
1.0,1,0.9999897480010986
1.0,1,0.997833788394928
1.0,1,0.999297022819519
0.0,0,0.0001975292107090354
0.0,0,8.335483289556578e-05
0.0,0,0.0004636087396647781
1.0,1,0.6330831050872803
0.0,0,0.0003577093593776226
0.0,0,0.00042563516763038933
1.0,1,0.8932299017906189
1.0,1,0.9751595258712769
0.0,0,0.0006921174353919923
0.0,0,0.008643739856779575
0.0,0,0.0023469566367566586
1.0,1,0.9125335812568665
0.0,0,0.00017586577450856566
0.0,0,8.658722435939126e-06
1.0,1,0.9927988052368164
1.0,0,0.03252493217587471
0.0,0,1.2373370736895595e-05
1.0,1,0.9981759786605835
0.0,0,0.00024067338381428272
0.0,0,3.19661853609432e-06
0.0,0,3.727649891516194e-05
1.0,1,0.9999959468841553
0.0,0,0.1514488011598587
1.0,1,0.999344527721405
1.0,1,0.8446000218391418
1.0,1,0.9015885591506958
0.0,0,0.0005081187118776143
0.0,0,6.952429976081476e-05
1.0,1,0.9999985694885254
1.0,1,0.9977957010269165
1.0,1,0.999785840511322
0.0,0,0.18891416490077972
1.0,1,0.9972953200340271
1.0,1,0.9936568140983582
0.0,0,0.0026228439528495073
0.0,0,0.001028588623739779
1.0,1,0.9923330545425415
0.0,0,0.03900928795337677
0.0,0,0.011793975718319416
0.0,0,1.089742363546975e-05
0.0,0,0.004145871382206678
0.0,0,0.10715509951114655
0.0,0,4.090503352927044e-05
0.0,0,0.036503877490758896
1.0,0,0.34993693232536316
0.0,0,0.17884023487567902
0.0,0,7.285330866579898e-06
0.0,0,0.03605533018708229
0.0,1,0.6270723938941956
1.0,1,0.5837522149085999
0.0,0,0.004213264677673578
0.0,0,0.01182815432548523
1.0,1,0.9982606768608093
0.0,0,0.00023456124472431839
1.0,1,0.9893830418586731
1.0,1,0.9939970970153809
0.0,0,0.03264160454273224
1.0,1,0.9964325428009033
0.0,0,1.84984116913256e-06
1.0,1,0.9794272184371948
1.0,1,0.9995337724685669
0.0,0,0.0002864452253561467
1.0,1,0.9999881982803345
1.0,0,0.2254938930273056
0.0,0,0.00020536726515274495
0.0,0,0.013922926038503647
0.0,0,0.013725404627621174
0.0,0,8.129799971356988e-05
1.0,1,0.9998369216918945
1.0,0,0.2852367162704468
0.0,0,9.046369086718187e-05
0.0,0,0.00017655632109381258
1.0,1,0.9738144278526306
0.0,0,0.3912539482116699
0.0,0,0.0004948503337800503
0.0,0,0.0005779727944172919
1.0,1,0.9984058737754822
1.0,0,0.023337723687291145
0.0,0,0.05283594876527786
0.0,0,0.00654091639444232
0.0,0,0.0034458076115697622
0.0,0,0.0002756686008069664
0.0,0,1.215863085235469e-05
1.0,1,0.984616756439209
1.0,1,0.9995654225349426
1.0,1,0.9999756813049316
0.0,1,0.9597702622413635
0.0,0,2.1470033971127123e-05
0.0,0,0.0026935874484479427
1.0,1,0.883961021900177
0.0,0,0.00919388048350811
1.0,1,0.9997031092643738
0.0,0,0.003567109117284417
0.0,0,6.843808023404563e-06
0.0,0,0.0024984562769532204
0.0,0,2.2789149625168648e-06
0.0,0,9.087152284337208e-05
1.0,1,0.7630047798156738
0.0,0,0.0008501244592480361
1.0,1,0.9999963045120239
0.0,0,0.3952636122703552
1.0,1,0.9937775135040283
0.0,1,0.7434655427932739
0.0,0,0.24403057992458344
1.0,1,0.9999949932098389
0.0,1,0.46044793725013733
1.0,1,0.457990437746048
1.0,0,0.03154623508453369
1.0,1,0.9590468406677246
0.0,0,2.243543895019684e-05
1.0,1,0.9999943971633911
0.0,0,0.0001009769257507287
1.0,1,0.9994640946388245
0.0,0,0.008543821983039379
1.0,1,0.9225466847419739
1.0,1,0.9993836879730225
0.0,0,0.00024280535581056029
1.0,1,0.9996402263641357
1.0,1,0.8847312927246094
1.0,1,0.9995599389076233
0.0,0,0.04173247888684273
1.0,1,0.45692870020866394
0.0,0,0.12161806225776672
0.0,0,6.279960507526994e-05
1.0,1,0.9978189468383789
1.0,1,0.7371344566345215
1.0,0,0.00209762598387897
1.0,1,0.9998125433921814
0.0,0,6.957403820706531e-05
1.0,1,0.9929746389389038
0.0,1,0.7707443237304688
0.0,0,0.12380488216876984
0.0,0,0.01277376152575016
1.0,1,0.9996846914291382
0.0,0,0.009165238589048386
0.0,0,0.0026031716261059046
0.0,0,0.0074145677499473095
0.0,0,4.433887806953862e-05
1.0,1,0.9996310472488403
0.0,0,0.005950016435235739
0.0,0,0.0014711664989590645
0.0,0,0.01287760864943266
0.0,0,0.2511647343635559
0.0,0,0.0464450940489769
1.0,1,0.9152048826217651
1.0,1,0.9945706725120544
0.0,0,0.0006810188642702997
1.0,1,0.9703093767166138
1.0,1,0.9999899864196777
0.0,0,0.007116551976650953
0.0,0,0.009889875538647175
0.0,0,8.174647518899292e-05
0.0,0,0.2156975269317627
0.0,0,9.762403351487592e-05
1.0,0,0.0017591210780665278
0.0,0,0.00015611866547260433
0.0,0,0.034601423889398575
0.0,0,0.0007807286456227303
0.0,0,0.02430136874318123
0.0,0,0.002410733141005039
0.0,1,0.7804862856864929
1.0,1,0.9997405409812927
0.0,1,0.565575897693634
0.0,0,0.0044904774986207485
0.0,0,0.0004045048262923956
0.0,0,0.012283915653824806
0.0,0,0.00046937563456594944
1.0,1,0.9836366772651672
0.0,0,0.0015310279559344053
1.0,1,0.9995580315589905
0.0,0,0.009859097190201283
0.0,0,0.05069030076265335
0.0,0,0.029373738914728165
1.0,1,0.9975829124450684
1.0,1,0.9974920749664307
0.0,0,0.003774204757064581
1.0,1,0.9966000914573669
1.0,1,0.9908509850502014
0.0,0,0.01061439048498869
1.0,0,0.06511958688497543
0.0,0,0.00019806160707958043
1.0,1,0.9833426475524902
1.0,1,0.8583210706710815
0.0,0,0.032226383686065674
0.0,0,0.03849613294005394
0.0,0,2.1234757241472835e-06
0.0,0,0.004146562423557043
0.0,1,0.9999606609344482
1.0,1,0.9999957084655762
0.0,0,0.019038859754800797
0.0,0,0.27382615208625793
0.0,0,0.00013209512690082192
0.0,0,0.0003305760328657925
0.0,0,0.03278425335884094
1.0,1,0.997624933719635
1.0,1,0.9298850297927856
0.0,0,0.0034536069724708796
1.0,1,0.9997522234916687
0.0,0,0.0015881358413025737
0.0,0,0.000197678804397583
0.0,0,0.011862964369356632
0.0,0,0.04452208802103996
0.0,0,0.0008451386820524931
1.0,1,0.8832290172576904
0.0,0,0.000774049258325249
0.0,0,0.00022548038396053016
1.0,1,0.9993903636932373
0.0,0,0.018006902188062668
1.0,1,0.9083152413368225
0.0,0,0.02648649550974369
0.0,0,7.251304396049818e-06
0.0,0,0.143585667014122
1.0,1,0.9524427652359009
1.0,1,0.9956745505332947
1.0,1,0.9996846914291382
1.0,1,0.9995222091674805
0.0,0,0.0007935544126667082
0.0,0,0.010634108446538448
0.0,1,0.9066240787506104
0.0,0,0.003651894861832261
1.0,0,0.24456825852394104
0.0,0,4.722986705019139e-05
0.0,0,0.0005644936463795602
0.0,0,0.00020745776419062167
1.0,0,0.3269900679588318
1.0,1,0.8828111886978149
1.0,1,0.9974794983863831
0.0,1,0.5325635671615601
0.0,0,0.00019372618407942355
0.0,0,0.34424740076065063
1.0,1,0.9999674558639526
1.0,1,0.9240697026252747
0.0,0,0.18953141570091248
1.0,1,0.9804579615592957
0.0,0,0.019786769524216652
0.0,0,0.0012302763061597943
0.0,0,0.0008676257566548884
1.0,1,0.9748395085334778
0.0,0,0.0012366645969450474
1.0,1,0.9989226460456848
0.0,0,0.01245932374149561
1.0,1,0.9994078874588013
1.0,0,0.00018531124806031585
0.0,0,0.010003757663071156
1.0,1,0.9985936284065247
1.0,1,0.9995183944702148
0.0,0,4.024665759061463e-05
1.0,0,0.0005228693480603397
1.0,1,0.9956586360931396
0.0,0,0.05730654299259186
0.0,0,0.11899784952402115
0.0,0,0.2418794333934784
1.0,0,0.25758081674575806
0.0,0,0.0031163296662271023
0.0,0,2.283063167851651e-06
0.0,0,0.0019414675189182162
1.0,1,0.9997276663780212
1.0,1,0.9888822436332703
0.0,0,9.953539120033383e-06
0.0,0,0.0001377321023028344
1.0,0,0.24213309586048126
0.0,0,0.005743630696088076
0.0,0,0.0002541176218073815
0.0,0,0.0013156922068446875
1.0,1,0.999981164932251
0.0,0,1.5435854948009364e-05
0.0,0,0.0003901963063981384
1.0,1,0.8348920345306396
0.0,0,4.253427323419601e-05
1.0,1,0.9828129410743713
0.0,0,2.728816070884932e-05
1.0,1,0.9997320771217346
1.0,1,0.9992395639419556
0.0,0,3.961232505389489e-05
0.0,0,0.0005420772358775139
0.0,0,0.0033045592717826366
0.0,0,0.09902043640613556
0.0,0,0.0014887225115671754
0.0,0,0.0002034626668319106
1.0,1,0.9894142150878906
1.0,1,0.992917537689209
1.0,1,0.9993624091148376
0.0,0,0.0006745520513504744
0.0,1,0.6207650303840637
1.0,1,0.9986114501953125
0.0,0,0.002209755126386881
0.0,0,0.0008240313036367297
1.0,0,0.00027016704552806914
1.0,1,0.8653640747070312
0.0,0,0.003062778851017356
0.0,0,0.0025311436038464308
1.0,1,0.9999915361404419
1.0,0,0.062316734343767166
0.0,0,0.000448881764896214
0.0,0,0.15467175841331482
0.0,1,0.6080732941627502
0.0,0,0.002161151496693492
1.0,1,0.9892233610153198
0.0,1,0.91493821144104
0.0,0,0.04295574873685837
0.0,1,0.5519005060195923
1.0,1,0.9862164258956909
0.0,1,0.9681640267372131
1.0,1,0.9923753142356873
0.0,0,0.0002553151280153543
1.0,0,0.0457545630633831
1.0,0,0.31493788957595825
0.0,0,4.6230925363488495e-05
0.0,0,0.00020188349299132824
1.0,1,0.9520254731178284
0.0,0,2.0008792489534244e-05
0.0,0,6.06653411523439e-05
0.0,0,0.02636410854756832
0.0,0,3.924343400285579e-05
0.0,1,0.5585586428642273
0.0,0,5.626716301776469e-05
0.0,1,0.941585123538971
0.0,0,0.0007616603397764266
1.0,0,0.0034167191479355097
0.0,0,0.004489322192966938
1.0,1,0.962291955947876
1.0,1,0.9978407621383667
1.0,1,0.9971524477005005
0.0,1,0.9788122773170471
1.0,1,0.9965638518333435
1.0,1,0.988135576248169
0.0,0,0.0005763391964137554
0.0,0,0.0022917555179446936
0.0,0,3.7406407500384375e-05
1.0,1,0.998875081539154
0.0,0,6.532096449518576e-05
0.0,0,0.08799797296524048
1.0,1,0.8253079056739807
0.0,0,0.0005547142936848104
0.0,0,0.00468741450458765
1.0,1,0.9983705878257751
0.0,0,0.00012116220750613138
1.0,1,0.9918320775032043
0.0,0,0.004562688525766134
1.0,1,0.9999022483825684
0.0,0,2.3646371118957177e-06
0.0,0,0.003837471129372716
0.0,0,0.0002014354831771925
1.0,1,0.8038605451583862
1.0,1,0.971850574016571
0.0,0,1.171531494037481e-05
0.0,0,0.0009284397820010781
1.0,1,0.9981712102890015
1.0,1,0.9697040319442749
1.0,1,0.9991450309753418
0.0,0,0.32142919301986694
1.0,1,0.979734480381012
0.0,0,0.0019780131988227367
0.0,0,0.0021212466526776552
1.0,1,0.9998156428337097
1.0,1,0.991135835647583
0.0,0,0.00048354981117881835
1.0,1,0.5751403570175171
0.0,0,0.01804465241730213
1.0,1,0.9997867941856384
0.0,1,0.8853365182876587
1.0,1,0.4273443818092346
0.0,0,0.0626508891582489
1.0,1,0.9880565404891968
0.0,0,0.0001605978759471327
0.0,0,7.067303158692084e-06
0.0,0,0.00010883918730542064
0.0,1,0.9715545773506165
0.0,0,1.712524522190506e-06
0.0,0,0.16785970330238342
0.0,1,0.8559044003486633
1.0,1,0.9897223114967346
0.0,0,0.0029002386145293713
1.0,1,0.8814053535461426
1.0,1,0.9086335897445679
1.0,1,0.8659927845001221
0.0,1,0.848585844039917
0.0,0,0.0009837005054578185
1.0,1,0.99986732006073
1.0,0,0.004595231264829636
0.0,0,8.742159843677655e-05
1.0,1,0.9983015060424805
0.0,0,0.00880785658955574
0.0,0,0.0007145705167204142
0.0,0,0.25623592734336853
0.0,0,0.006119158118963242
1.0,1,0.9997448325157166
0.0,0,0.085344597697258
1.0,1,0.9862972497940063
1.0,1,0.9197395443916321
0.0,1,0.8264981508255005
1.0,1,0.9999098777770996
1.0,1,0.5958913564682007
0.0,1,0.9882562756538391
0.0,0,0.0005804133252240717
1.0,1,0.9958730340003967
0.0,0,0.0009497721330262721
0.0,0,1.630007682251744e-05
0.0,0,0.01177454087883234
1.0,1,0.9611004590988159
0.0,1,0.6564751863479614
1.0,1,0.9972763657569885
1.0,1,0.9963913559913635
0.0,1,0.4736904501914978
1.0,0,0.2011525183916092
1.0,1,0.9999978542327881
0.0,0,0.001225335756316781
1.0,1,0.9999350309371948
0.0,0,0.0065566073171794415
0.0,0,9.61137775448151e-05
0.0,0,7.339699368458241e-05
0.0,1,0.8909977078437805
0.0,0,0.0004028954135719687
0.0,0,0.0005482030101120472
1.0,1,0.976582944393158
1.0,1,0.998391330242157
0.0,0,0.0016589754959568381
0.0,0,0.00017360752099193633
1.0,1,0.9998810291290283
0.0,0,0.0003311633481644094
1.0,1,0.9999028444290161
1.0,1,0.7390521168708801
1.0,1,0.9983932375907898
1.0,1,0.999903678894043
1.0,1,0.9999874830245972
0.0,0,0.006018519401550293
0.0,0,2.032435531873489e-06
0.0,1,0.417558491230011
0.0,0,0.0142052685841918
0.0,0,0.04386114329099655
1.0,1,0.99722820520401
0.0,1,0.9703271389007568
1.0,1,0.9994097948074341
0.0,0,0.0026703770272433758
1.0,1,0.8640828728675842
0.0,0,0.0025208869483321905
0.0,0,0.02663077972829342
1.0,1,0.9999836683273315
0.0,0,0.0006453930400311947
0.0,0,0.0009187322575598955
0.0,0,0.0037854702677577734
0.0,0,8.094185614027083e-05
0.0,0,3.825869134743698e-05
0.0,1,0.8829417824745178
1.0,1,0.9934889078140259
0.0,0,1.9861226974171586e-05
0.0,0,0.013082372024655342
0.0,0,0.000460537412436679
1.0,1,0.6719055771827698
1.0,1,0.996764063835144
0.0,0,0.11938715726137161
0.0,0,0.005716399755328894
1.0,1,0.9973347187042236
1.0,1,0.9998388290405273
1.0,1,0.9391257166862488
0.0,0,0.04691043868660927
0.0,0,2.2882726625539362e-05
0.0,0,0.05428774654865265
0.0,0,0.003929398488253355
0.0,0,0.0007469121483154595
0.0,0,0.000757767993491143
0.0,0,0.0024408416356891394
1.0,0,0.2554859220981598
1.0,1,0.9797389507293701
0.0,0,0.004167698323726654
0.0,1,0.5380947589874268
1.0,1,0.9989055395126343
1.0,1,0.9975705742835999
0.0,0,0.003631367115303874
0.0,0,0.015080161392688751
1.0,1,0.9988924860954285
1.0,1,0.9994845390319824
0.0,0,0.0004992032772861421
1.0,1,0.9532968401908875
1.0,1,0.9183828234672546
1.0,1,0.9987626075744629
0.0,1,0.5058586597442627
0.0,0,1.0060346539830789e-05
1.0,1,0.9604158401489258
1.0,1,0.9213504195213318
0.0,1,0.5886723399162292
1.0,1,0.9408251643180847
0.0,0,6.720826604578178e-06
0.0,0,0.00012573253479786217
0.0,0,1.5792045815032907e-05
0.0,0,0.0006725855055265129
1.0,1,0.9983808994293213
0.0,0,0.00015367723244708031
1.0,1,0.9986613988876343
1.0,1,0.9790961742401123
1.0,1,0.9288613200187683
1.0,1,0.9997416138648987
0.0,0,0.0002787396078929305
1.0,1,0.733542263507843
1.0,1,0.9998213648796082
1.0,0,0.003443874418735504
1.0,1,0.9995748400688171
0.0,0,4.733885361929424e-05
1.0,1,0.9932268261909485
0.0,0,7.56447043386288e-05
0.0,0,7.576627831440419e-05
1.0,1,0.9999879598617554
0.0,0,0.00028907350497320294
0.0,0,0.0017352442955598235
1.0,1,0.43601375818252563
1.0,1,0.9987255930900574
0.0,0,0.00137414934579283
0.0,0,0.00016029999824240804
0.0,0,0.0016338784480467439
0.0,0,0.009362601675093174
1.0,1,0.9998691082000732
0.0,0,0.006983713712543249
1.0,1,0.9979355335235596
0.0,0,0.00015773782797623426
0.0,0,0.00032142671989277005
0.0,0,0.021176453679800034
1.0,1,0.6519120931625366
1.0,1,0.996203601360321
0.0,1,0.8694024682044983
1.0,0,0.34710296988487244
0.0,1,0.5293675661087036
0.0,0,0.00033389320014975965
0.0,0,0.11120769381523132
0.0,0,0.0015652211150154471
1.0,1,0.9856066107749939
1.0,1,0.9908665418624878
1.0,1,0.9134248495101929
0.0,0,0.0021069159265607595
0.0,0,0.000497001688927412
0.0,0,6.546245276695117e-05
0.0,0,0.16295774281024933
0.0,0,0.02005419135093689
0.0,0,0.0022146778646856546
0.0,0,0.0011136746034026146
0.0,0,1.353711195406504e-05
1.0,1,0.9981598258018494
0.0,0,0.16514143347740173
0.0,0,0.01108128484338522
0.0,0,0.0032617736142128706
1.0,1,0.9889479875564575
0.0,1,0.8058784604072571
1.0,1,0.6767078638076782
1.0,1,0.9999854564666748
0.0,0,6.652098090853542e-05
1.0,1,0.9128571152687073
0.0,0,0.28272658586502075
0.0,0,0.052192337810993195
1.0,1,0.9967848062515259
0.0,0,8.380558938370086e-06
0.0,0,0.00015652917500119656
0.0,0,0.00020824097737204283
0.0,0,0.00011099874245701358
0.0,0,0.008310090750455856
0.0,0,2.049766044365242e-05
0.0,0,0.007441103458404541
0.0,0,0.03503897786140442
0.0,0,0.16117624938488007
1.0,1,0.9953147172927856
0.0,0,9.191015124088153e-05
0.0,0,0.00335937412455678
1.0,1,0.9826182126998901
1.0,1,0.9991549253463745
0.0,0,0.005398459266871214
1.0,1,0.9994854927062988
0.0,0,0.00022970199643168598
1.0,1,0.9999803304672241
0.0,0,0.0013687876053154469
1.0,1,0.9999762773513794
0.0,0,0.08831842243671417
0.0,0,0.015211940743029118
0.0,0,0.00021434690279420465
0.0,0,0.0006204920937307179
0.0,1,0.8561041951179504
1.0,1,0.9999803304672241
0.0,1,0.45473483204841614
1.0,1,0.9825055599212646
0.0,0,0.01840667426586151
1.0,0,0.33078598976135254
0.0,0,0.0008663915796205401
0.0,0,0.013261882588267326
0.0,0,0.0006049376679584384
0.0,0,0.004301803186535835
0.0,0,0.05976572260260582
0.0,0,0.03161715343594551
0.0,0,0.0021204310469329357
0.0,0,0.06759811192750931
0.0,0,0.0032339903991669416
1.0,1,0.9999604225158691
1.0,1,0.9998186230659485
1.0,1,0.9797571301460266
0.0,0,0.00035132505581714213
1.0,1,0.9957672357559204
1.0,1,0.9890144467353821
0.0,0,0.0004945179098285735
0.0,0,0.0036651308182626963
0.0,0,0.00017475333879701793
1.0,1,0.9978827834129333
0.0,0,0.00028615808696486056
1.0,1,0.9967760443687439
0.0,0,0.005269045475870371
1.0,0,0.347918301820755
0.0,0,0.000474427652079612
1.0,1,0.9999915361404419
0.0,0,4.2428411688888445e-05
1.0,0,0.00020782681531272829
0.0,0,0.03770032525062561
0.0,0,0.003995966166257858
0.0,0,0.1510377675294876
0.0,0,1.9060109934798675e-06
1.0,1,0.9392909407615662
0.0,0,0.0059840078465640545
0.0,0,0.061549898236989975
0.0,0,0.005339944269508123
0.0,0,0.0032435483299195766
1.0,0,0.0001172911943285726
1.0,1,0.8618718981742859
0.0,1,0.992683470249176
0.0,0,0.004404543898999691
1.0,1,0.9971779584884644
0.0,1,0.5187756419181824
1.0,1,0.9999896287918091
1.0,1,0.9999772310256958
0.0,0,4.3842371155733417e-07
1.0,1,0.9992685914039612
1.0,0,0.007749055977910757
1.0,1,0.9174396991729736
1.0,1,0.9983267188072205
0.0,0,3.133048448944464e-05
0.0,0,5.182292079553008e-05
1.0,1,0.9974395036697388
0.0,0,0.09334869682788849
1.0,1,0.5617616176605225
1.0,1,0.9999958276748657
1.0,1,0.9974846839904785
0.0,0,0.006546291057020426
0.0,0,0.0007290547364391387
0.0,0,2.6201937544101384e-06
1.0,1,0.9993832111358643
0.0,0,0.0010146565036848187
0.0,1,0.9886401891708374
0.0,0,1.9812385289696977e-05
1.0,1,0.9995625615119934
1.0,1,0.9993597865104675
1.0,0,0.08337092399597168
0.0,0,0.00028303044382482767
1.0,1,0.9981958270072937
0.0,0,5.5847100156825036e-05
0.0,0,0.002785647287964821
1.0,1,0.9997536540031433
1.0,1,0.4516456425189972
0.0,0,0.011199244298040867
0.0,0,3.094954081461765e-05
1.0,1,0.9999473094940186
0.0,0,0.00018889576313085854
1.0,1,0.9999034404754639
0.0,0,0.05053116753697395
1.0,0,0.00604071281850338
0.0,0,0.017100930213928223
0.0,0,0.0006568356184288859
1.0,0,0.17323212325572968
0.0,0,0.0003885369806084782
1.0,1,0.9893576502799988
0.0,0,0.03599182516336441
1.0,1,0.5151148438453674
0.0,0,0.35484009981155396
0.0,0,0.023655708879232407
0.0,0,0.0019359288271516562
1.0,1,0.9987183809280396
1.0,1,0.9976902008056641
0.0,1,0.6906973719596863
1.0,1,0.9956426620483398
1.0,1,0.9974839687347412
0.0,0,0.0005615220870822668
0.0,0,0.0037620330695062876
1.0,1,0.9987706542015076
1.0,1,0.9454765319824219
1.0,1,0.8864725232124329
1.0,1,0.9999028444290161
0.0,0,0.17737804353237152
1.0,1,0.9763787984848022
0.0,1,0.960713267326355
0.0,0,0.016548659652471542
0.0,0,2.859702544810716e-05
1.0,1,0.9996386766433716
0.0,0,0.00020096391381230205
1.0,1,0.5063873529434204
0.0,0,0.021866735070943832
1.0,1,0.9848010540008545
0.0,0,8.2912236393895e-05
0.0,0,0.14059266448020935
1.0,1,0.9565929174423218
1.0,1,0.9457753300666809
1.0,1,0.4027521014213562
0.0,0,0.002532528480514884
1.0,0,0.018414968624711037
1.0,1,0.9952602982521057
0.0,0,0.0022929615806788206
1.0,1,0.9796225428581238
1.0,1,0.9967086315155029
1.0,1,0.999864935874939
0.0,0,0.006127913482487202
1.0,1,0.998664140701294
0.0,1,0.656055212020874
0.0,0,0.012886758893728256
0.0,0,0.0005347537808120251
0.0,1,0.7430586814880371
0.0,0,0.00019242077542003244
1.0,1,0.9511828422546387
0.0,0,0.001602900680154562
1.0,1,0.5261310338973999
0.0,0,2.6050699943880318e-06
1.0,1,0.999895453453064
0.0,1,0.8348071575164795
0.0,0,0.0013783146860077977
0.0,0,5.623481411021203e-05
1.0,1,0.9996010661125183
1.0,1,0.9998064637184143
1.0,1,0.9921378493309021
0.0,1,0.9488580226898193
0.0,0,0.00735866092145443
1.0,1,0.9644867181777954
0.0,0,0.00014899595407769084
1.0,1,0.9999476671218872
1.0,1,0.9895570874214172
1.0,1,0.999763548374176
1.0,0,0.33486050367355347
1.0,1,0.9577850699424744
1.0,1,0.9872353672981262
1.0,1,0.4921054244041443
1.0,1,0.9961004257202148
0.0,1,0.7577606439590454
0.0,0,1.8077955246553756e-05
0.0,0,0.0048471963964402676
0.0,0,0.0007917133625596762
0.0,0,0.0001534382754471153
0.0,0,0.05919331684708595
0.0,1,0.9850127696990967
0.0,0,2.8934109650435857e-05
0.0,0,0.0015096175484359264
1.0,1,0.8795605301856995
0.0,0,0.0009651492000557482
1.0,1,0.9978057742118835
0.0,0,0.0005187569768168032
1.0,1,0.9993758797645569
0.0,0,0.017812831327319145
1.0,1,0.9999172687530518
0.0,0,0.004229789599776268
1.0,1,0.9992949962615967
0.0,0,0.17753542959690094
0.0,0,7.11708635208197e-05
1.0,1,0.9980497360229492
1.0,1,0.987432599067688
1.0,1,0.9978420734405518
1.0,1,0.9940849542617798
0.0,0,0.0788019448518753
0.0,0,0.005688544362783432
1.0,1,0.8695595860481262
1.0,1,0.4550849497318268
0.0,0,3.95884235331323e-05
1.0,1,0.605535089969635
1.0,1,0.9998948574066162
0.0,0,0.04437708482146263
0.0,0,0.004003820940852165
0.0,0,0.0010712473886087537
0.0,1,0.4717884361743927
0.0,0,1.4677993931400124e-05
0.0,0,3.6590727177099325e-06
1.0,1,0.9926689863204956
0.0,1,0.4660370349884033
0.0,0,5.9732092267950065e-06
0.0,0,0.0008549729827791452
0.0,0,0.0011452684411779046
1.0,1,0.9994779229164124
0.0,1,0.941942572593689
1.0,1,0.997975766658783
0.0,1,0.8469123244285583
0.0,0,0.047870032489299774
1.0,1,0.9999464750289917
0.0,0,0.0710514485836029
0.0,0,0.29544779658317566
1.0,1,0.7020558714866638
1.0,1,0.9965391159057617
1.0,0,0.0030085952021181583
1.0,1,0.5691876411437988
1.0,1,0.9876104593276978
0.0,0,0.0001588138984516263
1.0,1,0.9019157290458679
1.0,1,0.9987462759017944
1.0,1,0.9998239874839783
0.0,0,0.0005302799982018769
0.0,1,0.4151441156864166
1.0,1,0.9987009763717651
0.0,0,0.0005593200330622494
1.0,0,0.19378486275672913
1.0,1,0.9999533891677856
0.0,0,2.5976274628192186e-05
1.0,1,0.7616810202598572
1.0,1,0.999101996421814
1.0,1,0.998975396156311
0.0,1,0.5788711905479431
0.0,0,2.0145498638157733e-05
1.0,1,0.9999971389770508
1.0,1,0.9993901252746582
0.0,0,0.00365128624252975
0.0,0,0.003791466588154435
0.0,0,0.00021451374050229788
0.0,0,0.004026929847896099
0.0,0,0.0014011053135618567
1.0,1,0.9903950095176697
1.0,1,0.9966738224029541
0.0,0,0.03299984708428383
0.0,0,0.009673751890659332
0.0,1,0.9927008152008057
0.0,0,0.14450833201408386
0.0,0,0.03905612975358963
1.0,1,0.9689584970474243
1.0,1,0.9998076558113098
1.0,0,0.044365983456373215
1.0,1,0.9889601469039917
0.0,0,0.002667407039552927
1.0,1,0.9998944997787476
0.0,0,0.006464234087616205
0.0,0,0.00671071233227849
1.0,1,0.9998946189880371
0.0,0,0.0003266673884354532
0.0,0,0.000294224068056792
0.0,0,0.0031295877415686846
0.0,0,5.680788035533624e-06
1.0,1,0.9172098636627197
0.0,0,0.008888771757483482
1.0,1,0.697469174861908
0.0,0,0.0005708174430765212
0.0,0,0.006645735818892717
1.0,1,0.44654715061187744
0.0,0,1.7186506738653407e-05
1.0,1,0.9775574207305908
1.0,1,0.4328984022140503
0.0,1,0.6318078637123108
1.0,1,0.997445821762085
1.0,0,0.00793741550296545
0.0,0,0.00011621174053288996
0.0,0,0.00019205694843549281
1.0,1,0.9989516735076904
0.0,0,0.1272830218076706
0.0,0,0.019906025379896164
1.0,1,0.9973437190055847
0.0,0,0.023257741704583168
1.0,1,0.9548717141151428
0.0,0,0.023479724302887917
1.0,0,0.007901491597294807
0.0,0,0.21812406182289124
0.0,1,0.6355979442596436
0.0,0,0.0009989242535084486
0.0,1,0.9961666464805603
0.0,0,7.819831080269068e-05
1.0,1,0.53611820936203
1.0,1,0.9082449078559875
1.0,0,0.03255566954612732
0.0,0,0.007741004228591919
0.0,0,0.16442500054836273
1.0,0,0.039890069514513016
1.0,1,0.9920551180839539
1.0,0,0.0025342011358588934
0.0,0,2.4719181965338066e-05
0.0,0,6.908546492923051e-05
0.0,0,5.4213473049458116e-05
1.0,1,0.995823860168457
1.0,0,1.3678562936547678e-05
1.0,1,0.9973125457763672
1.0,1,0.9973962306976318
1.0,1,0.9997828602790833
1.0,1,0.9549661874771118
1.0,1,0.9997064471244812
0.0,0,9.079684969037771e-05
1.0,1,0.9964753985404968
1.0,1,0.9990172386169434
0.0,0,0.0008980197017081082
1.0,1,0.9999996423721313
1.0,1,0.999870777130127
0.0,0,0.00037203621468506753
1.0,1,0.9885393977165222
1.0,1,0.9930127263069153
1.0,1,0.9946987628936768
1.0,1,0.6907520890235901
1.0,1,0.9999896287918091
1.0,1,0.9993999004364014
0.0,0,1.8493738025426865e-05
0.0,0,0.000608917442150414
1.0,1,0.9977976083755493
0.0,0,0.21665088832378387
0.0,0,0.0005672053666785359
1.0,1,0.5555452108383179
1.0,0,0.012734315358102322
0.0,0,0.24464617669582367
0.0,0,0.14108267426490784
0.0,0,0.09934333711862564
1.0,1,0.9966179728507996
0.0,0,0.0034271946642547846
1.0,1,0.9964460730552673
0.0,0,1.4626264601247385e-05
0.0,0,0.000129883352201432
0.0,0,0.00039096971158869565
1.0,1,0.9992735981941223
0.0,0,0.0009220193605870008
1.0,1,0.9993638396263123
1.0,1,0.9272674918174744
0.0,0,0.05628776550292969
1.0,1,0.9981628060340881
1.0,1,0.9999903440475464
0.0,1,0.8934236168861389
0.0,0,0.11272300779819489
1.0,1,0.9997994303703308
1.0,1,0.9989223480224609
1.0,1,0.9996868371963501
1.0,1,0.6399555802345276
0.0,0,0.009804616682231426
0.0,0,0.01749359257519245
0.0,0,0.00013519707135856152
0.0,0,0.0016345364274457097
0.0,0,9.242650412488729e-05
0.0,0,0.001241114572621882
0.0,1,0.7070208787918091
0.0,1,0.9491363763809204
0.0,0,0.034572478383779526
0.0,0,0.05252724513411522
0.0,0,0.024033311754465103
1.0,1,0.9998551607131958
1.0,1,0.9999568462371826
1.0,1,0.999754011631012
1.0,1,0.9910063147544861
1.0,1,0.9999666213989258
0.0,0,8.97622448974289e-05
0.0,0,0.0012006572214886546
0.0,1,0.6129456162452698
0.0,0,0.02085767686367035
0.0,0,0.0004972092574462295
0.0,0,0.007428383454680443
1.0,1,0.9990522265434265
1.0,1,0.9834043383598328
0.0,0,0.00022175611229613423
0.0,1,0.6168360710144043
0.0,0,0.04345262050628662
1.0,1,0.9579638838768005
1.0,1,0.9993096590042114
0.0,0,0.0624462366104126
0.0,0,0.007851430214941502
1.0,1,0.9999792575836182
1.0,1,0.9945630431175232
0.0,0,0.007254692725837231
1.0,1,0.9919468760490417
1.0,0,0.17646338045597076
1.0,1,0.6494935750961304
1.0,1,0.9459520578384399
1.0,1,0.9999368190765381
0.0,0,2.1263664166326635e-05
1.0,1,0.4180421531200409
1.0,1,0.9926294088363647
0.0,1,0.585030734539032
0.0,0,0.002098922850564122
0.0,0,0.020511209964752197
0.0,0,0.001795338001102209
0.0,0,0.0001648710313020274
1.0,1,0.9946369528770447
0.0,0,0.0004235064843669534
0.0,0,0.3361172676086426
1.0,1,0.4718661904335022
1.0,1,0.9999902248382568
1.0,1,0.9997041821479797
0.0,0,0.007364308927208185
0.0,0,0.21520322561264038
0.0,0,0.17782564461231232
0.0,1,0.5210198163986206
1.0,1,0.987128734588623
0.0,0,0.005782142281532288
0.0,0,0.004294995684176683
1.0,0,0.17718379199504852
0.0,0,1.1034017006750219e-06
1.0,1,0.999951958656311
0.0,0,2.88061401079176e-05
0.0,0,0.032301392406225204
1.0,1,0.747340977191925
0.0,0,7.870362424000632e-07
0.0,0,0.00020920878159813583
1.0,1,0.9997370839118958
1.0,1,0.5015920996665955
1.0,1,0.9997681975364685
1.0,1,0.9999085664749146
1.0,1,0.9760713577270508
0.0,0,0.00011376166366972029
1.0,1,0.9987781643867493
0.0,0,0.15634046494960785
1.0,1,0.9997087121009827
0.0,1,0.5732883810997009
0.0,0,0.0004951164592057467
1.0,1,0.9782747030258179
1.0,1,0.9995194673538208
0.0,1,0.8960097432136536
0.0,1,0.4915355145931244
0.0,0,0.00249651656486094
0.0,0,0.0011414666660130024
1.0,0,0.0016398972366005182
1.0,1,0.4167366027832031
1.0,1,0.9996849298477173
0.0,0,0.03670686110854149
0.0,0,0.0016830755630508065
1.0,1,0.9988365769386292
1.0,1,0.9982683658599854
0.0,0,0.006025805603712797
1.0,1,0.9999305009841919
0.0,1,0.639159619808197
1.0,1,0.9993320107460022
0.0,0,0.0028779441490769386
0.0,0,1.051620529324282e-05
0.0,0,0.006862799171358347
1.0,1,0.9840749502182007
0.0,0,0.00032664311584085226
0.0,0,0.0001370451063849032
0.0,0,0.00019232650811318308
0.0,0,0.0015977268340066075
0.0,0,0.004929230082780123
1.0,1,0.9997207522392273
0.0,0,0.01017010398209095
0.0,0,0.00488957529887557
0.0,0,0.014812089502811432
0.0,1,0.5795736908912659
0.0,0,0.03369145840406418
1.0,1,0.9992662072181702
0.0,0,0.10076603293418884
1.0,1,0.9958570599555969
1.0,1,0.637533962726593
1.0,1,0.9997406601905823
1.0,1,0.9553177356719971
1.0,1,0.9930516481399536
0.0,0,0.00023372229770757258
1.0,1,0.9999241828918457
0.0,0,0.0008530972991138697
1.0,1,0.9992958307266235
0.0,0,0.016954701393842697
1.0,1,0.990149974822998
1.0,1,0.9900079965591431
0.0,1,0.6073732376098633
1.0,1,0.9941324591636658
0.0,0,0.04924854263663292
0.0,0,0.0017136542592197657
0.0,0,0.00016905654047150165
1.0,1,0.8956696391105652
1.0,1,0.9998760223388672
1.0,1,0.9998680353164673
1.0,1,0.5731725692749023
0.0,0,0.007077688816934824
1.0,1,0.999996542930603
0.0,0,0.035932376980781555
1.0,1,0.9915307760238647
0.0,0,0.00851883552968502
1.0,1,0.9998612403869629
1.0,1,0.9935563206672668
1.0,1,0.9999881982803345
0.0,0,0.3226191997528076
0.0,0,0.03019833378493786
0.0,0,0.1439935266971588
1.0,1,0.9999071359634399
1.0,1,0.9694051742553711
0.0,1,0.9868816137313843
1.0,1,0.8960577845573425
0.0,0,0.07194802910089493
0.0,0,2.3381519440590637e-06
0.0,0,0.010086338967084885
0.0,0,0.0006091087125241756
0.0,0,3.283946352894418e-05
0.0,0,2.3209204300655983e-05
0.0,0,0.008767643012106419
0.0,0,0.0007492683362215757
1.0,1,0.999925971031189
0.0,0,0.0003678401990327984
0.0,0,0.002788350684568286
0.0,0,0.053297895938158035
0.0,0,0.11856009066104889
0.0,0,0.008853950537741184
0.0,0,0.0065242825075984
0.0,0,1.7384083548677154e-05
0.0,0,0.00045368255814537406
1.0,1,0.9872325658798218
1.0,1,0.9998088479042053
0.0,0,4.3776180973509327e-05
1.0,1,0.999782145023346
0.0,1,0.7325862050056458
1.0,1,0.9957167506217957
0.0,0,0.003965397365391254
0.0,0,0.04496048390865326
0.0,0,0.022541694343090057
0.0,0,0.00015121659089345485
0.0,0,0.004729143343865871
0.0,0,0.00029339775210246444
0.0,0,3.431152435950935e-05
0.0,0,0.009547978639602661
0.0,0,0.00015196010645013303
1.0,0,0.0777185931801796
1.0,1,0.9958590865135193
1.0,1,0.9765278697013855
1.0,0,0.06321274489164352
1.0,1,0.9705935120582581
1.0,1,0.9999332427978516
0.0,0,0.00011001957318512723
0.0,0,0.00033221792546100914
1.0,1,0.9998268485069275
0.0,1,0.9971473813056946
0.0,0,0.049146853387355804
0.0,0,8.51066579343751e-06
0.0,0,0.003925043158233166
1.0,1,0.999972939491272
0.0,0,2.378299723204691e-05
0.0,0,0.00035693898098543286
0.0,0,0.0020629437640309334
0.0,0,0.20397533476352692
0.0,0,0.12752841413021088
0.0,0,0.002767665311694145
0.0,0,0.0006264359690248966
0.0,0,0.004714034032076597
0.0,0,0.028438707813620567
0.0,0,0.021497266367077827
1.0,1,0.7789251804351807
1.0,1,0.9999866485595703
0.0,0,0.0026087439619004726
1.0,1,0.7246649861335754
0.0,0,0.0187001321464777
1.0,1,0.9995706677436829
0.0,0,0.0014838086208328605
0.0,0,0.0005682606133632362
0.0,0,0.0007753067766316235
1.0,1,0.9999809265136719
1.0,1,0.9998559951782227
0.0,0,0.00972811784595251
0.0,0,0.192771315574646
1.0,1,0.9944181442260742
1.0,1,0.976123571395874
1.0,1,0.8756322860717773
1.0,1,0.9597046971321106
0.0,0,0.10141334682703018
0.0,0,0.0024980190210044384
0.0,0,0.0075684296898543835
1.0,1,0.8858470916748047
0.0,0,0.0001551214954815805
0.0,0,0.04170163348317146
0.0,0,0.00320861442014575
0.0,0,0.014011523686349392
0.0,1,0.9198485016822815
0.0,0,0.0008650938980281353
0.0,0,2.1957426724839024e-05
1.0,1,0.9989060163497925
0.0,0,0.0016254058573395014
0.0,0,0.0033601420000195503
1.0,1,0.8246890902519226
0.0,0,0.0004816715372726321
1.0,0,0.0071342154406011105
0.0,0,0.0032847013790160418
0.0,0,0.010585540905594826
0.0,0,0.0007928854902274907
0.0,0,0.0017606525216251612
0.0,0,0.0004784383927471936
0.0,0,0.0068421149626374245
0.0,0,0.11811504513025284
0.0,0,0.001956796273589134
0.0,0,0.04816754162311554
0.0,0,0.007546898443251848
1.0,0,0.12006468325853348
0.0,0,0.0007264103041961789
0.0,0,0.0005037221708334982
0.0,0,0.00019724426965694875
0.0,0,0.029578356072306633
1.0,1,0.9972167015075684
0.0,0,2.39928317569138e-06
1.0,1,0.9999454021453857
0.0,0,7.256167737068608e-05
0.0,0,0.013708516024053097
1.0,1,0.7573710680007935
1.0,1,0.9918729662895203
0.0,0,0.002019299194216728
1.0,1,0.9998818635940552
0.0,0,0.001540423952974379
1.0,1,0.9998668432235718
0.0,0,2.073482619380229e-06
1.0,1,0.9999814033508301
0.0,0,0.00021625767112709582
0.0,0,0.10105112195014954
0.0,0,3.235952681279741e-05
0.0,0,1.9391270598134724e-06
0.0,0,0.004077796824276447
1.0,1,0.9985882639884949
1.0,1,0.9584730863571167
0.0,0,0.00024113990366458893
0.0,0,0.00029697123682126403
0.0,0,0.019019272178411484
1.0,1,0.7527879476547241
0.0,0,0.00179513287730515
0.0,0,2.556918389018392e-06
1.0,0,0.35351458191871643
1.0,0,0.09975875169038773
0.0,0,2.20471883949358e-05
1.0,1,0.9964242577552795
0.0,0,0.00513271102681756
0.0,0,0.09354650974273682
0.0,0,0.08852028101682663
0.0,0,0.0020147303584963083
0.0,0,0.0024323181714862585
0.0,0,0.007990670390427113
0.0,0,2.4077568014035933e-05
0.0,1,0.47153395414352417
0.0,0,0.0022798997815698385
0.0,0,3.99521341023501e-05
1.0,1,0.8872854709625244
0.0,0,3.854859471630334e-07
0.0,1,0.7550743818283081
0.0,0,0.0019119613571092486
1.0,0,0.24034804105758667
0.0,0,0.00011041000107070431
0.0,0,0.0034560319036245346
1.0,0,0.009967958554625511
1.0,1,0.9618229269981384
0.0,0,0.0037044519558548927
1.0,1,0.9905134439468384
0.0,0,0.013434870168566704
0.0,0,3.375918367964914e-06
0.0,0,0.08072520047426224
0.0,0,0.0048802695237100124
0.0,1,0.53470778465271
0.0,0,0.020511463284492493
0.0,0,0.017963510006666183
1.0,1,0.9279613494873047
1.0,1,0.5407336950302124
0.0,0,0.0651111751794815
0.0,0,0.03423936665058136
1.0,1,0.9935988187789917
0.0,0,0.0002546123578213155
0.0,0,0.01069224439561367
1.0,1,0.9999916553497314
0.0,0,0.0014824153622612357
1.0,1,0.9997263550758362
1.0,1,0.9999690055847168
1.0,1,0.7953452467918396
1.0,1,0.9865809679031372
1.0,1,0.8162228465080261
1.0,1,0.9823054671287537
0.0,0,0.19980181753635406
0.0,0,0.0004474972956813872
0.0,0,0.016235001385211945
0.0,1,0.6510040760040283
0.0,0,0.033546749502420425
0.0,0,2.7253079679212533e-05
0.0,1,0.6729927062988281
1.0,1,0.782499372959137
1.0,1,0.9996731281280518
0.0,0,0.007448288612067699
0.0,0,0.0007717902190051973
0.0,0,0.009427209384739399
0.0,0,0.39898011088371277
1.0,1,0.9849268198013306
1.0,1,0.7119983434677124
0.0,0,0.0007605503196828067
1.0,1,0.8837011456489563
1.0,1,0.9961205124855042
0.0,0,0.13778163492679596
1.0,1,0.9987329840660095
0.0,0,0.011632817797362804
0.0,1,0.8744714856147766
0.0,0,5.79186889808625e-05
1.0,1,0.9926272034645081
0.0,0,0.0024383999407291412
0.0,0,0.025386443361639977
0.0,0,0.004132264293730259
0.0,0,0.3574410378932953
1.0,1,0.9886272549629211
0.0,0,9.603279613656923e-05
1.0,1,0.999974250793457
0.0,0,0.017660364508628845
0.0,0,0.002782693598419428
0.0,0,0.0016543532256036997
0.0,0,3.524784551700577e-05
0.0,0,0.0011397163616493344
0.0,0,0.00712311128154397
0.0,0,0.11922348290681839
1.0,1,0.9997896552085876
1.0,1,0.7880697250366211
1.0,1,0.9999126195907593
0.0,0,7.287511107278988e-05
0.0,0,0.0268800500780344
0.0,0,0.0003327825106680393
0.0,0,0.002279113745316863
0.0,1,0.9439635872840881
0.0,0,0.17644184827804565
1.0,1,0.9872919321060181
0.0,0,0.000274637364782393
1.0,1,0.40069010853767395
0.0,0,0.0033921808935701847
1.0,1,0.9744428396224976
1.0,1,0.6850194931030273
0.0,0,0.002282005036249757
1.0,0,0.0465901717543602
1.0,0,0.07139181345701218
0.0,0,0.04842761904001236
1.0,1,0.9977176189422607
1.0,0,0.011540953069925308
1.0,1,0.9999887943267822
0.0,1,0.9992374181747437
0.0,0,0.001259510056115687
0.0,1,0.5275111794471741
1.0,1,0.8580980896949768
0.0,0,0.33303582668304443
0.0,0,0.00792787317186594
0.0,0,0.0037134820595383644
1.0,1,0.9742144346237183
0.0,1,0.7302188277244568
1.0,0,0.011133336462080479
0.0,0,0.31614264845848083
0.0,0,2.1359917809604667e-05
1.0,1,0.9782040119171143
1.0,1,0.9493223428726196
0.0,0,0.00016383826732635498
1.0,1,0.9805991649627686
0.0,0,0.0021436112001538277
0.0,0,0.00018194351287093014
1.0,1,0.9775379300117493
0.0,0,0.0005585728213191032
0.0,0,0.008811174891889095
1.0,1,0.9990298748016357
0.0,0,0.003295230446383357
0.0,0,0.0009832109790295362
1.0,1,0.9986125230789185
1.0,1,0.9761834740638733
0.0,0,0.23870104551315308
0.0,0,0.0983925312757492
1.0,1,0.9891585111618042
1.0,1,0.9834873080253601
0.0,0,4.085949694854207e-05
1.0,1,0.9998252987861633
0.0,0,0.16191630065441132
0.0,0,0.056171488016843796
1.0,1,0.9999583959579468
1.0,1,0.9998867511749268
0.0,0,5.773841985501349e-05
1.0,1,0.9956900477409363
1.0,1,0.9985033273696899
1.0,1,0.8437275290489197
1.0,1,0.9999901056289673
1.0,1,0.9998925924301147
1.0,0,0.0038893395103514194
0.0,0,4.653601536119822e-06
1.0,1,0.9824001789093018
0.0,0,0.08185505867004395
0.0,1,0.84596848487854
0.0,0,1.5571717085549608e-05
0.0,0,0.00020371579739730805
0.0,0,0.000830379722174257
0.0,0,6.119764293543994e-05
0.0,0,0.020195776596665382
0.0,0,6.544715870404616e-05
0.0,0,0.018336443230509758
0.0,0,0.00012551715190056711
0.0,0,0.00022357747366186231
1.0,1,0.5373387336730957
0.0,0,0.017673596739768982
0.0,0,0.008526361547410488
0.0,0,0.0825066789984703
1.0,1,0.4835238456726074
0.0,0,0.11350174248218536
0.0,0,0.21868294477462769
1.0,1,0.9999833106994629
1.0,1,0.9921764731407166
1.0,1,0.9528242945671082
0.0,0,0.07797984778881073
0.0,0,0.0009547430672682822
0.0,0,0.02738093212246895
0.0,0,0.0029694437980651855
1.0,1,0.43186402320861816
0.0,0,6.836293323431164e-05
0.0,0,0.04769102483987808
0.0,0,0.00013191210746299475
1.0,1,0.9996297359466553
0.0,0,0.000532929552718997
0.0,0,0.18474765121936798
0.0,0,0.01988385058939457
1.0,0,0.28478413820266724
0.0,0,0.0005043385899625719
1.0,1,0.9970963001251221
0.0,0,6.96001916367095e-06
1.0,1,0.990568220615387
1.0,0,0.0031861993484199047
1.0,1,0.9979178309440613
1.0,1,0.9913747906684875
0.0,0,0.00015496299602091312
0.0,0,0.0008688055677339435
1.0,1,0.9920784831047058
1.0,0,0.3890736997127533
0.0,0,0.11963798850774765
0.0,0,7.8183387813624e-05
0.0,0,0.002547780517488718
0.0,0,0.0090787373483181
1.0,1,0.9715979695320129
0.0,0,0.001143920118920505
1.0,1,0.999913215637207
1.0,1,0.7013972997665405
0.0,1,0.5491365790367126
1.0,1,0.9996174573898315
0.0,0,0.0063179172575473785
0.0,0,0.00016110893920995295
0.0,0,0.16616392135620117
0.0,0,0.0029058922082185745
1.0,1,0.9998546838760376
1.0,0,0.0013545551337301731
1.0,1,0.9986317753791809
1.0,1,0.9272971153259277
1.0,1,0.9997171759605408
0.0,0,0.00015949999215081334
1.0,1,0.9997567534446716
1.0,1,0.5345995426177979
0.0,0,0.00013452221173793077
1.0,0,0.10751708596944809
0.0,0,6.33452509646304e-05
1.0,0,0.23715342581272125
1.0,1,0.9989281296730042
0.0,0,0.02208603173494339
0.0,0,0.013909467495977879
0.0,0,0.00019773458188865334
0.0,0,0.010117342695593834
1.0,1,0.997995138168335
0.0,0,0.0007206285372376442
0.0,0,5.6957211199915037e-05
0.0,0,0.006167264189571142
0.0,0,0.0031438786536455154
1.0,1,0.9892375469207764
1.0,1,0.9995961785316467
0.0,0,4.489972343435511e-05
1.0,1,0.9991402626037598
0.0,1,0.8961204886436462
1.0,1,0.9999814033508301
1.0,1,0.9997702240943909
0.0,0,0.0009907193016260862
1.0,1,0.9999872446060181
0.0,0,0.12802481651306152
1.0,1,0.996383547782898
0.0,0,0.00011619102588156238
0.0,0,0.06756309419870377
0.0,0,0.00014821872173342854
0.0,1,0.9085537791252136
0.0,0,0.033797089010477066
0.0,0,0.015016842633485794
1.0,1,0.9999626874923706
0.0,0,7.670713966945186e-05
0.0,0,3.623231532401405e-05
0.0,0,0.0001032171057886444
1.0,1,0.9643237590789795
1.0,1,0.9982201457023621
1.0,1,0.9963511228561401
1.0,1,0.9996633529663086
0.0,0,0.006277009844779968
1.0,1,0.9863663911819458
0.0,0,0.13492633402347565
0.0,0,0.07098711282014847
0.0,0,0.00021268913405947387
1.0,1,0.6256604194641113
0.0,1,0.9357694387435913
0.0,0,4.947640627506189e-05
1.0,0,0.01630987413227558
0.0,0,0.00031747427419759333
0.0,0,0.00023756595328450203
0.0,0,0.0003650945727713406
1.0,1,0.9424599409103394
0.0,0,0.000742151984013617
1.0,1,0.9940469264984131
0.0,0,6.028728307683195e-07
1.0,1,0.9941328167915344
0.0,0,0.0007548501016572118
0.0,1,0.9419910311698914
0.0,0,0.003498770296573639
0.0,0,9.967845471692272e-06
1.0,1,0.9878420829772949
1.0,1,0.999081015586853
0.0,0,0.0008010135497897863
0.0,1,0.9801567792892456
1.0,0,0.0039717452600598335
0.0,0,0.14773578941822052
1.0,0,0.0644330233335495
1.0,1,0.8170758485794067
0.0,0,0.04811735078692436
0.0,0,0.14798852801322937
1.0,1,0.999997615814209
0.0,0,0.005335876252502203
0.0,1,0.4787941873073578
1.0,1,0.9147695899009705
1.0,1,0.9928673505783081
0.0,0,0.0014262335607782006
1.0,1,0.8902612924575806
0.0,0,0.0007896522292867303
0.0,0,0.01164743211120367
1.0,1,0.8493692874908447
0.0,0,0.0005766903632320464
0.0,0,0.0008611628436483443
0.0,1,0.4484647810459137
0.0,0,0.005350587423890829
0.0,0,0.007219173014163971
0.0,0,0.07198186218738556
0.0,0,5.453011453937506e-06
0.0,0,0.08560840785503387
1.0,1,0.9982640147209167
0.0,0,0.10511244833469391
0.0,1,0.9799134731292725
0.0,0,5.019405762141105e-07
1.0,1,0.9834396243095398
1.0,1,0.9999094009399414
0.0,0,0.00010753377864602953
1.0,1,0.9998106360435486
0.0,0,0.0005128781194798648
1.0,0,0.00048634278937242925
1.0,1,0.998471200466156
0.0,0,0.0009452721569687128
1.0,1,0.8524258136749268
0.0,0,0.00045419338857755065
0.0,0,0.2740526497364044
0.0,0,0.00017658308206591755
1.0,1,0.9993368983268738
1.0,1,0.9942865967750549
1.0,1,0.9954559803009033
0.0,0,0.0009919494623318315
0.0,0,0.001819761237129569
1.0,1,0.8730796575546265
0.0,0,0.00026985991280525923
1.0,1,0.9999480247497559
0.0,0,6.438262789743021e-05
1.0,1,0.9995459914207458
0.0,0,0.26354342699050903
1.0,1,0.9971317052841187
1.0,1,0.9988960027694702
0.0,0,0.022419409826397896
1.0,1,0.9977374076843262
0.0,0,7.766124326735735e-05
0.0,0,4.464671405912668e-07
0.0,0,0.0001834807771956548
0.0,0,0.007269043941050768
0.0,0,0.09772422909736633
1.0,1,0.9997192025184631
0.0,0,0.0008598201675340533
1.0,1,0.9987530708312988
0.0,0,0.002506824443116784
0.0,0,2.0074157873750664e-05
1.0,1,0.9656981825828552
1.0,0,0.3843867778778076
0.0,0,0.0020550780463963747
1.0,1,0.9985963702201843
0.0,0,0.012800494208931923
1.0,1,0.9943331480026245
0.0,0,0.00855046883225441
1.0,1,0.9993498921394348
0.0,0,0.0002466165169607848
0.0,0,0.00024072481028269976
1.0,1,0.9993470311164856
0.0,0,0.24850814044475555
1.0,1,0.9995611310005188
1.0,1,0.8520857095718384
0.0,0,7.128259085220634e-07
1.0,1,0.9993622899055481
0.0,0,0.008891901932656765
0.0,0,0.01530122384428978
0.0,0,0.007445930037647486
0.0,0,7.247875328175724e-05
0.0,0,0.004112877883017063
0.0,0,0.015761591494083405
0.0,0,0.337689071893692
0.0,0,0.00014687218936160207
1.0,1,0.9991446733474731
1.0,1,0.982041597366333
0.0,0,0.00029045258997939527
1.0,1,0.9993975162506104
0.0,0,0.010702725499868393
0.0,1,0.9699043035507202
1.0,1,0.9583233594894409
1.0,1,0.8093743324279785
0.0,0,0.03677317127585411
0.0,0,0.004439253360033035
1.0,1,0.9882897138595581
1.0,1,0.9943938255310059
1.0,1,0.9999791383743286
0.0,0,9.502928151050583e-05
1.0,0,0.24902008473873138
0.0,1,0.9938331842422485
1.0,1,0.999942421913147
1.0,1,0.9955883026123047
0.0,0,0.18227612972259521
1.0,1,0.9472636580467224
1.0,1,0.8655016422271729
0.0,0,3.411933721508831e-05
0.0,0,0.267922043800354
0.0,0,0.006431143265217543
0.0,0,0.0028889914974570274
1.0,0,0.11791091412305832
0.0,0,0.0008243344491347671
0.0,0,0.0017131281783804297
1.0,1,0.9999843835830688
1.0,1,0.9874650239944458
1.0,1,0.9999125003814697
0.0,0,0.05616307631134987
0.0,0,0.0037221999373286963
0.0,0,0.1988457292318344
0.0,0,0.005222891923040152
1.0,1,0.9902535080909729
1.0,1,0.9981912970542908
0.0,1,0.6544903516769409
1.0,1,0.9998316764831543
1.0,1,0.9999603033065796
0.0,0,0.0007146260468289256
0.0,0,0.0022269724868237972
1.0,1,0.9964599013328552
0.0,0,0.0009368900791741908
0.0,1,0.7411474585533142
0.0,0,0.09629753232002258
1.0,1,0.9249773025512695
1.0,1,0.9974476099014282
0.0,0,1.7129594198195264e-05
0.0,0,0.00015290371084120125
0.0,0,0.0010590542806312442
0.0,0,0.0007968787103891373
0.0,0,0.0021194235887378454
0.0,0,0.0018160890322178602
0.0,0,0.00011581548460526392
0.0,0,0.005843799095600843
1.0,1,0.9924581050872803
0.0,0,0.002013406716287136
0.0,0,0.019938135519623756
0.0,0,0.0072126248851418495
0.0,0,0.004284672439098358
1.0,0,0.019535763189196587
0.0,0,0.08055956661701202
0.0,0,0.0025257812812924385
1.0,1,0.8840237855911255
0.0,0,0.0019355199765414
0.0,1,0.6563735008239746
0.0,0,0.00011250723036937416
1.0,1,0.998198926448822
1.0,1,0.9959847927093506
1.0,1,0.9980924725532532
0.0,0,0.0778275579214096
1.0,1,0.9920974969863892
0.0,0,0.00016566224803682417
0.0,0,0.0003492820542305708
1.0,0,0.040159422904253006
0.0,0,0.00026225458714179695
0.0,0,0.0005731594865210354
0.0,0,0.0005809258436784148
1.0,1,0.4935871362686157
0.0,0,0.0002470820618327707
1.0,1,0.9903141856193542
0.0,1,0.7506095767021179
0.0,0,3.63233948519337e-06
0.0,0,0.00016257060633506626
1.0,1,0.9995538592338562
1.0,1,0.9875956773757935
0.0,0,0.0010903016664087772
0.0,0,0.0001552703615743667
1.0,1,0.999968409538269
1.0,1,0.9994164705276489
0.0,0,0.023092597723007202
0.0,0,0.004183552693575621
1.0,1,0.9923338890075684
0.0,0,0.0002161805605283007
0.0,0,0.06291915476322174
1.0,1,0.9982411861419678
0.0,1,0.9659879207611084
0.0,0,0.00031432227115146816
1.0,1,0.9971049427986145
0.0,0,1.5542653272859752e-05
1.0,1,0.9993396401405334
1.0,1,0.9798378944396973
0.0,0,0.0008202895987778902
1.0,1,0.9994685053825378
1.0,1,0.9894857406616211
1.0,1,0.7153995633125305
1.0,1,0.9999173879623413
0.0,0,0.001109219854697585
0.0,1,0.7083144187927246
0.0,0,0.0009740995592437685
1.0,0,0.025325467810034752
1.0,1,0.776102602481842
0.0,0,0.08923718333244324
1.0,1,0.9994648098945618
1.0,1,0.9366547465324402
1.0,0,2.9631175493705086e-05
0.0,0,0.0008191652013920248
0.0,0,0.003178882412612438
0.0,0,0.022728027775883675
0.0,0,0.0008342360379174352
1.0,0,0.002786559984087944
1.0,1,0.8591806888580322
0.0,1,0.7657469511032104
1.0,1,0.8615059852600098
0.0,0,0.12440350651741028
0.0,0,0.0006272044847719371
0.0,0,0.18613386154174805
0.0,0,0.010419252328574657
0.0,0,0.0005311002023518085
0.0,0,0.00010782764729810879
0.0,0,0.025705499574542046
0.0,0,0.00013074673188384622
1.0,1,0.9998015761375427
1.0,1,0.9987976551055908
0.0,0,3.8307356589939445e-05
0.0,1,0.5052685737609863
1.0,1,0.997384250164032
0.0,0,2.9948501833132468e-05
0.0,0,0.005918389186263084
1.0,1,0.9609968662261963
0.0,0,0.016940457746386528
0.0,0,0.0019656107760965824
0.0,0,0.026864375919103622
0.0,0,0.0014717052690684795
0.0,0,0.005846941377967596
0.0,0,2.376900738454424e-05
1.0,1,0.9851081967353821
1.0,1,0.9950233697891235
0.0,0,0.01997397467494011
0.0,0,0.00014458845544140786
0.0,0,0.00011510709737194702
1.0,1,0.9989219903945923
0.0,0,0.16942046582698822
1.0,1,0.9999386072158813
1.0,0,0.027924805879592896
1.0,1,0.9566121101379395
0.0,0,0.018583567813038826
1.0,1,0.9994055032730103
0.0,0,0.0004447827523108572
0.0,0,0.00041053397580981255
0.0,0,0.004041855223476887
1.0,1,0.7563666105270386
1.0,1,0.9959508180618286
1.0,1,0.9954710006713867
0.0,0,0.0005524021107703447
0.0,0,0.0022946640383452177
0.0,0,0.0003553400165401399
0.0,0,0.0009867168264463544
0.0,0,0.003311078529804945
1.0,0,0.25390222668647766
1.0,1,0.9999622106552124
1.0,1,0.9956511855125427
0.0,1,0.928138017654419
0.0,1,0.6564319729804993
0.0,0,0.013534127734601498
0.0,0,1.3505510878530913e-06
0.0,0,1.8327924408367835e-05
0.0,0,0.001325851073488593
0.0,0,0.003441150765866041
0.0,0,0.0029699832666665316
0.0,0,0.00016826740466058254
0.0,0,0.00018208078108727932
1.0,0,0.34198057651519775
0.0,1,0.8037522435188293
0.0,0,0.00349648529663682
0.0,0,0.0006810315535403788
0.0,0,0.0005564865423366427
0.0,0,0.026135383173823357
0.0,0,9.077122376766056e-05
1.0,1,0.6466661691665649
1.0,1,0.9999397993087769
0.0,0,0.0005171866505406797
0.0,0,0.0038018296472728252
0.0,0,0.0002821085508912802
0.0,0,0.029255950823426247
0.0,0,0.00015495059778913856
1.0,1,0.9989985823631287
0.0,0,0.004714382812380791
0.0,0,5.175155820325017e-05
0.0,1,0.9999731779098511
1.0,1,0.6373685002326965
1.0,1,0.7790574431419373
1.0,1,0.9994681477546692
0.0,0,6.752234185114503e-05
1.0,1,0.9998341798782349
0.0,0,0.0011487685842439532
1.0,1,0.9998741149902344
0.0,0,0.06120893359184265
0.0,0,0.0021626069210469723
0.0,0,9.878505079541355e-05
0.0,0,0.04362301528453827
1.0,1,0.9993082284927368
0.0,0,0.008283114060759544
1.0,1,0.9996554851531982
1.0,1,0.9751987457275391
0.0,0,0.1319255232810974
1.0,1,0.6182663440704346
1.0,0,0.0021201041527092457
1.0,1,0.99953293800354
0.0,0,0.0005605298792943358
0.0,0,0.00033588206861168146
0.0,0,0.00010205063153989613
0.0,0,5.959917416475946e-06
1.0,1,0.9999780654907227
0.0,0,0.10870181024074554
0.0,1,0.7164430618286133
1.0,1,0.9988908171653748
0.0,0,0.0023315029684454203
0.0,0,0.05759607255458832
0.0,0,0.2186000943183899
1.0,1,0.9959790706634521
0.0,0,2.877511542465072e-05
1.0,1,0.9856874346733093
1.0,1,0.8310143351554871
0.0,0,0.001039183815009892
1.0,1,0.7882061004638672
0.0,0,0.026977546513080597
0.0,0,4.8687645175959915e-05
1.0,0,0.020099829882383347
0.0,0,0.3960586488246918
0.0,0,3.42202911269851e-05
0.0,0,0.07986655831336975
0.0,0,0.0006518802838400006
1.0,1,0.9899617433547974
0.0,0,0.0009078861330635846
1.0,1,0.9892304539680481
1.0,1,0.9733023643493652
0.0,0,0.021908333525061607
0.0,1,0.46747952699661255
1.0,1,0.9988405108451843
1.0,1,0.9823557734489441
0.0,0,1.5383273421321064e-05
0.0,0,0.0015744331758469343
0.0,0,0.039066776633262634
0.0,0,0.017984794452786446
1.0,1,0.999998927116394
1.0,1,0.9948252439498901
1.0,1,0.996391236782074
1.0,1,0.7056222558021545
0.0,0,0.0002943435974884778
0.0,0,0.010720622725784779
1.0,1,0.9893282055854797
0.0,0,0.00048729870468378067
1.0,1,0.5153370499610901
0.0,0,0.0033791549503803253
0.0,0,1.0745186045824084e-05
1.0,1,0.9999523162841797
0.0,0,7.466210081474856e-05
0.0,0,4.525962867774069e-05
0.0,0,5.008346488466486e-05
1.0,0,0.36352789402008057
0.0,1,0.8167445659637451
0.0,0,0.00014089867181610316
0.0,0,0.012947021052241325
0.0,1,0.9754079580307007
0.0,0,0.05248849093914032
0.0,0,0.00017521549307275563
0.0,1,0.7560491561889648
0.0,0,6.505123747047037e-05
1.0,1,0.7857586145401001
0.0,0,0.21684305369853973
1.0,1,0.9968026876449585
0.0,0,0.001924829208292067
0.0,0,0.001707342336885631
0.0,0,0.013753706589341164
1.0,1,0.9017084240913391
1.0,0,0.14646244049072266
0.0,0,0.001632415922358632
0.0,1,0.4109455347061157
0.0,0,0.0006984772626310587
1.0,1,0.999448835849762
1.0,1,0.8541098237037659
1.0,1,0.705085277557373
1.0,1,0.7901171445846558
0.0,0,0.002032072748988867
1.0,1,0.9996646642684937
1.0,1,0.8550405502319336
1.0,1,0.9483347535133362
0.0,1,0.4152401387691498
1.0,1,0.9401461482048035
1.0,1,0.9995960593223572
0.0,0,0.0006802644929848611
1.0,1,0.9984118938446045
0.0,0,0.104200080037117
0.0,0,0.002629815833643079
0.0,0,0.0009016916155815125
0.0,0,0.004949220921844244
1.0,1,0.9994400143623352
0.0,0,1.3638627024192829e-05
1.0,1,0.987871527671814
1.0,1,0.9992848038673401
0.0,0,0.0034619176294654608
1.0,1,0.9999216794967651
0.0,0,0.006644451059401035
0.0,0,0.0006760699325241148
0.0,0,1.2595541193149984e-05
1.0,1,0.9901562929153442
0.0,0,0.0032847044058144093
0.0,0,0.3798769414424896
0.0,0,0.003579151351004839
0.0,0,0.04710157588124275
1.0,1,0.9062395095825195
0.0,0,0.047495972365140915
0.0,0,0.0026404946111142635
0.0,0,0.005724709946662188
1.0,1,0.9980053305625916
0.0,1,0.9409551024436951
0.0,0,6.64405306451954e-05
0.0,1,0.5497429966926575
0.0,0,0.0019206685246899724
1.0,1,0.9489649534225464
0.0,0,1.2260256880836096e-05
0.0,0,0.0034723631106317043
0.0,0,0.002791958162561059
1.0,1,0.9666714668273926
0.0,0,0.0012685214169323444
0.0,0,0.06301191449165344
0.0,0,0.0699223205447197
1.0,1,0.8877408504486084
1.0,1,0.8706658482551575
1.0,1,0.9830962419509888
1.0,0,0.0001102780515793711
0.0,1,0.9896149635314941
0.0,0,0.12288523465394974
0.0,0,7.236494275275618e-05
0.0,0,0.002434513997286558
1.0,1,0.9933398365974426
0.0,0,5.8174668993160594e-06
0.0,0,0.000770391954574734
1.0,1,0.9998781681060791
0.0,0,0.027422703802585602
0.0,0,0.04022979363799095
1.0,1,0.9988570213317871
1.0,1,0.791861891746521
0.0,1,0.581669270992279
0.0,0,0.1819181591272354
0.0,0,0.01778356358408928
1.0,1,0.9998695850372314
0.0,0,0.01308255735784769
0.0,0,0.0009456158732064068
0.0,0,0.0007022637291811407
1.0,1,0.9999964237213135
1.0,1,0.998598039150238
0.0,0,6.601143240914098e-07
1.0,1,0.9996588230133057
1.0,0,0.06172956898808479
1.0,1,0.9215781688690186
0.0,0,0.00016186590073630214
0.0,0,0.10302509367465973
1.0,0,0.008588217198848724
1.0,1,0.9998728036880493
0.0,0,0.00011161188740516081
0.0,0,0.08490169793367386
0.0,0,0.008671795018017292
1.0,1,0.99978107213974
1.0,1,0.9997376799583435
0.0,0,0.17051376402378082
1.0,1,0.9997275471687317
0.0,0,0.00180138205178082
0.0,0,0.00036514000385068357
0.0,0,1.999244705075398e-05
0.0,0,0.0033878139220178127
1.0,1,0.9535058736801147
0.0,0,0.09150253236293793
1.0,1,0.9956662654876709
1.0,1,0.9802986979484558
1.0,1,0.9993798732757568
1.0,0,0.005074826534837484
0.0,1,0.9314665794372559
0.0,1,0.5532910823822021
0.0,0,0.0010605701245367527
0.0,0,0.009297531098127365
0.0,0,0.04970714822411537
0.0,0,0.003557517658919096
1.0,0,0.003863537684082985
1.0,0,0.005731023848056793
0.0,0,0.00012255157344043255
0.0,0,0.002074318937957287
1.0,1,0.9866726398468018
1.0,0,0.3674047887325287
1.0,1,0.7785727977752686
1.0,0,0.0001221531565533951
0.0,0,1.2115597201045603e-05
0.0,0,5.0340597226750106e-05
0.0,0,2.6713611077866517e-05
0.0,0,5.456689905258827e-05
1.0,1,0.9998581409454346
1.0,1,0.770905613899231
1.0,1,0.9999589920043945
0.0,0,3.6826011751145415e-07
0.0,1,0.8327237963676453
1.0,1,0.999233603477478
1.0,0,0.31716591119766235
0.0,0,0.0019427587976679206
0.0,0,0.0035608152393251657
1.0,1,0.9757541418075562
1.0,1,0.895670473575592
0.0,0,0.012942779809236526
0.0,1,0.9953723549842834
1.0,1,0.9998694658279419
1.0,1,0.7211913466453552
0.0,0,0.00023995163792278618
0.0,1,0.46695056557655334
1.0,1,0.6563774347305298
0.0,0,7.646044105058536e-05
0.0,0,0.0013811278622597456
1.0,1,0.999605119228363
0.0,0,0.003774946788325906
1.0,1,0.864235520362854
0.0,0,1.6486206732224673e-05
0.0,0,0.00047682964941486716
1.0,1,0.9995785355567932
1.0,1,0.9727984070777893
1.0,1,0.8578461408615112
0.0,0,9.047989806276746e-07
0.0,0,3.7786339817103e-05
1.0,1,0.7389151453971863
0.0,0,0.03702155873179436
0.0,0,0.03279085084795952
0.0,0,0.04604921117424965
0.0,0,0.0021727681159973145
0.0,0,0.0008079569670371711
0.0,0,0.00024510431103408337
0.0,0,0.007259347941726446
0.0,0,0.001229830551892519
0.0,1,0.9125506281852722
1.0,1,0.7074623703956604
1.0,1,0.9999828338623047
0.0,1,0.44148245453834534
0.0,0,0.11073615401983261
0.0,0,0.0004631096380762756
0.0,0,0.1183285191655159
1.0,1,0.9959623217582703
1.0,1,0.7334858775138855
1.0,1,0.6366047859191895
0.0,1,0.9998235106468201
0.0,0,0.0015606411034241319
0.0,0,0.0036801223177462816
0.0,1,0.48422548174858093
1.0,1,0.9981862902641296
0.0,0,0.1993371695280075
1.0,1,0.9816710948944092
1.0,1,0.9888114929199219
1.0,1,0.9021112322807312
1.0,1,0.9999233484268188
0.0,0,0.0011651093373075128
0.0,0,0.002193187829107046
1.0,1,0.9935564398765564
0.0,0,0.12238550186157227
0.0,0,5.6561817473266274e-05
1.0,1,0.9967604279518127
1.0,1,0.9999388456344604
0.0,0,0.0010441193589940667
0.0,0,0.03626585751771927
0.0,0,0.0004476155445445329
1.0,1,0.8563901782035828
0.0,0,0.0009248837595805526
0.0,0,0.014301596209406853
1.0,1,0.9618921875953674
1.0,1,0.9985962510108948
0.0,0,0.39562395215034485
0.0,0,0.010782354511320591
0.0,0,0.34386736154556274
0.0,0,0.0008052656194195151
0.0,0,0.002255234168842435
0.0,0,1.165199932984251e-06
0.0,0,5.782895186712267e-06
1.0,1,0.9805983304977417
0.0,0,0.0008680458995513618
1.0,1,0.9999222755432129
1.0,1,0.9975854158401489
0.0,0,0.002338796854019165
1.0,1,0.9273664355278015
1.0,1,0.997927188873291
0.0,0,0.0679713562130928
1.0,1,0.9936244487762451
0.0,0,0.00016505726671312004
0.0,0,6.629964627791196e-05
0.0,0,0.0013626465806737542
1.0,1,0.9997414946556091
0.0,0,0.07824970036745071
0.0,0,0.012968817725777626
1.0,1,0.9772700071334839
0.0,0,0.0002858038933482021
0.0,0,0.00013968348503112793
0.0,0,0.19988186657428741
0.0,1,0.4068189859390259
1.0,1,0.806779682636261
1.0,1,0.9968354105949402
1.0,1,0.9927123785018921
1.0,1,0.9976983666419983
0.0,1,0.4888748824596405
0.0,0,0.008959636092185974
1.0,1,0.9991669654846191
0.0,0,0.0006949777598492801
0.0,0,0.00027434321236796677
0.0,1,0.9209393262863159
0.0,0,3.454627949395217e-05
0.0,0,0.00014167791232466698
0.0,0,0.31151336431503296
0.0,1,0.9999731779098511
0.0,0,0.0006979386089369655
0.0,0,0.012410219758749008
1.0,1,0.9911754131317139
0.0,0,0.07776744663715363
0.0,0,0.0002308238617843017
1.0,1,0.999993085861206
0.0,0,0.027756527066230774
1.0,1,0.9955267310142517
0.0,0,0.011398058384656906
1.0,1,0.9994677901268005
0.0,0,0.291927307844162
0.0,0,0.11316017061471939
0.0,0,0.00457842368632555
0.0,0,1.6412854165537283e-05
0.0,0,0.0038801764603704214
0.0,0,0.0005116491229273379
1.0,1,0.9997674822807312
0.0,0,0.003586402628570795
0.0,0,0.006776345893740654
1.0,1,0.9999946355819702
1.0,1,0.9991111159324646
1.0,0,0.0026092426851391792
0.0,1,0.8882047533988953
0.0,0,6.056684287614189e-05
0.0,0,0.13275204598903656
1.0,1,0.9943209886550903
0.0,0,0.0695289894938469
1.0,1,0.9946481585502625
1.0,0,0.05840706825256348
1.0,1,0.9956153631210327
0.0,0,0.00016668695025146008
0.0,0,0.004056914709508419
0.0,0,0.0034300994593650103
0.0,0,0.023725362494587898
1.0,1,0.99169921875
0.0,0,0.05309474095702171
0.0,0,0.001500578480772674
0.0,0,0.042349375784397125
0.0,0,0.0005934776272624731
0.0,1,0.9999992847442627
1.0,1,0.9934383034706116
0.0,0,0.0006495644920505583
1.0,1,0.9983331561088562
0.0,0,7.768975774524733e-05
0.0,0,0.004111926071345806
1.0,1,0.9661209583282471
0.0,0,0.0036195472348481417
1.0,1,0.999976634979248
0.0,0,0.00025497772730886936
1.0,1,0.9997277855873108
0.0,0,6.66657342662802e-06
0.0,0,0.009053951129317284
1.0,1,0.9993602633476257
1.0,0,0.3155319094657898
0.0,0,0.0006814688094891608
0.0,0,1.2828540093323682e-05
0.0,0,0.0010230770567432046
0.0,0,1.8458833437762223e-05
1.0,1,0.9999336004257202
0.0,0,0.0001355523127131164
1.0,1,0.9998725652694702
0.0,0,0.0016289420891553164
1.0,1,0.8839811682701111
1.0,1,0.999995231628418
1.0,1,1.0
1.0,1,0.9999936819076538
1.0,1,0.9218984246253967
1.0,1,0.9998142123222351
0.0,0,0.0005672751576639712
1.0,1,0.9999743700027466
0.0,0,5.243201030680211e-06
1.0,1,0.999943733215332
0.0,0,0.000606974062975496
1.0,1,0.9968571662902832
1.0,1,0.9971433281898499
0.0,0,0.0024956294801086187
0.0,1,0.5816512703895569
0.0,0,0.0003763164859265089
0.0,0,1.851643332884123e-06
1.0,1,0.9940167665481567
1.0,1,0.9998805522918701
0.0,0,0.0019790404476225376
1.0,1,0.9999732971191406
0.0,0,0.0004188142193015665
0.0,0,3.821161953965202e-05
1.0,1,0.8779295682907104
0.0,0,0.0015965111088007689
0.0,0,5.8058481954503804e-05
1.0,1,0.8224505186080933
0.0,0,0.24065211415290833
0.0,0,1.612119740457274e-05
0.0,0,9.525718633085489e-05
0.0,0,0.0041761696338653564
1.0,1,0.9820489287376404
1.0,1,0.43110910058021545
1.0,1,0.9854487776756287
0.0,0,0.05056000128388405
0.0,0,0.08242803066968918
0.0,0,0.017688702791929245
1.0,0,3.665823896881193e-05
0.0,0,0.02320260927081108
1.0,1,0.9541516304016113
0.0,0,0.005784374661743641
0.0,0,0.01754741184413433
0.0,1,0.9406396150588989
1.0,1,0.998235821723938
0.0,0,0.0013872695853933692
1.0,1,0.9999934434890747
0.0,0,0.003928415477275848
1.0,1,0.7652626633644104
0.0,0,0.0001530179288238287
1.0,1,0.6496256589889526
1.0,0,0.003648573998361826
0.0,0,0.001318689901381731
1.0,1,0.9999831914901733
1.0,1,0.6020110845565796
1.0,1,0.9999992847442627
1.0,1,0.9952418804168701
1.0,1,0.9998944997787476
0.0,0,0.001184491440653801
0.0,1,0.9371336102485657
0.0,0,0.010911725461483002
0.0,0,0.00018476782133802772
1.0,1,0.9941685199737549
1.0,0,0.16584667563438416
1.0,1,0.9994794726371765
1.0,1,0.9872338771820068
0.0,0,0.0016955932369455695
1.0,1,0.9998490810394287
0.0,0,0.00959798227995634
0.0,0,0.0011851427843794227
0.0,0,0.15019898116588593
0.0,0,0.000885129498783499
0.0,0,0.0013859000755473971
0.0,0,0.0068982066586613655
0.0,0,0.0018236354226246476
0.0,0,0.0019048062385991216
1.0,1,0.9998601675033569
0.0,1,0.641248345375061
0.0,0,9.937954018823802e-05
0.0,0,3.8452588341897354e-05
1.0,1,0.9768916964530945
0.0,0,0.000535867060534656
0.0,0,0.14425750076770782
0.0,0,0.011137641966342926
1.0,1,0.9987066984176636
1.0,1,0.9957994818687439
0.0,0,0.0074837892316281796
0.0,0,0.017205752432346344
0.0,0,0.11243820935487747
1.0,1,0.9936726093292236
0.0,0,0.37870848178863525
0.0,0,7.15890064384439e-06
1.0,1,0.9898465275764465
0.0,0,0.0003218446800019592
0.0,0,4.854120561503805e-06
0.0,0,0.00030580631573684514
0.0,0,9.256674820790067e-05
1.0,0,0.2468242347240448
0.0,0,0.009859524667263031
0.0,0,8.829963189782575e-05
1.0,0,0.06336575001478195
0.0,0,0.003850054694339633
1.0,1,0.9994679093360901
1.0,0,0.3096393346786499
0.0,0,0.10124219954013824
0.0,0,0.004351857118308544
0.0,0,4.323354005464353e-06
0.0,0,0.0005628209328278899
0.0,0,0.004375313874334097
0.0,0,0.005979766137897968
1.0,0,0.116277776658535
0.0,0,0.01311291940510273
1.0,1,0.9999954700469971
0.0,0,7.35310823074542e-05
0.0,0,0.1008320152759552
0.0,0,0.017624596133828163
1.0,1,0.9973861575126648
1.0,1,0.9999823570251465
0.0,0,0.022402862086892128
0.0,0,0.03567051887512207
0.0,0,0.0004584280541166663
0.0,0,0.0006969496025703847
0.0,0,0.00025002509937621653
0.0,0,0.00012529437663033605
1.0,1,0.9993352293968201
0.0,0,0.00022445146169047803
0.0,0,0.0003030756488442421
0.0,0,0.000777769077103585
0.0,0,0.022525371983647346
1.0,1,0.9879288077354431
1.0,1,0.9999150037765503
0.0,0,0.010754554532468319
0.0,0,0.004028021823614836
0.0,0,0.0027417123783379793
1.0,1,0.9996497631072998
1.0,1,0.9998425245285034
1.0,1,0.9980826377868652
0.0,0,0.0021992851980030537
1.0,1,0.9877534508705139
1.0,0,0.20538108050823212
0.0,0,8.076782978605479e-05
0.0,0,0.10311554372310638
0.0,0,5.117988166603027e-06
1.0,1,0.9833186864852905
1.0,1,0.9997898936271667
0.0,0,0.0007211348274722695
0.0,0,0.0005302209174260497
0.0,0,0.00478705670684576
0.0,0,0.005728673655539751
1.0,1,0.9936885237693787
1.0,1,0.9647009372711182
0.0,0,0.01035690400749445
1.0,0,0.009825173765420914
0.0,0,4.514621650741901e-06
1.0,1,0.9995667338371277
0.0,0,0.003251989372074604
1.0,1,0.7315201759338379
1.0,1,0.44578370451927185
0.0,0,0.0006624912493862212
0.0,0,0.00031008056248538196
0.0,0,0.055621810257434845
0.0,1,0.47005167603492737
1.0,1,0.9990091323852539
0.0,0,3.0637322197435424e-05
0.0,0,0.00020419906650204211
1.0,1,0.9938562512397766
1.0,1,0.9996035695075989
0.0,0,2.4285574909299612e-05
0.0,0,0.00421629473567009
1.0,1,0.9657894968986511
1.0,1,0.9557815790176392
0.0,0,0.0001368030352750793
0.0,1,0.5213510990142822
1.0,1,0.994990885257721
1.0,0,0.15837574005126953
1.0,0,0.015741927549242973
1.0,1,0.9996310472488403
0.0,0,7.032042776700109e-05
0.0,0,0.00012363649148028344
1.0,1,0.8786035776138306
0.0,0,0.0169768575578928
0.0,0,0.00027878533001057804
1.0,1,0.8911539912223816
0.0,0,0.00021382555132731795
0.0,1,0.8743007779121399
1.0,1,0.9997134804725647
1.0,0,0.15224142372608185
1.0,1,0.9998388290405273
0.0,0,0.2716919779777527
1.0,1,0.8679921627044678
0.0,0,0.00020707437943201512
0.0,0,0.002038536826148629
0.0,0,0.00035265221958979964
1.0,1,0.9999707937240601
0.0,1,0.7732428908348083
1.0,1,0.999976396560669
0.0,0,0.012082871049642563
1.0,1,0.9892377853393555
0.0,0,0.0005361659568734467
1.0,1,0.8637974262237549
1.0,1,0.9151900410652161
1.0,1,0.9998482465744019
1.0,1,0.8345950245857239
0.0,0,0.005563262850046158
0.0,0,0.005514211021363735
1.0,1,0.9999853372573853
0.0,0,0.00025592587189748883
0.0,1,0.9549501538276672
0.0,0,4.474259912967682e-05
0.0,0,0.028829630464315414
1.0,1,0.7809996604919434
1.0,1,0.9999228715896606
1.0,1,0.5976665019989014
0.0,0,0.06509463489055634
0.0,0,0.00011221772729186341
0.0,0,0.2643999755382538
0.0,0,0.0013223302084952593
0.0,0,0.000626914668828249
0.0,1,0.5548199415206909
0.0,0,0.29137101769447327
0.0,0,0.0012595418374985456
0.0,0,0.004627901595085859
0.0,0,0.0005017975927330554
0.0,0,0.016252245754003525
1.0,1,0.948792040348053
0.0,0,5.2454168326221406e-05
1.0,1,0.9999983310699463
1.0,1,0.7596413493156433
0.0,0,0.05451052263379097
1.0,1,0.9982094764709473
0.0,0,0.0001363190240226686
0.0,0,0.1278914511203766
1.0,1,0.9233406782150269
0.0,0,0.0011869905283674598
1.0,1,0.9804006814956665
1.0,1,0.8688846826553345
1.0,1,0.9999545812606812
1.0,1,0.9985144734382629
0.0,0,5.637273716274649e-06
0.0,0,0.012941000983119011
1.0,1,0.9703154563903809
0.0,0,2.9823002023476874e-06
1.0,0,0.010755720548331738
0.0,1,0.5594919919967651
0.0,0,0.010657441802322865
1.0,1,0.9712955951690674
0.0,0,0.0003675759071484208
0.0,0,0.02790050208568573
0.0,0,0.029571956023573875
0.0,0,0.36384841799736023
0.0,0,0.004623777698725462
0.0,0,1.015189536701655e-05
1.0,1,0.9990696310997009
0.0,0,0.00036663448554463685
0.0,0,2.4550432499381714e-05
1.0,1,0.9999995231628418
0.0,0,0.0012181259226053953
1.0,1,0.7203604578971863
1.0,1,0.9999499320983887
1.0,1,0.7020283341407776
0.0,0,0.005098442081362009
0.0,0,0.35320380330085754
0.0,0,0.000682652520481497
0.0,0,0.11791861802339554
0.0,0,0.006342361215502024
1.0,1,0.9924154281616211
0.0,0,2.4839840989443474e-05
1.0,1,0.9867542386054993
0.0,0,5.6108237913576886e-05
1.0,1,0.987714409828186
1.0,1,0.9999947547912598
0.0,1,0.5758622288703918
0.0,0,0.0004909634008072317
0.0,0,0.006819228176027536
0.0,0,0.011619596742093563
0.0,0,0.00021716680203098804
0.0,0,0.0008678970043547451
0.0,0,0.0820906013250351
0.0,0,0.025474533438682556
1.0,1,0.9989156723022461
1.0,1,0.9998006224632263
1.0,1,0.9960141181945801
0.0,0,0.0001955432235263288
0.0,0,0.00019024474022444338
1.0,1,0.9999843835830688
0.0,0,0.0032658844720572233
1.0,0,0.0026791184209287167
1.0,1,0.8401477336883545
0.0,0,0.1890367716550827
0.0,0,0.2905038893222809
1.0,1,0.9995439648628235
0.0,0,0.003040831768885255
1.0,1,0.9966450333595276
1.0,1,0.9997852444648743
1.0,1,0.9966057538986206
1.0,1,0.99625563621521
0.0,0,0.0008109871414490044
1.0,1,0.9809657335281372
0.0,0,0.001958952285349369
0.0,0,5.641722964355722e-05
0.0,1,0.9869369864463806
0.0,1,0.7527023553848267
0.0,0,0.038265470415353775
0.0,0,0.001501995138823986
1.0,0,0.05115175619721413
0.0,0,0.00046991597628220916
1.0,1,0.9936488270759583
1.0,1,0.9993104934692383
1.0,0,0.002982329810038209
0.0,0,0.025095585733652115
1.0,1,0.9994803071022034
1.0,1,0.9997259974479675
0.0,0,0.0007168760057538748
0.0,0,0.033544424921274185
0.0,0,0.0009426133474335074
1.0,1,0.9684907793998718
0.0,0,0.0016723942244425416
0.0,1,0.9996069073677063
0.0,0,8.338775842275936e-06
0.0,0,0.04251402989029884
1.0,1,0.9993712306022644
1.0,1,0.886164128780365
0.0,1,0.6009469032287598
0.0,0,0.005010809283703566
1.0,1,0.982864260673523
0.0,0,0.00019858180894516408
0.0,0,0.2348247766494751
0.0,0,0.0022257554810494184
0.0,0,0.00042196005233563483
0.0,0,0.0003224580141250044
1.0,1,0.9967421889305115
0.0,0,2.190831582993269e-05
0.0,0,0.16969792544841766
0.0,0,0.00517325708642602
0.0,0,0.000843907066155225
1.0,1,0.8280887603759766
0.0,0,0.008743127807974815
1.0,1,0.9984378218650818
0.0,0,0.052778251469135284
1.0,1,0.4116285443305969
0.0,0,0.014681227505207062
0.0,0,0.01880650408565998
0.0,0,2.491863369868952e-06
0.0,0,0.00028378350543789566
0.0,0,0.0009525397326797247
0.0,0,0.11898190528154373
0.0,0,3.6750647268490866e-05
0.0,0,0.0011674872366711497
0.0,0,0.007738185580819845
0.0,0,0.0002503184659872204
1.0,0,0.18682581186294556
1.0,0,0.1542247086763382
0.0,1,0.9899045825004578
0.0,1,0.5584914684295654
0.0,0,0.02875543385744095
0.0,0,0.004109601490199566
1.0,1,0.9945710301399231
0.0,0,0.0037629606667906046
1.0,1,0.9630553722381592
0.0,0,0.00011237319995416328
1.0,1,0.9999847412109375
1.0,1,0.999964714050293
0.0,0,0.007230713497847319
0.0,0,0.002424887614324689
0.0,0,0.001786409760825336
1.0,1,0.9997056126594543
1.0,0,0.1815611869096756
0.0,0,0.00030851978226564825
1.0,1,0.9561253786087036
1.0,1,0.9087826013565063
0.0,0,0.03555477783083916
0.0,0,0.0184381864964962
1.0,1,0.96136075258255
0.0,1,0.9992902278900146
0.0,0,0.00016116576443891972
0.0,0,0.0005510232876986265
0.0,1,0.6878959536552429
1.0,1,0.9990505576133728
0.0,0,0.0022378540597856045
0.0,0,0.0012396489037200809
1.0,1,0.9999576807022095
0.0,0,0.004577393177896738
0.0,0,0.02301841415464878
1.0,1,0.9646357893943787
0.0,0,0.18683260679244995
0.0,1,0.8317758440971375
1.0,1,0.9997332692146301
0.0,0,0.009665888734161854
1.0,1,0.9871074557304382
1.0,1,0.922330915927887
0.0,0,0.0004136073694098741
1.0,1,0.9999514818191528
0.0,0,0.0031698234379291534
0.0,0,0.00010667749302228913
1.0,0,0.02013012394309044
0.0,1,0.9027626514434814
1.0,1,0.9851646423339844
0.0,0,0.006790469400584698
1.0,1,0.9953089356422424
0.0,0,0.0038788181263953447
1.0,1,0.9994811415672302
0.0,0,0.009588069282472134
0.0,0,0.008242405951023102
1.0,1,0.9999858140945435
0.0,0,0.0012622200883924961
0.0,0,0.09365713596343994
1.0,1,0.9798246622085571
1.0,1,0.9976119995117188
0.0,0,0.0029389187693595886
0.0,0,0.004968033172190189
0.0,1,0.6665441989898682
0.0,0,0.0005548597546294332
0.0,0,0.0036469001788645983
1.0,1,0.9997945427894592
0.0,0,0.000831786950584501
0.0,0,0.0021255072206258774
0.0,0,0.01736530289053917
1.0,1,0.9889843463897705
0.0,0,7.846003427403048e-05
1.0,1,0.4859654903411865
0.0,0,5.127167696628021e-06
0.0,0,0.007012768182903528
1.0,1,0.966308057308197
1.0,1,0.9426337480545044
0.0,0,0.0878371000289917
0.0,0,0.3033953309059143
0.0,1,0.47505658864974976
0.0,0,0.003082355484366417
1.0,1,0.9798638820648193
1.0,1,0.9913225173950195
0.0,0,0.0007367106736637652
1.0,1,0.999963641166687
1.0,1,0.9997711777687073
0.0,0,0.002273875055834651
1.0,1,0.72715824842453
1.0,1,0.9142124652862549
0.0,0,5.221301762503572e-05
0.0,0,0.00015290371084120125
1.0,1,0.9998213648796082
1.0,1,0.8670331239700317
0.0,0,0.00010216045484412462
0.0,1,0.993579626083374
0.0,0,0.16789618134498596
0.0,0,4.9631500587565824e-05
0.0,0,0.0009879486169666052
0.0,0,7.692206054343842e-06
0.0,0,4.1304778278572485e-05
1.0,1,0.9957476258277893
0.0,0,0.0011806885013356805
0.0,0,9.68843451119028e-05
1.0,1,0.9971074461936951
0.0,0,2.447466795274522e-05
0.0,0,0.012725775130093098
0.0,0,0.00015642755897715688
0.0,0,0.0006570935947820544
1.0,1,0.9960125684738159
0.0,0,0.00022281456040218472
0.0,0,5.363834134186618e-05
0.0,0,1.565508910061908e-06
0.0,1,0.9786924719810486
0.0,0,0.0003883297904394567
1.0,0,0.004623680841177702
1.0,0,3.290816266598995e-06
0.0,0,0.2530252933502197
0.0,0,0.0037028787191957235
0.0,0,0.00019584361871238798
0.0,0,0.08391629904508591
0.0,0,0.00021668201952707022
1.0,1,0.9996722936630249
1.0,1,0.9943458437919617
0.0,0,0.0003576740564312786
1.0,1,0.9999042749404907
0.0,1,0.6236498355865479
0.0,0,0.04117954894900322
0.0,0,0.00011354274465702474
0.0,0,0.0005947576137259603
1.0,1,0.998859167098999
1.0,1,0.9520307779312134
1.0,1,0.9997681975364685
1.0,1,0.9999476671218872
0.0,0,6.0076570662204176e-05
0.0,0,0.02450680546462536
0.0,0,0.36266085505485535
0.0,0,5.992677870381158e-06
1.0,1,0.988620400428772
1.0,1,0.9393077492713928
1.0,1,0.9757639765739441
0.0,0,0.0029628498014062643
0.0,1,0.9185954332351685
0.0,0,0.00015152027481235564
0.0,0,0.2098453938961029
1.0,1,0.9993828535079956
1.0,1,0.894185483455658
1.0,1,0.9997788071632385
1.0,1,0.9906249642372131
0.0,1,0.46612849831581116
1.0,1,0.8451321125030518
0.0,0,0.007971487939357758
1.0,1,0.9992567896842957
1.0,1,0.9546728134155273
0.0,1,0.9878653883934021
0.0,1,0.6194015741348267
0.0,0,0.00014113412180449814
0.0,0,0.0005625367048196495
0.0,0,0.000727269914932549
1.0,1,0.962674617767334
0.0,0,0.0004285308241378516
0.0,0,0.0002543495793361217
0.0,1,0.6305216550827026
1.0,0,0.032418444752693176
1.0,1,0.7858022451400757
0.0,0,0.0006637725746259093
1.0,1,0.9845811724662781
0.0,0,4.133263792027719e-05
1.0,1,0.9998623132705688
0.0,0,0.0006721250829286873
1.0,1,0.9809703230857849
1.0,1,0.9998615980148315
0.0,0,0.0003195516183041036
0.0,0,0.0012091962853446603
1.0,1,0.999718964099884
0.0,0,4.376649667392485e-05
1.0,1,0.9695109128952026
0.0,0,0.03781004250049591
1.0,1,0.9999942779541016
1.0,1,0.9970548152923584
0.0,0,0.004155938047915697
1.0,1,0.9996587038040161
1.0,0,0.028683645650744438
1.0,1,0.9799038767814636
1.0,1,0.9931695461273193
1.0,1,0.9791186451911926
0.0,0,0.005384777206927538
0.0,0,5.2331357437651604e-05
0.0,1,0.5601233243942261
0.0,0,1.8202227920482983e-06
1.0,1,0.9999785423278809
1.0,1,0.9996026158332825
1.0,1,0.5829476714134216
1.0,1,0.7686678171157837
0.0,0,0.0026413071900606155
0.0,0,0.008398196659982204
1.0,1,0.9991469383239746
0.0,0,0.00518514309078455
0.0,0,0.05245732143521309
0.0,0,0.02339860051870346
0.0,0,0.00044455152237787843
0.0,0,0.0014755396405234933
1.0,1,0.9895790219306946
1.0,1,0.9973067045211792
0.0,0,0.01588546112179756
0.0,0,0.3969803750514984
1.0,1,0.7239649295806885
0.0,0,1.3823918379785027e-05
0.0,0,0.0013575067277997732
0.0,0,7.643647563781997e-07
1.0,1,0.9998759031295776
1.0,0,0.0591861754655838
0.0,0,0.0008809809805825353
1.0,1,0.9956961870193481
1.0,1,0.7989435195922852
1.0,0,0.35933199524879456
1.0,1,0.9999808073043823
0.0,0,0.0004865797236561775
0.0,0,0.004119241610169411
0.0,0,7.037389150355011e-05
0.0,0,0.012734531424939632
1.0,0,0.058604009449481964
0.0,0,2.650629767231294e-06
1.0,1,0.9999984502792358
1.0,1,0.991118848323822
0.0,0,0.00014570618805009872
0.0,0,4.654412259696983e-05
1.0,0,0.0011481870897114277
1.0,1,0.9708448052406311
0.0,0,0.09189125150442123
1.0,1,0.9974244832992554
1.0,1,0.7279987335205078
0.0,1,0.6949417591094971
0.0,0,0.00153021898586303
0.0,0,0.03885837644338608
0.0,0,0.023010214790701866
0.0,0,0.02273792214691639
0.0,0,7.31280233594589e-05
0.0,1,0.9964492321014404
0.0,0,7.611256296513602e-05
1.0,1,0.9880512952804565
0.0,0,0.00032948455191217363
0.0,1,0.9861251711845398
1.0,1,0.9450684189796448
0.0,0,0.00016242543642874807
0.0,0,0.023246081545948982
1.0,1,0.9620661735534668
0.0,0,9.127439989242703e-05
0.0,0,0.008704012259840965
1.0,1,0.9994893074035645
1.0,1,0.9897599816322327
0.0,0,0.17657877504825592
1.0,1,0.9998070597648621
1.0,1,0.9998966455459595
0.0,1,0.5446439981460571
1.0,1,1.0
1.0,1,0.9417908191680908
0.0,0,0.0010623913258314133
0.0,0,0.003630897495895624
0.0,0,4.276459731045179e-05
0.0,1,0.984046995639801
0.0,0,0.00015416627866216004
0.0,0,0.03622954338788986
0.0,0,0.002332839882001281
0.0,0,0.0001737494458211586
1.0,1,0.9972151517868042
0.0,0,0.0015705834375694394
0.0,0,0.000186011049663648
1.0,1,0.9969363212585449
1.0,1,0.9999172687530518
1.0,1,0.9982142448425293
0.0,0,0.00019221962429583073
0.0,0,0.0008559647249057889
1.0,1,0.9999364614486694
0.0,0,0.021737132221460342
0.0,0,0.07845732569694519
0.0,0,4.473381341085769e-05
0.0,0,8.590909419581294e-05
0.0,0,0.0003598352486733347
0.0,0,5.1029983296757564e-05
1.0,1,0.999988317489624
0.0,1,0.4442618787288666
1.0,1,0.9239326119422913
0.0,0,0.06615915149450302
1.0,1,0.9992395639419556
0.0,0,6.45079999230802e-05
0.0,0,0.008561774156987667
0.0,0,0.08147606998682022
0.0,0,6.258425855776295e-05
0.0,0,0.0006031920202076435
0.0,1,0.4119720458984375
0.0,0,0.006282107438892126
0.0,1,0.8638098835945129
1.0,1,0.9964665174484253
1.0,0,0.01562303677201271
0.0,0,0.005513638723641634
0.0,0,0.0006823288858868182
1.0,0,0.029049372300505638
0.0,0,0.05554955080151558
0.0,0,0.023964455351233482
1.0,1,0.9633874893188477
0.0,0,0.0004959552898071706
0.0,0,0.00011805972462752834
0.0,0,0.0013529834104701877
0.0,1,0.8749688267707825
1.0,0,0.21291664242744446
1.0,1,0.9995293617248535
0.0,0,0.09887535125017166
1.0,1,0.9997443556785583
0.0,0,0.0031069281976670027
0.0,0,0.001700458349660039
1.0,1,0.7905837893486023
0.0,0,0.01079863216727972
0.0,0,0.0003442574816290289
1.0,1,0.7905312776565552
0.0,0,9.180775668937713e-05
0.0,0,0.0027295034378767014
0.0,0,0.03391450271010399
0.0,0,0.0003667061391752213
0.0,0,0.0018429787596687675
0.0,0,0.020630596205592155
0.0,0,0.00035543457488529384
1.0,1,0.9999794960021973
1.0,0,0.01905200444161892
0.0,0,0.0016717176185920835
1.0,1,0.9999847412109375
0.0,0,0.001290385378524661
0.0,0,0.3263542056083679
1.0,1,0.9995272159576416
0.0,0,1.001178225124022e-05
0.0,0,0.026801347732543945
0.0,0,0.0026816807221621275
0.0,0,0.016087297350168228
0.0,0,0.0044227601028978825
0.0,0,1.4053971426619682e-06
1.0,1,0.8918859362602234
1.0,1,0.9999998807907104
1.0,1,0.9999122619628906
1.0,1,0.999967098236084
1.0,1,0.9853436350822449
1.0,1,0.9999524354934692
0.0,0,0.0023482597898691893
0.0,0,0.004410247318446636
1.0,1,0.9399673342704773
0.0,0,0.0025762009900063276
0.0,0,0.004256548825651407
1.0,1,0.9965754151344299
1.0,1,0.9998325109481812
0.0,0,0.00010938168270513415
0.0,0,0.2641545534133911
1.0,1,0.9780534505844116
0.0,0,0.003290921915322542
0.0,0,0.0008705192012712359
1.0,1,0.9789985418319702
1.0,0,0.0026602318976074457
0.0,0,0.0018817676464095712
1.0,1,0.9998961687088013
1.0,1,0.9428258538246155
1.0,1,0.4217653274536133
1.0,1,0.9983956217765808
1.0,1,0.8857070803642273
0.0,0,0.033143505454063416
1.0,1,0.9963198900222778
0.0,0,0.015419041737914085
0.0,1,0.6654996871948242
0.0,0,0.026708953082561493
0.0,0,0.0005212707328610122
1.0,1,0.981665313243866
0.0,0,0.009411139413714409
0.0,0,2.159313407901209e-05
0.0,0,0.06554146111011505
0.0,0,0.004603941459208727
1.0,1,0.999714195728302
1.0,1,0.999284565448761
1.0,1,0.551261842250824
1.0,1,0.9861924052238464
1.0,1,0.9800398349761963
1.0,1,0.9965536594390869
1.0,1,0.9946671724319458
1.0,1,0.9997997879981995
1.0,1,0.9962776303291321
1.0,1,0.9999759197235107
1.0,1,0.9999752044677734
0.0,0,0.00011278640886303037
0.0,0,0.19530677795410156
1.0,1,0.9860596656799316
0.0,0,4.3619061216304544e-06
1.0,1,0.9752242565155029
0.0,0,0.051395125687122345
1.0,1,0.9999005794525146
1.0,1,0.9943510293960571
0.0,0,0.00660950131714344
0.0,0,0.004004277288913727
1.0,0,0.027878429740667343
0.0,0,0.012708102352917194
0.0,0,0.027860291302204132
1.0,1,0.9999959468841553
0.0,1,0.817642331123352
1.0,1,0.9852890372276306
0.0,0,1.6931826394284144e-05
0.0,1,0.43326058983802795
0.0,0,0.10904905200004578
1.0,1,0.9996001124382019
1.0,0,0.11450289189815521
0.0,0,0.003176772268489003
0.0,0,0.0018720946973189712
0.0,0,0.025863483548164368
1.0,1,0.9998916387557983
0.0,0,0.0636158436536789
1.0,1,0.5651284456253052
1.0,1,0.9819005131721497
0.0,1,0.5000947117805481
1.0,1,0.9999996423721313
0.0,0,0.10611708462238312
0.0,0,0.00045496472739614546
0.0,0,0.005404248833656311
1.0,1,0.9836681485176086
0.0,0,0.0002502740826457739
1.0,1,0.9998691082000732
0.0,0,0.0013261643471196294
0.0,0,0.00027647032402455807
0.0,0,0.003926725126802921
0.0,0,0.0001683864975348115
0.0,0,0.0005878902738913894
0.0,0,0.013977485708892345
0.0,0,0.00011147808254463598
0.0,1,0.4708614647388458
0.0,0,0.0009284887928515673
1.0,1,0.9993682503700256
1.0,1,0.8869926333427429
1.0,1,0.872581422328949
1.0,1,0.9588704109191895
1.0,1,0.9998791217803955
1.0,1,0.9980789422988892
1.0,1,0.9990837574005127
1.0,0,0.0010504889069125056
0.0,0,0.04807111620903015
0.0,0,0.0010551090817898512
1.0,1,0.9996380805969238
1.0,1,0.9976956248283386
0.0,0,0.0003606548416428268
0.0,0,0.00047510169679298997
1.0,1,0.9999927282333374
0.0,0,0.3555392324924469
0.0,0,0.000433783425251022
1.0,1,0.8512321710586548
1.0,1,0.9995341300964355
1.0,1,0.9934697151184082
0.0,0,0.0003415253013372421
0.0,0,0.00034837351995520294
1.0,1,0.9937513470649719
0.0,0,0.010475756600499153
1.0,1,0.45768994092941284
1.0,0,0.11489642411470413
1.0,1,0.9742314219474792
0.0,0,0.004433350637555122
1.0,1,0.9900387525558472
0.0,0,0.2958320081233978
1.0,1,0.9996823072433472
1.0,0,3.0056165996938944e-05
1.0,1,0.5393965244293213
1.0,1,0.9963687658309937
1.0,1,0.9618956446647644
1.0,1,0.9828407764434814
0.0,0,0.01837678626179695
1.0,1,0.5877821445465088
1.0,1,0.8475785851478577
1.0,1,0.9999992847442627
1.0,1,0.994881272315979
0.0,0,0.012901859357953072
0.0,0,0.0020719473250210285
1.0,0,0.0039275274612009525
0.0,0,0.009241566061973572
1.0,0,0.19112218916416168
0.0,0,0.02004106715321541
0.0,0,2.8659453619184205e-06
0.0,0,0.0005153415841050446
0.0,0,0.005813032854348421
0.0,0,0.03241203725337982
1.0,1,0.9966681599617004
0.0,0,0.0004056834150105715
0.0,0,0.04105336591601372
1.0,1,0.9999375343322754
0.0,0,0.00787779875099659
1.0,0,0.007750771939754486
0.0,0,0.1640787571668625
1.0,1,0.9987366795539856
0.0,0,0.00013808162475470454
1.0,1,0.9999521970748901
0.0,0,0.009975613094866276
0.0,0,0.012722953222692013
0.0,0,0.1366836428642273
0.0,0,0.019612902775406837
0.0,1,0.9721484780311584
0.0,0,7.335688223975012e-06
0.0,0,0.015161121264100075
1.0,1,0.9998855590820312
0.0,1,0.9739024043083191
0.0,0,0.00013049911649432033
0.0,0,0.0005213688709773123
1.0,1,0.9999783039093018
1.0,1,0.9846829771995544
1.0,1,0.9990392923355103
0.0,0,0.00020739210594911128
0.0,0,0.0006522531621158123
0.0,0,2.1077659766888246e-05
0.0,0,0.025838958099484444
0.0,0,0.0008324490045197308
0.0,0,0.028976107016205788
1.0,1,0.923363447189331
0.0,0,0.00018661095236893743
0.0,0,0.0012933396501466632
0.0,0,0.0004675403470173478
0.0,0,0.054374951869249344
1.0,1,0.9954918026924133
1.0,1,0.998910665512085
0.0,0,0.0004961832310073078
1.0,1,0.9967533946037292
0.0,0,7.425503281410784e-05
1.0,1,0.998828113079071
0.0,0,0.03206046298146248
0.0,0,0.0037057476583868265
1.0,1,0.48385366797447205
1.0,1,0.5310878157615662
1.0,0,0.21947312355041504
0.0,0,0.2707447111606598
1.0,1,0.8890112638473511
1.0,1,0.9999911785125732
1.0,1,0.9856756925582886
0.0,0,1.1714455467881635e-05
0.0,1,0.984531819820404
0.0,0,0.03976123780012131
1.0,1,0.9917661547660828
1.0,1,0.9984602928161621
0.0,0,0.013939662836492062
0.0,1,0.9908561706542969
0.0,0,0.0025539754424244165
1.0,1,0.42251697182655334
0.0,0,0.0011815187754109502
0.0,0,6.02931177127175e-05
0.0,0,3.042797516172868e-06
0.0,0,0.013394821435213089
1.0,1,0.5401071310043335
1.0,1,0.9999464750289917
1.0,1,0.9997360110282898
1.0,1,0.9984544515609741
0.0,0,0.16577526926994324
0.0,0,0.00884934514760971
0.0,0,0.0003044437326025218
0.0,0,0.004714662209153175
1.0,1,0.9988270401954651
1.0,1,0.9920766353607178
1.0,1,0.9884042739868164
1.0,1,0.7648646831512451
1.0,1,0.8732508420944214
0.0,0,0.3939536511898041
1.0,1,0.9255771040916443
0.0,0,4.546441414277069e-05
0.0,0,0.17466029524803162
0.0,0,0.00028600808582268655
0.0,0,0.00014697010919917375
1.0,1,0.9998973608016968
0.0,0,0.011786014772951603
0.0,0,0.010251634754240513
0.0,0,3.317342634545639e-05
1.0,0,0.23247076570987701
1.0,1,0.9888323545455933
1.0,1,0.9049038290977478
0.0,0,0.06932120770215988
1.0,1,0.9996022582054138
1.0,1,0.9670230746269226
1.0,1,0.9699242115020752
0.0,0,0.0003251632151659578
0.0,0,2.3114111172617413e-05
1.0,1,0.9996868371963501
1.0,1,0.952257513999939
1.0,1,0.9872718453407288
1.0,1,0.9999816417694092
0.0,0,0.3946424424648285
1.0,1,0.842380702495575
1.0,1,0.999953031539917
0.0,0,0.008918988518416882
1.0,1,0.9412505030632019
1.0,1,0.9619587063789368
1.0,1,0.9984810948371887
1.0,1,0.988547682762146
1.0,1,0.9999910593032837
1.0,1,0.9944686889648438
1.0,1,0.9028554558753967
0.0,0,0.001019516377709806
0.0,0,0.0005975159001536667
0.0,0,0.015292395837605
1.0,1,0.9968906044960022
0.0,0,0.001067325589247048
1.0,1,0.6642443537712097
0.0,1,0.6660580635070801
1.0,1,0.9998087286949158
1.0,1,0.9998675584793091
0.0,0,0.0027142458129674196
0.0,0,0.0006269970908761024
1.0,1,0.9998420476913452
1.0,1,0.9981231093406677
1.0,1,0.9661505818367004
0.0,1,0.9612008333206177
0.0,0,0.007137930952012539
0.0,0,0.0003302503318991512
1.0,1,0.9983296990394592
1.0,1,0.9992170333862305
0.0,0,0.04408589005470276
1.0,1,0.9999935626983643
1.0,0,0.012274698354303837
0.0,0,6.158319365567877e-07
0.0,1,0.9082298278808594
1.0,1,0.934084951877594
0.0,0,0.00157352932728827
1.0,1,0.9999722242355347
1.0,1,0.9990437626838684
0.0,0,0.0020123214926570654
1.0,1,0.6951314210891724
1.0,1,0.9429389238357544
0.0,0,0.09892316162586212
0.0,0,0.00993478111922741
0.0,0,0.020659800618886948
1.0,0,0.00020949402824044228
0.0,0,6.817452958784997e-05
0.0,0,0.0005197689170017838
0.0,0,0.019333207979798317
1.0,1,0.9977654218673706
0.0,0,0.0006579940672963858
0.0,0,0.19445106387138367
0.0,0,0.0031539704650640488
1.0,0,0.284058153629303
0.0,0,0.0032848715782165527
1.0,0,0.0018335607601329684
1.0,1,0.9998542070388794
1.0,1,0.9992376565933228
1.0,1,0.6678083539009094
1.0,1,0.9395126700401306
1.0,1,0.8143054246902466
1.0,1,0.992664098739624
1.0,1,0.9999874830245972
0.0,0,0.0015578068559989333
0.0,0,7.97834582044743e-06
1.0,1,0.9941323399543762
0.0,0,8.502652053721249e-05
0.0,1,0.6182402968406677
0.0,0,0.000466765312012285
1.0,0,0.1992296576499939
0.0,0,0.003583405166864395
0.0,0,0.000467454781755805
1.0,0,0.09622771292924881
1.0,1,0.989997923374176
1.0,1,0.9958269000053406
1.0,1,0.44850221276283264
0.0,0,0.0001462437357986346
0.0,1,0.9999630451202393
0.0,0,0.025096850469708443
1.0,1,0.9999089241027832
0.0,0,0.0005146788898855448
1.0,1,0.9997856020927429
0.0,0,0.0008055949001573026
0.0,1,0.579544186592102
1.0,1,0.9816886186599731
1.0,1,0.9982870221138
0.0,0,0.00037723907735198736
0.0,0,0.0018169381655752659
0.0,0,8.286457159556448e-05
0.0,0,0.1366412490606308
1.0,1,0.8653643131256104
0.0,0,0.004304422531276941
0.0,0,0.00023514882195740938
0.0,0,0.008938025683164597
1.0,1,0.9947471022605896
1.0,1,0.9952442049980164
1.0,1,0.7363784909248352
0.0,0,0.0005874077323824167
0.0,0,0.0006979193422012031
1.0,1,0.9997840523719788
0.0,0,0.005217211786657572
0.0,0,7.033342990325764e-05
0.0,0,2.8360211672406876e-06
0.0,0,2.5853843908407725e-05
0.0,0,0.0408112034201622
0.0,0,5.3654297516914085e-05
0.0,0,0.003138912608847022
0.0,0,0.009362521581351757
0.0,0,0.05026143789291382
1.0,1,0.9980137348175049
1.0,1,0.9999057054519653
1.0,1,0.999995231628418
1.0,1,0.9995256662368774
0.0,0,1.4501791156362742e-05
0.0,0,0.014724317006766796
0.0,0,0.0014088141033425927
0.0,0,0.0007680444978177547
0.0,0,0.12759608030319214
0.0,0,0.071378193795681
0.0,1,0.9538869857788086
0.0,0,0.007750265765935183
0.0,0,2.4630890038679354e-05
0.0,0,0.00015742334653623402
0.0,0,0.0005327319959178567
0.0,0,0.37643963098526
0.0,0,0.020214702934026718
1.0,1,0.9585616588592529
1.0,1,0.9674025774002075
1.0,1,0.8553364872932434
0.0,0,4.315585101721808e-06
1.0,1,0.9999773502349854
0.0,0,3.066237331950106e-05
0.0,0,0.34414759278297424
0.0,0,0.0019341690931469202
1.0,1,0.9993953704833984
0.0,0,0.013988938182592392
0.0,0,0.016324715688824654
1.0,1,0.9986348748207092
1.0,1,0.9953917264938354
1.0,1,0.6869953274726868
0.0,0,0.0012503326870501041
1.0,1,0.9922048449516296
0.0,0,0.007145863492041826
1.0,1,0.999649167060852
1.0,1,0.9573551416397095
0.0,0,0.03952933847904205
1.0,1,0.9175407290458679
0.0,0,7.622108387295157e-05
1.0,1,0.9479814171791077
1.0,1,0.9860169291496277
0.0,0,0.022838396951556206
0.0,0,0.21221230924129486
1.0,1,0.9405691623687744
1.0,1,0.9988383650779724
0.0,0,0.002532615326344967
0.0,0,0.003813798539340496
0.0,0,0.002320434432476759
0.0,0,0.03369757533073425
0.0,0,0.2767097055912018
0.0,1,0.6922006011009216
0.0,0,0.0003777511592488736
1.0,1,0.9999773502349854
0.0,0,0.059165023267269135
1.0,1,0.9972533583641052
0.0,0,0.005898615811020136
0.0,0,0.0707077905535698
0.0,0,0.0034087561070919037
0.0,0,0.010244704782962799
0.0,0,0.023716650903224945
0.0,0,0.2339627742767334
1.0,1,0.9837526082992554
0.0,0,0.0034376366529613733
1.0,0,0.00229256902821362
0.0,0,0.15635229647159576
0.0,0,4.1017570765689015e-05
0.0,0,0.0013068967964500189
1.0,1,0.999315619468689
0.0,0,2.7741118174162693e-05
0.0,0,0.0037554691080003977
0.0,0,0.22817088663578033
0.0,0,0.00011243409244343638
0.0,0,4.4273678213357925e-05
1.0,1,0.9999750852584839
0.0,0,0.008753055706620216
0.0,0,0.31385067105293274
0.0,0,0.07563841342926025
1.0,1,0.9996258020401001
0.0,0,0.00175038434099406
0.0,0,0.21591633558273315
0.0,0,0.06405267119407654
1.0,0,0.353534996509552
1.0,1,0.9991057515144348
0.0,0,0.0004682919243350625
0.0,1,0.9938468337059021
0.0,0,3.852452152841579e-07
0.0,0,0.020405083894729614
0.0,0,0.002400469733402133
1.0,1,0.9554144740104675
1.0,1,0.9999402761459351
0.0,0,2.5106119210249744e-05
1.0,1,0.9949358701705933
1.0,0,5.5405595048796386e-05
0.0,0,0.0012246927944943309
0.0,0,0.00011937558883801103
1.0,1,0.9994064569473267
0.0,1,0.8666627407073975
1.0,1,0.9998477697372437
1.0,1,0.9999558925628662
1.0,1,0.999270498752594
1.0,1,0.9055367112159729
1.0,1,0.7328869104385376
1.0,1,0.9311339259147644
1.0,1,0.9888777136802673
1.0,1,0.9996035695075989
0.0,0,0.34510335326194763
1.0,1,0.971592903137207
0.0,1,0.9330032467842102
0.0,0,0.0416509285569191
0.0,0,0.0037102708593010902
1.0,1,0.9999257326126099
0.0,0,0.00232139159925282
0.0,0,0.002414510352537036
1.0,1,0.9824917912483215
1.0,1,0.9908062815666199
1.0,1,0.9993681311607361
0.0,1,0.9458909034729004
0.0,0,0.006748904008418322
0.0,0,0.015687862411141396
1.0,0,0.18826541304588318
1.0,1,0.9998244643211365
0.0,0,0.0002837591746356338
0.0,1,0.9185535907745361
0.0,0,0.0004440458433236927
1.0,1,0.9997289776802063
1.0,1,0.9473252892494202
0.0,0,9.310590940003749e-06
1.0,1,0.9865281581878662
1.0,1,0.9998799562454224
0.0,0,3.2663567708368646e-06
1.0,1,0.9998757839202881
0.0,0,0.001428208313882351
0.0,0,0.0006089325179345906
1.0,1,0.9947760105133057
0.0,0,5.129408236825839e-05
1.0,1,0.41443079710006714
1.0,1,0.9998544454574585
1.0,0,0.16263347864151
0.0,0,0.001970160286873579
1.0,1,0.9997395873069763
1.0,1,0.9998400211334229
0.0,0,0.36311182379722595
0.0,0,0.002843201858922839
1.0,1,0.9999873638153076
1.0,1,0.9918408393859863
1.0,1,0.9992115497589111
1.0,1,0.8817000389099121
1.0,1,0.7491410970687866
0.0,0,0.0005208510556258261
1.0,0,0.10085760056972504
1.0,1,0.9918805956840515
1.0,1,0.999815046787262
0.0,0,0.000784302712418139
1.0,0,0.2534782588481903
0.0,0,0.2847110331058502
0.0,0,0.00022298202384263277
0.0,0,0.00011727979290299118
0.0,0,0.0024915612302720547
0.0,0,0.0161485243588686
0.0,0,0.0039093513041734695
0.0,0,6.116327858762816e-05
1.0,1,0.9293290376663208
1.0,1,0.9998626708984375
0.0,0,0.005087646655738354
0.0,0,9.345783837488852e-06
0.0,1,0.6111814379692078
1.0,0,0.0001653111685300246
0.0,0,0.002021010499447584
0.0,1,0.969100296497345
0.0,0,0.0009637856855988503
0.0,0,0.0011220632586628199
0.0,0,0.02464180812239647
1.0,1,0.7502768039703369
0.0,0,3.9850954635767266e-05
1.0,1,0.5442570447921753
1.0,1,0.9847241640090942
0.0,0,0.02466486766934395
0.0,0,0.0013632331974804401
0.0,1,0.7210763692855835
0.0,1,0.6852482557296753
0.0,0,0.0008279730100184679
0.0,1,0.43301719427108765
0.0,0,0.002983824582770467
1.0,1,0.9206187129020691
0.0,0,0.00017033060430549085
0.0,0,0.07159516215324402
0.0,0,6.113493873272091e-05
0.0,0,0.3764645755290985
1.0,1,0.9998722076416016
0.0,0,0.0006902253371663392
0.0,0,4.162233381066471e-05
0.0,0,0.29880207777023315
1.0,1,0.9096744060516357
0.0,0,0.001005030469968915
0.0,0,0.015217248350381851
0.0,0,0.1902955174446106
1.0,0,0.0003923814801964909
0.0,0,0.007322799414396286
1.0,1,0.752650260925293
0.0,0,0.008425616659224033
1.0,1,0.9999572038650513
1.0,1,0.9819262623786926
1.0,1,0.9982280135154724
0.0,1,0.9239017963409424
0.0,0,0.008632250130176544
0.0,0,0.016579240560531616
0.0,0,0.00014851850573904812
0.0,0,0.012531607411801815
0.0,0,0.003406074596568942
0.0,0,0.0006950227543711662
1.0,1,0.9908289909362793
1.0,1,0.9995867609977722
1.0,0,0.05342254415154457
0.0,0,0.11886224895715714
1.0,1,0.9805964231491089
1.0,1,0.849026620388031
0.0,0,0.0016602877294644713
0.0,0,0.00024501365260221064
0.0,1,0.9151483774185181
1.0,1,0.9893913269042969
1.0,1,0.9990867376327515
1.0,1,0.9997074007987976
1.0,1,0.9999756813049316
1.0,1,0.47522732615470886
1.0,1,0.9983383417129517
0.0,0,0.0004909881972707808
0.0,0,1.1609424291236792e-05
1.0,0,0.366517037153244
1.0,1,0.9952292442321777
0.0,0,2.6855144824367017e-05
0.0,0,0.00039395998464897275
1.0,1,0.9912728667259216
0.0,0,6.267962817219086e-06
0.0,0,0.07889564335346222
0.0,0,0.00011824664397863671
1.0,1,0.9995977282524109
1.0,1,0.9700229167938232
0.0,0,9.885239705909044e-06
1.0,1,0.9995265007019043
0.0,0,3.7190452530921903e-06
0.0,0,0.3741721212863922
0.0,0,0.001023554359562695
0.0,0,0.033836692571640015
0.0,1,0.7990368008613586
0.0,0,2.6326189981773496e-05
0.0,0,0.05156252533197403
0.0,0,0.0008182523888535798
1.0,1,0.6135587096214294
1.0,1,0.9999607801437378
0.0,0,7.497095066355541e-05
1.0,0,0.010751841589808464
1.0,0,0.08627061545848846
0.0,0,5.997754487907514e-05
1.0,1,0.926490306854248
1.0,1,0.9994633793830872
0.0,0,1.4320517948362976e-05
0.0,0,5.1721905037993565e-05
1.0,1,0.9999895095825195
0.0,0,3.7452551282513014e-07
1.0,1,0.9995459914207458
0.0,1,0.5878233909606934
0.0,0,0.0011708607198670506
0.0,0,0.03488526865839958
0.0,0,0.00023644040629733354
1.0,0,0.16943375766277313
0.0,0,0.058161236345767975
0.0,0,0.11146608740091324
0.0,0,0.004482725169509649
0.0,0,0.002108743181452155
0.0,0,0.0010905525414273143
1.0,0,0.0018092126119881868
1.0,1,0.9745946526527405
1.0,1,0.9996786117553711
0.0,0,0.11691123247146606
1.0,1,0.9930712580680847
1.0,1,0.9547983407974243
1.0,0,7.653029570064973e-06
1.0,1,0.9999393224716187
0.0,1,0.9814720153808594
1.0,0,0.03221939131617546
0.0,0,0.0050573027692735195
1.0,1,0.9999290704727173
0.0,0,0.12101979553699493
0.0,0,4.878784966422245e-05
0.0,0,0.17219305038452148
0.0,0,0.00041680867434479296
0.0,0,0.040489278733730316
1.0,1,0.9997363686561584
1.0,1,0.9997021555900574
0.0,0,0.008971625939011574
0.0,0,0.011438649147748947
0.0,0,0.027252133935689926
0.0,0,0.0019301240099593997
1.0,1,0.6397803425788879
1.0,1,0.9894466400146484
0.0,0,0.014624882489442825
0.0,1,0.5334889888763428
1.0,1,0.9990622401237488
0.0,0,1.9074013835052028e-05
1.0,1,0.9992905855178833
1.0,1,0.9793921113014221
1.0,1,0.9968994855880737
0.0,0,0.026011936366558075
0.0,0,0.0022798196878284216
0.0,0,0.001702149398624897
0.0,0,0.0023337299935519695
0.0,0,1.5073616850713734e-05
0.0,0,0.010576026514172554
1.0,1,0.9914289116859436
0.0,0,0.00023788667749613523
0.0,0,0.3946087956428528
0.0,0,0.00020025561389047652
0.0,1,0.9869076013565063
0.0,0,2.5168228603433818e-05
0.0,0,0.029392631724476814
0.0,0,0.024104345589876175
1.0,0,0.004393249750137329
1.0,1,0.9872633814811707
1.0,1,0.9970837235450745
1.0,1,0.9656040668487549
1.0,1,0.9642587900161743
0.0,0,0.00037213964969851077
0.0,0,8.40154243633151e-05
0.0,0,0.19580839574337006
1.0,1,0.9974544644355774
0.0,0,0.016725212335586548
0.0,0,0.002950637135654688
0.0,0,0.0019745840691030025
1.0,1,0.9817683696746826
1.0,1,0.9999744892120361
0.0,0,0.003080392722040415
1.0,1,0.9982598423957825
1.0,1,0.9996662139892578
0.0,0,0.0008200036245398223
0.0,1,0.7854063510894775
0.0,0,0.001010996988043189
0.0,0,0.03075970709323883
1.0,1,0.9990935325622559
1.0,1,0.9994317889213562
1.0,1,0.49921587109565735
0.0,0,0.0014212696114555001
0.0,0,9.712087194202468e-05
0.0,0,0.0031877232249826193
1.0,1,0.9814043641090393
0.0,0,0.004659347236156464
1.0,1,0.9884546995162964
1.0,1,0.9994843006134033
0.0,0,0.019434617832303047
0.0,0,2.228087578259874e-05
0.0,0,0.0031449133530259132
1.0,1,0.9935768246650696
1.0,1,0.8283706307411194
0.0,0,9.973007763619535e-06
0.0,0,0.0005203282926231623
0.0,0,0.06233610212802887
0.0,0,0.00044077238999307156
1.0,0,0.33734801411628723
0.0,0,0.0003098893794231117
0.0,0,0.003180671716108918
0.0,0,0.004782871808856726
1.0,0,0.005410349927842617
1.0,1,0.9854643940925598
0.0,0,4.496365363593213e-05
1.0,1,0.836365282535553
1.0,1,0.9838359951972961
0.0,0,9.324964776169509e-05
0.0,0,0.0004389423702377826
0.0,0,0.010713762603700161
1.0,0,0.39410483837127686
0.0,0,0.023830125108361244
0.0,0,1.6649404642521404e-05
0.0,0,0.00198692106641829
0.0,0,0.0008883562404662371
0.0,0,0.011432977393269539
0.0,1,0.9984354376792908
0.0,0,2.5518767870380543e-05
0.0,0,0.00010508249397389591
1.0,1,0.999169111251831
0.0,0,0.0004923923406749964
0.0,0,9.016605326905847e-05
1.0,1,0.9961891770362854
1.0,0,0.026844799518585205
1.0,1,0.9975693821907043
0.0,0,0.0005103106959722936
1.0,1,0.8933371305465698
1.0,1,0.9407168030738831
0.0,0,0.0015187488170340657
0.0,0,6.597275933017954e-05
1.0,1,0.9825103878974915
1.0,1,0.9120573401451111
0.0,0,0.0007597354124300182
1.0,1,0.9999796152114868
0.0,0,0.026105577126145363
1.0,1,0.9997257590293884
1.0,1,0.9944491386413574
0.0,0,0.15760666131973267
1.0,0,0.26352134346961975
0.0,1,0.8698564171791077
0.0,0,0.01080760546028614
0.0,0,0.00025645154528319836
1.0,0,0.003032159060239792
0.0,0,0.027975475415587425
1.0,1,0.6340471506118774
1.0,1,0.8481484651565552
0.0,0,0.00028691752231679857
0.0,0,9.14872798603028e-05
0.0,0,0.020854858681559563
1.0,1,0.9999995231628418
0.0,0,8.226415957324207e-05
0.0,0,0.23906844854354858
1.0,0,0.14066855609416962
0.0,0,0.01372046023607254
0.0,0,0.00985370296984911
0.0,0,1.3303191735758446e-05
0.0,0,2.4249635316664353e-05
0.0,0,0.0021260646171867847
1.0,1,0.9999951124191284
0.0,0,0.0011200204025954008
1.0,0,0.009567885659635067
0.0,0,2.7083788154413924e-05
0.0,0,4.5987803787284065e-06
0.0,0,0.0025096291210502386
0.0,0,0.0803782269358635
1.0,1,0.9996144771575928
1.0,1,0.9754291772842407
0.0,0,0.00025170869776047766
0.0,0,0.0004190564213786274
0.0,0,0.09148886054754257
1.0,1,0.9982910752296448
1.0,1,0.9999963045120239
0.0,1,0.994322657585144
1.0,1,0.9999910593032837
1.0,1,0.9990149736404419
0.0,0,0.008643286302685738
1.0,1,0.9711695313453674
0.0,0,0.0006834897212684155
0.0,0,0.00021440167620312423
0.0,0,0.001036980887874961
0.0,0,0.0035804046783596277
0.0,1,0.9685551524162292
0.0,0,0.000552224344573915
0.0,0,0.2718343734741211
0.0,0,0.00048068701289594173
1.0,1,0.9993937015533447
1.0,1,0.9955645799636841
1.0,1,0.9996578693389893
1.0,1,0.959003210067749
0.0,0,5.1723500291700475e-06
1.0,0,0.2064257264137268
0.0,0,0.0005664703785441816
1.0,1,0.9981125593185425
1.0,1,0.9992552399635315
0.0,0,0.00014396167534869164
0.0,1,0.9970555305480957
1.0,1,0.5856983065605164
1.0,1,0.9999910593032837
0.0,0,0.29486697912216187
1.0,1,0.999797523021698
1.0,1,0.9948903322219849
0.0,0,0.002787533914670348
1.0,1,0.9990224838256836
0.0,0,0.020575353875756264
0.0,0,0.00025117862969636917
1.0,1,0.9988422989845276
1.0,1,0.9360564947128296
1.0,1,0.8947842717170715
1.0,0,0.061386559158563614
0.0,0,0.18358612060546875
1.0,1,0.937969982624054
0.0,0,0.12800638377666473
1.0,0,0.15906888246536255
0.0,0,0.021396946161985397
1.0,1,0.9962958693504333
1.0,1,0.9805769324302673
1.0,0,0.001556270057335496
0.0,0,0.00038513450999744236
1.0,1,0.9989859461784363
1.0,1,0.9999557733535767
0.0,0,1.8809637367667165e-06
1.0,1,0.9743442535400391
0.0,0,0.004091212060302496
1.0,1,0.9984062314033508
1.0,1,0.9709975719451904
0.0,0,0.006595602259039879
1.0,1,0.8759909868240356
0.0,1,0.9944350719451904
0.0,0,0.0005817791097797453
0.0,0,0.03400537744164467
0.0,0,0.005255876109004021
1.0,1,0.958473801612854
0.0,0,5.927735037403181e-05
0.0,0,0.012958908453583717
0.0,0,0.004077889956533909
0.0,0,5.725312075810507e-05
1.0,1,0.9991927742958069
1.0,1,0.9990745782852173
1.0,1,0.9744711518287659
1.0,1,0.652091920375824
1.0,1,0.9985952973365784
1.0,1,0.9894248247146606
0.0,0,0.0663275420665741
