y_true,y_pred,y_score
1.0,1,0.9989778995513916
0.0,0,0.0017497828230261803
0.0,0,0.0029900996014475822
1.0,1,0.9996685981750488
0.0,0,0.0034325355663895607
0.0,0,0.0005980905261822045
0.0,0,0.0021272969897836447
0.0,0,0.009180577471852303
0.0,0,0.006268574856221676
0.0,0,0.004679014440625906
1.0,1,0.9832063913345337
1.0,1,0.9529821276664734
0.0,1,0.6775868535041809
0.0,1,0.8454592823982239
1.0,0,0.17829403281211853
1.0,1,0.6399259567260742
1.0,1,0.8733866214752197
0.0,0,0.023378875106573105
0.0,0,0.23482577502727509
0.0,0,0.0001973087782971561
0.0,0,0.0009744624840095639
0.0,1,0.5178349614143372
1.0,1,0.8702360987663269
0.0,0,0.0009425621828995645
1.0,1,0.9956672191619873
0.0,0,0.015730611979961395
1.0,1,0.9373328685760498
0.0,0,0.31230661273002625
0.0,0,0.02982737123966217
1.0,0,0.0468427874147892
1.0,0,0.0008114483207464218
0.0,0,0.007951674051582813
0.0,0,0.02980262041091919
0.0,1,0.9447336196899414
0.0,0,0.2471386045217514
1.0,1,0.9605990648269653
1.0,1,0.9926095604896545
1.0,1,0.9992967844009399
1.0,1,0.6527634859085083
0.0,0,1.2941736713401042e-05
1.0,1,0.9710970520973206
0.0,0,0.0007394065614789724
0.0,0,0.016908595338463783
1.0,1,0.9968308806419373
0.0,0,0.0003729500458575785
1.0,1,0.9667469263076782
1.0,1,0.987136721611023
0.0,1,0.8811079859733582
0.0,0,0.001559049473144114
1.0,1,0.999609649181366
0.0,0,0.02199450694024563
0.0,0,0.006353845354169607
0.0,0,0.0005088775069452822
0.0,0,0.0006415236857719719
0.0,0,0.00036708213156089187
1.0,0,0.1239144504070282
0.0,0,0.0009696217020973563
1.0,1,0.9684759974479675
0.0,0,0.00032320438185706735
1.0,1,0.9758113622665405
1.0,1,0.8234166502952576
1.0,0,0.0039508952759206295
0.0,0,0.00013013440184295177
0.0,0,0.00010678141552489251
1.0,1,0.7337419986724854
1.0,0,0.10317225009202957
1.0,1,0.9985368251800537
0.0,0,0.00036636943696066737
1.0,1,0.8584840893745422
0.0,0,0.017381323501467705
0.0,0,0.005382700823247433
0.0,0,0.022799713537096977
0.0,0,0.009530539624392986
1.0,1,0.9999668598175049
0.0,0,8.291144331451505e-05
0.0,0,0.0017372749280184507
0.0,0,0.0016377861611545086
1.0,1,0.7773029208183289
0.0,0,0.0003851954825222492
1.0,1,0.9946128129959106
0.0,0,0.0007639959221705794
1.0,1,0.9999672174453735
1.0,1,0.8834215402603149
0.0,0,0.00022704359435010701
0.0,0,0.17375802993774414
0.0,0,0.0014920143876224756
1.0,1,0.9998055100440979
0.0,0,0.01393200270831585
0.0,0,0.36696872115135193
0.0,0,0.0026409768033772707
0.0,0,0.1320289820432663
1.0,1,0.9859194755554199
0.0,0,0.2896094024181366
1.0,1,0.5484124422073364
1.0,1,0.9913697242736816
0.0,1,0.6135690808296204
1.0,1,0.9754301905632019
0.0,0,0.0009416191605851054
1.0,1,0.9985503554344177
1.0,1,0.5362545251846313
1.0,1,0.5260513424873352
1.0,1,0.9995782971382141
1.0,0,0.21025952696800232
0.0,0,3.4361000871285796e-05
0.0,0,0.013187093660235405
1.0,1,0.9887107014656067
1.0,0,0.3494274914264679
0.0,0,0.012129752896726131
1.0,1,0.9996720552444458
1.0,0,0.2673260271549225
1.0,0,0.10942430049180984
0.0,0,0.0015335710486397147
1.0,1,0.9924973249435425
1.0,1,0.9981997013092041
0.0,0,0.0004148411098867655
0.0,0,0.0003130339609924704
0.0,0,0.004143245983868837
0.0,0,0.014174964278936386
0.0,0,0.0005783052765764296
0.0,0,0.015135910362005234
1.0,1,0.9903837442398071
1.0,1,0.7179351449012756
1.0,1,0.8401820063591003
0.0,0,0.22137142717838287
1.0,1,0.9186573028564453
0.0,0,5.010122913517989e-05
1.0,1,0.9996020197868347
1.0,1,0.9993497729301453
0.0,1,0.7672275900840759
1.0,1,0.8440455198287964
1.0,1,0.9998430013656616
0.0,0,0.012730928137898445
0.0,0,0.013539839535951614
0.0,0,1.491313105361769e-05
0.0,0,0.0025003261398524046
1.0,1,0.9894713163375854
1.0,1,0.5261052846908569
0.0,0,0.19981515407562256
0.0,0,0.07753600180149078
1.0,1,0.9999897480010986
1.0,1,0.5089848637580872
0.0,0,0.0064729247242212296
1.0,1,0.9527366757392883
1.0,0,0.0027759650256484747
0.0,0,0.014980169013142586
0.0,0,0.04619089141488075
1.0,1,0.9900481700897217
1.0,1,0.9995027780532837
0.0,0,0.24587786197662354
0.0,0,0.0009891536319628358
1.0,1,0.9999661445617676
1.0,1,0.9955600500106812
0.0,0,0.021127212792634964
0.0,1,0.8616876602172852
0.0,0,0.0006099283928051591
0.0,0,0.0010967880953103304
1.0,1,0.5753300786018372
1.0,1,0.8395026922225952
0.0,0,0.004184170626103878
1.0,1,0.6433477401733398
0.0,0,0.0022704254370182753
1.0,1,0.9307907223701477
0.0,0,0.10931113362312317
1.0,1,0.9647595286369324
1.0,1,0.9717017412185669
0.0,0,5.56038721697405e-05
0.0,0,0.011171766556799412
0.0,0,0.023768717423081398
1.0,1,0.9829958081245422
1.0,1,0.9924871921539307
0.0,0,0.0003075104905292392
0.0,0,0.0006052990211173892
1.0,1,0.7553863525390625
0.0,1,0.8215353488922119
0.0,0,0.001143361791037023
0.0,0,0.039003558456897736
1.0,1,0.9786417484283447
1.0,1,0.9987603425979614
1.0,1,0.9317728281021118
0.0,0,0.001935981446877122
0.0,0,0.049981724470853806
0.0,0,0.26704007387161255
1.0,1,0.9995445609092712
1.0,0,0.12411179393529892
0.0,1,0.6477916836738586
1.0,1,0.9988510608673096
1.0,1,0.9961534142494202
1.0,1,0.9023622870445251
0.0,0,0.003920912276953459
1.0,1,0.9915210008621216
0.0,0,0.00031527606188319623
1.0,1,0.9961820244789124
0.0,1,0.9622467160224915
0.0,0,0.0065248385071754456
0.0,1,0.6938080787658691
1.0,1,0.9956275224685669
0.0,0,0.00012396833335515112
0.0,0,7.793767872499302e-05
1.0,1,0.9983811378479004
1.0,1,0.9977669715881348
1.0,1,0.8229403495788574
1.0,1,0.9882819056510925
1.0,1,0.9998927116394043
0.0,0,0.017352981492877007
0.0,0,3.338590249768458e-05
0.0,0,0.002181446645408869
0.0,0,0.0017906042048707604
0.0,0,0.0017816059989854693
1.0,1,0.9394292235374451
0.0,0,0.011780452914536
0.0,0,0.318591445684433
0.0,0,0.05094899982213974
1.0,1,0.9999923706054688
0.0,0,5.473674900713377e-05
1.0,1,0.9989675283432007
1.0,1,0.999987006187439
0.0,0,0.00021760209347121418
0.0,1,0.7166069746017456
0.0,0,0.030508892610669136
1.0,1,0.9987503290176392
0.0,0,0.01145689282566309
0.0,0,0.0010432612616568804
0.0,0,0.001983747584745288
0.0,0,0.0005420180968940258
1.0,1,0.9870085120201111
1.0,1,0.9995518326759338
0.0,0,0.07361024618148804
0.0,0,0.0004301337176002562
1.0,1,0.999980092048645
1.0,0,0.0711488202214241
0.0,0,0.015531131066381931
0.0,0,0.005717231892049313
0.0,0,0.3151136636734009
1.0,1,0.9994749426841736
0.0,0,0.007069684099406004
1.0,1,0.47618886828422546
0.0,0,0.00020621610747184604
1.0,1,0.9689143896102905
1.0,1,0.9999867677688599
0.0,0,0.005210484843701124
0.0,0,0.0981215313076973
0.0,0,0.00509574543684721
0.0,0,0.003623530501499772
0.0,0,0.042965278029441833
1.0,1,0.9069226980209351
1.0,1,0.9976511597633362
1.0,1,0.9999428987503052
1.0,1,0.9995465874671936
1.0,0,0.0180086437612772
0.0,0,0.00035219290293753147
1.0,1,0.9982885718345642
1.0,1,0.9987241625785828
0.0,0,0.007399269845336676
1.0,1,0.9767054915428162
1.0,0,0.00039366507553495467
0.0,0,0.047156915068626404
1.0,1,0.9714869260787964
1.0,1,0.9987433552742004
1.0,1,0.997887909412384
0.0,0,0.0023369984701275826
1.0,1,0.9328765869140625
1.0,1,0.9715286493301392
1.0,1,0.9827739000320435
0.0,0,0.07838591933250427
0.0,0,0.0005467385053634644
1.0,1,0.9923620223999023
0.0,0,0.0012073767138645053
0.0,0,0.0029910211451351643
0.0,0,0.0008682593470439315
0.0,0,0.002151210093870759
1.0,1,0.9875204563140869
0.0,0,0.35847365856170654
1.0,0,7.747823838144541e-05
0.0,1,0.9959008097648621
1.0,1,0.9973010420799255
0.0,0,0.00024524881155230105
0.0,0,0.3412312865257263
0.0,0,0.024771887809038162
0.0,0,3.9295005990425125e-05
0.0,0,0.005284924525767565
1.0,1,0.9995430707931519
1.0,1,0.789618730545044
1.0,1,0.9935110211372375
0.0,0,0.003453907324001193
0.0,0,0.0029927592258900404
1.0,1,0.9990109205245972
1.0,0,0.26161086559295654
0.0,0,0.0011295139556750655
0.0,0,0.01994018256664276
1.0,0,0.22323374450206757
0.0,0,0.14353370666503906
0.0,0,0.05937445908784866
0.0,0,0.3215727210044861
0.0,0,0.0004953779862262309
0.0,1,0.8112362027168274
0.0,0,0.005583522375673056
1.0,1,0.9927077889442444
0.0,0,0.0018900224240496755
0.0,0,0.013181684538722038
0.0,0,0.0005071957129985094
1.0,1,0.9941270351409912
0.0,0,0.004270898178219795
1.0,1,0.9751058220863342
0.0,0,0.011424029245972633
1.0,1,0.9986774325370789
0.0,0,0.08037260174751282
0.0,0,0.01686057262122631
0.0,0,0.0017871299060061574
1.0,1,0.9991129040718079
0.0,0,0.028820879757404327
1.0,1,0.9999039173126221
1.0,0,0.14456449449062347
1.0,1,0.9965841770172119
0.0,0,0.05895397439599037
0.0,0,0.0046058716252446175
1.0,1,0.9971522092819214
1.0,1,0.9999017715454102
1.0,1,0.9986963868141174
1.0,1,0.6999355554580688
0.0,0,0.20872753858566284
0.0,1,0.8781408071517944
1.0,1,0.9765810966491699
0.0,0,0.10277950763702393
1.0,1,0.9728221893310547
0.0,1,0.9837895035743713
1.0,1,0.9084592461585999
0.0,0,0.0004246932512614876
1.0,0,0.3398784399032593
0.0,0,0.00025587977143004537
0.0,0,0.003993647638708353
1.0,1,0.7014603018760681
1.0,1,0.9993324875831604
1.0,1,0.9948497414588928
0.0,0,0.000409386761020869
0.0,1,0.9818419218063354
0.0,0,0.06691177934408188
1.0,1,0.9999184608459473
0.0,0,0.013929593376815319
0.0,1,0.9413469433784485
0.0,0,0.00801375973969698
1.0,1,0.529102087020874
0.0,0,0.010466493666172028
1.0,0,0.0015764455311000347
0.0,0,0.0012049248907715082
0.0,0,0.0001167242880910635
1.0,1,0.7541864514350891
1.0,1,0.9984554052352905
1.0,1,0.8545833230018616
0.0,0,0.010635959915816784
0.0,0,0.025902854278683662
0.0,0,0.008157332427799702
0.0,0,0.002939887112006545
1.0,1,0.9943191409111023
1.0,1,0.999944806098938
0.0,0,0.001015789108350873
0.0,0,0.027591824531555176
0.0,0,0.0011896408395841718
0.0,0,0.00010944428504444659
0.0,0,0.0002210497623309493
0.0,0,0.006695073563605547
1.0,1,0.4119851589202881
1.0,1,0.9819791316986084
0.0,0,0.027659457176923752
0.0,0,0.0005990409408695996
0.0,0,0.008271570317447186
0.0,1,0.48830071091651917
0.0,0,0.004634242504835129
0.0,0,0.0042475308291614056
1.0,1,0.9569822549819946
0.0,0,0.010656451806426048
1.0,0,0.0016611044993624091
0.0,0,0.008385978639125824
0.0,0,0.009599242359399796
0.0,0,0.08269260823726654
0.0,0,0.0014274163404479623
1.0,0,0.05509328097105026
0.0,0,0.01309271901845932
1.0,1,0.9994578957557678
0.0,0,0.15453527867794037
1.0,0,0.11571406573057175
1.0,1,0.9999299049377441
0.0,0,0.1661236584186554
1.0,0,0.3165237307548523
1.0,1,0.9900252819061279
1.0,1,0.9871690273284912
1.0,1,0.9999077320098877
0.0,0,0.02642311342060566
0.0,0,0.11474936455488205
0.0,0,0.00836710911244154
1.0,1,0.9983229041099548
1.0,1,0.9748386144638062
0.0,0,0.12006242573261261
0.0,0,2.066573142656125e-05
1.0,1,0.9902516603469849
1.0,1,0.9263665080070496
0.0,0,0.004940359387546778
1.0,1,0.9293443560600281
0.0,0,0.06044718623161316
1.0,1,0.9999380111694336
1.0,1,0.9993939399719238
1.0,1,0.6150419116020203
1.0,0,0.00048791823792271316
1.0,1,0.9945312142372131
1.0,1,0.9992581009864807
1.0,1,0.9987348914146423
1.0,0,0.3883112967014313
1.0,1,0.9873585104942322
0.0,1,0.9913101196289062
1.0,1,0.7895304560661316
1.0,1,0.9648042321205139
0.0,1,0.978901207447052
0.0,0,1.609608079888858e-05
0.0,0,0.029089976102113724
0.0,0,0.0020287702791392803
0.0,0,0.003873009467497468
0.0,0,0.002416750881820917
0.0,0,0.006598505657166243
0.0,1,0.9079137444496155
0.0,0,0.032544467598199844
0.0,0,0.2430485486984253
1.0,0,0.09051141142845154
1.0,1,0.9986993074417114
1.0,1,0.9831135272979736
1.0,1,0.9367303848266602
0.0,0,0.03931133821606636
1.0,1,0.9991760849952698
0.0,1,0.9954767823219299
0.0,1,0.5208250284194946
1.0,1,0.9998596906661987
0.0,0,0.008383560925722122
0.0,0,0.013025080785155296
1.0,1,0.8950011134147644
1.0,1,0.9980847835540771
0.0,0,0.003680774476379156
0.0,0,0.3422764837741852
1.0,1,0.9457678198814392
1.0,1,0.8753895163536072
0.0,0,0.009949594736099243
1.0,1,0.9987609386444092
0.0,1,0.45870736241340637
0.0,0,0.16138197481632233
1.0,1,0.9902133345603943
0.0,0,0.1362754851579666
1.0,1,0.998768150806427
0.0,0,0.004420560318976641
0.0,0,0.07539767771959305
0.0,0,8.213223918573931e-05
0.0,0,0.00010497072071302682
0.0,0,0.17832767963409424
1.0,1,0.5746221542358398
0.0,0,0.0006345543661154807
0.0,0,0.04535903409123421
1.0,1,0.9975505471229553
0.0,0,0.0007470042910426855
0.0,0,0.00042148446664214134
0.0,0,0.019485848024487495
0.0,0,0.0008334466838277876
0.0,0,0.20464052259922028
0.0,1,0.929446816444397
0.0,0,0.024093367159366608
0.0,0,0.0009907815838232636
1.0,1,0.9985958933830261
0.0,0,0.0005045359721407294
1.0,1,0.999929666519165
1.0,1,0.9950643181800842
1.0,1,0.9867847561836243
0.0,0,0.004462300334125757
0.0,0,0.02725275233387947
1.0,1,0.9998273849487305
0.0,0,0.001727376482449472
0.0,0,0.0611807219684124
0.0,0,0.0014358945190906525
0.0,0,0.28038305044174194
0.0,0,0.15886352956295013
1.0,1,0.9995031356811523
0.0,1,0.9211711287498474
1.0,0,0.02237500622868538
0.0,1,0.9754503965377808
1.0,1,0.9997156262397766
0.0,0,0.005881921388208866
1.0,1,0.9838972687721252
0.0,0,0.004285057075321674
1.0,1,0.999893069267273
1.0,1,0.9338955879211426
0.0,0,0.10753107070922852
1.0,0,0.38505908846855164
0.0,0,0.0013409543316811323
1.0,1,0.9982359409332275
1.0,1,0.9993720650672913
0.0,0,0.053857188671827316
1.0,1,0.9725388884544373
0.0,0,0.001680200919508934
1.0,1,0.9988822340965271
0.0,0,0.0004190526669844985
1.0,1,0.9985465407371521
1.0,0,0.022351616993546486
0.0,0,0.0997793897986412
1.0,1,0.9392426609992981
0.0,1,0.7528674602508545
0.0,0,0.0004597956722136587
0.0,0,0.1741984486579895
1.0,1,0.909626841545105
0.0,0,0.0009353769128210843
0.0,0,0.0026878996286541224
0.0,0,0.04415503889322281
1.0,0,0.0006829703343100846
0.0,0,0.0008405853295698762
0.0,0,0.0014197254786267877
1.0,1,0.9890967607498169
1.0,1,0.9996331930160522
1.0,1,0.9998295307159424
0.0,0,0.003045298857614398
1.0,1,0.9478616714477539
1.0,1,0.9890267252922058
1.0,1,0.5382909774780273
0.0,0,0.05196037143468857
0.0,0,0.014378746971487999
1.0,1,0.9827291965484619
1.0,1,0.8006699681282043
0.0,0,0.005594458896666765
0.0,1,0.9685497879981995
1.0,1,0.9999986886978149
0.0,0,0.0429358184337616
0.0,0,0.0015233424492180347
0.0,0,0.008171762339770794
1.0,1,0.9663671255111694
0.0,0,0.0014740658225491643
1.0,0,0.02620081417262554
0.0,1,0.8570808172225952
0.0,0,0.14672119915485382
1.0,1,0.9966936111450195
1.0,1,0.9994057416915894
1.0,1,0.9093307256698608
0.0,0,0.0005295057198964059
0.0,0,0.0036944602616131306
0.0,0,0.003435423830524087
1.0,1,0.5479581356048584
1.0,1,0.49121055006980896
0.0,0,0.013731337152421474
1.0,1,0.988653838634491
0.0,0,0.23057596385478973
0.0,0,0.023351116105914116
0.0,0,0.13640975952148438
0.0,0,0.0009443063172511756
0.0,0,0.0007275191019289196
0.0,0,0.2873111665248871
0.0,0,0.0003069115336984396
1.0,1,0.9988301396369934
1.0,1,0.9938129186630249
1.0,1,0.997081458568573
1.0,1,0.996704638004303
1.0,1,0.999981164932251
1.0,1,0.9999992847442627
1.0,1,0.9481267929077148
1.0,1,0.9926213026046753
1.0,1,0.9810964465141296
1.0,1,0.9859909415245056
1.0,1,0.9991450309753418
0.0,0,0.015727141872048378
0.0,0,0.010724153369665146
0.0,0,0.006317488849163055
0.0,0,0.2754959762096405
0.0,0,0.15917648375034332
0.0,1,0.4050404131412506
0.0,0,2.699294600461144e-05
0.0,0,0.0005981565918773413
1.0,1,0.989673376083374
1.0,1,0.9982393980026245
1.0,0,0.004736440721899271
0.0,0,0.0012172161368653178
0.0,0,0.005408762022852898
0.0,0,0.00030922063160687685
0.0,0,0.000958207412622869
0.0,0,0.0008073989883996546
0.0,0,0.008359950967133045
1.0,1,0.7695173025131226
0.0,0,0.003928197082132101
0.0,0,0.03298969566822052
0.0,0,0.00028270520851947367
0.0,0,4.527219061856158e-05
0.0,0,0.00137710093986243
1.0,1,0.9999972581863403
0.0,0,0.00963478535413742
1.0,1,0.9562356472015381
0.0,0,0.028395965695381165
0.0,1,0.47580868005752563
0.0,0,0.013707238249480724
0.0,0,0.005107163917273283
0.0,0,0.017381446436047554
0.0,0,0.010200655087828636
0.0,1,0.603854238986969
1.0,1,0.998867392539978
1.0,1,0.9945133924484253
1.0,1,0.8635303974151611
0.0,1,0.9190154671669006
0.0,0,0.0010146071435883641
1.0,1,0.8789225220680237
1.0,1,0.9653319120407104
0.0,0,0.04270649328827858
1.0,1,0.981999397277832
1.0,1,0.999933123588562
0.0,0,0.0014700349420309067
0.0,0,0.00307691702619195
0.0,0,0.021876344457268715
1.0,1,0.8607478737831116
0.0,1,0.9743966460227966
0.0,0,0.000322778825648129
1.0,1,0.4780057966709137
1.0,1,0.9975758194923401
0.0,0,0.041558802127838135
1.0,1,0.9173673391342163
0.0,0,0.0008323125657625496
1.0,0,0.3035837709903717
0.0,0,0.009763519279658794
1.0,1,0.8208039999008179
1.0,1,0.9370315074920654
1.0,1,0.9974884986877441
0.0,0,0.10360824316740036
1.0,1,0.9996132254600525
0.0,0,0.291629821062088
0.0,0,0.0004217003006488085
0.0,0,0.0028728735633194447
1.0,0,0.29279935359954834
0.0,0,0.01823635771870613
0.0,1,0.9897018671035767
0.0,0,0.004459001123905182
0.0,0,0.02238045074045658
0.0,0,0.0003053666732739657
1.0,1,0.847649335861206
1.0,1,0.9994729161262512
0.0,0,0.0005963381845504045
0.0,0,0.0006276213098317385
0.0,0,0.00043063980410806835
1.0,1,0.7581489682197571
0.0,0,5.056846930528991e-05
0.0,1,0.984531581401825
1.0,1,0.9593840837478638
0.0,0,0.2519907057285309
0.0,0,0.29126569628715515
0.0,0,0.0001539255172247067
0.0,0,0.01351502351462841
1.0,1,0.9995263814926147
0.0,0,0.0010741722071543336
0.0,0,0.22423771023750305
0.0,0,0.026029830798506737
0.0,0,0.0014241772005334496
1.0,0,0.30963099002838135
1.0,0,0.10112407803535461
1.0,1,0.9996135830879211
0.0,1,0.995032787322998
1.0,1,0.8159804344177246
0.0,0,0.0006233776221051812
1.0,1,0.8503339290618896
1.0,1,0.9782201051712036
1.0,1,0.9888522624969482
0.0,0,0.000744533957913518
1.0,1,0.9981936812400818
0.0,0,0.0066964528523385525
1.0,1,0.9137318134307861
1.0,1,0.5816888213157654
1.0,1,0.6384255886077881
0.0,0,0.036782167851924896
1.0,1,0.9084429740905762
0.0,1,0.9852733016014099
1.0,1,0.6385840177536011
1.0,1,0.9985237717628479
0.0,0,0.05066005513072014
1.0,1,0.6808445453643799
0.0,0,0.024691546335816383
0.0,0,0.0043550338596105576
1.0,0,0.028148584067821503
0.0,0,0.2345293164253235
1.0,1,0.8455004096031189
1.0,1,0.9978604912757874
0.0,0,0.0018446538597345352
0.0,0,0.3841639459133148
0.0,0,0.00015697292110417038
0.0,0,0.0007231883937492967
0.0,0,0.00017130344349425286
0.0,1,0.8785056471824646
1.0,1,0.9999877214431763
0.0,0,0.1281987726688385
0.0,0,0.0007362503092736006
0.0,0,0.03093727119266987
0.0,0,0.07406367361545563
0.0,0,8.59529318404384e-05
0.0,0,0.0005584607715718448
0.0,1,0.9422703385353088
1.0,0,0.05740867555141449
1.0,1,0.9884691834449768
0.0,0,0.003524746047332883
0.0,0,0.0010615895735099912
0.0,0,0.01359593030065298
0.0,0,0.0017486894503235817
0.0,0,0.004623139277100563
1.0,1,0.7454569935798645
0.0,0,0.0001754386757966131
1.0,1,0.9802912473678589
0.0,1,0.8933098316192627
0.0,0,0.00872856006026268
1.0,1,0.8284470438957214
0.0,0,0.0025192040484398603
0.0,0,0.008615865372121334
0.0,0,0.0003129190590698272
0.0,0,0.0014255796559154987
0.0,0,0.007412115577608347
0.0,0,0.07306727021932602
1.0,0,0.17887310683727264
1.0,1,0.5804014801979065
1.0,1,0.9139644503593445
1.0,1,0.9998596906661987
0.0,1,0.5688397884368896
0.0,0,0.00035783438943326473
0.0,0,0.0006379441474564373
1.0,1,0.9994624257087708
1.0,1,0.6928322315216064
0.0,0,2.7835962100652978e-05
1.0,1,0.9997223019599915
0.0,0,0.006263909861445427
0.0,0,0.20819832384586334
0.0,0,0.0012099746381863952
1.0,1,0.8083439469337463
0.0,0,0.01311564166098833
1.0,0,0.04547019675374031
1.0,1,0.997330904006958
1.0,1,0.9807697534561157
1.0,1,0.6337926387786865
0.0,0,0.004654988646507263
0.0,0,0.0021287782583385706
1.0,1,0.7732691168785095
1.0,1,0.9989506006240845
0.0,1,0.7790881991386414
1.0,1,0.9997957348823547
1.0,1,0.9996277093887329
0.0,1,0.46302667260169983
1.0,1,0.8055076003074646
1.0,1,0.999998927116394
0.0,0,0.025241604074835777
0.0,0,0.16578643023967743
0.0,0,0.005400851368904114
1.0,1,0.5555976033210754
0.0,1,0.508461058139801
1.0,1,0.9701336622238159
0.0,0,0.0009239382925443351
0.0,0,0.0017700671451166272
0.0,0,0.00219230935908854
0.0,0,4.055468525621109e-05
1.0,1,0.9977095127105713
0.0,0,0.16071034967899323
0.0,1,0.41919347643852234
0.0,1,0.7635186910629272
1.0,1,0.9969745874404907
0.0,0,0.007813951931893826
1.0,1,0.9998812675476074
1.0,1,0.9993657469749451
1.0,1,0.9999107122421265
1.0,1,0.6981236934661865
1.0,1,0.999566376209259
0.0,0,0.00011180853471159935
0.0,0,0.0009896565461531281
1.0,1,0.9982513785362244
1.0,1,0.9991693496704102
1.0,1,0.9879440069198608
1.0,1,0.9999891519546509
1.0,1,0.8782172203063965
0.0,0,0.0039353566244244576
1.0,1,0.998144268989563
0.0,0,0.0019414363196119666
1.0,1,0.9998898506164551
0.0,0,0.011195874772965908
1.0,1,0.9996821880340576
0.0,1,0.9997342228889465
0.0,0,0.00018791349430102855
0.0,0,0.04747716709971428
1.0,1,0.9937114715576172
0.0,0,0.0001504467218182981
1.0,1,0.8677496910095215
1.0,1,0.9942432045936584
0.0,0,0.0007449359982274473
0.0,0,0.023742400109767914
0.0,1,0.9084957242012024
1.0,1,0.993523120880127
0.0,0,0.0016933896113187075
0.0,0,0.0005051926127634943
0.0,0,0.004133520647883415
0.0,0,0.0335165373980999
1.0,1,0.77101069688797
1.0,1,0.808784008026123
0.0,0,0.025310281664133072
0.0,0,0.25311702489852905
0.0,0,0.0005990540375933051
0.0,0,0.0011869610752910376
1.0,1,0.9999619722366333
1.0,1,0.6263160705566406
0.0,1,0.557661235332489
0.0,0,0.000645589258056134
1.0,1,0.986467719078064
1.0,1,0.8804807662963867
1.0,1,0.9967254400253296
1.0,1,0.7035679221153259
1.0,1,0.6299366354942322
0.0,0,0.0019953257869929075
1.0,1,0.8716503977775574
0.0,0,0.0004428666434250772
0.0,0,0.012080518528819084
0.0,0,0.049365099519491196
1.0,1,0.9454428553581238
0.0,1,0.8668520450592041
0.0,0,0.013996333815157413
0.0,0,0.04888034984469414
0.0,1,0.8955870270729065
0.0,1,0.9117671847343445
0.0,0,0.008090993389487267
0.0,0,0.003329765982925892
1.0,0,0.12832848727703094
0.0,1,0.7872554659843445
0.0,0,0.3126184940338135
1.0,1,0.9265183210372925
0.0,0,0.012873378582298756
0.0,1,0.5327682495117188
1.0,1,0.7674849033355713
0.0,1,0.9195507168769836
1.0,1,0.554506242275238
1.0,1,0.9229235649108887
0.0,0,0.0003167819231748581
1.0,1,0.9997773766517639
0.0,0,0.003226278815418482
0.0,0,0.042957451194524765
0.0,0,0.08937551826238632
0.0,0,0.0015825326554477215
0.0,1,0.4803275167942047
1.0,1,0.7827088832855225
1.0,1,0.999649167060852
1.0,0,0.023807846009731293
0.0,0,5.005639104638249e-05
1.0,1,0.9973695278167725
0.0,1,0.41486743092536926
0.0,0,0.013783153146505356
0.0,0,0.00043870689114555717
0.0,0,0.01652400754392147
0.0,0,0.031889092177152634
0.0,0,0.08305012434720993
0.0,0,0.011474251747131348
0.0,0,0.0005646967911161482
1.0,1,0.9955416321754456
0.0,0,0.002313291886821389
1.0,1,0.9666979908943176
0.0,0,0.058642689138650894
1.0,1,0.999748170375824
0.0,0,0.013961059972643852
0.0,0,0.008735977113246918
1.0,1,0.9908796548843384
0.0,0,0.0007758027641102672
1.0,1,0.4829060733318329
0.0,0,0.0007117958157323301
1.0,1,0.9989511966705322
0.0,0,0.0012287725694477558
0.0,1,0.8729101419448853
1.0,1,0.9980124235153198
0.0,0,0.270719051361084
1.0,1,0.9999916553497314
1.0,1,0.9982959628105164
0.0,0,0.2901204228401184
0.0,0,0.002798570552840829
0.0,1,0.5200915932655334
0.0,0,0.08652063459157944
1.0,1,0.9999703168869019
0.0,0,0.004257023800164461
1.0,1,0.9888924956321716
1.0,0,0.3692610561847687
0.0,0,0.05928000435233116
0.0,1,0.4401324689388275
1.0,0,0.23012180626392365
1.0,1,0.9903794527053833
1.0,1,0.978721559047699
0.0,0,0.005359540227800608
0.0,0,0.006248009391129017
0.0,0,8.56123078847304e-05
1.0,1,0.4354625642299652
1.0,1,0.9116612076759338
0.0,1,0.46816277503967285
1.0,0,0.3901350498199463
0.0,0,0.002972192130982876
1.0,1,0.6383991241455078
0.0,0,0.05040649324655533
1.0,1,0.9240526556968689
1.0,0,0.12916049361228943
0.0,0,0.0007687741308473051
0.0,0,0.0021515090484172106
0.0,0,0.0031624597031623125
0.0,1,0.8032143115997314
1.0,1,0.9740355014801025
0.0,0,0.014615753665566444
0.0,0,0.050466783344745636
0.0,0,0.00268092704936862
0.0,0,0.0019802830647677183
1.0,1,0.9809738993644714
0.0,1,0.7528071999549866
1.0,0,0.04908997192978859
1.0,1,0.9927903413772583
0.0,0,0.0005820045480504632
0.0,0,0.00016460588085465133
0.0,0,0.00019656967197079211
1.0,1,0.9990944862365723
1.0,1,0.9959439635276794
0.0,0,0.0010908818803727627
1.0,1,0.9978941082954407
0.0,0,0.0007751021767035127
0.0,0,0.004663351457566023
0.0,0,0.023556213825941086
0.0,0,0.0006772548658773303
0.0,1,0.9282423853874207
0.0,0,0.01811186969280243
1.0,1,0.9992533326148987
0.0,0,0.0023074017371982336
0.0,0,0.13356025516986847
0.0,0,0.13710932433605194
0.0,0,0.13719682395458221
1.0,1,0.8286876082420349
0.0,0,0.0005050589679740369
0.0,0,0.0027894964441657066
1.0,1,0.9893531799316406
1.0,1,0.9999403953552246
1.0,1,0.9996259212493896
1.0,1,0.529260516166687
0.0,0,0.013070409186184406
1.0,0,0.3657986521720886
1.0,0,0.35279029607772827
1.0,0,0.2729107141494751
0.0,1,0.9819666147232056
1.0,1,0.9902071356773376
1.0,1,0.9876412749290466
0.0,0,0.01643611490726471
1.0,0,0.07670282572507858
1.0,1,0.9977883100509644
1.0,0,0.3096087574958801
1.0,1,0.990845263004303
0.0,1,0.9497072100639343
1.0,1,0.9999595880508423
1.0,1,0.9476987719535828
1.0,1,0.9996961355209351
0.0,0,0.0006546236108988523
1.0,1,0.9997801184654236
0.0,0,0.0015591869596391916
0.0,0,0.030774598941206932
1.0,1,0.9999785423278809
0.0,1,0.9967398047447205
0.0,0,0.10128430277109146
1.0,1,0.9995254278182983
1.0,0,0.021239658817648888
0.0,0,7.445178925991058e-05
0.0,0,0.001479803933762014
1.0,1,0.9993423819541931
1.0,0,0.011259488761425018
0.0,0,0.058453503996133804
1.0,1,0.9911491870880127
0.0,0,0.03404982388019562
0.0,0,0.012553464621305466
0.0,0,0.00323120946995914
0.0,1,0.8098891377449036
0.0,0,0.055359724909067154
0.0,0,0.0018748947186395526
1.0,1,0.997947633266449
1.0,1,0.998680055141449
1.0,1,0.9998513460159302
1.0,1,0.9997923970222473
0.0,0,0.0005547870532609522
0.0,0,0.04743286222219467
0.0,0,0.005297465715557337
0.0,0,0.00044472934678196907
0.0,0,0.0002335917524760589
0.0,0,0.0006781913689337671
1.0,1,0.9980364441871643
0.0,0,0.0067345197312533855
1.0,1,0.99775630235672
0.0,0,0.016540365293622017
0.0,0,0.08792583644390106
0.0,0,0.20371010899543762
0.0,0,0.0024952248204499483
0.0,1,0.9730580449104309
0.0,0,0.01839635521173477
0.0,0,0.2400529980659485
0.0,0,0.19010594487190247
0.0,0,0.0001419929030817002
0.0,0,0.0005283512291498482
1.0,1,0.9979643821716309
0.0,0,0.0004423344216775149
1.0,1,0.9979755282402039
0.0,0,0.20294228196144104
0.0,0,0.0006876817205920815
1.0,0,0.22589755058288574
1.0,1,0.993665874004364
0.0,0,0.00015027352492325008
0.0,0,0.07217496633529663
1.0,1,0.8624758124351501
1.0,1,0.9956110119819641
0.0,0,6.470582593465224e-05
0.0,0,0.006247106473892927
1.0,0,0.23470541834831238
1.0,1,0.9994857311248779
1.0,1,0.9991710186004639
0.0,0,0.037478942424058914
1.0,1,0.8894742727279663
0.0,0,0.002460556337609887
1.0,1,0.9973702430725098
1.0,1,0.9997991919517517
0.0,1,0.4978398382663727
1.0,1,0.9754517674446106
0.0,1,0.40933725237846375
0.0,0,0.031514354050159454
0.0,0,0.002868651645258069
1.0,1,0.9996957778930664
0.0,0,0.0836745873093605
0.0,1,0.4343433082103729
0.0,0,0.001376352971419692
0.0,0,0.359417200088501
0.0,0,0.2346862405538559
1.0,1,0.9677702188491821
0.0,0,0.062114838510751724
1.0,1,0.8872987031936646
0.0,1,0.8972960114479065
0.0,0,0.0016937596956267953
0.0,0,0.0098265977576375
0.0,0,3.2177267712540925e-05
1.0,1,0.999308705329895
1.0,1,0.9992473125457764
0.0,0,0.0007389793754555285
0.0,0,0.0005425176350399852
1.0,1,0.9838522672653198
1.0,1,0.8316187262535095
0.0,0,7.852013368392363e-05
0.0,0,0.006419072858989239
1.0,1,0.9990774393081665
0.0,0,0.002746637212112546
0.0,0,0.0008222382748499513
1.0,0,0.18874801695346832
1.0,0,0.11808652430772781
0.0,1,0.9876167178153992
1.0,1,0.9851255416870117
0.0,0,0.012746292166411877
1.0,1,0.9979792237281799
0.0,0,0.10767816752195358
0.0,0,0.014500082470476627
0.0,0,0.021337581798434258
0.0,0,0.0031758167315274477
1.0,1,0.9926633834838867
0.0,0,0.0011224251938983798
1.0,1,0.9984329342842102
0.0,1,0.7502297759056091
1.0,1,0.9998169541358948
0.0,0,0.002332953969016671
0.0,0,0.003124055452644825
1.0,1,0.9102051258087158
0.0,0,0.0017592842923477292
1.0,1,0.9920960664749146
1.0,1,0.9999403953552246
0.0,0,0.029505327343940735
0.0,0,0.004564781207591295
0.0,0,0.0037008547224104404
0.0,0,0.005035692825913429
1.0,1,0.9087576270103455
1.0,1,0.8489365577697754
0.0,0,0.0008635045378468931
0.0,0,0.001975533552467823
0.0,1,0.9570896029472351
1.0,1,0.997246265411377
0.0,1,0.9970128536224365
0.0,0,0.0001050872087944299
0.0,0,0.10938901454210281
1.0,1,0.9978262782096863
1.0,1,0.982196569442749
0.0,0,0.19553811848163605
0.0,0,0.006103625055402517
0.0,0,0.008996518328785896
0.0,0,0.022207647562026978
1.0,1,0.9981306195259094
0.0,0,0.002484651282429695
0.0,1,0.8860132694244385
0.0,0,0.00013618209050036967
1.0,1,0.9221242666244507
0.0,0,0.004803350195288658
1.0,1,0.9924139380455017
0.0,0,0.0009239400387741625
1.0,1,0.9821053743362427
1.0,1,0.9879849553108215
0.0,0,0.05385646969079971
1.0,1,0.9981607794761658
0.0,0,0.0022821668535470963
0.0,0,0.0006903171306475997
0.0,0,0.0003123527567368001
0.0,0,0.018254823982715607
0.0,0,0.0030708396807312965
0.0,0,6.353224307531491e-05
1.0,1,0.9999966621398926
0.0,0,0.004746242891997099
0.0,0,0.000949149252846837
1.0,1,0.9787800312042236
0.0,0,0.176792174577713
0.0,0,0.0012466516345739365
0.0,0,0.014279148541390896
0.0,0,0.00784173421561718
0.0,0,0.2215658724308014
0.0,0,0.0017165623139590025
1.0,0,0.02055133879184723
0.0,0,0.008575976826250553
1.0,1,0.999913215637207
0.0,0,0.04032258689403534
0.0,0,0.000310205650748685
1.0,1,0.9983617663383484
0.0,0,0.003525771200656891
0.0,0,0.07059096544981003
0.0,0,0.0006928994553163648
0.0,0,5.4363656090572476e-05
1.0,1,0.6259026527404785
0.0,0,0.001208496862091124
0.0,0,0.021802889183163643
0.0,0,0.0022259990219026804
0.0,1,0.9534285664558411
0.0,0,0.0035491620656102896
1.0,1,0.9773813486099243
1.0,1,0.8193777799606323
1.0,1,0.9890407919883728
1.0,1,0.9431610107421875
0.0,0,0.025268588215112686
0.0,0,0.003907237201929092
0.0,0,0.043214067816734314
0.0,0,0.0018734220648184419
0.0,0,0.2625846862792969
0.0,0,0.0010993304895237088
0.0,0,0.0024894834496080875
0.0,0,0.004577291198074818
0.0,0,0.0007303525926545262
0.0,0,0.008891082368791103
1.0,1,0.6978767514228821
0.0,0,0.02318962663412094
0.0,0,0.198355570435524
0.0,0,0.2137848287820816
0.0,0,0.000725068966858089
0.0,0,0.010722914710640907
0.0,0,0.05051906779408455
0.0,0,2.8676633519353345e-05
1.0,1,0.9898614883422852
0.0,0,0.024836502969264984
0.0,0,0.0014230229426175356
1.0,1,0.9868163466453552
1.0,0,0.21181364357471466
1.0,1,0.999729573726654
1.0,1,0.9993098974227905
0.0,0,5.196539859753102e-05
1.0,1,0.9999558925628662
0.0,1,0.8974544405937195
0.0,0,0.1088915765285492
0.0,0,0.1996861696243286
1.0,1,0.9996776580810547
0.0,0,0.005381029099225998
1.0,1,0.9916428327560425
1.0,1,0.9997208714485168
0.0,0,0.002722610952332616
0.0,0,0.008895965293049812
1.0,1,0.9936906099319458
0.0,0,0.001055559958331287
1.0,1,0.9559209942817688
1.0,1,0.9985517859458923
0.0,0,0.04474323242902756
0.0,0,1.616291410755366e-05
0.0,0,0.014118053019046783
0.0,0,0.00028333879890851676
1.0,1,0.49726542830467224
0.0,0,0.02575034089386463
1.0,1,0.9922802448272705
0.0,0,0.0012076636776328087
1.0,1,0.9958539009094238
0.0,0,0.0009271773160435259
1.0,1,0.9824721813201904
0.0,0,0.019843323156237602
1.0,1,0.9939978122711182
0.0,0,0.12793312966823578
1.0,1,0.9999516010284424
1.0,1,0.9993320107460022
1.0,1,0.9964093565940857
1.0,1,0.9432913661003113
0.0,0,0.0016741235740482807
0.0,0,0.02213617041707039
1.0,1,0.9987842440605164
0.0,0,0.08554121851921082
0.0,1,0.7405518889427185
1.0,1,0.998245120048523
0.0,0,0.0020465808920562267
1.0,1,0.8225930333137512
0.0,0,4.370268652564846e-05
0.0,0,0.002438050927594304
1.0,1,0.9997476935386658
1.0,1,0.9998574256896973
0.0,0,0.0010275562526658177
0.0,0,0.0022882071789354086
1.0,1,0.9924620985984802
0.0,0,0.003584188176319003
0.0,0,0.0022674656938761473
1.0,1,0.9993594288825989
1.0,1,0.7309850454330444
0.0,0,0.0376148484647274
1.0,1,0.8545553088188171
1.0,1,0.9872604608535767
0.0,0,0.0001750326482579112
1.0,0,0.3117128610610962
1.0,1,0.9970508813858032
0.0,0,0.016007419675588608
0.0,0,0.014633811078965664
1.0,1,0.9775174260139465
0.0,0,0.00012780707038473338
0.0,1,0.6662452220916748
0.0,0,0.0013008577516302466
1.0,1,0.99933260679245
1.0,1,0.9998997449874878
0.0,0,0.0011394725879654288
0.0,0,0.0026580076664686203
1.0,1,0.9979647397994995
0.0,0,0.0052679735235869884
0.0,1,0.9226677417755127
0.0,0,0.02671748958528042
0.0,0,0.0015124342171475291
0.0,0,0.0015202818904072046
1.0,1,0.9998986721038818
1.0,1,0.9928590059280396
1.0,1,0.9174869656562805
0.0,0,0.005726743023842573
1.0,0,0.0010425657965242863
0.0,0,0.015045984648168087
0.0,0,0.00012835385859943926
1.0,1,0.8750332593917847
0.0,0,0.0026307229418307543
1.0,1,0.9209893941879272
1.0,1,0.9829086065292358
0.0,0,0.00017216920969076455
1.0,1,0.9997323155403137
1.0,1,0.5064626932144165
0.0,0,0.0010179290547966957
1.0,1,0.8682703375816345
0.0,0,0.025756407529115677
1.0,1,0.9941259622573853
1.0,1,0.9331589341163635
0.0,0,0.008398947305977345
0.0,0,2.5690107577247545e-05
0.0,0,0.002898566424846649
1.0,1,0.9994285702705383
0.0,0,0.09008900076150894
1.0,0,0.2322191596031189
1.0,1,0.9980145692825317
1.0,1,0.9996644258499146
0.0,1,0.9167510867118835
1.0,1,0.5740297436714172
1.0,0,0.011388339102268219
1.0,0,0.33128035068511963
0.0,1,0.5913172960281372
0.0,0,0.021527709439396858
1.0,1,0.95667964220047
1.0,1,0.9989824891090393
1.0,1,0.9995254278182983
1.0,1,0.6445779800415039
0.0,0,0.021395498886704445
0.0,0,0.00022893432469572872
1.0,1,0.9808448553085327
1.0,1,0.9965997338294983
1.0,1,0.9906907081604004
1.0,1,0.9440336227416992
1.0,1,0.9999057054519653
1.0,1,0.9981775283813477
1.0,1,0.9999639987945557
0.0,0,0.0026118624955415726
0.0,1,0.7988998293876648
1.0,1,0.9486000537872314
1.0,1,0.999941349029541
0.0,0,0.0007851439877413213
0.0,0,6.09211201663129e-06
0.0,0,0.28529441356658936
0.0,0,0.0017943368293344975
1.0,1,0.9998582601547241
1.0,1,0.9995983242988586
0.0,0,0.002414894988760352
0.0,1,0.9951367974281311
0.0,0,0.0016861759359017015
1.0,1,0.9976473450660706
0.0,0,0.00042909718467853963
0.0,0,0.007662922143936157
1.0,1,0.998677670955658
0.0,0,0.0036387897562235594
0.0,0,0.07498481124639511
1.0,1,0.9994825124740601
0.0,0,0.008387156762182713
1.0,1,0.9987120628356934
1.0,1,0.5174258947372437
1.0,1,0.8212969303131104
1.0,1,0.9999841451644897
0.0,0,0.0031126535031944513
0.0,0,0.003296645125374198
1.0,1,0.5551336407661438
0.0,0,0.11571755260229111
1.0,1,0.9950114488601685
0.0,0,0.009401400573551655
0.0,0,0.00684751570224762
0.0,0,0.0003246840205974877
0.0,0,0.0030590060632675886
0.0,0,9.525818313704804e-05
0.0,0,0.0011029846500605345
0.0,0,0.0018859395058825612
0.0,0,0.00618732301518321
0.0,0,0.00019622792024165392
0.0,1,0.6444219946861267
0.0,0,0.016061842441558838
0.0,0,0.010879474692046642
1.0,1,0.9996050000190735
0.0,0,7.044613448670134e-05
0.0,0,0.010388294234871864
0.0,0,8.624554902780801e-05
1.0,1,0.9998511075973511
0.0,1,0.8374755382537842
0.0,0,0.006551848258823156
0.0,0,0.010081293992698193
0.0,0,0.0004853155987802893
1.0,1,0.9999415874481201
1.0,0,0.10486354678869247
1.0,1,0.9999550580978394
0.0,0,0.056771859526634216
0.0,0,0.013222300447523594
0.0,0,0.22971852123737335
1.0,0,0.004951294977217913
0.0,1,0.9883614182472229
0.0,1,0.5232774615287781
0.0,0,0.009389782324433327
0.0,0,0.04218520596623421
1.0,1,0.9981215596199036
0.0,0,0.00011614838149398565
1.0,1,0.6788337826728821
1.0,1,0.9871854186058044
0.0,0,0.015701107680797577
1.0,1,0.9570369720458984
0.0,0,0.00943240337073803
0.0,0,0.0014568876940757036
0.0,1,0.9766589999198914
0.0,0,0.00206916406750679
0.0,0,0.030049782246351242
0.0,0,0.0007486740942113101
0.0,0,0.0034253562334924936
0.0,0,0.004295541439205408
1.0,1,0.9918208122253418
1.0,1,0.9992848038673401
0.0,0,0.08813553303480148
0.0,0,0.00034235019120387733
0.0,0,0.0008346451795659959
0.0,1,0.8135761618614197
0.0,1,0.7382020950317383
0.0,0,0.003934353124350309
1.0,1,0.9995253086090088
0.0,0,0.02345827780663967
0.0,0,0.047716543078422546
0.0,0,0.002578007522970438
1.0,1,0.9925885200500488
0.0,1,0.9773011803627014
1.0,1,0.9999784231185913
0.0,0,0.35800546407699585
0.0,0,6.367210880853236e-05
0.0,0,0.001755138044245541
0.0,0,4.6869849029462785e-05
1.0,1,0.7262746691703796
1.0,1,0.9997603297233582
1.0,1,0.9998843669891357
0.0,1,0.4904286861419678
0.0,0,0.007086469791829586
0.0,0,0.0063489158637821674
0.0,0,0.00017872215539682657
1.0,0,0.05430334433913231
0.0,0,0.23220312595367432
0.0,0,0.004797718487679958
1.0,1,0.9117117524147034
0.0,0,0.0007785951602272689
0.0,1,0.7626143097877502
1.0,1,0.962407648563385
1.0,1,0.9919390082359314
1.0,1,0.9222800135612488
0.0,0,0.0005213914555497468
0.0,0,0.06882061809301376
0.0,0,0.20079711079597473
1.0,1,0.5983090400695801
1.0,1,0.9997063279151917
1.0,1,0.5297690033912659
1.0,1,0.6521103382110596
0.0,0,0.00011849823204101995
0.0,0,6.034851321601309e-05
0.0,0,0.00015227022231556475
0.0,0,0.00332567747682333
0.0,1,0.9902987480163574
0.0,0,0.0023397908080369234
0.0,0,0.0023759729228913784
0.0,0,0.049845416098833084
1.0,1,0.9826251268386841
1.0,1,0.9999843835830688
0.0,0,0.005877623800188303
1.0,1,0.9997397065162659
0.0,1,0.9865078926086426
0.0,0,0.025154022499918938
0.0,0,0.014889498241245747
0.0,0,0.0014169808709993958
1.0,1,0.9910510778427124
0.0,0,0.00017818751803133637
1.0,1,0.9996862411499023
0.0,0,0.003533919109031558
1.0,1,0.9980432987213135
0.0,0,0.0017748947720974684
0.0,0,0.006216983776539564
1.0,1,0.9940090179443359
0.0,0,3.813394869212061e-06
0.0,1,0.6883260011672974
1.0,1,0.9958369731903076
0.0,0,6.987963570281863e-05
0.0,0,0.0043916418217122555
1.0,1,0.9953676462173462
1.0,1,0.9837230443954468
1.0,1,0.6707295775413513
0.0,0,1.7367314285365865e-05
0.0,0,0.004154600203037262
1.0,1,0.994818389415741
0.0,0,0.027180684730410576
0.0,0,0.00021795384236611426
1.0,1,0.9685497283935547
0.0,1,0.6703298091888428
1.0,1,0.9939305782318115
0.0,0,0.0023455601185560226
1.0,1,0.4899061322212219
0.0,1,0.8519850969314575
1.0,0,0.217461958527565
0.0,0,0.011196788400411606
0.0,0,0.07975959032773972
1.0,1,0.9960078001022339
1.0,1,0.955274760723114
1.0,1,0.7864343523979187
1.0,1,0.9992294311523438
0.0,0,0.15480367839336395
0.0,0,0.007927535101771355
1.0,1,0.738166868686676
1.0,0,0.3945358693599701
1.0,1,0.9801062941551208
0.0,1,0.8267374634742737
0.0,0,0.03942422196269035
0.0,0,0.0053945183753967285
0.0,0,0.0004985310952179134
1.0,1,0.9914617538452148
1.0,1,0.9974328875541687
1.0,1,0.9985038042068481
1.0,1,0.7485349774360657
0.0,0,0.019495457410812378
1.0,1,0.9399135112762451
0.0,0,0.33224648237228394
0.0,0,0.036964040249586105
0.0,1,0.9482567310333252
0.0,0,0.00230909395031631
0.0,0,0.03452548012137413
1.0,1,0.9141220450401306
0.0,0,2.4770527033979306e-06
0.0,0,0.0008057376835495234
0.0,0,0.001741815940476954
0.0,0,0.00034394190879538655
1.0,1,0.8269705176353455
0.0,0,0.021066375076770782
1.0,1,0.9978171586990356
0.0,0,0.032526977360248566
0.0,0,0.00021560111781582236
0.0,0,3.776382436626591e-05
0.0,0,0.0008110030321404338
0.0,0,0.2633257508277893
0.0,1,0.9762802720069885
0.0,0,0.00137691933196038
1.0,1,0.9906415343284607
0.0,0,0.006278949789702892
0.0,0,0.007941479794681072
0.0,0,0.0012684211833402514
0.0,1,0.9984209537506104
1.0,1,0.9630559086799622
0.0,0,0.0033078037668019533
0.0,0,0.004651103634387255
0.0,0,0.00980144552886486
0.0,0,0.001615306711755693
0.0,0,0.0006322887493297458
1.0,1,0.9999006986618042
0.0,0,0.003072052961215377
0.0,0,0.12035474181175232
0.0,0,0.02946709841489792
0.0,0,0.0016165499109774828
1.0,1,0.9563067555427551
0.0,0,0.011372576467692852
1.0,1,0.99992835521698
0.0,1,0.778766930103302
0.0,0,0.0011561012361198664
1.0,0,0.016587452962994576
0.0,0,1.2304543815844227e-05
0.0,0,0.0006051836535334587
0.0,0,0.1395587921142578
0.0,0,0.00038569519529119134
0.0,0,0.002507526893168688
0.0,1,0.8846065402030945
0.0,0,0.004631764721125364
0.0,0,9.532915282761678e-05
1.0,1,0.9996234178543091
1.0,1,0.99636310338974
0.0,0,0.13415226340293884
1.0,1,0.9240711331367493
0.0,0,0.022745097056031227
0.0,0,0.14776475727558136
1.0,1,0.9961836934089661
0.0,1,0.6008456349372864
0.0,0,0.3111802339553833
0.0,0,0.017472410574555397
0.0,0,8.961838466348127e-05
0.0,0,0.0025122291408479214
1.0,1,0.9953586459159851
1.0,1,0.9634471535682678
1.0,1,0.998581051826477
1.0,1,0.9838436245918274
0.0,0,0.005102201830595732
1.0,1,0.8245714902877808
1.0,1,0.9987204074859619
0.0,0,0.013474815525114536
0.0,0,0.14700500667095184
1.0,1,0.7491613030433655
1.0,1,0.9990527033805847
1.0,1,0.9980469942092896
0.0,1,0.403739869594574
1.0,1,0.7427535057067871
0.0,0,0.00042457421659491956
0.0,0,0.000724134617485106
0.0,0,0.0909947007894516
1.0,0,0.23468518257141113
0.0,0,0.06305642426013947
0.0,0,0.1539701223373413
0.0,0,0.005982388276606798
0.0,0,0.001600549672730267
0.0,0,0.04911457374691963
0.0,0,0.0033847640734165907
0.0,0,0.004209642764180899
1.0,1,0.9998892545700073
0.0,0,0.15415921807289124
1.0,0,0.20566903054714203
0.0,0,0.3860144317150116
0.0,0,0.03328176587820053
1.0,1,0.9853100776672363
0.0,0,0.025344571098685265
0.0,0,0.0002853843034245074
1.0,1,0.9949899315834045
0.0,0,0.014766248874366283
0.0,0,0.004728986416012049
1.0,1,0.9999308586120605
1.0,1,0.9998183846473694
0.0,0,0.0014949939213693142
0.0,0,0.012888511642813683
1.0,1,0.9988976716995239
1.0,1,0.9987927675247192
0.0,0,0.00018927799828816205
0.0,0,0.07041920721530914
0.0,0,0.0005865235580131412
1.0,1,0.9945459365844727
1.0,1,0.8771777749061584
1.0,1,0.863329291343689
0.0,0,0.016222570091485977
0.0,0,0.0009454758837819099
0.0,0,0.0011559872655197978
0.0,0,0.010532266460359097
1.0,1,0.996868908405304
1.0,1,0.9996143579483032
0.0,1,0.8826554417610168
1.0,1,0.9277282357215881
1.0,1,0.570582389831543
0.0,0,0.03643154725432396
0.0,0,0.002483595861122012
1.0,1,0.9820209741592407
0.0,1,0.5558471083641052
0.0,0,0.016159407794475555
0.0,0,0.0005440623499453068
1.0,1,0.725233256816864
1.0,1,0.993130624294281
0.0,0,0.0014550816267728806
0.0,1,0.658859133720398
1.0,0,0.23929481208324432
1.0,0,0.04360117390751839
0.0,0,0.005554835312068462
0.0,0,0.006246267817914486
0.0,0,0.001379866385832429
1.0,1,0.995636522769928
0.0,0,7.363022450590506e-05
1.0,1,0.9790352582931519
1.0,1,0.8119861483573914
1.0,1,0.9390184879302979
1.0,1,0.9778026342391968
1.0,1,0.7121325135231018
0.0,0,0.0003991898847743869
0.0,0,0.013270165771245956
0.0,0,0.0017861903179436922
0.0,0,0.0010357752908021212
0.0,0,0.0010055662132799625
0.0,0,0.0011704977368935943
1.0,1,0.9969274401664734
1.0,1,0.9999728202819824
1.0,1,0.9481267333030701
0.0,0,0.0026146937161684036
0.0,0,0.00014620512956753373
0.0,0,0.0011029867455363274
0.0,0,0.14578209817409515
1.0,1,0.9992184638977051
0.0,0,0.0013712230138480663
1.0,1,0.9989426732063293
1.0,1,0.9809993505477905
1.0,1,0.6402139663696289
0.0,0,0.0008444081759080291
1.0,1,0.9912277460098267
1.0,0,0.03530748561024666
0.0,0,0.000477370573207736
1.0,0,0.0445123016834259
1.0,1,0.9996317625045776
1.0,1,0.5448158979415894
1.0,1,0.9970520734786987
1.0,1,0.998514711856842
0.0,1,0.7192627191543579
0.0,0,0.30022794008255005
0.0,0,0.07824166119098663
1.0,1,0.9405820369720459
0.0,0,0.18060672283172607
0.0,0,0.014294721186161041
0.0,0,0.0003143114736303687
1.0,1,0.9999892711639404
1.0,1,0.9672227501869202
1.0,1,0.9994577765464783
1.0,1,0.8592084646224976
1.0,1,0.9978117346763611
0.0,0,0.004414136987179518
1.0,1,0.9729955196380615
1.0,1,0.9999074935913086
0.0,0,0.0003010666696354747
1.0,1,0.9871190786361694
0.0,0,0.09848432242870331
1.0,1,0.9540020823478699
0.0,0,0.018086642026901245
1.0,1,0.950578510761261
0.0,0,0.0024705398827791214
0.0,0,0.19834722578525543
0.0,0,0.011985708959400654
1.0,1,0.9974115490913391
0.0,0,0.00011597671982599422
1.0,1,0.9885355830192566
1.0,1,0.9767063856124878
1.0,1,0.9234652519226074
1.0,1,0.7587258219718933
0.0,0,0.020384397357702255
0.0,1,0.5900157690048218
0.0,0,0.0023995644878596067
0.0,0,0.00019163293472956866
1.0,1,0.9995211362838745
1.0,1,0.9998424053192139
1.0,1,0.8422767519950867
1.0,1,0.9176654815673828
1.0,1,0.9269211888313293
0.0,0,0.0013157040812075138
0.0,1,0.8169100284576416
1.0,1,0.8684813380241394
0.0,0,0.002821963280439377
0.0,0,0.08452699333429337
0.0,0,0.0007169347372837365
1.0,1,0.9115857481956482
0.0,0,0.09060156345367432
0.0,0,0.1557489037513733
1.0,1,0.9738675951957703
1.0,1,0.8555311560630798
0.0,0,0.005801057908684015
0.0,0,0.001218818360939622
1.0,1,0.9956374764442444
1.0,0,0.01897808536887169
0.0,0,0.0004938619676977396
0.0,0,0.00010187929728999734
0.0,1,0.9968723654747009
1.0,1,0.9350898861885071
0.0,0,0.0013624414568766952
0.0,0,0.006932463962584734
0.0,0,0.18807484209537506
1.0,1,0.9999233484268188
0.0,0,0.1975770890712738
1.0,1,0.9284349083900452
0.0,0,0.01165887713432312
1.0,1,0.4207368791103363
1.0,1,0.9471991658210754
1.0,1,0.9944453835487366
1.0,1,0.9087000489234924
0.0,0,0.006114322692155838
0.0,0,0.00019876952865161002
1.0,1,0.9999874830245972
0.0,0,0.001832863548770547
0.0,0,0.006136809475719929
1.0,1,0.9995166063308716
0.0,0,0.019064530730247498
0.0,0,0.0080570662394166
0.0,0,0.11153250932693481
1.0,1,0.9685109853744507
1.0,1,0.999860405921936
0.0,0,0.0005586910410784185
0.0,0,0.0011998231057077646
1.0,0,0.007591521833091974
0.0,0,0.3203756809234619
1.0,1,0.9998723268508911
1.0,1,0.9990022778511047
1.0,1,0.9932767748832703
0.0,0,0.060310669243335724
1.0,1,0.8686918616294861
0.0,0,0.10571007430553436
1.0,1,0.7375290393829346
1.0,1,0.9991710186004639
1.0,1,0.9435234069824219
1.0,1,0.998984158039093
1.0,1,0.9943522214889526
1.0,0,0.3898296356201172
1.0,1,0.7113619446754456
0.0,0,0.0023733340203762054
0.0,0,0.015894722193479538
1.0,0,0.05325213074684143
1.0,1,0.9851313233375549
0.0,0,0.00015231191355269402
1.0,1,0.9983148574829102
0.0,0,0.1866433024406433
1.0,1,0.6664364337921143
0.0,0,0.00038933748146519065
0.0,0,0.0821491926908493
0.0,0,0.010287339799106121
1.0,1,0.6413305401802063
1.0,1,0.9999650716781616
0.0,0,0.00032834187732078135
1.0,0,0.03342060372233391
0.0,0,0.0006803461583331227
0.0,0,0.11243586987257004
0.0,0,0.13682876527309418
0.0,1,0.5990145802497864
0.0,0,0.0021790005266666412
1.0,1,0.9849258065223694
1.0,1,0.9981243014335632
1.0,1,0.984261155128479
1.0,1,0.9591416716575623
1.0,1,0.9133309721946716
0.0,0,0.0934155210852623
0.0,0,0.01998140849173069
0.0,0,0.017524821683764458
0.0,0,0.18184411525726318
1.0,1,0.9733062386512756
0.0,0,0.020016232505440712
0.0,0,0.0010492446599528193
1.0,1,0.9388229846954346
1.0,1,0.989206075668335
1.0,1,0.6459638476371765
0.0,0,5.00803544127848e-05
1.0,1,0.9979956150054932
0.0,0,0.3458689749240875
0.0,0,0.0008551824721507728
1.0,1,0.999804675579071
0.0,0,0.0037159952335059643
1.0,1,0.9998267292976379
0.0,0,0.0004286325129214674
1.0,1,0.9995532631874084
0.0,0,0.0007401739712804556
1.0,1,0.9817112684249878
0.0,0,0.01180339977145195
0.0,0,0.022782085463404655
0.0,0,2.0250697616575053e-06
0.0,0,0.006203516852110624
0.0,0,0.00042114188545383513
1.0,1,0.998054027557373
1.0,1,0.999693751335144
1.0,1,0.9992788434028625
0.0,1,0.9635137319564819
1.0,1,0.9997203946113586
1.0,1,0.9991255402565002
0.0,0,0.06491371244192123
1.0,1,0.9999867677688599
0.0,0,0.000520719273481518
1.0,1,0.9995239973068237
0.0,0,1.9512055587256327e-05
1.0,1,0.5125479102134705
0.0,0,0.0013282354921102524
0.0,0,0.0008006750722415745
1.0,1,0.9996705055236816
1.0,1,0.9980650544166565
1.0,1,0.9992520213127136
0.0,0,0.0006699239020235837
1.0,1,0.998490571975708
0.0,0,0.026380741968750954
0.0,0,0.0007109572761692107
0.0,0,1.4559201190422755e-05
1.0,1,0.9971470236778259
0.0,0,0.004499857313930988
1.0,1,0.6916961669921875
0.0,0,2.7927322662435472e-05
1.0,1,0.9345934391021729
0.0,0,0.30628910660743713
0.0,1,0.9848435521125793
0.0,0,0.007807203568518162
0.0,0,0.000989822088740766
0.0,0,0.0014765544328838587
0.0,0,0.05957904830574989
1.0,1,0.9942196607589722
0.0,0,0.00022121738584246486
1.0,1,0.9852949380874634
1.0,1,0.9504368305206299
1.0,1,0.9987533092498779
0.0,0,0.0001062690353137441
1.0,1,0.994486391544342
0.0,0,8.555354725103825e-05
1.0,1,0.9411778450012207
0.0,0,0.00013163202675059438
0.0,0,0.0011174195678904653
0.0,0,0.004462124779820442
1.0,1,0.9823525547981262
1.0,1,0.9768656492233276
0.0,0,0.0039056669920682907
0.0,0,0.002931950381025672
0.0,0,0.03082023374736309
1.0,1,0.9374226331710815
0.0,0,0.045139845460653305
0.0,0,0.027710318565368652
1.0,1,0.9999796152114868
1.0,1,0.9781442284584045
1.0,1,0.9114898443222046
0.0,1,0.8052263259887695
1.0,1,0.9984543323516846
1.0,1,0.9923796653747559
1.0,1,0.998367965221405
1.0,1,0.9996115565299988
0.0,0,0.001210908405482769
0.0,1,0.8676131367683411
0.0,0,0.01800980418920517
1.0,1,0.7235903739929199
0.0,0,0.002891089767217636
0.0,0,0.0013475097948685288
0.0,0,0.0002294738806085661
0.0,0,5.969110134174116e-05
0.0,0,0.0010810848325490952
0.0,1,0.44393062591552734
1.0,1,0.996426522731781
1.0,1,0.9998133778572083
0.0,0,0.013844859786331654
1.0,1,0.9997708201408386
1.0,1,0.9659102559089661
0.0,0,0.006675789598375559
1.0,1,0.9331744313240051
0.0,0,0.002272898331284523
1.0,1,0.9999459981918335
1.0,1,0.9987142086029053
0.0,0,0.00020397450134623796
0.0,0,0.05968603119254112
0.0,0,0.07364214211702347
1.0,0,0.20578698813915253
1.0,1,0.9998530149459839
0.0,0,2.7426118322182447e-05
0.0,0,0.003521702717989683
1.0,1,0.9889393448829651
0.0,0,0.017290109768509865
1.0,1,0.9350243210792542
0.0,0,0.000266764109255746
0.0,0,0.0038827667012810707
1.0,1,0.9957582354545593
0.0,0,0.0008804849931038916
0.0,0,0.293988972902298
0.0,0,0.01633359305560589
0.0,0,0.00965170282870531
1.0,1,0.961249053478241
0.0,0,0.0021726307459175587
0.0,0,0.03485124930739403
1.0,1,0.999262273311615
0.0,0,0.0017930467147380114
0.0,0,0.00042929398478008807
0.0,0,0.19857558608055115
1.0,1,0.887863039970398
0.0,0,0.0956537276506424
1.0,1,0.9975730776786804
1.0,1,0.9874010682106018
0.0,0,0.0001647647877689451
0.0,0,0.0005280302138999104
0.0,0,0.006825024262070656
0.0,0,0.01135848369449377
0.0,0,0.002123521640896797
1.0,1,0.9902821779251099
0.0,0,0.0005364581593312323
0.0,0,3.506950815790333e-05
0.0,0,0.013258520513772964
0.0,0,0.35525158047676086
1.0,0,0.21075622737407684
0.0,0,0.018230097368359566
0.0,0,0.0029562495183199644
0.0,0,0.0007185661233961582
1.0,1,0.9848308563232422
1.0,1,0.7287318110466003
0.0,0,0.0001697611587587744
0.0,0,0.1458131968975067
0.0,0,0.0008770046988502145
0.0,0,0.0007839989266358316
0.0,0,3.787762034335174e-05
0.0,0,0.3203986585140228
0.0,0,0.040927279740571976
0.0,0,0.012238346971571445
0.0,0,0.016241034492850304
0.0,1,0.7034088373184204
0.0,0,0.0007208174210973084
1.0,1,0.9469990730285645
0.0,0,0.002720519434660673
1.0,1,0.9884119629859924
0.0,0,0.000532362493686378
0.0,0,0.0393412783741951
0.0,0,0.0013537973864004016
0.0,0,0.04434878006577492
1.0,1,0.9998779296875
0.0,0,0.01186978630721569
1.0,1,0.9850597381591797
0.0,0,0.018795041367411613
0.0,0,0.002993611618876457
1.0,1,0.9423359036445618
0.0,0,0.004637133330106735
1.0,0,0.06719798594713211
0.0,0,0.09951716661453247
0.0,0,0.011707235127687454
0.0,0,0.0011265771463513374
1.0,1,0.9988564252853394
0.0,0,0.0735446885228157
1.0,1,0.9928794503211975
1.0,1,0.609064519405365
1.0,1,0.659973680973053
1.0,1,0.9997517466545105
0.0,0,0.004259975627064705
1.0,1,0.8761113286018372
0.0,0,0.038265410810709
1.0,1,0.9995624423027039
1.0,1,0.9911688566207886
1.0,1,0.9996127486228943
1.0,0,0.20770061016082764
0.0,1,0.7086882591247559
0.0,0,0.0006762249395251274
0.0,0,0.030760185793042183
1.0,1,0.9952013492584229
0.0,0,4.308848292566836e-05
1.0,1,0.9757406115531921
1.0,1,0.9998356103897095
1.0,1,0.9997517466545105
0.0,0,0.02620188519358635
0.0,0,0.35419949889183044
0.0,0,0.005588865373283625
1.0,1,0.62459397315979
0.0,1,0.609667956829071
0.0,0,3.7032586988061666e-05
1.0,0,0.16076897084712982
0.0,1,0.8600710034370422
1.0,1,0.9918761253356934
1.0,1,0.9276711344718933
0.0,1,0.40199190378189087
1.0,1,0.9970805048942566
0.0,0,2.5345820176880807e-05
1.0,0,0.08540549129247665
0.0,0,0.04492509737610817
0.0,0,0.007164358627051115
1.0,1,0.9968891739845276
1.0,1,0.9986159801483154
0.0,0,0.019030041992664337
1.0,1,0.7813047170639038
0.0,0,0.024374444037675858
1.0,1,0.9999701976776123
0.0,0,0.004225102718919516
0.0,0,0.01915282942354679
0.0,0,0.013179774396121502
0.0,0,0.23289088904857635
1.0,1,0.8461648225784302
1.0,1,0.9331673383712769
1.0,1,0.6671209931373596
0.0,0,0.0001015866146190092
1.0,1,0.9974998831748962
1.0,1,0.9884766340255737
1.0,1,0.9909102320671082
1.0,1,0.9761210083961487
1.0,1,0.5125688314437866
0.0,0,0.0031937018502503633
1.0,1,0.9827673435211182
0.0,0,0.00011628856736933812
1.0,0,0.19220450520515442
1.0,1,0.7518022656440735
0.0,0,0.0009479101863689721
0.0,0,3.4723812859738246e-05
0.0,0,0.005387024488300085
1.0,1,0.9877663850784302
0.0,0,0.0022066158708184958
1.0,1,0.9993152618408203
1.0,1,0.9945611357688904
1.0,1,0.999821126461029
0.0,0,3.000516335305292e-05
0.0,0,0.0017444761469960213
1.0,1,0.9988377690315247
0.0,0,0.0026332978159189224
1.0,1,0.9998811483383179
1.0,1,0.7315551042556763
1.0,1,0.9999333620071411
0.0,0,0.0005313169676810503
0.0,0,0.001136851031333208
0.0,0,0.00982540100812912
1.0,1,0.9996980428695679
1.0,1,0.9931073784828186
0.0,0,0.00021821791597176343
0.0,0,0.0013681906275451183
0.0,0,0.0024661030620336533
0.0,1,0.6985241174697876
0.0,0,0.00098981405608356
0.0,0,6.110649701440707e-05
0.0,0,0.008627040311694145
0.0,0,8.440223609795794e-05
1.0,1,0.9183747172355652
0.0,0,0.008552882820367813
0.0,0,0.09164247661828995
0.0,0,0.018779207020998
0.0,0,1.5841927961446345e-05
0.0,0,0.0018703198293223977
1.0,0,0.11106501519680023
0.0,1,0.7212509512901306
0.0,1,0.46017342805862427
0.0,0,0.02105129510164261
1.0,1,0.9986584186553955
0.0,0,0.0022224741987884045
0.0,0,0.014498386532068253
0.0,0,0.005306909326463938
0.0,0,0.2773573398590088
1.0,1,0.9952771663665771
1.0,1,0.6180912852287292
0.0,0,0.16702629625797272
1.0,1,0.9484622478485107
0.0,0,0.000629296584520489
0.0,1,0.9747920632362366
0.0,0,0.04427705332636833
0.0,0,0.0857938602566719
0.0,0,0.0213471706956625
1.0,0,0.003514953888952732
0.0,0,9.846189641393721e-05
0.0,1,0.8739774823188782
0.0,0,0.010954605415463448
0.0,1,0.9820153713226318
0.0,0,0.15041325986385345
0.0,0,0.002409392036497593
1.0,1,0.9931821227073669
0.0,0,0.015322893857955933
1.0,1,0.8884612917900085
1.0,1,0.9996466636657715
0.0,0,0.03736017644405365
1.0,1,0.999788224697113
0.0,1,0.8952001333236694
0.0,0,0.016896067187190056
0.0,0,2.148947532987222e-05
1.0,1,0.9964516162872314
1.0,1,0.8462531566619873
0.0,0,0.06548118591308594
0.0,0,0.005629085004329681
1.0,1,0.9932789206504822
1.0,1,0.8304209113121033
1.0,1,0.5290690064430237
1.0,1,0.9936530590057373
0.0,0,0.021183378994464874
0.0,0,0.25519827008247375
1.0,1,0.9978899359703064
1.0,0,0.10253141075372696
0.0,0,0.01357247494161129
0.0,0,0.0005132767255418003
0.0,0,0.00016776884149294347
0.0,0,0.0016865747747942805
0.0,0,0.18155263364315033
1.0,1,0.9906598925590515
0.0,0,0.05515245348215103
0.0,0,7.041537173790857e-05
0.0,0,0.0034115370362997055
0.0,0,0.002412704285234213
0.0,0,0.034370824694633484
1.0,1,0.9615757465362549
0.0,0,0.05816073715686798
0.0,0,0.051135435700416565
1.0,1,0.9998832941055298
0.0,1,0.864557147026062
1.0,1,0.5071833729743958
1.0,1,0.9992431402206421
0.0,0,2.9436700060614385e-05
1.0,1,0.9999237060546875
0.0,1,0.7940236330032349
0.0,0,0.006871338933706284
0.0,0,0.007993967272341251
1.0,1,0.9989874958992004
0.0,0,0.006308671087026596
0.0,0,0.00265691289678216
1.0,1,0.9997676014900208
0.0,1,0.914940595626831
1.0,1,0.9995824694633484
0.0,1,0.677578866481781
1.0,1,0.5878703594207764
0.0,0,0.12698671221733093
0.0,0,0.0021734703332185745
1.0,1,0.9999041557312012
1.0,0,0.0017092166235670447
0.0,0,0.013996748253703117
0.0,1,0.7005876302719116
0.0,0,0.002730239648371935
0.0,0,0.2970581650733948
0.0,0,0.01323431171476841
1.0,1,0.9993523955345154
0.0,0,0.003095220774412155
0.0,0,0.07509656250476837
0.0,0,0.018108414486050606
1.0,1,0.9936946034431458
1.0,1,0.9334022998809814
1.0,1,0.999213457107544
1.0,1,0.9556605815887451
1.0,1,0.9999290704727173
0.0,0,0.044479355216026306
0.0,0,0.16978083550930023
0.0,0,0.3192315995693207
1.0,1,0.9984309077262878
0.0,0,0.09007235616445541
0.0,0,0.024934392422437668
1.0,1,0.9920774102210999
1.0,1,0.9992582201957703
0.0,0,0.0002193332911701873
0.0,0,0.35806024074554443
0.0,0,0.18116725981235504
0.0,0,0.001419111154973507
0.0,1,0.45355162024497986
0.0,0,0.002007115865126252
0.0,0,0.0050399089232087135
0.0,0,0.0017714687855914235
0.0,0,0.00037309248000383377
1.0,1,0.9994799494743347
0.0,0,0.0005637761205434799
0.0,0,0.0028113534208387136
1.0,1,0.9972109198570251
1.0,1,0.9956795573234558
0.0,0,0.0006704300758428872
1.0,1,0.985873818397522
0.0,0,0.010159889236092567
0.0,0,3.811041096923873e-05
0.0,1,0.9575848579406738
0.0,0,0.0013483533402904868
0.0,0,0.00045194453559815884
0.0,0,0.15685880184173584
0.0,0,0.020888565108180046
0.0,0,0.018231509253382683
0.0,0,0.00104326824657619
1.0,1,0.7038806676864624
0.0,0,0.0011870379094034433
1.0,1,0.9999096393585205
0.0,0,0.01967148296535015
0.0,0,0.00022988600539974868
0.0,0,0.00799352116882801
1.0,1,0.9999585151672363
1.0,1,0.9994388222694397
0.0,0,0.011995375156402588
1.0,1,0.5909525156021118
1.0,1,0.961143434047699
0.0,0,0.00016179398517124355
0.0,0,0.001454744255170226
1.0,1,0.9972018003463745
0.0,0,0.0004069327551405877
1.0,1,0.9912086725234985
0.0,0,0.001089943922124803
0.0,0,0.0032954327762126923
0.0,0,0.0010245597222819924
1.0,1,0.9820005297660828
0.0,0,0.2973729074001312
1.0,1,0.9041747450828552
0.0,0,0.008291072212159634
1.0,1,0.9953100085258484
0.0,0,0.0026413826271891594
0.0,0,0.0003685887495521456
0.0,0,0.034405604004859924
0.0,0,0.002239713678136468
0.0,0,0.0005737098981626332
1.0,1,0.9962551593780518
0.0,0,0.0186926182359457
1.0,0,0.11753830313682556
0.0,0,0.00017229894001502544
0.0,1,0.9875239133834839
1.0,1,0.941512405872345
1.0,1,0.9997546076774597
1.0,1,0.9995860457420349
1.0,1,0.9996589422225952
0.0,0,0.0008802418014965951
0.0,0,0.026268182322382927
1.0,1,0.9995442032814026
0.0,0,0.009669339284300804
0.0,0,0.0014792017173022032
1.0,1,0.9946395754814148
1.0,1,0.9610471725463867
0.0,1,0.42352738976478577
1.0,1,0.9985752105712891
0.0,0,0.00020152077195234597
0.0,0,0.0024665535893291235
0.0,0,0.25935089588165283
1.0,1,0.9998300075531006
1.0,1,0.9630202054977417
1.0,1,0.9990830421447754
0.0,1,0.8417062759399414
0.0,0,0.0008477107039652765
1.0,1,0.9998375177383423
1.0,1,0.9983240962028503
0.0,0,0.06872741878032684
1.0,1,0.528958797454834
0.0,0,0.01102700550109148
1.0,1,0.9982656836509705
0.0,0,0.006442252080887556
1.0,1,0.7271025776863098
1.0,1,0.9993696808815002
0.0,1,0.46880683302879333
0.0,0,0.022591207176446915
0.0,0,0.0021694821771234274
1.0,1,0.9995343685150146
1.0,1,0.9983996748924255
1.0,1,0.9931778907775879
1.0,1,0.9904622435569763
0.0,1,0.9010307788848877
0.0,0,0.04192690923810005
1.0,0,0.006699045188724995
0.0,0,0.04033064469695091
0.0,0,0.1209142804145813
0.0,0,0.1800881326198578
0.0,0,0.008854633197188377
1.0,1,0.9999899864196777
1.0,1,0.48043686151504517
0.0,0,0.00508071668446064
1.0,1,0.9665015339851379
1.0,1,0.9543171525001526
0.0,0,0.0012209254782646894
0.0,1,0.8213949799537659
1.0,1,0.9998770952224731
0.0,0,7.469456613762304e-05
1.0,1,0.9878625869750977
0.0,0,0.00015308709407690912
1.0,1,0.9343078136444092
1.0,1,0.9999825954437256
1.0,1,0.9138012528419495
1.0,1,0.9976080656051636
0.0,0,0.009460795670747757
0.0,0,0.0032846592366695404
0.0,0,0.0015959267038851976
0.0,0,0.0014126907335594296
0.0,0,0.0005137238767929375
1.0,1,0.9998774528503418
1.0,1,0.998511016368866
0.0,0,0.012939412146806717
0.0,0,0.06093830242753029
1.0,1,0.9960601925849915
1.0,1,0.9849038124084473
1.0,1,0.8838596940040588
1.0,1,0.9979596138000488
0.0,0,0.0025621720124036074
0.0,0,0.018661998212337494
1.0,1,0.9685206413269043
1.0,1,0.8803865313529968
0.0,0,0.0005113593069836497
0.0,0,0.005485577043145895
1.0,1,0.9491418600082397
0.0,0,0.0026759998872876167
1.0,1,0.9538416266441345
1.0,1,0.9991686344146729
1.0,0,0.36818280816078186
0.0,0,0.1029236763715744
0.0,0,0.0012143464991822839
0.0,0,0.0006356221274472773
0.0,0,0.026089390739798546
0.0,1,0.9297518730163574
1.0,1,0.9761595726013184
1.0,1,0.4237062335014343
0.0,0,0.029773926362395287
0.0,0,0.014337878674268723
1.0,1,0.996379554271698
0.0,1,0.9354527592658997
0.0,0,0.0020857686176896095
1.0,1,0.8657424449920654
1.0,1,0.9996926784515381
0.0,0,0.0260243471711874
0.0,0,0.0002665962965693325
0.0,0,0.00011547902977326885
0.0,0,0.0001305174082517624
0.0,0,0.003495038254186511
0.0,1,0.8757323026657104
1.0,1,0.9973069429397583
0.0,1,0.5102336406707764
0.0,0,0.029680168256163597
1.0,1,0.9970003962516785
1.0,1,0.8157415986061096
0.0,1,0.9424722194671631
1.0,1,0.9804667830467224
1.0,1,0.9997555613517761
1.0,1,0.99642413854599
1.0,1,0.8554856181144714
1.0,1,0.8717507123947144
0.0,0,0.0007752853562124074
0.0,0,0.02773956023156643
0.0,0,0.028009934350848198
0.0,0,0.006617499049752951
0.0,0,0.0005457578809000552
0.0,0,0.012753302231431007
1.0,1,0.9957637786865234
0.0,0,0.17794190347194672
0.0,0,0.0006062117754481733
1.0,1,0.9236046671867371
1.0,1,0.9986261129379272
0.0,1,0.4446888267993927
0.0,0,0.2551151514053345
0.0,0,0.014153197407722473
1.0,1,0.7131999731063843
0.0,1,0.42678675055503845
0.0,0,0.0500716008245945
0.0,0,0.0007891542045399547
0.0,0,0.0020706928335130215
0.0,0,0.0008849055739119649
1.0,1,0.9970820546150208
0.0,0,0.002597108483314514
1.0,1,0.9662717580795288
0.0,0,0.0005594874965026975
1.0,1,0.9954569339752197
1.0,1,0.9974151849746704
1.0,1,0.9912129044532776
0.0,0,0.0016629385063424706
1.0,1,0.9989798665046692
0.0,0,0.000970608729403466
1.0,1,0.9472596049308777
0.0,0,0.005994383245706558
1.0,1,0.9595087766647339
0.0,0,0.00017306771769654006
0.0,0,0.0026699239388108253
0.0,0,0.0038889162242412567
0.0,0,0.0016785395564511418
0.0,0,0.0007164556300267577
0.0,0,0.003460988635197282
1.0,1,0.9977428913116455
1.0,1,0.4656481146812439
0.0,0,0.0011462229304015636
1.0,1,0.9951336979866028
1.0,1,0.997908353805542
1.0,0,0.09600707143545151
1.0,1,0.9999197721481323
0.0,0,0.17745327949523926
1.0,1,0.99918133020401
0.0,0,0.18793471157550812
0.0,0,0.0011393771274015307
1.0,1,0.9733889102935791
0.0,0,4.673915827879682e-05
1.0,1,0.6139267683029175
0.0,1,0.5623474717140198
0.0,0,0.2629656493663788
1.0,1,0.9369081258773804
0.0,1,0.9974396228790283
1.0,1,0.9753166437149048
0.0,0,0.048857223242521286
0.0,0,0.18577581644058228
0.0,1,0.8685032725334167
1.0,1,0.9120076298713684
0.0,0,0.0017062340630218387
1.0,1,0.9673471450805664
1.0,1,0.9920458793640137
0.0,0,0.03090469352900982
0.0,0,0.00045550192589871585
0.0,1,0.7513056397438049
0.0,0,0.2747615575790405
0.0,0,0.0037741311825811863
1.0,1,0.9993502497673035
1.0,1,0.9982095956802368
1.0,1,0.9991518259048462
0.0,0,0.0036122871097177267
1.0,1,0.6694547533988953
0.0,0,0.002503870287910104
1.0,1,0.989732563495636
1.0,0,0.26764264702796936
0.0,0,0.02905724197626114
0.0,0,0.006912022829055786
1.0,1,0.9936589598655701
1.0,1,0.9999921321868896
0.0,0,0.0032946530263870955
0.0,0,0.045728348195552826
0.0,0,0.04072609916329384
0.0,0,0.00019641192920971662
0.0,0,0.003468481358140707
0.0,0,0.012054869905114174
0.0,0,0.001196398981846869
1.0,1,0.9999802112579346
1.0,0,0.015162303112447262
1.0,1,0.9997076392173767
0.0,0,0.011433866806328297
0.0,0,0.004612574819475412
1.0,1,0.74006587266922
0.0,0,0.002998139476403594
0.0,0,0.3089863359928131
0.0,0,0.0015858911210671067
1.0,1,0.9819414615631104
0.0,0,3.804972948273644e-05
1.0,1,0.9996280670166016
1.0,1,0.8118861317634583
1.0,1,0.41556379199028015
0.0,0,0.011532241478562355
0.0,0,0.00040339407860301435
0.0,0,0.003524582367390394
1.0,1,0.8260082602500916
1.0,1,0.40685540437698364
0.0,0,0.0008058017701841891
1.0,0,0.043092794716358185
0.0,1,0.7370726466178894
0.0,0,0.00014883861877024174
0.0,0,0.06267639249563217
1.0,1,0.9318102598190308
1.0,1,0.9045302271842957
1.0,1,0.9576287865638733
1.0,1,0.997469425201416
1.0,1,0.998694121837616
0.0,0,0.0006007264018990099
0.0,0,0.0008911009063012898
0.0,0,0.009777924045920372
0.0,0,0.0010278563713654876
1.0,1,0.984420895576477
0.0,1,0.8158527612686157
1.0,1,0.999736487865448
0.0,0,0.005870537366718054
0.0,0,0.10734331607818604
0.0,0,0.2814347743988037
1.0,1,0.9996891021728516
0.0,0,2.9061176974209957e-05
0.0,1,0.6915246248245239
0.0,0,0.01076077576726675
0.0,1,0.916902482509613
1.0,1,0.9998968839645386
0.0,0,0.04845280572772026
0.0,0,0.09969430416822433
0.0,0,0.0007035525632090867
1.0,1,0.9911990761756897
1.0,1,0.9620941877365112
0.0,0,0.00951722078025341
0.0,0,0.025705577805638313
0.0,0,0.0009093530825339258
1.0,1,0.9999022483825684
0.0,0,0.00019070511916652322
1.0,1,0.6655155420303345
0.0,0,2.550609497120604e-05
1.0,1,0.9992849230766296
1.0,1,0.9595426917076111
1.0,1,0.9999773502349854
0.0,0,0.0016227446030825377
0.0,0,0.009155008010566235
0.0,0,6.228668644325808e-05
0.0,0,0.13258686661720276
0.0,0,0.0004778827424161136
1.0,0,0.2760829031467438
1.0,1,0.9766603708267212
0.0,0,0.035865604877471924
0.0,0,0.224805548787117
1.0,1,0.999161958694458
0.0,0,0.007561634760349989
0.0,1,0.5336124897003174
0.0,0,1.5200793313852046e-05
1.0,1,0.9109734296798706
0.0,0,0.006493257358670235
0.0,1,0.8505150079727173
1.0,1,0.9989640712738037
0.0,0,0.00044252543011680245
0.0,0,0.0036905796732753515
1.0,0,0.11926383525133133
1.0,1,0.9989128112792969
1.0,1,0.9995232820510864
0.0,0,0.0015764521667733788
0.0,0,0.00028253329219296575
1.0,1,0.999362051486969
0.0,0,0.0007311092340387404
0.0,1,0.5255703330039978
1.0,0,0.00904218852519989
0.0,1,0.6518154740333557
0.0,0,0.00821212399750948
1.0,0,0.2536744177341461
1.0,0,0.11422202736139297
1.0,1,0.9495071768760681
1.0,1,0.9990577101707458
0.0,0,0.0023893360048532486
0.0,1,0.7849858403205872
0.0,0,0.002550744917243719
0.0,0,0.0009437549742870033
0.0,0,0.24127903580665588
0.0,0,0.00047526118578389287
1.0,1,0.972082793712616
1.0,1,0.992952287197113
0.0,0,0.026854049414396286
0.0,0,0.0011673015542328358
0.0,0,0.002639184007421136
1.0,1,0.9929149150848389
1.0,1,0.9911313652992249
1.0,1,0.8487778306007385
0.0,0,0.00019316178804729134
0.0,0,0.0010765683837234974
0.0,0,0.0008760076016187668
1.0,1,0.9683255553245544
1.0,1,0.9959396123886108
1.0,1,0.44741714000701904
0.0,0,0.008875791914761066
0.0,0,0.06283482164144516
0.0,0,0.0007413440616801381
1.0,1,0.8324592113494873
0.0,0,0.23010872304439545
0.0,1,0.8867813944816589
0.0,0,0.003842598758637905
0.0,0,0.09893102943897247
1.0,1,0.9625823497772217
1.0,1,0.9948246479034424
0.0,0,2.8509972253232263e-05
0.0,0,0.25060349702835083
0.0,1,0.9964743256568909
0.0,0,0.0002906168228946626
1.0,1,0.9303162097930908
1.0,1,0.9995583891868591
0.0,1,0.9741762280464172
0.0,0,4.996158168069087e-05
0.0,0,0.001089550438337028
0.0,0,0.0009246449335478246
0.0,0,0.14870886504650116
0.0,0,0.026747804135084152
0.0,0,0.294630229473114
0.0,1,0.5240726470947266
1.0,0,0.18292762339115143
1.0,1,0.9763500094413757
1.0,1,0.997159481048584
1.0,0,0.25446832180023193
1.0,1,0.9468558430671692
1.0,0,0.10936500132083893
1.0,0,0.003796922042965889
1.0,1,0.99970942735672
0.0,1,0.6947337985038757
1.0,1,0.976136326789856
1.0,1,0.9248436093330383
1.0,1,0.9812074303627014
0.0,0,0.00016864310600794852
1.0,1,0.9644659757614136
0.0,0,0.00040892240940593183
1.0,1,0.6762837171554565
1.0,1,0.9736513495445251
0.0,0,0.14421199262142181
0.0,0,0.002019108971580863
1.0,1,0.9894921779632568
0.0,0,6.851943908259273e-05
1.0,1,0.9987057447433472
0.0,0,0.0030153365805745125
1.0,1,0.9999212026596069
1.0,1,0.9073312878608704
0.0,0,0.00023633334785699844
1.0,1,0.9969261288642883
1.0,1,0.9990100860595703
1.0,1,0.9937229752540588
0.0,1,0.9592301845550537
0.0,0,0.0006217710906639695
0.0,1,0.7731913328170776
0.0,0,0.0005315605667419732
0.0,0,0.00030213745776563883
0.0,0,0.00023000681539997458
0.0,0,0.0021260431967675686
0.0,0,0.14842593669891357
0.0,1,0.960857629776001
0.0,0,0.002490176120772958
0.0,0,0.0031175517942756414
0.0,0,0.03797238692641258
0.0,0,6.204540841281414e-05
0.0,0,0.3168651759624481
0.0,0,0.023188577964901924
1.0,1,0.9996709823608398
1.0,1,0.993626594543457
0.0,0,0.003329797415062785
0.0,0,0.0042270454578101635
0.0,0,0.003918998409062624
0.0,0,0.1398712694644928
0.0,0,0.09931911528110504
1.0,0,0.024901211261749268
1.0,1,0.9985671043395996
0.0,1,0.504984974861145
0.0,0,0.053242720663547516
0.0,0,0.005051250569522381
0.0,0,0.0003951259423047304
1.0,0,0.0003735321806743741
0.0,1,0.570156455039978
0.0,0,0.04861731827259064
0.0,0,0.05799747258424759
0.0,0,0.0005177410785108805
0.0,0,0.01097647100687027
0.0,0,0.0007595717906951904
0.0,0,0.02434149943292141
0.0,0,0.011761094443500042
0.0,0,0.004943112377077341
0.0,0,0.0018447961192578077
1.0,1,0.804097592830658
0.0,1,0.6989064812660217
0.0,0,0.001850951579399407
0.0,0,0.0016394031699746847
1.0,1,0.909692645072937
0.0,0,0.0004792440158780664
0.0,1,0.9807916283607483
0.0,0,0.004455129150301218
1.0,1,0.9991523027420044
0.0,1,0.4758852422237396
1.0,1,0.9997256398200989
0.0,0,2.5126622858806513e-05
0.0,0,0.00013300716818775982
1.0,1,0.9999532699584961
0.0,0,0.06450019031763077
1.0,1,0.6607668399810791
0.0,1,0.4881495535373688
0.0,0,0.0009876084513962269
0.0,0,0.027438286691904068
1.0,1,0.9848307371139526
1.0,1,0.9989970326423645
1.0,1,0.999910831451416
1.0,1,0.9948187470436096
0.0,0,0.0014681002357974648
0.0,1,0.8282269239425659
0.0,0,0.038329530507326126
0.0,0,0.0010369443334639072
0.0,0,0.000991907436400652
1.0,1,0.9853936433792114
0.0,0,0.11240002512931824
1.0,0,0.14290477335453033
0.0,0,0.0013652561465278268
0.0,0,0.0002979238051921129
0.0,0,0.015041230246424675
0.0,0,0.0059874835424125195
0.0,0,0.00041887335828505456
0.0,0,0.008103662170469761
1.0,1,0.9958523511886597
1.0,1,0.9920461177825928
0.0,0,0.002144553931429982
0.0,1,0.9611269235610962
0.0,0,0.06688975542783737
0.0,0,0.01694534905254841
1.0,1,0.8765662312507629
1.0,1,0.7187893390655518
1.0,1,0.999921441078186
0.0,1,0.5303351283073425
0.0,0,0.01785588636994362
1.0,1,0.9998058676719666
0.0,0,0.1620175689458847
0.0,0,0.0025303964503109455
0.0,0,0.0008012986509129405
1.0,1,0.9004954695701599
0.0,0,0.002326212590560317
0.0,0,0.0021494952961802483
0.0,0,0.0015838696854189038
0.0,0,0.050474897027015686
0.0,1,0.9483477473258972
0.0,0,0.004790740553289652
0.0,0,0.0007713663508184254
0.0,0,0.07376675307750702
0.0,0,0.0005383121315389872
0.0,0,0.10738348215818405
1.0,1,0.9946668148040771
0.0,1,0.39946985244750977
0.0,0,0.0006651883013546467
0.0,0,0.01062318217009306
0.0,0,0.12374987453222275
1.0,0,0.005560902412980795
1.0,1,0.9920927882194519
1.0,1,0.7235231995582581
1.0,1,0.992657482624054
0.0,0,0.013563182204961777
1.0,1,0.9995297193527222
1.0,0,0.031202150508761406
1.0,1,0.7075945734977722
0.0,0,5.88248876738362e-05
1.0,1,0.9816305041313171
0.0,0,0.2709653973579407
0.0,1,0.5319226384162903
0.0,1,0.4167204797267914
1.0,1,0.9248532056808472
1.0,1,0.9837432503700256
0.0,0,0.00018409921904094517
0.0,0,0.007548401597887278
0.0,0,0.001335258362814784
0.0,0,0.012899301946163177
0.0,0,0.0022684906143695116
0.0,0,0.0009406314929947257
0.0,0,0.00046500665484927595
1.0,1,0.9965331554412842
1.0,0,0.3565199673175812
0.0,0,0.037894539535045624
1.0,1,0.9949871301651001
0.0,1,0.4414306879043579
1.0,1,0.9998224377632141
0.0,0,0.00046511643449775875
1.0,1,0.984893262386322
0.0,0,0.00047263025771826506
1.0,1,0.9991559982299805
0.0,0,0.010534562170505524
1.0,1,0.9984859824180603
0.0,0,0.004593575838953257
1.0,1,0.9955840706825256
0.0,1,0.45432278513908386
0.0,0,0.39843156933784485
1.0,1,0.6183324456214905
0.0,0,0.006368342321366072
0.0,0,0.00020169129129499197
0.0,0,0.2585897147655487
0.0,1,0.49573907256126404
0.0,1,0.472859650850296
0.0,0,0.3372036814689636
0.0,0,0.0010462054051458836
0.0,0,0.0009149592951871455
0.0,0,0.0005622057360596955
0.0,1,0.8538212776184082
0.0,0,0.11689402908086777
0.0,0,0.0012690911535173655
0.0,0,0.04096116125583649
1.0,1,0.8486566543579102
0.0,0,0.2432297021150589
0.0,0,0.001002314267680049
1.0,1,0.9998631477355957
1.0,1,0.8822410106658936
1.0,1,0.7427905797958374
1.0,1,0.9979696869850159
0.0,0,0.0683097168803215
0.0,0,0.0007607380393892527
1.0,1,0.8921749591827393
0.0,0,0.002371566602960229
0.0,1,0.5678232908248901
0.0,1,0.8596923351287842
0.0,0,0.05934956297278404
0.0,0,0.011693240143358707
1.0,1,0.9981154203414917
0.0,1,0.996121346950531
1.0,1,0.9402032494544983
1.0,1,0.9651646614074707
0.0,0,0.001976479310542345
0.0,1,0.9079243540763855
1.0,1,0.9975276589393616
0.0,0,0.0030522325541824102
1.0,1,0.9999915361404419
0.0,0,0.0024756581988185644
0.0,0,0.00042716311872936785
0.0,0,0.06466967612504959
0.0,0,0.0030685733072459698
0.0,0,0.008959800936281681
0.0,0,0.0027244407683610916
1.0,1,0.9979992508888245
1.0,1,0.9712873697280884
0.0,0,0.0006370330811478198
0.0,0,0.005593865644186735
1.0,1,0.9935842156410217
0.0,0,0.015605819411575794
1.0,1,0.9775030016899109
0.0,0,0.0018654657760635018
1.0,1,0.9959015250205994
0.0,1,0.8834955096244812
0.0,0,0.0972321480512619
0.0,1,0.9154331088066101
0.0,1,0.974227786064148
1.0,1,0.8271217942237854
0.0,0,0.0022885859943926334
0.0,0,0.0027985440101474524
1.0,1,0.9997953772544861
1.0,1,0.6712983250617981
0.0,0,0.0016186290886253119
1.0,1,0.9832483530044556
0.0,0,0.03035912476480007
0.0,0,0.008672385476529598
0.0,0,0.02898484468460083
1.0,1,0.5594367384910583
1.0,1,0.9840701818466187
1.0,1,0.9993839263916016
0.0,0,0.008373996242880821
1.0,1,0.57015061378479
0.0,0,0.00038455522735603154
0.0,0,0.008571567013859749
0.0,0,0.0014602836454287171
0.0,1,0.47291266918182373
0.0,0,0.0027341297827661037
1.0,1,0.999970555305481
0.0,0,0.007610758766531944
1.0,0,0.3186799883842468
0.0,0,0.020009279251098633
1.0,1,0.5498477220535278
1.0,1,0.9979797005653381
0.0,0,0.0037653064355254173
1.0,0,0.3001612722873688
0.0,1,0.6290572285652161
0.0,0,0.0052757905796170235
1.0,0,0.2852556109428406
0.0,0,0.001902462332509458
0.0,0,0.0002489791077096015
0.0,0,0.00015187363896984607
0.0,0,0.003349888604134321
0.0,0,0.0952180027961731
0.0,0,0.15536019206047058
0.0,0,0.0009557906887494028
0.0,0,0.00041996463551186025
1.0,1,0.9910666346549988
1.0,1,0.9640488028526306
0.0,0,0.0002495423541404307
0.0,0,0.05133790150284767
1.0,0,0.370979368686676
0.0,0,0.01945342682301998
1.0,1,0.9993378520011902
1.0,1,0.9913564920425415
0.0,0,7.882127101765946e-05
0.0,0,0.013436045497655869
0.0,0,0.0047986749559640884
0.0,0,0.135276198387146
1.0,1,0.9911460280418396
1.0,0,0.06246268004179001
1.0,1,0.9991243481636047
1.0,1,0.9980568289756775
1.0,1,0.9995495676994324
1.0,1,0.9999076128005981
1.0,1,0.9980971217155457
0.0,0,0.01583424024283886
0.0,0,0.0027730942238122225
0.0,0,0.008999344892799854
0.0,0,0.0005335923633538187
1.0,1,0.7792587280273438
0.0,0,0.013872692361474037
0.0,0,0.003940556198358536
0.0,0,0.0030071537476032972
0.0,0,0.17218290269374847
1.0,1,0.9994613528251648
0.0,0,0.354798823595047
1.0,1,0.7722905874252319
1.0,1,0.843843936920166
0.0,0,0.0738694965839386
1.0,1,0.9677070379257202
0.0,0,0.016486041247844696
0.0,1,0.910253643989563
1.0,1,0.999313473701477
0.0,0,0.00031522795325145125
0.0,0,0.00019928724213968962
1.0,1,0.9473495483398438
1.0,1,0.9577848315238953
1.0,0,0.004408733919262886
1.0,1,0.974913477897644
0.0,0,0.3393171429634094
0.0,1,0.441543847322464
0.0,0,0.013699325732886791
0.0,0,0.004983068909496069
0.0,0,0.04413715749979019
1.0,1,0.9903702139854431
0.0,0,0.23413780331611633
0.0,0,0.0017300210893154144
1.0,1,0.9181896448135376
1.0,1,0.43813320994377136
0.0,1,0.7888023257255554
1.0,1,0.9959810972213745
0.0,0,0.02195788361132145
0.0,0,0.0014922303380444646
1.0,1,0.9941873550415039
0.0,0,7.529055437771603e-05
1.0,1,0.9463244676589966
0.0,0,0.011109601706266403
0.0,1,0.7566764950752258
1.0,1,0.9615100622177124
0.0,0,0.23798009753227234
1.0,1,0.9512401223182678
0.0,0,0.001978472573682666
0.0,0,0.001989882905036211
1.0,1,0.955491304397583
0.0,0,0.04191901162266731
0.0,0,0.11363792419433594
1.0,1,0.9818394184112549
0.0,0,0.0002796294284053147
0.0,0,0.0002609361836221069
0.0,0,0.002842520596459508
1.0,1,0.9958584904670715
1.0,1,0.9973806738853455
0.0,0,0.0030738411005586386
0.0,0,0.04075397551059723
0.0,0,0.006339942570775747
0.0,0,0.0018409094773232937
1.0,1,0.9999459981918335
1.0,0,0.0003418629348743707
0.0,0,0.06560685485601425
0.0,0,0.0004572246107272804
0.0,0,0.0036007994785904884
0.0,0,0.002181931398808956
0.0,0,0.0006883423193357885
0.0,0,0.10133209079504013
0.0,0,0.00443434389308095
0.0,0,0.0005309567204676569
1.0,1,0.9512165784835815
0.0,0,0.09401880949735641
0.0,0,0.11264313012361526
0.0,0,0.0005057912785559893
0.0,0,0.0006810244522057474
0.0,0,0.0005844716215506196
1.0,1,0.9483199715614319
0.0,0,0.0039037091191858053
0.0,0,0.08161813765764236
0.0,0,0.021441126242280006
1.0,1,0.9998612403869629
0.0,0,0.05930681154131889
1.0,1,0.9814990162849426
1.0,0,0.00162709120195359
0.0,0,0.00012693174357991666
0.0,0,0.04283253476023674
0.0,0,0.0003886158810928464
1.0,1,0.9987515211105347
0.0,0,0.002398106036707759
0.0,1,0.9610973000526428
0.0,0,4.962165257893503e-05
0.0,0,0.37698423862457275
0.0,0,0.0019563548266887665
0.0,0,0.003318839007988572
1.0,1,0.9229030013084412
0.0,1,0.5443682670593262
1.0,0,0.01230139471590519
1.0,1,0.9998669624328613
0.0,0,0.0313919372856617
0.0,1,0.9998130202293396
1.0,1,0.9979279041290283
0.0,0,0.2640589475631714
1.0,1,0.5943647027015686
0.0,0,0.007269412279129028
0.0,0,0.003228197805583477
0.0,0,0.009091255255043507
0.0,0,0.07836247980594635
0.0,1,0.933834969997406
0.0,0,0.014145104214549065
1.0,1,0.9977311491966248
1.0,1,0.9966216087341309
1.0,1,0.405110239982605
1.0,1,0.9858032464981079
0.0,0,0.004196126479655504
0.0,0,0.05652773380279541
0.0,0,0.0002520624257158488
0.0,0,0.08646274358034134
0.0,0,0.10009172558784485
0.0,0,0.0001276868424611166
1.0,1,0.9773520827293396
1.0,0,0.03666757792234421
0.0,0,0.0070307510904967785
0.0,0,0.0002627576468512416
0.0,0,0.08072047680616379
0.0,0,0.21649111807346344
0.0,0,0.0003150185802951455
0.0,0,0.0007996407803148031
1.0,1,0.9991962313652039
1.0,1,0.7112805843353271
0.0,0,0.09568189084529877
0.0,0,4.058370177517645e-05
1.0,1,0.9153809547424316
0.0,0,0.017843013629317284
0.0,0,0.018488291651010513
0.0,0,0.031005851924419403
1.0,1,0.9965906143188477
1.0,1,0.9162226915359497
0.0,0,0.0020674595143646
0.0,0,0.0032910783775150776
0.0,0,0.002626586239784956
0.0,0,0.0005384873365983367
0.0,0,0.002231826074421406
0.0,0,0.005459593143314123
1.0,1,0.9980072379112244
0.0,0,0.004461116623133421
1.0,1,0.9999970197677612
1.0,1,0.7790079712867737
1.0,1,0.9774665236473083
1.0,1,0.8973774313926697
0.0,1,0.978528618812561
0.0,0,0.0011855671182274818
0.0,0,0.00016373816470149904
1.0,1,0.9995453953742981
1.0,1,0.7156696915626526
0.0,0,0.036578405648469925
0.0,0,0.013116474263370037
1.0,1,0.9969555139541626
1.0,1,0.9808580279350281
0.0,1,0.7382791042327881
0.0,0,9.34785493882373e-05
1.0,0,0.29806792736053467
0.0,0,0.16903337836265564
1.0,1,0.9997840523719788
1.0,1,0.9983735084533691
0.0,0,0.10826054215431213
0.0,0,0.17096343636512756
0.0,1,0.7829753160476685
0.0,0,0.0001427750539733097
0.0,0,0.001540826866403222
0.0,1,0.9999736547470093
1.0,1,0.9995442032814026
1.0,1,0.9802286028862
1.0,1,0.9268420338630676
0.0,1,0.44430819153785706
0.0,1,0.939238965511322
0.0,0,0.021592948585748672
0.0,0,0.013392942026257515
0.0,0,0.0009602215723134577
0.0,0,0.0013733728555962443
1.0,1,0.9996832609176636
0.0,0,9.060389129444957e-05
1.0,1,0.999546229839325
0.0,0,0.30616554617881775
0.0,0,0.0010791904060170054
1.0,1,0.8676204085350037
1.0,1,0.9920158386230469
0.0,0,8.483683632221073e-05
0.0,0,0.004263168666511774
0.0,1,0.4249151945114136
1.0,0,0.34339454770088196
0.0,0,0.00387041294015944
1.0,1,0.9965530633926392
0.0,0,0.01742258109152317
1.0,1,0.9994893074035645
1.0,1,0.992104172706604
1.0,1,0.9983653426170349
0.0,0,0.030552422627806664
0.0,0,0.0015254623722285032
1.0,1,0.9498708844184875
1.0,0,0.028590040281414986
0.0,0,0.011082231067121029
0.0,0,0.026474706828594208
1.0,1,0.9998952150344849
1.0,1,0.9913744330406189
0.0,0,0.00021591463882941753
0.0,0,0.20092850923538208
0.0,0,0.07019051909446716
1.0,1,0.9001621007919312
1.0,1,0.9850510358810425
1.0,1,0.9961385130882263
0.0,0,0.00490036653354764
1.0,1,0.9978267550468445
0.0,0,0.004485617857426405
1.0,0,0.26829981803894043
0.0,1,0.45278239250183105
0.0,1,0.9990566372871399
0.0,0,0.07486647367477417
0.0,0,0.2004339098930359
0.0,0,0.00013373116962611675
0.0,0,0.01634930446743965
1.0,1,0.9988012313842773
1.0,1,0.9134013652801514
1.0,1,0.9751445651054382
0.0,1,0.5541860461235046
1.0,1,0.971129834651947
1.0,1,0.9994295239448547
0.0,0,0.01595199480652809
0.0,0,0.03402751684188843
0.0,0,7.988206198206171e-05
1.0,1,0.9997046589851379
0.0,0,0.007610579486936331
1.0,1,0.9973719120025635
0.0,1,0.5495240688323975
0.0,0,0.007401914335787296
0.0,1,0.8503685593605042
1.0,1,0.9983689188957214
0.0,0,0.0010345183545723557
1.0,1,0.9983060359954834
1.0,1,0.9909822344779968
0.0,0,0.02735736407339573
0.0,0,8.958754187915474e-05
0.0,0,0.00035079725785180926
0.0,0,0.0008522482239641249
0.0,0,0.030146092176437378
1.0,1,0.5248146057128906
0.0,0,0.004743281751871109
0.0,1,0.8640915155410767
1.0,1,0.994392991065979
0.0,0,0.03004387952387333
0.0,0,0.04961787164211273
0.0,0,0.00027439213590696454
1.0,1,0.42240434885025024
0.0,0,0.0001727643539197743
1.0,1,0.997848629951477
1.0,1,0.9999974966049194
1.0,1,0.5300055146217346
1.0,1,0.9984790682792664
1.0,1,0.998451828956604
0.0,0,0.0005229394300840795
0.0,1,0.9925731420516968
1.0,1,0.9935938715934753
1.0,1,0.9970182180404663
0.0,0,0.0023858710192143917
0.0,1,0.9912392497062683
0.0,1,0.44043058156967163
1.0,1,0.9986183643341064
1.0,1,0.9946881532669067
0.0,0,0.01441827230155468
0.0,1,0.45566755533218384
1.0,0,0.07858856767416
1.0,1,0.9512760639190674
1.0,1,0.9997965693473816
0.0,0,0.08919655531644821
0.0,1,0.9016358256340027
1.0,1,0.9891244173049927
0.0,0,0.03131674975156784
0.0,0,0.010398156940937042
0.0,1,0.7649992108345032
1.0,1,0.9687073230743408
0.0,0,0.004045997746288776
1.0,1,0.9999415874481201
0.0,1,0.9594082236289978
0.0,0,0.005796510726213455
1.0,1,0.9770434498786926
0.0,0,0.03028274141252041
0.0,0,0.0031637540087103844
1.0,1,0.9988791346549988
0.0,0,0.00010056093015009537
1.0,0,0.2383674681186676
1.0,1,0.876736044883728
0.0,0,0.005671169608831406
1.0,1,0.9954712390899658
1.0,1,0.9997699856758118
1.0,1,0.9914963245391846
1.0,1,0.9378071427345276
0.0,0,5.256216900306754e-05
0.0,0,0.0012175077572464943
0.0,0,0.0007799894083291292
0.0,0,1.2187770153104793e-06
0.0,0,0.011844203807413578
1.0,1,0.9959573149681091
1.0,1,0.9940310120582581
0.0,0,0.00018615528824739158
1.0,1,0.984892725944519
0.0,0,0.007996927946805954
0.0,0,0.0016423887573182583
0.0,0,0.0008638144354335964
1.0,0,0.0006669374415650964
1.0,1,0.999311089515686
1.0,1,0.9995346069335938
0.0,0,0.006586635485291481
1.0,1,0.99982750415802
0.0,0,0.2667180597782135
1.0,1,0.9768260717391968
1.0,1,0.9953333735466003
1.0,1,0.9998525381088257
0.0,0,0.0003183814696967602
1.0,1,0.9733836650848389
1.0,1,0.8785494565963745
1.0,1,0.9993939399719238
0.0,0,0.0013419515453279018
1.0,1,0.9980113506317139
0.0,0,0.08209843933582306
0.0,0,0.010616669431328773
1.0,1,0.9521735310554504
1.0,1,0.9697693586349487
1.0,1,0.9936491847038269
0.0,1,0.8639063835144043
0.0,0,0.000523907772731036
0.0,0,0.006455083843320608
0.0,0,5.442808469524607e-05
0.0,0,0.18160970509052277
1.0,1,0.5695210695266724
1.0,1,0.965785801410675
1.0,1,0.9945651292800903
0.0,0,0.00017411811859346926
0.0,0,0.0017518897075206041
1.0,1,0.9623661637306213
1.0,1,0.9983024597167969
0.0,0,0.01691138558089733
0.0,0,0.0013000513426959515
0.0,0,0.14411517977714539
0.0,0,0.006696021184325218
0.0,0,0.0016563823446631432
0.0,0,0.029184451326727867
1.0,1,0.8233388066291809
1.0,1,0.9693403244018555
1.0,0,0.0009637158364057541
0.0,0,0.011349503882229328
0.0,0,0.045826755464076996
1.0,1,0.9999651908874512
0.0,0,0.1322617083787918
0.0,0,0.0001454073644708842
1.0,1,0.9985197186470032
0.0,0,0.004629379604011774
0.0,1,0.6309511661529541
1.0,1,0.9937783479690552
1.0,1,0.7840451002120972
0.0,0,0.0025219758972525597
1.0,1,0.9916408061981201
1.0,1,0.9973729848861694
0.0,0,0.046685535460710526
1.0,1,0.9800911545753479
1.0,1,0.9999940395355225
0.0,0,0.0001954155450221151
0.0,0,1.9224287825636566e-05
0.0,0,0.0009049591608345509
0.0,0,0.034406863152980804
0.0,0,0.0012783361598849297
0.0,0,0.0001530932349851355
0.0,0,0.000612816249486059
1.0,1,0.9972330927848816
0.0,0,0.03448841720819473
0.0,0,0.0008521958952769637
1.0,1,0.9973747730255127
1.0,1,0.9946945309638977
1.0,1,0.9852295517921448
1.0,1,0.9986037611961365
1.0,1,0.9981011748313904
1.0,1,0.9964854717254639
0.0,0,0.00011218005965929478
0.0,0,0.0025680938269943
0.0,0,0.0002358860510867089
0.0,1,0.7642973065376282
1.0,1,0.9993181228637695
0.0,0,0.04378025606274605
0.0,0,0.02452150359749794
0.0,0,0.015297932550311089
0.0,0,0.0006532465922646224
0.0,0,0.0030019402038306
1.0,1,0.9992465972900391
0.0,0,0.0022173526231199503
1.0,0,0.07823826372623444
1.0,1,0.9877233505249023
0.0,0,0.2492228001356125
1.0,1,0.9529271125793457
0.0,0,0.0005056261434219778
0.0,0,0.29981109499931335
0.0,0,0.00668575381860137
0.0,0,0.018777862191200256
0.0,0,0.0055317506194114685
0.0,0,0.10019002109766006
0.0,0,0.011003286577761173
1.0,1,0.9996932744979858
0.0,0,0.0054253037087619305
1.0,1,0.7388081550598145
1.0,1,0.9924970865249634
1.0,1,0.6229391098022461
1.0,1,0.9953436255455017
1.0,0,0.14716705679893494
1.0,1,0.9982116222381592
0.0,0,0.02201934903860092
0.0,0,0.02254422754049301
1.0,1,0.4849875271320343
1.0,0,0.005619727075099945
0.0,0,0.07247386127710342
0.0,0,0.002713531954213977
1.0,1,0.9812760353088379
1.0,1,0.9998570680618286
1.0,1,0.9999328851699829
0.0,0,0.33044686913490295
0.0,0,0.002599290804937482
1.0,1,0.9886226058006287
1.0,1,0.40749695897102356
1.0,1,0.9885331392288208
0.0,1,0.746061384677887
0.0,0,0.00020030871382914484
1.0,0,0.007398600224405527
1.0,1,0.9987138509750366
0.0,0,0.25651270151138306
0.0,0,0.002855803119018674
1.0,1,0.971296489238739
0.0,0,0.007101045921444893
0.0,0,3.425352770136669e-05
0.0,0,0.002220289548859
1.0,1,0.9628403782844543
1.0,0,0.26109474897384644
0.0,1,0.4687715172767639
1.0,1,0.7580884695053101
1.0,1,0.5360578298568726
0.0,0,0.22418811917304993
0.0,0,3.590160849853419e-05
0.0,0,0.008632233366370201
0.0,0,0.0006087674992159009
0.0,1,0.9259479641914368
1.0,1,0.9919512271881104
0.0,0,0.06423180550336838
0.0,1,0.7178151607513428
0.0,0,0.12128444761037827
0.0,0,0.005895102396607399
0.0,0,0.018996484577655792
1.0,1,0.9928779006004333
1.0,1,0.8768065571784973
0.0,1,0.9265371561050415
0.0,0,0.00038341019535437226
0.0,0,0.002418649848550558
1.0,1,0.8798929452896118
0.0,0,0.1855694204568863
0.0,0,0.043417684733867645
0.0,0,0.0006179793854244053
1.0,1,0.903689980506897
1.0,1,0.5507819652557373
0.0,0,0.0007971707382239401
0.0,1,0.5075305104255676
0.0,0,0.004862417466938496
0.0,0,0.000715388567186892
1.0,1,0.6494132280349731
0.0,0,0.3372887969017029
0.0,0,0.00114981469232589
0.0,1,0.581294059753418
1.0,1,0.8243038654327393
1.0,1,0.9769510626792908
0.0,0,0.031812455505132675
0.0,0,0.0019097051117569208
0.0,0,0.0009573751594871283
0.0,0,0.00036486334283836186
1.0,1,0.999901533126831
0.0,0,0.04803057760000229
1.0,1,0.9983004927635193
1.0,1,0.9933413863182068
0.0,0,0.008444181643426418
1.0,1,0.9969654679298401
0.0,0,0.0026442871894687414
1.0,1,0.9726870656013489
0.0,0,0.001783240120857954
0.0,0,0.0017894419142976403
0.0,0,0.09216061234474182
0.0,0,0.00022621425159741193
1.0,1,0.9998406171798706
1.0,1,0.999894380569458
0.0,0,0.04558277130126953
1.0,1,0.9982314705848694
1.0,1,0.9680632948875427
0.0,0,0.08332432806491852
0.0,0,0.0034314703661948442
1.0,1,0.48444539308547974
0.0,0,0.0008127908804453909
1.0,0,0.2729041576385498
1.0,1,0.9999675750732422
1.0,1,0.9898409247398376
1.0,1,0.9044603109359741
1.0,1,0.9967538714408875
0.0,1,0.5875058770179749
1.0,1,0.9990262985229492
1.0,1,0.9126444458961487
0.0,0,0.0003776335797738284
0.0,0,0.08811227977275848
1.0,1,0.9872474670410156
0.0,0,8.016899664653465e-05
0.0,0,0.03492235764861107
0.0,1,0.4148375689983368
1.0,1,0.9920912981033325
0.0,0,0.014085198752582073
0.0,0,0.000580132647883147
1.0,1,0.9999783039093018
1.0,1,0.9998626708984375
0.0,0,0.0451916940510273
1.0,1,0.9899134635925293
1.0,1,0.9999474287033081
0.0,0,0.00203526159748435
1.0,1,0.9989571571350098
1.0,1,0.9999117851257324
0.0,0,0.044702354818582535
0.0,0,0.00771922804415226
1.0,1,0.8280741572380066
0.0,0,0.010940284468233585
0.0,0,0.31634321808815
1.0,1,0.9545771479606628
0.0,0,0.046455949544906616
0.0,0,0.0004543089889921248
1.0,1,0.9997647404670715
1.0,1,0.9999923706054688
1.0,1,0.9931562542915344
0.0,0,0.008599174208939075
0.0,0,4.200468902126886e-05
0.0,1,0.48168015480041504
1.0,0,0.00413877796381712
1.0,1,0.9901530146598816
0.0,0,0.02567310258746147
0.0,0,0.0015134887071326375
0.0,0,0.0004013545694760978
0.0,0,0.00010106043191626668
0.0,1,0.9846280813217163
0.0,1,0.6600689888000488
0.0,0,0.006359465420246124
0.0,0,0.001910506747663021
0.0,0,0.00606391578912735
0.0,0,0.016315260902047157
0.0,0,0.0004429173131939024
0.0,0,9.434243838768452e-05
1.0,1,0.999431312084198
1.0,1,0.9999121427536011
0.0,0,0.015942281112074852
0.0,0,0.0112442746758461
1.0,1,0.8970710039138794
1.0,1,0.9931938648223877
0.0,1,0.9982914328575134
0.0,0,0.06623808294534683
0.0,0,0.001952647347934544
1.0,0,0.03523719310760498
1.0,1,0.6438606381416321
0.0,1,0.731644868850708
0.0,0,0.00048690236872062087
0.0,0,0.0039801220409572124
1.0,1,0.9957399368286133
0.0,0,0.0014079776592552662
0.0,0,0.10800476372241974
0.0,0,0.000982981058768928
0.0,0,0.07008316367864609
0.0,0,0.008768110536038876
0.0,0,0.018656184896826744
0.0,0,0.13976223766803741
1.0,1,0.9913901090621948
1.0,1,0.9998052716255188
1.0,1,0.9997033476829529
0.0,0,0.07022478431463242
1.0,1,0.44274163246154785
1.0,1,0.9678308367729187
0.0,0,0.002968141110613942
0.0,0,0.05868050456047058
0.0,0,0.0022244725842028856
0.0,0,0.0008697398006916046
0.0,0,0.03370102494955063
0.0,0,0.000973739952314645
1.0,1,0.958551824092865
0.0,0,0.01328873448073864
0.0,0,0.003371648257598281
0.0,1,0.5279291868209839
1.0,1,0.9989151954650879
1.0,1,0.9902971386909485
1.0,1,0.9951241612434387
0.0,1,0.8432896137237549
0.0,0,0.0018476694822311401
1.0,1,0.9991270899772644
0.0,1,0.5533154010772705
0.0,0,0.083344005048275
0.0,0,0.008027421310544014
1.0,1,0.8160569071769714
0.0,0,0.006044192239642143
1.0,1,0.9999270439147949
0.0,0,0.05210287496447563
0.0,0,0.0007872100686654449
0.0,0,0.005437435582280159
1.0,1,0.9901646971702576
0.0,0,0.008967091329395771
0.0,1,0.8600955009460449
0.0,0,0.12016093730926514
1.0,1,0.9141345620155334
1.0,1,0.9997562766075134
1.0,0,0.2391180694103241
0.0,0,0.03208969160914421
1.0,1,0.9978121519088745
0.0,0,0.009479640051722527
1.0,1,0.9957584738731384
0.0,1,0.6164733171463013
0.0,0,0.08088339865207672
0.0,0,0.00010417449084343389
0.0,0,0.00015816648374311626
1.0,1,0.9861010909080505
1.0,1,0.9660113453865051
1.0,1,0.9995881915092468
0.0,0,0.07298585027456284
1.0,0,0.24715159833431244
0.0,0,0.36296090483665466
0.0,0,0.13544967770576477
0.0,1,0.9105086326599121
1.0,1,0.9969931840896606
0.0,0,0.0012849695049226284
1.0,1,0.9993717074394226
1.0,1,0.9666236042976379
0.0,0,0.02100987732410431
1.0,1,0.9813103675842285
1.0,1,0.9982523322105408
0.0,0,0.21047279238700867
1.0,1,0.9849880933761597
0.0,0,0.03185427561402321
1.0,1,0.9906449317932129
1.0,1,0.566822350025177
1.0,1,0.9955012202262878
0.0,0,0.004050146322697401
0.0,0,0.0014314469881355762
1.0,1,0.9989604949951172
0.0,0,0.012422322295606136
1.0,1,0.9996424913406372
0.0,0,0.0003285926941316575
1.0,1,0.9043100476264954
0.0,0,0.00016155396588146687
0.0,0,0.0002625933557283133
0.0,0,0.0305680762976408
1.0,1,0.8655154705047607
1.0,0,0.29615792632102966
1.0,1,0.9999485015869141
0.0,0,0.023761095479130745
0.0,0,0.014010224491357803
1.0,1,0.9861060380935669
1.0,1,0.9996634721755981
0.0,0,0.0028965494129806757
0.0,0,0.00016927187971305102
0.0,0,0.011480836197733879
1.0,1,0.9775166511535645
1.0,0,0.3338257968425751
1.0,0,0.0023021376691758633
0.0,0,0.0019038772443309426
1.0,1,0.9845490455627441
0.0,0,0.00011424314288888127
0.0,0,0.044406283646821976
1.0,1,0.444747656583786
0.0,0,0.00038790004327893257
1.0,1,0.9995179176330566
0.0,0,0.0004044905654154718
1.0,1,0.7557749152183533
0.0,0,0.01078308280557394
1.0,1,0.9941340088844299
1.0,1,0.999439537525177
1.0,1,0.9789507985115051
0.0,0,0.0007628886960446835
0.0,0,0.00012529054947663099
1.0,1,0.9987965822219849
0.0,0,0.0019692780915647745
0.0,0,0.021302325651049614
0.0,0,6.72664973535575e-05
0.0,0,0.3370887339115143
0.0,0,0.0004539341025520116
1.0,1,0.7116368412971497
0.0,0,0.001421911409124732
1.0,1,0.9988061189651489
1.0,1,0.9861836433410645
0.0,0,0.006466384511440992
0.0,0,0.058025214821100235
1.0,1,0.9389384984970093
0.0,0,0.046711619943380356
1.0,1,0.9920614957809448
1.0,1,0.9999206066131592
1.0,1,0.9998856782913208
1.0,1,0.4922288954257965
0.0,1,0.5819041728973389
0.0,0,0.1282082051038742
1.0,1,0.998933732509613
1.0,1,0.703630268573761
0.0,0,0.0010895727900788188
1.0,1,0.8382276296615601
1.0,0,0.058065734803676605
1.0,1,0.9994284510612488
1.0,1,0.9999933242797852
0.0,0,0.0006735409260727465
0.0,0,0.003414778970181942
0.0,0,0.0006967466906644404
1.0,1,0.9073447585105896
1.0,1,0.9924675822257996
0.0,0,0.011564983054995537
1.0,1,0.9975132942199707
0.0,0,0.007609224878251553
0.0,0,0.020856911316514015
0.0,0,0.006763863377273083
1.0,1,0.9643474817276001
1.0,1,0.9991077780723572
0.0,0,0.00030205133953131735
1.0,0,0.23257210850715637
0.0,1,0.5696393251419067
0.0,0,0.01113671250641346
0.0,0,0.0403914712369442
0.0,0,0.010876410640776157
1.0,1,0.9924161434173584
0.0,0,0.0006213741726242006
0.0,0,0.008819900453090668
0.0,0,0.12986774742603302
1.0,1,0.999457061290741
0.0,0,0.006816487293690443
0.0,0,0.0003391337813809514
1.0,1,0.9386452436447144
0.0,0,0.002362349536269903
0.0,0,0.03355580195784569
1.0,1,0.9995880722999573
0.0,0,0.0010499816853553057
1.0,1,0.40717417001724243
1.0,1,0.9945834279060364
1.0,1,0.8651161193847656
1.0,1,0.9517830014228821
0.0,0,0.07774466276168823
1.0,1,0.782312273979187
1.0,1,0.986812174320221
1.0,1,0.9981105327606201
0.0,0,0.0020979512482881546
0.0,0,0.005648559890687466
1.0,1,0.9345473051071167
0.0,0,0.00014577567344531417
0.0,0,0.0017884949920699
0.0,0,0.0010399618186056614
1.0,1,0.9950792789459229
0.0,0,0.00025473861023783684
0.0,1,0.9729693531990051
1.0,0,0.05399353429675102
0.0,0,0.021471448242664337
0.0,0,0.37684300541877747
1.0,1,0.9298380017280579
0.0,1,0.534446656703949
1.0,1,0.49552032351493835
0.0,1,0.8737574219703674
0.0,0,6.369273251038976e-06
1.0,1,0.9998216032981873
0.0,0,0.0006560501060448587
1.0,1,0.9998964071273804
1.0,1,0.992412269115448
1.0,1,0.8416395783424377
1.0,1,0.9417256712913513
0.0,1,0.4102421998977661
0.0,1,0.68008953332901
1.0,1,0.6130114793777466
1.0,1,0.8834890127182007
1.0,1,0.9902929067611694
0.0,0,0.014554218389093876
0.0,0,0.001706604496575892
1.0,1,0.9999251365661621
0.0,0,0.0373864509165287
0.0,0,0.0007767921197228134
1.0,1,0.9931808710098267
1.0,0,0.009352867491543293
1.0,1,0.9988297820091248
0.0,0,0.0007152773905545473
1.0,0,0.006050423718988895
0.0,0,0.005017092451453209
0.0,0,0.00015825245645828545
1.0,1,0.95637446641922
0.0,0,0.0009377759415656328
0.0,0,0.015734916552901268
0.0,0,0.002608928829431534
0.0,0,0.018560167402029037
0.0,0,0.06555718183517456
0.0,0,0.00010904976807069033
0.0,0,0.0002460415998939425
0.0,0,0.0022431742399930954
0.0,0,0.0012406972236931324
0.0,0,0.018271055072546005
1.0,1,0.9998971223831177
0.0,0,0.009322524070739746
0.0,0,0.18568089604377747
1.0,1,0.9999873638153076
0.0,0,0.04117366671562195
1.0,1,0.9926995635032654
0.0,1,0.5834652185440063
0.0,0,0.001233863178640604
1.0,1,0.780025064945221
1.0,0,0.3399823009967804
0.0,1,0.9807253479957581
1.0,1,0.9351194500923157
0.0,0,0.2548843026161194
1.0,1,0.9998258948326111
0.0,0,0.001060773734934628
0.0,0,0.008309787139296532
0.0,0,0.0008689350797794759
0.0,0,0.01265126746147871
0.0,0,0.0010935913305729628
0.0,0,0.007490596268326044
0.0,0,0.0007530911825597286
1.0,1,0.4077785313129425
1.0,0,0.2131420522928238
1.0,1,0.8663989305496216
0.0,0,0.00014177156845107675
1.0,0,0.29062938690185547
0.0,0,0.0029906255658715963
1.0,1,0.4549178183078766
0.0,0,0.009341387078166008
0.0,0,0.0018172112759202719
0.0,0,0.00031176014454104006
0.0,1,0.9413466453552246
0.0,0,0.11359130591154099
1.0,1,0.9991599321365356
1.0,1,0.9702045917510986
1.0,1,0.9962062835693359
1.0,1,0.9994066953659058
0.0,0,0.008810820989310741
1.0,1,0.9923107624053955
0.0,0,0.015113124623894691
0.0,0,0.004049115348607302
1.0,1,0.9993616938591003
1.0,1,0.9680993556976318
1.0,1,0.9769169688224792
0.0,0,0.1267894059419632
0.0,0,0.0054860711097717285
0.0,1,0.5243967771530151
1.0,1,0.9995673298835754
0.0,0,0.00025780010037124157
0.0,0,0.0007756193517707288
1.0,1,0.9460939168930054
0.0,1,0.9870461225509644
0.0,0,0.008008546195924282
1.0,1,0.48294079303741455
0.0,1,0.8247314095497131
0.0,1,0.864881694316864
0.0,0,0.019609469920396805
0.0,0,0.005924457684159279
0.0,0,0.0002824366092681885
1.0,1,0.7225878834724426
0.0,1,0.9982876181602478
0.0,0,0.12541963160037994
0.0,0,0.001384203089401126
1.0,1,0.7769139409065247
1.0,1,0.9955441355705261
0.0,0,0.028223151341080666
1.0,1,0.9749572277069092
1.0,1,0.701028048992157
1.0,1,0.9662644863128662
0.0,0,6.116368604125455e-05
0.0,1,0.9295958876609802
0.0,0,0.005091913044452667
0.0,0,5.168872303329408e-05
1.0,1,0.99933260679245
0.0,0,2.9669459763681516e-05
1.0,1,0.9960764050483704
0.0,0,0.000590374693274498
0.0,1,0.6872021555900574
1.0,1,0.936089813709259
1.0,1,0.988174319267273
0.0,0,0.003322911448776722
1.0,1,0.9999148845672607
1.0,1,0.9999065399169922
1.0,1,0.9498457908630371
0.0,0,0.09330560266971588
0.0,0,0.04603222757577896
0.0,0,0.00020679441513493657
0.0,0,0.00024016611860133708
0.0,1,0.9608303308486938
1.0,1,0.9944985508918762
0.0,0,0.029512999579310417
1.0,1,0.9999936819076538
1.0,1,0.9541103839874268
0.0,0,2.297208811796736e-05
1.0,1,0.9885368347167969
0.0,0,0.0012168833054602146
0.0,0,0.0010995524935424328
0.0,0,0.037257418036460876
0.0,0,0.0021745210979133844
1.0,1,0.9809914231300354
0.0,0,0.38423600792884827
0.0,0,0.3029966652393341
0.0,0,0.010047690942883492
0.0,0,0.0017626129556447268
1.0,1,0.999991774559021
1.0,1,0.9742409586906433
0.0,0,0.00015819181862752885
0.0,0,0.027566025033593178
0.0,0,0.2098812609910965
0.0,0,0.08621787279844284
1.0,1,0.8729678988456726
1.0,1,0.9959666728973389
1.0,1,0.999313473701477
1.0,1,0.9897235631942749
1.0,0,0.034487828612327576
0.0,0,0.00010610794561216608
0.0,0,0.00238883588463068
1.0,1,0.9999034404754639
0.0,0,0.00011036316573154181
1.0,1,0.9575633406639099
0.0,0,0.0001956597698153928
0.0,0,0.002894674427807331
1.0,1,0.8087190985679626
0.0,0,0.0003558554744813591
0.0,0,0.0007286886102519929
1.0,1,0.9753075838088989
1.0,1,0.9997754693031311
1.0,1,0.999812662601471
0.0,0,0.00645213620737195
1.0,1,0.8547073006629944
1.0,1,0.9749554991722107
0.0,0,0.0016211422625929117
1.0,1,0.46833673119544983
0.0,0,0.12923431396484375
0.0,0,0.2789587080478668
0.0,0,0.0004800061578862369
0.0,0,0.000982652767561376
0.0,0,0.025186052545905113
0.0,0,0.008271594531834126
1.0,1,0.8488596081733704
0.0,0,0.002979057841002941
1.0,1,0.9976050853729248
0.0,1,0.7030401229858398
1.0,1,0.6793040037155151
0.0,0,0.000616118311882019
1.0,1,0.9968844056129456
0.0,0,0.16420944035053253
1.0,1,0.9972099661827087
1.0,1,0.9941646456718445
1.0,0,0.0037367353215813637
1.0,1,0.9960752129554749
0.0,0,0.0007052315049804747
0.0,0,0.15532490611076355
1.0,0,0.05082664266228676
1.0,1,0.7515003681182861
1.0,1,0.9955005049705505
0.0,0,0.04883373901247978
0.0,0,0.004024629946798086
0.0,0,0.15142644941806793
0.0,0,0.0003556360607035458
1.0,1,0.9858054518699646
0.0,1,0.9851943850517273
0.0,0,0.023694181814789772
0.0,1,0.8999546766281128
1.0,1,0.9215536713600159
0.0,0,0.33357638120651245
0.0,0,0.004942572675645351
1.0,1,0.9999470710754395
0.0,0,0.011920575052499771
0.0,0,0.02490086853504181
1.0,0,0.20724183320999146
0.0,0,0.002477464033290744
0.0,1,0.97584468126297
0.0,0,0.0005851873429492116
0.0,0,0.003155097831040621
1.0,1,0.9616969227790833
0.0,1,0.9913063645362854
0.0,0,0.005771464202553034
0.0,1,0.8035902380943298
0.0,0,0.2768942713737488
0.0,0,0.008440600708127022
0.0,0,0.005530696362257004
0.0,0,0.031248565763235092
0.0,0,0.06913253664970398
1.0,1,0.9971928000450134
0.0,0,0.0005468888557516038
0.0,0,0.0022840090095996857
0.0,0,0.055270180106163025
0.0,0,0.053800735622644424
1.0,1,0.900079607963562
1.0,1,0.9930671453475952
0.0,1,0.8851932287216187
1.0,1,0.9910187721252441
0.0,0,8.634479308966547e-05
1.0,1,0.4141242206096649
0.0,0,0.00010121840750798583
1.0,1,0.9732964038848877
1.0,1,0.9979953765869141
0.0,0,0.018375709652900696
0.0,0,0.000157132264575921
0.0,0,0.23460537195205688
1.0,1,0.6108285784721375
0.0,0,0.3133617341518402
1.0,1,0.9999701976776123
0.0,0,0.00016273718210868537
1.0,1,0.8490990400314331
1.0,1,0.9980798959732056
1.0,1,0.985846221446991
1.0,1,0.9910250902175903
1.0,1,0.999755322933197
0.0,0,0.03166500851511955
0.0,0,0.00018087608623318374
0.0,0,0.008913186378777027
0.0,0,0.0885007455945015
0.0,0,0.003634365275502205
0.0,0,0.005394750740379095
0.0,0,0.02745954692363739
1.0,0,0.38590532541275024
1.0,1,0.9897831082344055
0.0,0,0.002304697409272194
1.0,1,0.9913849830627441
0.0,0,0.11043299734592438
0.0,0,0.053045958280563354
1.0,1,0.991083025932312
0.0,0,0.0006052459357306361
1.0,1,0.8991321325302124
1.0,0,0.06409205496311188
1.0,0,0.06974540650844574
1.0,1,0.9864048957824707
0.0,0,0.00044467044062912464
0.0,0,0.03866376355290413
0.0,0,4.399976023705676e-05
1.0,1,0.9940935969352722
0.0,0,0.0007586856372654438
0.0,0,0.0020124795846641064
0.0,0,0.3209182322025299
1.0,0,0.013035194016993046
0.0,0,0.006963304243981838
0.0,0,0.06657347083091736
0.0,0,0.005962603259831667
0.0,0,0.001019766554236412
1.0,1,0.9992756247520447
1.0,1,0.9997753500938416
0.0,0,0.28788766264915466
0.0,0,0.03178444504737854
0.0,0,0.00880429893732071
1.0,1,0.999430239200592
0.0,0,0.002611118368804455
1.0,1,0.9994686245918274
1.0,1,0.9671899676322937
1.0,1,0.9916040301322937
0.0,0,0.0037095309235155582
0.0,1,0.9969778060913086
0.0,1,0.9988868832588196
0.0,0,0.0006424540188163519
1.0,1,0.9611685276031494
0.0,0,0.07295870780944824
0.0,1,0.49873802065849304
0.0,0,7.598457159474492e-05
0.0,0,0.00011434372572693974
0.0,0,9.778438106877729e-05
0.0,0,0.0010482165962457657
1.0,1,0.9997066855430603
0.0,1,0.9144858717918396
1.0,1,0.9999796152114868
1.0,1,0.9998922348022461
1.0,1,0.5804336071014404
1.0,1,0.9997386336326599
1.0,1,0.9998519420623779
0.0,0,0.005208856426179409
1.0,1,0.9685396552085876
1.0,1,0.9859171509742737
1.0,1,0.7418724894523621
0.0,0,0.00015171196719165891
1.0,1,0.8764505386352539
1.0,1,0.9985805749893188
1.0,1,0.9807820320129395
1.0,1,0.8020200133323669
1.0,1,0.4448041319847107
1.0,1,0.9563109874725342
0.0,0,0.06219601258635521
0.0,0,0.006650767754763365
0.0,0,0.0879911258816719
0.0,0,0.0017520264955237508
1.0,1,0.9216077327728271
0.0,0,0.07455330342054367
0.0,0,0.0001859326584963128
0.0,1,0.7173470854759216
0.0,0,0.00019019177125301212
0.0,0,5.775923000328476e-06
1.0,1,0.9203609824180603
1.0,1,0.9937637448310852
0.0,0,0.001812304137274623
0.0,0,0.0001969178265426308
0.0,0,5.301856799633242e-05
0.0,1,0.7347784042358398
0.0,0,0.002101886086165905
1.0,0,0.0505758672952652
1.0,1,0.9442445039749146
1.0,1,0.8250287175178528
1.0,1,0.9826847910881042
1.0,1,0.9879856705665588
1.0,1,0.9999662637710571
0.0,0,0.023677293211221695
0.0,0,0.008536715060472488
0.0,0,0.002425260143354535
0.0,0,0.0007937366608530283
0.0,0,0.0024658343754708767
1.0,0,0.09764482825994492
0.0,0,0.2866111993789673
0.0,1,0.4898606538772583
0.0,0,0.001801618724130094
1.0,1,0.9977904558181763
0.0,0,0.0020292913541197777
0.0,0,0.0004958078498020768
1.0,1,0.7762845158576965
0.0,0,0.042404308915138245
1.0,1,0.9112436175346375
1.0,1,0.9998051524162292
0.0,0,0.011780668050050735
0.0,0,0.02028283290565014
1.0,1,0.9977089166641235
0.0,1,0.996070146560669
0.0,0,0.0007913844892755151
1.0,1,0.9958223104476929
0.0,0,0.00012593783321790397
0.0,0,0.0009303169790655375
0.0,0,0.11665147542953491
1.0,1,0.9999934434890747
0.0,0,0.0021733008325099945
0.0,0,0.06275821477174759
0.0,0,0.001067290548235178
0.0,0,0.0010335072875022888
0.0,1,0.5194506645202637
0.0,0,0.021625768393278122
1.0,1,0.9994385838508606
0.0,0,9.728892473503947e-05
0.0,0,0.0013022597413510084
1.0,0,0.09088451415300369
0.0,0,0.0010954467579722404
0.0,0,0.20443421602249146
0.0,1,0.45452752709388733
1.0,1,0.9786060452461243
1.0,1,0.9996662139892578
1.0,1,0.8953607678413391
0.0,0,0.007103817071765661
0.0,0,0.00026717083528637886
0.0,0,0.012584451586008072
1.0,1,0.9915711879730225
0.0,0,0.0004374569980427623
0.0,0,0.00020902852702420205
1.0,1,0.7580162882804871
0.0,0,0.00028128831763751805
0.0,0,0.005400080233812332
1.0,1,0.40376153588294983
1.0,1,0.40113410353660583
0.0,0,0.16663075983524323
0.0,0,0.2500309944152832
0.0,1,0.47588565945625305
0.0,0,0.013742377981543541
1.0,1,0.9998772144317627
1.0,0,0.04195698723196983
0.0,0,0.002914064796641469
0.0,1,0.9982914328575134
1.0,1,0.8652450442314148
1.0,1,0.40304267406463623
0.0,0,0.0003393994702491909
1.0,1,0.9924295544624329
0.0,0,2.235338615719229e-05
1.0,1,0.9965597987174988
1.0,0,0.12031322717666626
1.0,1,0.9996449947357178
1.0,1,0.75755774974823
0.0,0,0.008190667256712914
0.0,0,0.000902511936146766
1.0,1,0.9883641004562378
0.0,0,0.0002656995493452996
1.0,1,0.9806217551231384
0.0,1,0.496456116437912
1.0,1,0.9983673691749573
0.0,0,0.005521378479897976
1.0,1,0.9636401534080505
0.0,0,1.7492529877927154e-05
1.0,1,0.9662001729011536
1.0,1,0.9999191761016846
0.0,1,0.45990508794784546
0.0,0,0.012625151313841343
0.0,0,0.03244892507791519
0.0,0,0.0006335742073133588
1.0,1,0.9938619136810303
0.0,0,0.00014442599785979837
1.0,1,0.9633932709693909
1.0,1,0.9992496371269226
0.0,0,0.025091122835874557
1.0,0,0.13248911499977112
0.0,0,0.1323084980249405
0.0,0,0.0016644042916595936
0.0,0,0.030258391052484512
1.0,1,0.9170641899108887
0.0,0,0.006704011932015419
0.0,0,0.00044398807222023606
1.0,0,0.024759696796536446
0.0,0,0.004074813798069954
1.0,1,0.99623703956604
0.0,0,0.0009129846002906561
0.0,0,0.03808555379509926
0.0,0,7.15191345079802e-05
0.0,0,0.0009716519853100181
1.0,1,0.997595489025116
0.0,0,0.013145454227924347
0.0,0,0.001525289611890912
0.0,0,0.0005145326722413301
1.0,0,0.09896988421678543
0.0,1,0.7650348544120789
0.0,0,0.007395239546895027
1.0,0,0.10501979291439056
1.0,1,0.9884190559387207
1.0,0,0.31387752294540405
1.0,1,0.9999516010284424
1.0,1,0.4994092285633087
1.0,1,0.9999150037765503
0.0,0,0.002127021783962846
1.0,1,0.9994742274284363
0.0,0,0.0033213291317224503
0.0,0,0.00045338727068156004
1.0,0,0.20466318726539612
1.0,1,0.999821126461029
0.0,0,0.0011516858357936144
1.0,1,0.9822368025779724
0.0,1,0.8980382680892944
0.0,0,0.3972911834716797
0.0,0,0.2879602611064911
1.0,1,0.9802684187889099
0.0,0,0.0022761079017072916
1.0,1,0.9914025664329529
0.0,0,0.13892008364200592
0.0,0,0.08712822198867798
1.0,1,0.9997044205665588
0.0,0,0.001381111447699368
0.0,0,0.3551839590072632
0.0,1,0.9160066843032837
0.0,0,0.0002792351588141173
1.0,1,0.7245368957519531
1.0,1,0.9947218894958496
0.0,0,0.001343503943644464
0.0,1,0.4673718512058258
1.0,1,0.6883136630058289
1.0,1,0.9997156262397766
1.0,1,0.9972535967826843
0.0,0,0.023853063583374023
1.0,1,0.8090055584907532
0.0,1,0.5275419354438782
1.0,1,0.4706278443336487
1.0,1,0.9956387877464294
0.0,0,4.048109985888004e-06
0.0,0,0.02548338659107685
0.0,0,0.005438950378447771
0.0,1,0.42997655272483826
1.0,1,0.9584324359893799
1.0,1,0.9687507152557373
0.0,0,0.0003335162182338536
1.0,1,0.9996938705444336
1.0,0,0.21650685369968414
0.0,1,0.5642544031143188
0.0,0,0.006348314695060253
0.0,0,0.004945091903209686
0.0,0,0.009011724032461643
0.0,0,0.002841637935489416
1.0,1,0.9974833130836487
0.0,0,0.00030344922561198473
0.0,0,0.0069830166175961494
0.0,0,0.33619874715805054
1.0,1,0.9986506104469299
0.0,1,0.768703043460846
0.0,0,0.2693268954753876
0.0,0,0.009401392191648483
0.0,0,0.0015561063773930073
0.0,0,0.001468190341256559
0.0,0,0.06282231211662292
1.0,1,0.9993081092834473
0.0,0,0.0015844859881326556
0.0,0,0.007129707373678684
1.0,1,0.9831464886665344
1.0,1,0.9998831748962402
0.0,1,0.5744524598121643
0.0,0,0.002000973327085376
1.0,1,0.9505266547203064
0.0,0,8.532289939466864e-05
0.0,0,0.071615070104599
0.0,0,0.0011739010224118829
0.0,0,0.0018864127341657877
1.0,1,0.9997088313102722
1.0,1,0.5108374953269958
1.0,1,0.567019522190094
1.0,1,0.9395127892494202
0.0,1,0.7480307221412659
0.0,0,0.12466037273406982
0.0,0,0.003959437366575003
0.0,0,0.20449529588222504
0.0,1,0.5853459239006042
1.0,1,0.9667792320251465
0.0,0,0.0013195328647270799
1.0,1,0.9946551322937012
1.0,1,0.9999175071716309
1.0,0,0.004442094825208187
0.0,0,0.06083231046795845
0.0,0,0.006255598273128271
1.0,1,0.9921604990959167
0.0,0,0.002999884309247136
1.0,1,0.9995940327644348
0.0,0,0.0015474963001906872
1.0,1,0.9242518544197083
0.0,0,0.0004910315037705004
1.0,1,0.6483683586120605
1.0,1,0.9980524778366089
1.0,1,0.9050114154815674
0.0,0,0.0420072115957737
1.0,1,0.9550735950469971
1.0,1,0.9999856948852539
0.0,0,0.04648124799132347
1.0,1,0.4056248664855957
0.0,0,0.019429244101047516
0.0,0,0.0004230428603477776
1.0,1,0.7825039029121399
0.0,0,0.04973212629556656
0.0,0,2.7428081011748873e-05
1.0,1,0.9966564178466797
0.0,0,0.011384924873709679
1.0,1,0.9996823072433472
1.0,0,0.019806407392024994
0.0,0,0.0068770721554756165
0.0,0,0.0027154837734997272
0.0,0,0.0006623403169214725
0.0,0,0.0018552974797785282
1.0,1,0.9871560335159302
0.0,0,0.04160983860492706
0.0,0,0.002884927438572049
0.0,0,0.11254319548606873
0.0,1,0.6728992462158203
0.0,0,0.05022227391600609
1.0,1,0.7622216939926147
1.0,1,0.9977778792381287
0.0,0,0.0006064510089345276
0.0,0,0.0008746942621655762
1.0,0,0.19465060532093048
0.0,0,0.12913060188293457
0.0,0,0.004788229241967201
0.0,0,0.001283398363739252
1.0,0,0.27427658438682556
1.0,1,0.9407399296760559
1.0,1,0.9861379265785217
0.0,0,0.07083527743816376
1.0,1,0.9999769926071167
1.0,0,0.2783367335796356
0.0,0,0.0011797357583418489
0.0,0,0.0007119715446606278
0.0,0,0.00026443443493917584
1.0,1,0.9920127987861633
1.0,1,0.5567293763160706
0.0,0,0.17299818992614746
1.0,1,0.9924842715263367
0.0,0,0.023592472076416016
1.0,1,0.9953067898750305
0.0,0,0.004647575318813324
0.0,0,0.0019107768312096596
0.0,0,7.18439623597078e-05
0.0,0,0.00012722269457299262
1.0,1,0.8135542869567871
0.0,0,0.0030498451087623835
0.0,0,0.0006128714303486049
0.0,0,0.0016670551849529147
0.0,0,0.13595905900001526
0.0,0,0.04601387679576874
1.0,1,0.9393734931945801
0.0,0,0.003003448946401477
0.0,0,0.0007351642707362771
0.0,0,0.0002463657583575696
0.0,0,0.004144845996052027
1.0,1,0.8369140625
0.0,0,0.0006720584351569414
1.0,1,0.9869540333747864
0.0,0,0.001052043167874217
0.0,0,0.022677509114146233
0.0,0,0.012209921143949032
1.0,1,0.992355465888977
1.0,1,0.9275623559951782
0.0,0,0.001693672500550747
0.0,0,0.00044188176980242133
1.0,1,0.9999874830245972
0.0,1,0.6154557466506958
0.0,0,0.009130156598985195
0.0,0,0.03648271784186363
1.0,1,0.9978330731391907
1.0,1,0.9996694326400757
0.0,1,0.7364022135734558
1.0,1,0.9990777969360352
1.0,1,0.9888235926628113
1.0,1,0.772184431552887
0.0,0,0.005355312488973141
0.0,0,0.28278014063835144
0.0,0,0.047461386770009995
1.0,1,0.9775828123092651
0.0,0,0.003814124269410968
0.0,0,0.00031917894375510514
0.0,0,0.001077324035577476
0.0,0,0.38744184374809265
0.0,0,0.001854289323091507
0.0,0,0.056906621903181076
1.0,1,0.9989099502563477
0.0,0,0.11612875759601593
0.0,0,0.01890229806303978
0.0,0,6.470582593465224e-05
0.0,1,0.6037627458572388
0.0,0,0.0021821018308401108
0.0,0,0.0006172482972033322
1.0,1,0.9994912147521973
0.0,0,0.3521057367324829
0.0,0,0.021703451871871948
0.0,0,9.947339276550338e-05
0.0,1,0.9621482491493225
1.0,1,0.979375422000885
0.0,0,0.025668464601039886
0.0,0,0.002987840212881565
1.0,1,0.9972226619720459
0.0,0,0.00020848732674494386
1.0,1,0.4803045988082886
0.0,1,0.7199750542640686
0.0,0,0.14876355230808258
0.0,0,0.0006611934513784945
0.0,0,9.030906221596524e-05
0.0,0,4.4103482650825754e-05
1.0,1,0.9980247020721436
0.0,0,0.0004951358423568308
1.0,1,0.9999752044677734
0.0,0,0.004109595436602831
0.0,0,0.11072415113449097
0.0,1,0.9999403953552246
1.0,1,0.8512661457061768
1.0,1,0.9999735355377197
0.0,0,0.00033867545425891876
0.0,1,0.9129337668418884
0.0,0,0.012652547098696232
1.0,1,0.9942589998245239
0.0,1,0.9710242748260498
1.0,1,0.9876760244369507
1.0,1,0.9878794550895691
0.0,0,0.0008430859888903797
1.0,1,0.9993467926979065
1.0,1,0.9809595346450806
1.0,1,0.9978012442588806
0.0,0,0.008873295970261097
1.0,1,0.9177107810974121
1.0,1,0.8108299970626831
1.0,1,0.9990301132202148
1.0,1,0.9977514147758484
0.0,0,0.06893197447061539
0.0,0,0.002850523218512535
0.0,0,0.008765621110796928
1.0,0,0.0359208919107914
0.0,0,0.0014013362815603614
0.0,0,0.12308784574270248
0.0,0,0.0003306220460217446
0.0,0,0.0005880845128558576
0.0,0,0.0012946071801707149
0.0,1,0.9291390180587769
1.0,1,0.8575796484947205
1.0,1,0.9916714429855347
1.0,1,0.9721402525901794
1.0,1,0.9954441785812378
1.0,1,0.9925092458724976
1.0,1,0.9999374151229858
0.0,0,0.003468654351308942
1.0,1,0.9963791966438293
1.0,1,0.5111773610115051
1.0,0,0.08828172832727432
0.0,1,0.8521015048027039
1.0,1,0.9364008903503418
0.0,0,0.00023215940746013075
1.0,1,0.9817727208137512
0.0,0,0.005566030275076628
1.0,1,0.9999464750289917
0.0,0,0.009089618921279907
0.0,0,0.3620847165584564
0.0,1,0.7637315392494202
0.0,0,0.0029896192718297243
0.0,0,0.010089943185448647
0.0,0,0.0026806783862411976
1.0,1,0.6411662101745605
0.0,0,0.183757945895195
0.0,0,0.009344427846372128
0.0,0,0.03137430548667908
1.0,1,0.9991372227668762
1.0,1,0.9968538880348206
1.0,0,0.031045464798808098
0.0,0,0.021076643839478493
0.0,0,0.00015989835083018988
1.0,1,0.9954161643981934
0.0,0,0.004355116281658411
1.0,1,0.8329648375511169
0.0,0,0.08667763322591782
0.0,0,0.0023804428055882454
0.0,0,0.02382010966539383
1.0,0,0.20241940021514893
1.0,1,0.9751353859901428
0.0,0,0.23150424659252167
0.0,0,0.0002939288388006389
1.0,1,0.963329553604126
1.0,1,0.9993022680282593
0.0,0,0.0048996503464877605
0.0,0,0.0019573429599404335
0.0,0,0.006856744177639484
1.0,1,0.8094763159751892
1.0,1,0.9996116757392883
1.0,1,0.9958900809288025
0.0,0,0.06433776021003723
0.0,0,0.0015107435174286366
0.0,0,0.007082841359078884
1.0,1,0.9955407977104187
0.0,0,0.31032946705818176
0.0,0,0.000121652839879971
0.0,0,0.0006652986048720777
0.0,0,0.0009796307422220707
1.0,1,0.9176051020622253
0.0,0,0.0005979742272756994
0.0,0,0.0076118647120893
0.0,0,0.006224100012332201
1.0,1,0.9955739974975586
1.0,1,0.8995264768600464
0.0,0,0.003503656480461359
0.0,1,0.5436905026435852
0.0,0,0.0006948134978301823
1.0,1,0.9788482189178467
1.0,1,0.895477831363678
0.0,0,0.0004776136192958802
0.0,0,0.005575339309871197
1.0,1,0.9633529782295227
1.0,1,0.9878573417663574
1.0,0,0.07687808573246002
0.0,0,0.061000604182481766
0.0,0,0.006413589231669903
0.0,0,0.002001033164560795
0.0,1,0.7174666523933411
0.0,0,0.06816951930522919
1.0,0,0.0010472204303368926
1.0,0,0.14332808554172516
0.0,0,0.3350881040096283
1.0,1,0.9904030561447144
0.0,0,0.0010142844403162599
0.0,0,0.06544830650091171
0.0,0,0.003714703256264329
1.0,1,0.7080065608024597
0.0,0,0.011825812980532646
0.0,0,0.009236851707100868
1.0,1,0.9984716773033142
0.0,0,0.0015482516027987003
1.0,0,0.0871821716427803
0.0,0,0.006531754042953253
1.0,1,0.992510199546814
0.0,0,0.00848994217813015
0.0,0,0.009998776949942112
0.0,0,0.008054261095821857
0.0,0,0.00010655448568286374
0.0,1,0.773932695388794
0.0,0,0.006343488581478596
0.0,1,0.9859896898269653
1.0,1,0.9959993362426758
0.0,0,0.27177882194519043
1.0,1,0.9999611377716064
0.0,0,1.906578404486936e-06
0.0,0,0.05399482324719429
0.0,0,0.06662549823522568
0.0,1,0.4702036380767822
1.0,1,0.9979300498962402
0.0,0,0.0016619357047602534
0.0,1,0.770443856716156
0.0,1,0.9459323883056641
0.0,0,0.013463283888995647
1.0,1,0.9998652935028076
0.0,1,0.6276529431343079
1.0,1,0.9970856308937073
0.0,0,0.0011843127431347966
1.0,1,0.971674382686615
1.0,1,0.9995336532592773
0.0,0,0.030640335753560066
0.0,0,1.3531343029171694e-05
1.0,1,0.9997230172157288
1.0,1,0.926766037940979
0.0,0,0.0036951659712940454
0.0,0,0.0011082037817686796
1.0,1,0.8770595788955688
0.0,0,0.0004429065156728029
0.0,0,0.11331502348184586
1.0,1,0.5611039996147156
1.0,1,0.9605243802070618
0.0,0,0.0003741879772860557
1.0,1,0.7278880476951599
1.0,1,0.9964025020599365
0.0,0,0.0004193733329884708
1.0,1,0.9307064414024353
0.0,0,0.005416359752416611
1.0,1,0.9989100694656372
0.0,0,0.0007080092909745872
1.0,1,0.8492059111595154
0.0,0,0.0024170151446014643
0.0,0,0.04058031737804413
1.0,1,0.998705267906189
1.0,1,0.992133617401123
1.0,1,0.9599751234054565
0.0,0,0.0001838531024986878
1.0,1,0.984553337097168
0.0,0,0.0007819184684194624
0.0,0,7.140995876397938e-05
1.0,1,0.9997907280921936
0.0,0,0.00040674928459338844
0.0,0,0.15936940908432007
1.0,1,0.9986737966537476
0.0,0,0.18260499835014343
1.0,1,0.9900767207145691
1.0,1,0.999089241027832
1.0,1,0.9892929792404175
0.0,1,0.9587972164154053
1.0,1,0.8506295084953308
1.0,1,0.6161308288574219
1.0,1,0.9868064522743225
0.0,0,0.0008751137065701187
0.0,0,0.053745269775390625
1.0,1,0.999944806098938
0.0,0,0.0005752054275944829
0.0,0,0.00031974483863450587
1.0,0,7.81925700721331e-05
0.0,0,0.01331079937517643
0.0,0,0.00037653360050171614
0.0,0,0.0005882293917238712
1.0,1,0.995579183101654
0.0,0,0.053599100559949875
0.0,0,0.009177288971841335
0.0,0,0.005898837000131607
1.0,1,0.9996861219406128
0.0,0,0.005657673347741365
1.0,1,0.9997544884681702
0.0,0,0.0016820990713313222
1.0,1,0.9189916253089905
1.0,1,0.9900339245796204
1.0,1,0.9308521747589111
1.0,1,0.9581931233406067
0.0,0,0.0057499464601278305
0.0,0,0.005156566854566336
1.0,1,0.998049259185791
0.0,0,0.2742407023906708
1.0,0,0.020070066675543785
1.0,1,0.9971662163734436
1.0,1,0.6613781452178955
1.0,1,0.9977318644523621
0.0,0,0.0010383836925029755
0.0,0,0.0005652616964653134
0.0,0,0.026126891374588013
1.0,1,0.9939334988594055
0.0,0,0.3207153379917145
0.0,0,0.04218383878469467
0.0,1,0.9998797178268433
1.0,1,0.9993044137954712
0.0,0,0.2977973222732544
1.0,1,0.9689667820930481
1.0,1,0.9300047755241394
1.0,1,0.999991774559021
1.0,1,0.9892072677612305
0.0,0,0.0056931148283183575
1.0,0,0.031020719558000565
0.0,0,0.001382680842652917
0.0,0,0.35527777671813965
1.0,1,0.9832115769386292
0.0,0,0.009562013670802116
1.0,0,0.06137647107243538
0.0,0,0.002918640151619911
1.0,1,0.9999405145645142
0.0,1,0.8118353486061096
0.0,0,0.00025160121731460094
0.0,1,0.4242382049560547
0.0,0,0.0779639407992363
0.0,0,0.16380007565021515
0.0,0,0.0014455622294917703
0.0,0,0.0009704613476060331
1.0,1,0.4257156550884247
0.0,0,0.0017737805610522628
1.0,1,0.9983298182487488
1.0,1,0.5775560736656189
1.0,1,0.9991328120231628
0.0,0,0.0008372450829483569
0.0,0,0.0037428042851388454
1.0,1,0.9999109506607056
1.0,1,0.9975736737251282
1.0,1,0.6288865208625793
0.0,0,0.01175601314753294
1.0,1,0.9999098777770996
0.0,0,4.729449938167818e-05
0.0,1,0.5503810048103333
0.0,1,0.9542912244796753
0.0,0,8.820537914289162e-05
0.0,0,0.015112371183931828
0.0,0,0.07853537797927856
0.0,0,0.0005791470757685602
0.0,0,0.001585605787113309
0.0,0,0.19577808678150177
0.0,0,0.0016544705722481012
1.0,1,0.8974273800849915
1.0,1,0.6365498304367065
1.0,1,0.7909896373748779
1.0,1,0.9357442855834961
1.0,1,0.9717147946357727
0.0,0,0.005103135947138071
0.0,0,1.4558479051629547e-05
1.0,1,0.9514456391334534
1.0,1,0.9999476671218872
0.0,0,0.13284088671207428
0.0,0,0.00019866647198796272
0.0,0,9.820900595514104e-05
1.0,1,0.9948975443840027
0.0,0,0.0021342013496905565
1.0,1,0.993540346622467
0.0,0,0.008656862191855907
1.0,0,0.0002863824483938515
1.0,1,0.9971473813056946
1.0,0,0.004191814921796322
0.0,0,0.00870886817574501
0.0,0,0.04461118206381798
0.0,0,0.12774868309497833
1.0,1,0.9995414018630981
1.0,1,0.9891563653945923
1.0,1,0.8994670510292053
0.0,0,0.006342175416648388
0.0,0,0.010303125716745853
0.0,0,0.12275572866201401
0.0,0,0.05333732068538666
1.0,0,0.027333814650774002
0.0,0,0.03676765784621239
0.0,1,0.9855243563652039
1.0,1,0.9999352693557739
1.0,1,0.9812740683555603
0.0,0,0.1341170370578766
0.0,0,0.0008693889831192791
0.0,0,0.00010029088298324496
0.0,0,0.0006593861617147923
1.0,1,0.9884722828865051
1.0,1,0.9986868500709534
0.0,0,0.0001288502535317093
0.0,0,0.08852171897888184
0.0,0,0.011596989817917347
0.0,0,0.06642904132604599
1.0,1,0.60347580909729
1.0,1,0.9205091595649719
0.0,1,0.9984571933746338
1.0,0,0.15989403426647186
1.0,1,0.9974283576011658
0.0,0,0.0019237478263676167
0.0,0,0.0033542898017913103
0.0,0,0.020526187494397163
0.0,0,0.0038186621386557817
0.0,0,0.000179798633325845
1.0,1,0.9999136924743652
0.0,0,0.036310214549303055
0.0,0,0.002716299844905734
1.0,1,0.9713281989097595
0.0,1,0.9437246322631836
0.0,0,0.013723520562052727
1.0,1,0.9994971752166748
0.0,1,0.42101576924324036
0.0,0,0.000365006533684209
0.0,0,0.06501885503530502
0.0,0,0.004949256312102079
1.0,1,0.9996132254600525
0.0,0,0.001529894070699811
1.0,1,0.9270142912864685
0.0,0,0.00023860970395617187
0.0,0,0.0006632293807342649
0.0,0,0.000988699495792389
0.0,0,0.0010409490205347538
0.0,0,0.00023663413594476879
1.0,1,0.9520149230957031
1.0,0,0.015976158902049065
0.0,0,0.00022097562032286078
1.0,1,0.9999234676361084
0.0,0,9.413036605110392e-05
1.0,1,0.9997052550315857
1.0,1,0.9859632849693298
1.0,1,0.99935382604599
0.0,0,0.027518190443515778
1.0,0,0.026122048497200012
0.0,0,0.0012251174775883555
0.0,0,0.002782021649181843
0.0,0,0.00017649201618041843
0.0,0,0.00020094380306545645
1.0,1,0.998594343662262
1.0,1,0.9998489618301392
1.0,1,0.9980928301811218
0.0,1,0.9933462142944336
0.0,0,0.006553920917212963
0.0,0,0.04162945598363876
0.0,0,0.0010993812466040254
1.0,1,0.9614244103431702
1.0,1,0.9332709312438965
0.0,0,0.002171684056520462
0.0,0,0.05065246298909187
0.0,1,0.6703886389732361
1.0,1,0.9732105731964111
1.0,1,0.6838032007217407
0.0,0,0.0004133517504669726
1.0,1,0.9913682341575623
0.0,0,0.01269436813890934
0.0,0,0.001341877388767898
0.0,0,0.0025701592676341534
0.0,0,0.13119027018547058
0.0,0,0.18242883682250977
1.0,1,0.9991474151611328
0.0,0,0.030461875721812248
0.0,0,8.385079127037898e-05
0.0,0,0.000237706903135404
0.0,0,0.029224030673503876
0.0,0,0.004127661697566509
1.0,1,0.9981449842453003
0.0,1,0.9836994409561157
0.0,0,0.09543898701667786
0.0,0,0.00695841247215867
0.0,0,0.005434886086732149
0.0,0,5.077368768979795e-05
0.0,0,0.2543763220310211
0.0,0,0.1967747062444687
0.0,0,0.0007076837937347591
1.0,0,0.35731273889541626
0.0,1,0.40087923407554626
1.0,1,0.8899474143981934
0.0,0,0.00010008356912294403
0.0,0,0.0002613911055959761
0.0,0,0.08798044919967651
1.0,1,0.5151183605194092
0.0,0,0.0011713632848113775
0.0,0,0.0008461769903078675
0.0,0,0.011859998106956482
0.0,0,0.01592107303440571
1.0,1,0.9888566136360168
1.0,1,0.8872204422950745
0.0,0,0.3535543382167816
0.0,1,0.8046818375587463
1.0,0,0.36958420276641846
0.0,0,0.30261099338531494
1.0,0,0.10079094767570496
0.0,0,0.023922421038150787
0.0,0,0.0005200503510423005
0.0,0,0.012592422775924206
0.0,1,0.9769583344459534
1.0,1,0.4602237045764923
1.0,1,0.7263471484184265
0.0,0,0.003241070546209812
1.0,1,0.9955800175666809
0.0,0,0.02789042517542839
1.0,0,0.12754590809345245
0.0,0,0.0008263710187748075
1.0,1,0.999427855014801
1.0,1,0.9625340104103088
1.0,1,0.9827401638031006
0.0,0,0.0025627436116337776
1.0,1,0.9966855645179749
0.0,0,0.005596216302365065
0.0,0,0.00010566870332695544
1.0,1,0.9741901159286499
0.0,0,0.0005505479057319462
1.0,1,0.9887382984161377
1.0,1,0.9998363256454468
1.0,1,0.9055517911911011
0.0,1,0.9612455368041992
1.0,1,0.9982062578201294
1.0,1,0.9792272448539734
0.0,0,0.004011422861367464
0.0,0,0.12778812646865845
0.0,0,0.006758080795407295
0.0,0,0.000139645257149823
0.0,0,0.0029896250925958157
0.0,1,0.9147555828094482
0.0,0,0.006762063596397638
1.0,1,0.9304872751235962
0.0,0,0.015220637433230877
1.0,0,0.2638493478298187
1.0,1,0.9997730851173401
1.0,1,0.9999676942825317
0.0,0,0.13303926587104797
1.0,1,0.938085675239563
1.0,1,0.9978289008140564
0.0,0,0.0002956438111141324
1.0,1,0.9972348809242249
0.0,0,0.004038401413708925
0.0,0,0.001416709623299539
0.0,0,5.288364627631381e-05
0.0,0,0.0025310965720564127
1.0,1,0.5552111864089966
0.0,0,0.03456319868564606
0.0,0,0.011738646775484085
0.0,1,0.9914277791976929
0.0,0,0.0026727986987680197
1.0,1,0.8679827451705933
0.0,1,0.8257891535758972
1.0,1,0.9930282235145569
0.0,0,0.004815035033971071
0.0,0,0.00031713093630969524
1.0,1,0.9999183416366577
1.0,1,0.8814789652824402
0.0,0,0.0009254019823856652
0.0,0,0.0008132790680974722
0.0,0,0.04171549528837204
0.0,0,0.0007618719828315079
0.0,0,0.3041057586669922
1.0,1,0.99207603931427
0.0,0,0.014723612926900387
0.0,0,0.08433201909065247
1.0,1,0.9425559043884277
1.0,1,0.9998084902763367
0.0,0,0.014790672808885574
0.0,0,0.0024617162998765707
1.0,1,0.9983029365539551
1.0,1,0.9640710949897766
0.0,0,7.99030894995667e-05
1.0,1,0.9999508857727051
0.0,0,0.000779021589551121
1.0,1,0.9992052912712097
0.0,0,0.005614102352410555
0.0,0,0.0005539511912502348
1.0,1,0.985975444316864
0.0,0,0.00034843781031668186
0.0,0,0.016686949878931046
0.0,1,0.8571038842201233
0.0,0,5.9913516452070326e-05
0.0,0,0.07935041934251785
0.0,0,0.0012949710944667459
1.0,1,0.9999377727508545
0.0,0,0.008597398176789284
1.0,1,0.9771485328674316
0.0,0,0.009027041494846344
0.0,0,0.005108802113682032
1.0,1,0.9989782571792603
0.0,0,0.002881242660805583
0.0,0,0.0003452193341217935
1.0,1,0.9998886585235596
1.0,1,0.9988572597503662
1.0,0,0.1752179116010666
0.0,0,0.008532789535820484
1.0,1,0.9861388802528381
0.0,0,0.002690265653654933
1.0,1,0.9999721050262451
0.0,0,0.23991107940673828
0.0,1,0.5689000487327576
1.0,0,0.07445564866065979
0.0,0,0.031639352440834045
0.0,0,0.10891817510128021
0.0,0,0.015133187174797058
0.0,1,0.9312614798545837
1.0,0,0.007224017754197121
1.0,0,0.021567635238170624
1.0,1,0.967945396900177
0.0,0,0.0013809732627123594
0.0,0,2.3979653633432463e-05
1.0,1,0.995682954788208
0.0,0,0.01272082794457674
0.0,0,6.673764437437057e-05
1.0,1,0.89227694272995
0.0,0,0.04354403540492058
0.0,0,0.002130016451701522
0.0,0,0.0032306737266480923
1.0,1,0.9897531270980835
1.0,1,0.5404943227767944
0.0,0,0.002682090038433671
0.0,0,0.002752175321802497
0.0,0,0.004684062674641609
0.0,0,0.06732503324747086
1.0,1,0.96466463804245
0.0,0,0.00012324370618443936
1.0,1,0.9849550724029541
0.0,0,0.0049432809464633465
0.0,0,0.0030134750995785
0.0,0,0.21187475323677063
0.0,0,0.0006029831129126251
1.0,1,0.9833627939224243
1.0,1,0.9984936714172363
1.0,0,0.1735132485628128
1.0,1,0.9700782299041748
1.0,1,0.9813949465751648
0.0,0,0.0015688281273469329
1.0,1,0.9992446899414062
1.0,1,0.8451436161994934
0.0,0,0.01141234952956438
0.0,0,0.35145971179008484
1.0,1,0.874198317527771
0.0,0,0.35396134853363037
1.0,1,0.999393105506897
1.0,1,0.9921141862869263
0.0,0,0.3860120177268982
1.0,1,0.9972409009933472
1.0,1,0.9986760020256042
1.0,1,0.6548354029655457
1.0,1,0.9951411485671997
0.0,0,0.0029979085084050894
0.0,0,0.0037765128072351217
1.0,1,0.9882045984268188
0.0,0,0.0011631054803729057
0.0,0,0.11451330780982971
1.0,1,0.999776303768158
0.0,0,0.015666184946894646
1.0,1,0.9701370000839233
1.0,0,0.3747580945491791
1.0,1,0.9737159609794617
0.0,0,0.06636285036802292
1.0,1,0.9615181088447571
0.0,1,0.5100058317184448
1.0,1,0.999403715133667
1.0,1,0.8631370663642883
0.0,1,0.9955283999443054
0.0,0,0.0029756096191704273
1.0,1,0.9993684887886047
1.0,1,0.8442343473434448
1.0,0,0.012669917196035385
0.0,0,0.0002955054515041411
1.0,0,0.08672923594713211
0.0,0,0.003769084345549345
1.0,1,0.9804266691207886
1.0,1,0.9945065379142761
1.0,1,0.9995169639587402
0.0,0,4.410314068081789e-05
1.0,1,0.8759042024612427
1.0,1,0.9996731281280518
1.0,1,0.9979977011680603
0.0,0,0.003611348569393158
1.0,1,0.9999300241470337
0.0,0,0.008970926515758038
1.0,1,0.9918316006660461
0.0,0,0.0012080433079972863
0.0,1,0.8338614702224731
1.0,1,0.9481029510498047
0.0,0,0.29450225830078125
1.0,1,0.9213706254959106
0.0,0,0.00656955037266016
0.0,0,0.0003138638276141137
1.0,1,0.9979277849197388
1.0,1,0.7558858394622803
0.0,1,0.5160672664642334
1.0,1,0.9991503953933716
0.0,0,0.0004503945237956941
0.0,0,0.10757109522819519
0.0,0,0.0005353098968043923
0.0,0,0.0005671816179528832
0.0,0,0.24663303792476654
0.0,0,0.18649835884571075
1.0,1,0.992771565914154
1.0,1,0.9525595307350159
1.0,1,0.9210371375083923
0.0,0,0.01987854763865471
1.0,1,0.998773992061615
1.0,1,0.9997088313102722
1.0,1,0.9862615466117859
0.0,1,0.44762590527534485
0.0,0,0.02367059886455536
1.0,1,0.9985684156417847
1.0,1,0.9996912479400635
0.0,0,0.0025024893693625927
1.0,1,0.9980074763298035
0.0,0,0.00771656958386302
0.0,0,0.00010780872980831191
1.0,0,0.2011597901582718
1.0,1,0.9979382157325745
0.0,0,0.0006239842041395605
0.0,0,0.02311210334300995
1.0,1,0.9792969822883606
0.0,0,0.09490440040826797
1.0,1,0.9762671589851379
1.0,1,0.8565983176231384
1.0,1,0.9786892533302307
0.0,0,0.0006266177515499294
1.0,1,0.8623894453048706
1.0,0,0.07878577709197998
1.0,1,0.9966101050376892
0.0,0,0.0037471468094736338
0.0,0,0.0002435280184727162
0.0,0,0.00016371568199247122
0.0,0,0.015696031972765923
1.0,1,0.6195273399353027
0.0,0,0.006197176408022642
0.0,0,0.00043112985440529883
0.0,0,0.0155232734978199
1.0,1,0.8496201634407043
0.0,0,0.0003509634989313781
0.0,0,0.00013969627616461366
0.0,0,0.0012885426403954625
1.0,1,0.9999977350234985
0.0,0,0.07396964728832245
1.0,1,0.9972932934761047
0.0,0,0.000323549349559471
0.0,0,0.0046902913600206375
1.0,1,0.9640507698059082
0.0,0,8.229257218772545e-06
1.0,1,0.9972468614578247
0.0,0,0.06730490177869797
0.0,0,0.0012159813195466995
0.0,0,0.0004885551752522588
0.0,1,0.4375532567501068
0.0,0,0.0019812879618257284
0.0,0,0.28967517614364624
0.0,0,0.05945829302072525
0.0,0,0.017113937065005302
0.0,0,0.0020462232641875744
1.0,0,0.3697020709514618
0.0,1,0.8921307325363159
0.0,0,0.010069922544062138
1.0,1,0.9722137451171875
1.0,1,0.9987630844116211
0.0,0,0.014532464556396008
0.0,0,0.22139757871627808
0.0,1,0.7606233954429626
1.0,1,0.9999891519546509
0.0,0,0.007677555549889803
1.0,1,0.9991900324821472
0.0,0,4.923452252114657e-06
0.0,0,0.006595417391508818
0.0,0,0.0032131976913660765
0.0,0,0.0013157505309209228
1.0,0,0.388645738363266
1.0,1,0.9765430092811584
1.0,1,0.9998313188552856
0.0,0,0.000750527426134795
1.0,1,0.9937259554862976
0.0,0,0.005917149595916271
0.0,1,0.41667690873146057
1.0,1,0.7073947787284851
0.0,0,2.8083401048206724e-05
1.0,1,0.7587502598762512
0.0,0,0.001510696834884584
1.0,1,0.7545344233512878
1.0,1,0.9539207220077515
0.0,0,0.0006813041982240975
0.0,0,0.00733008561655879
1.0,1,0.40176448225975037
1.0,0,0.040202509611845016
0.0,0,0.022965695708990097
0.0,0,0.007556293625384569
0.0,0,0.007814177311956882
0.0,0,0.00926897581666708
0.0,0,0.003618015442043543
0.0,0,6.308645970420912e-05
1.0,1,0.9895145893096924
0.0,0,0.008303318172693253
0.0,0,0.0008379382197745144
0.0,0,0.3357450067996979
0.0,0,0.0003536170406732708
0.0,0,4.314320904086344e-05
1.0,1,0.9737687706947327
0.0,0,0.0006287827854976058
0.0,0,0.0008322138455696404
1.0,1,0.8898398280143738
0.0,0,0.010294469073414803
0.0,0,0.0627618134021759
1.0,1,0.646148681640625
1.0,1,0.9902589321136475
1.0,1,0.9800271391868591
0.0,0,0.00014760787598788738
0.0,0,0.0041055092588067055
1.0,1,0.5846077799797058
0.0,0,0.020133325830101967
1.0,1,0.9837543368339539
0.0,0,0.001351734739728272
1.0,1,0.9931023120880127
1.0,1,0.9763998985290527
1.0,1,0.9833102822303772
0.0,0,0.000520740810316056
1.0,1,0.969720184803009
0.0,0,0.006506251636892557
1.0,1,0.997141420841217
1.0,1,0.9994484782218933
0.0,0,0.00850928295403719
1.0,1,0.9007041454315186
1.0,1,0.6180951595306396
0.0,0,0.014711621217429638
1.0,1,0.9846727252006531
1.0,1,0.9998316764831543
0.0,1,0.47275716066360474
0.0,0,0.20573577284812927
0.0,0,0.010455717332661152
0.0,0,0.002426055260002613
1.0,1,0.9665395021438599
0.0,0,0.06688632816076279
1.0,0,0.38548269867897034
0.0,0,0.0004825083597097546
1.0,1,0.9994350075721741
0.0,0,0.004535703454166651
0.0,0,0.003109521232545376
0.0,0,0.0009579837787896395
1.0,1,0.6100547313690186
0.0,0,0.0008035030914470553
0.0,0,0.0020628818310797215
0.0,0,0.003840482095256448
1.0,1,0.9871063232421875
0.0,1,0.4210531413555145
0.0,0,0.018911533057689667
1.0,1,0.882118284702301
0.0,0,1.8574319256003946e-05
1.0,1,0.8406945466995239
0.0,1,0.9441679120063782
0.0,0,0.09810640662908554
0.0,0,0.062157418578863144
1.0,1,0.6165441870689392
0.0,0,0.09457036852836609
1.0,1,0.9985364675521851
1.0,1,0.9973663687705994
1.0,1,0.9919734001159668
1.0,0,0.14355799555778503
0.0,0,0.0012196493335068226
1.0,1,0.9995641112327576
1.0,1,0.7043508887290955
1.0,1,0.9996480941772461
0.0,0,5.5632037401665e-05
0.0,0,0.13612595200538635
0.0,0,0.014803005382418633
0.0,0,0.030726348981261253
1.0,0,0.13083863258361816
0.0,0,6.029662472428754e-05
0.0,0,0.0005927791935391724
0.0,1,0.9885687828063965
1.0,1,0.9998774528503418
1.0,1,0.9841725826263428
1.0,1,0.9933096170425415
0.0,0,0.004220751579850912
0.0,0,0.0629211887717247
1.0,1,0.9996198415756226
0.0,0,0.015364302322268486
0.0,0,0.01998683251440525
0.0,0,0.001177947036921978
0.0,0,0.010709640569984913
1.0,1,0.9839316606521606
1.0,1,0.8566178679466248
0.0,0,0.0010431967675685883
0.0,0,0.00017664286133367568
1.0,1,0.6727169752120972
0.0,0,4.354748853074852e-06
1.0,1,0.9996436834335327
0.0,0,0.39125320315361023
1.0,1,0.9999783039093018
1.0,1,0.9999881982803345
0.0,0,0.056911878287792206
0.0,0,0.013764052651822567
1.0,0,0.08628468960523605
0.0,0,0.0016337422421202064
1.0,1,0.9966893196105957
1.0,1,0.997579038143158
0.0,1,0.6217289566993713
0.0,0,0.010616378858685493
0.0,0,0.005226746201515198
0.0,0,0.002741487929597497
0.0,0,0.0771678164601326
0.0,0,0.005673355422914028
0.0,0,0.024837547913193703
0.0,1,0.5187044143676758
0.0,0,0.000735859211999923
1.0,1,0.9999678134918213
1.0,1,0.87620609998703
1.0,1,0.9966465830802917
0.0,1,0.7128701210021973
1.0,1,0.9998364448547363
0.0,0,0.01485551055520773
1.0,1,0.9689046740531921
0.0,0,0.009881270118057728
1.0,0,0.09441124647855759
0.0,0,0.0022116443142294884
0.0,0,0.00047167768934741616
0.0,1,0.5669146776199341
0.0,0,0.058266352862119675
1.0,0,0.23694565892219543
1.0,1,0.8413151502609253
1.0,1,0.9999111890792847
0.0,0,0.3940311372280121
1.0,1,0.9565584063529968
0.0,0,0.006498618517071009
0.0,0,0.005586310755461454
1.0,1,0.9976649284362793
0.0,0,0.0002350876311538741
0.0,0,0.0022290258202701807
0.0,0,0.005370020400732756
0.0,0,0.01553153246641159
1.0,0,0.14934802055358887
1.0,1,0.7285847067832947
1.0,1,0.9902074933052063
1.0,1,0.9841788411140442
1.0,1,0.9797446727752686
1.0,1,0.6563858389854431
0.0,0,0.005974575877189636
0.0,0,0.02246665395796299
0.0,1,0.9965735673904419
0.0,0,0.0015520959859713912
0.0,1,0.4670443534851074
1.0,1,0.9552876353263855
1.0,1,0.8698292374610901
1.0,1,0.9999167919158936
0.0,1,0.7350197434425354
0.0,0,0.06476296484470367
0.0,0,0.011385987512767315
1.0,1,0.9907612204551697
1.0,1,0.9831438660621643
1.0,1,0.9824665784835815
0.0,0,0.006624257657676935
0.0,0,4.95117565151304e-05
0.0,0,2.2300326236290857e-05
1.0,1,0.8511180877685547
1.0,1,0.7625328898429871
0.0,1,0.9421783685684204
0.0,0,0.034313905984163284
0.0,0,0.009374430403113365
0.0,0,0.00039683328941464424
1.0,1,0.5675133466720581
0.0,0,0.001426641014404595
0.0,0,0.01572122983634472
1.0,1,0.9969485402107239
1.0,1,0.9156631231307983
0.0,1,0.9889398217201233
1.0,1,0.9975294470787048
0.0,0,0.0033373080659657717
0.0,0,0.0003176183963660151
1.0,1,0.999977707862854
1.0,1,0.9292064309120178
1.0,1,0.9784769415855408
0.0,0,0.02086954563856125
0.0,1,0.5307362079620361
1.0,1,0.9939927458763123
0.0,0,0.00023353408323600888
1.0,1,0.9996116757392883
0.0,0,0.0008248172816820443
0.0,0,0.35959890484809875
0.0,0,0.0009739000233821571
1.0,1,0.7880897521972656
1.0,0,0.07287011295557022
0.0,0,0.04905350133776665
0.0,0,0.005805922206491232
0.0,0,0.021998057141900063
0.0,0,0.0008428691071458161
0.0,1,0.5233852863311768
0.0,0,1.803516352083534e-05
0.0,0,0.007066655438393354
0.0,0,0.000593042466789484
0.0,0,0.09866194427013397
0.0,0,0.002181067829951644
0.0,0,0.0019774616230279207
0.0,0,0.002597644692286849
0.0,0,0.013618914410471916
0.0,0,0.055759891867637634
0.0,0,0.023399222642183304
0.0,1,0.8388671875
1.0,1,0.9684611558914185
0.0,0,0.0002464829885866493
0.0,0,5.265573781798594e-05
1.0,1,0.7605486512184143
0.0,0,0.0065996996127069
0.0,0,0.157453715801239
1.0,1,0.9745547771453857
0.0,0,0.00021126179490238428
1.0,1,0.9865356087684631
0.0,1,0.8684235215187073
1.0,1,0.8318904638290405
1.0,0,0.28006356954574585
0.0,0,0.0108967749401927
0.0,0,0.1373756229877472
0.0,0,0.10130695253610611
0.0,0,0.00013333237438928336
0.0,0,0.06117880716919899
0.0,0,0.05410303920507431
0.0,0,0.0042760539799928665
0.0,1,0.8486205339431763
0.0,0,0.005298179108649492
0.0,0,0.010806320235133171
0.0,0,0.0010411553084850311
1.0,1,0.47202417254447937
0.0,1,0.7441356778144836
0.0,0,0.004974985029548407
1.0,1,0.9998089671134949
1.0,1,0.9694364070892334
1.0,1,0.9958637952804565
0.0,0,1.658003566262778e-05
0.0,0,0.0030829256866127253
0.0,0,0.00081346690421924
0.0,0,0.009077583439648151
1.0,1,0.9354216456413269
0.0,0,0.00010163139086216688
0.0,0,0.007532936055213213
1.0,1,0.9999496936798096
0.0,0,0.0013634214410558343
0.0,0,5.853173206560314e-05
0.0,0,0.0005249669775366783
0.0,0,0.0010117857018485665
1.0,1,0.9908197522163391
0.0,1,0.9259044528007507
1.0,0,0.16392627358436584
0.0,0,0.00841803103685379
1.0,1,0.6615939736366272
0.0,1,0.968643307685852
1.0,0,0.07700145989656448
1.0,1,0.9999301433563232
1.0,1,0.9812823534011841
1.0,0,0.2681502401828766
0.0,0,0.013619503006339073
1.0,1,0.9968360662460327
1.0,1,0.9785270690917969
0.0,1,0.47775185108184814
0.0,0,0.16204214096069336
0.0,0,0.0004109652654733509
0.0,1,0.489064484834671
0.0,0,0.024874327704310417
1.0,0,0.12107349187135696
0.0,0,0.002294204430654645
1.0,1,0.8806875348091125
1.0,1,0.9783675074577332
0.0,0,0.00018331657338421792
0.0,0,0.00563356326892972
0.0,0,0.0014592515071853995
0.0,0,0.03047051839530468
0.0,0,0.0006518395384773612
0.0,0,0.28535735607147217
0.0,1,0.8226681351661682
1.0,1,0.9825703501701355
0.0,0,0.00133570097386837
1.0,1,0.6078904867172241
1.0,0,0.017619801685214043
1.0,0,0.1088995486497879
0.0,0,0.014864787459373474
1.0,1,0.9982903599739075
1.0,1,0.9849448800086975
0.0,0,0.0012085866183042526
1.0,1,0.9955564141273499
0.0,0,0.0787070170044899
0.0,0,0.0009325679857283831
0.0,1,0.608351469039917
0.0,0,3.804335847235052e-06
1.0,1,0.988071084022522
1.0,1,0.8942623138427734
0.0,1,0.5532471537590027
0.0,0,0.0012708669528365135
0.0,0,0.00010348123760195449
1.0,1,0.9810011982917786
1.0,1,0.9987169504165649
1.0,1,0.9655999541282654
1.0,1,0.9708077311515808
0.0,0,0.002364157233387232
0.0,0,0.002244046423584223
0.0,0,0.24881769716739655
0.0,0,0.030104832723736763
1.0,1,0.9827075600624084
0.0,1,0.8220419883728027
0.0,0,0.0040069161914289
1.0,1,0.8852242231369019
1.0,1,0.7876611948013306
0.0,0,0.00014643854228779674
1.0,1,0.9898035526275635
0.0,0,0.003982387017458677
0.0,1,0.953179657459259
1.0,1,0.995944082736969
0.0,0,0.06290161609649658
0.0,0,0.0007754235411994159
1.0,1,0.9889996647834778
0.0,0,0.0007465275120921433
0.0,0,0.0006926892092451453
1.0,0,0.07664893567562103
0.0,0,0.0014804311795160174
0.0,0,0.3388560116291046
0.0,0,0.0010068411938846111
1.0,1,0.8845213055610657
0.0,1,0.9076125621795654
1.0,1,0.999619722366333
1.0,1,0.9998294115066528
0.0,0,0.01786763034760952
1.0,1,0.9956721067428589
1.0,1,0.9204588532447815
1.0,1,0.999165415763855
0.0,0,0.0003196972538717091
0.0,0,0.0026890761218965054
0.0,0,0.012140088714659214
0.0,0,0.03525715693831444
0.0,0,2.1739215299021453e-05
0.0,0,0.03856361657381058
0.0,0,0.2543056905269623
1.0,1,0.5310753583908081
1.0,1,0.9992192983627319
0.0,0,0.012528604827821255
0.0,0,0.012799203395843506
1.0,1,0.994025468826294
0.0,0,0.0003737867227755487
0.0,0,0.015537374652922153
0.0,0,0.00044502640957944095
0.0,0,0.03727751970291138
1.0,1,0.8310543894767761
0.0,0,0.03229768946766853
1.0,1,0.9992961883544922
0.0,0,0.0020095224026590586
0.0,0,0.030304256826639175
1.0,1,0.9990191459655762
1.0,1,0.706778347492218
1.0,1,0.9472488760948181
0.0,0,0.010265734046697617
1.0,1,0.8870434761047363
0.0,0,0.00014294956054072827
1.0,1,0.9744881987571716
0.0,0,0.0028214009944349527
0.0,0,0.013179996982216835
1.0,1,0.963431179523468
0.0,1,0.4912421405315399
1.0,1,0.9866750836372375
1.0,1,0.9942896366119385
0.0,1,0.8407129049301147
1.0,0,0.021061262115836143
0.0,0,0.0930042713880539
0.0,0,0.000501721806358546
0.0,0,0.3984578847885132
0.0,0,0.05464192479848862
1.0,1,0.9999361038208008
1.0,1,0.998945415019989
0.0,0,0.004883616231381893
0.0,0,0.17348457872867584
0.0,0,0.3064504861831665
1.0,1,0.5689521431922913
0.0,0,0.004466789308935404
1.0,1,0.9999270439147949
1.0,1,0.5195427536964417
0.0,0,0.03449526056647301
1.0,1,0.9854975342750549
1.0,1,0.9917927384376526
1.0,1,0.814623236656189
0.0,0,0.024936014786362648
1.0,1,0.8600124716758728
1.0,1,0.9994601607322693
0.0,0,0.0035541937686502934
0.0,0,0.020535632967948914
1.0,1,0.9623122811317444
1.0,0,0.009703737683594227
1.0,1,0.9878553748130798
0.0,0,0.00039999402360990644
0.0,0,0.0011686327634379268
1.0,0,0.1679115891456604
1.0,1,0.8695599436759949
1.0,1,0.9318865537643433
0.0,0,0.2479747235774994
0.0,0,0.009064399637281895
1.0,1,0.9999517202377319
0.0,0,6.8847480179101694e-06
1.0,1,0.9094357490539551
1.0,1,0.9986869692802429
1.0,1,0.9957436919212341
1.0,1,0.9651628732681274
1.0,1,0.9967362284660339
0.0,0,0.0009836414828896523
1.0,1,0.999921441078186
1.0,1,0.9327660799026489
0.0,0,0.0752483382821083
0.0,0,0.023836031556129456
0.0,0,0.03805782273411751
0.0,0,0.00012102792970836163
0.0,0,0.08555034548044205
0.0,1,0.5951980352401733
0.0,0,0.0015014924574643373
1.0,1,0.44071996212005615
0.0,0,0.0003187833062838763
1.0,0,0.34319475293159485
0.0,0,0.010873185470700264
1.0,1,0.9945321083068848
0.0,0,0.014962427318096161
1.0,1,0.8318932056427002
1.0,0,0.3659190535545349
1.0,0,0.14191856980323792
0.0,0,0.002059746067970991
0.0,1,0.4915112555027008
0.0,0,0.02706134133040905
1.0,1,0.9991014003753662
1.0,0,0.14255677163600922
0.0,0,0.0005750859272666276
0.0,0,0.03503693640232086
1.0,1,0.9902880191802979
1.0,1,0.9495036005973816
1.0,1,0.9607757329940796
0.0,0,0.0009038359276019037
0.0,0,0.09968654811382294
0.0,0,0.0015380517579615116
1.0,1,0.9980068802833557
0.0,1,0.6073106527328491
1.0,1,0.9980407357215881
0.0,0,0.0004357024154160172
1.0,1,0.9970417618751526
1.0,1,0.8863956332206726
0.0,0,0.01667909510433674
1.0,1,0.9999420642852783
0.0,0,0.035992108285427094
0.0,0,0.0005845187115482986
1.0,0,0.20222780108451843
1.0,1,0.6699537634849548
1.0,1,0.9999524354934692
0.0,0,0.0008525653975084424
1.0,1,0.9991884827613831
0.0,0,0.031954459846019745
1.0,1,0.8209884762763977
1.0,1,0.5328896641731262
1.0,1,0.8975404500961304
0.0,0,0.0005170412478037179
1.0,1,0.6367170214653015
0.0,0,0.0009973410051316023
0.0,0,0.017908109351992607
1.0,1,0.99652099609375
0.0,1,0.9422110915184021
1.0,1,0.9992563128471375
0.0,0,0.019704243168234825
0.0,0,0.004382752347737551
0.0,0,0.0007352682878263295
1.0,1,0.9995613694190979
0.0,0,0.00400013942271471
1.0,1,0.998788058757782
0.0,0,0.013181387446820736
0.0,0,0.0005339938215911388
1.0,1,0.9998464584350586
1.0,1,0.9999580383300781
1.0,0,0.21838392317295074
1.0,1,0.9222106337547302
0.0,0,0.008305741474032402
0.0,0,0.00020480547391343862
0.0,0,0.00021723350801039487
0.0,0,0.0038632904179394245
0.0,0,0.003316001035273075
0.0,0,0.0045365234836936
0.0,1,0.5684510469436646
0.0,0,0.048347532749176025
0.0,0,0.010302809067070484
1.0,1,0.999711811542511
0.0,0,0.13202588260173798
0.0,1,0.6934893727302551
0.0,1,0.46044600009918213
0.0,0,0.0004342714382801205
0.0,0,0.04883440583944321
1.0,1,0.9756875038146973
0.0,0,0.0005309638218022883
1.0,1,0.9970158338546753
0.0,0,0.0010181565303355455
0.0,0,0.03949389234185219
1.0,1,0.7270841002464294
1.0,1,0.9994871616363525
1.0,1,0.9929056167602539
1.0,1,0.9853965640068054
1.0,1,0.8956983089447021
0.0,0,0.0018471068469807506
0.0,0,0.0037192185409367085
0.0,0,7.495443423977122e-05
0.0,0,0.000367949454812333
1.0,1,0.9319597482681274
0.0,0,0.0001637609675526619
0.0,0,0.06767013669013977
0.0,0,0.1296698898077011
0.0,0,0.03925812244415283
0.0,1,0.5522223114967346
1.0,1,0.931187093257904
1.0,1,0.9925682544708252
1.0,1,0.9985425472259521
0.0,0,0.005693830084055662
1.0,1,0.9998610019683838
1.0,1,0.9241467118263245
0.0,0,0.03977715224027634
1.0,1,0.962835967540741
1.0,1,0.9976600408554077
1.0,1,0.987396776676178
0.0,1,0.7360648512840271
0.0,0,0.002964564599096775
1.0,1,0.9987258315086365
0.0,1,0.9886444807052612
0.0,1,0.5955146551132202
0.0,0,0.013181162998080254
0.0,0,0.06725500524044037
1.0,0,0.20230039954185486
1.0,1,0.9998917579650879
1.0,1,0.997346043586731
0.0,0,0.016898000612854958
0.0,0,0.019290806725621223
0.0,0,0.019945507869124413
1.0,1,0.9997910857200623
0.0,1,0.48612484335899353
0.0,0,0.2096494734287262
0.0,0,0.2247355580329895
0.0,0,0.00012996041914448142
0.0,1,0.444883793592453
1.0,1,0.9943909049034119
1.0,0,0.05214710161089897
1.0,1,0.6813216805458069
0.0,0,7.043565710773692e-05
0.0,0,0.00021167878003325313
1.0,1,0.9881162643432617
0.0,0,0.018429791554808617
0.0,0,0.0013756656553596258
1.0,0,0.0023457398638129234
0.0,0,4.1498478822177276e-05
1.0,1,0.9987938404083252
0.0,1,0.7241523265838623
0.0,1,0.6319965720176697
0.0,0,0.00020028885046485811
0.0,1,0.9944847226142883
0.0,0,0.06406334042549133
0.0,0,0.04204723984003067
1.0,1,0.9983590245246887
0.0,0,0.004496629349887371
1.0,0,0.23372168838977814
0.0,1,0.4719076156616211
0.0,0,0.0025136000476777554
0.0,0,0.01073392666876316
1.0,1,0.7364577651023865
0.0,0,0.2570819854736328
0.0,0,0.001027689897455275
0.0,0,0.0005760788917541504
1.0,1,0.5991635322570801
0.0,0,0.0003194160817656666
0.0,0,0.01589886285364628
0.0,0,0.04360061511397362
1.0,1,0.9998728036880493
1.0,1,0.9922164678573608
0.0,0,0.034073688089847565
0.0,0,9.368531027575955e-05
0.0,0,0.0028488081879913807
0.0,1,0.9843173027038574
0.0,0,0.0006619752966798842
0.0,0,0.00020616321125999093
0.0,0,0.11828285455703735
1.0,0,0.2899639308452606
0.0,0,0.013845334760844707
1.0,1,0.9953873753547668
0.0,0,0.0010617494117468596
1.0,1,0.9984299540519714
0.0,0,0.00012531958054751158
0.0,0,0.0002554339589551091
1.0,1,0.68362957239151
1.0,1,0.9573708772659302
0.0,1,0.834534227848053
1.0,1,0.9952025413513184
1.0,1,0.9997498393058777
0.0,0,0.002091757021844387
0.0,0,0.008839171379804611
0.0,0,0.0025169909931719303
1.0,1,0.9671357870101929
1.0,0,0.1502142697572708
1.0,1,0.9997759461402893
1.0,0,0.1679331660270691
0.0,0,0.016621509566903114
0.0,0,0.00017777022731024772
0.0,0,0.0006967693334445357
1.0,1,0.9999730587005615
0.0,0,5.9247737226542085e-05
0.0,0,0.00016515911556780338
0.0,0,0.06531054526567459
1.0,1,0.9999138116836548
0.0,0,0.00025691677001304924
1.0,1,0.988321840763092
0.0,0,0.0032331745605915785
1.0,1,0.5285120606422424
0.0,0,0.0005500123952515423
1.0,1,0.9961451292037964
1.0,1,0.9941301941871643
0.0,0,0.005520247388631105
0.0,0,0.0042879655957221985
1.0,1,0.9998854398727417
1.0,1,0.9998482465744019
0.0,0,0.0002988668857142329
0.0,0,0.0005226927460171282
0.0,0,0.005442546680569649
0.0,1,0.9577494859695435
1.0,1,0.9997982382774353
1.0,1,0.852387011051178
1.0,1,0.9960480332374573
1.0,1,0.9981439113616943
0.0,0,0.009415417909622192
1.0,1,0.9570050835609436
0.0,0,0.009935451671481133
0.0,0,0.057703886181116104
0.0,0,0.008225137367844582
1.0,1,0.9994823932647705
0.0,1,0.8088314533233643
1.0,1,0.7641777992248535
1.0,1,0.9976359605789185
0.0,0,0.029554985463619232
0.0,0,0.0014639998553320765
1.0,1,0.9985612034797668
0.0,0,0.0015739287482574582
1.0,1,0.9984728693962097
0.0,0,0.050187353044748306
1.0,1,0.7859318852424622
0.0,1,0.9436094760894775
1.0,1,0.9842387437820435
1.0,1,0.58677738904953
0.0,0,0.016572384163737297
0.0,0,0.016275184229016304
0.0,0,0.0009603359503671527
0.0,0,0.16424700617790222
0.0,1,0.9506635665893555
1.0,1,0.9982742071151733
0.0,0,0.005000198259949684
0.0,0,2.637637226143852e-05
1.0,1,0.9967435598373413
0.0,0,0.0025331538636237383
0.0,0,0.00632951594889164
1.0,1,0.9417572021484375
1.0,1,0.9635759592056274
1.0,1,0.9963059425354004
0.0,0,9.900619625113904e-05
0.0,0,0.046030957251787186
1.0,1,0.9655653834342957
0.0,0,0.0040409378707408905
1.0,1,0.9581276774406433
1.0,1,0.9898960590362549
1.0,1,0.9998811483383179
0.0,0,0.00018105018534697592
1.0,1,0.9950876832008362
1.0,1,0.9475206732749939
0.0,0,0.005961760878562927
1.0,1,0.9996719360351562
0.0,0,0.16467447578907013
1.0,1,0.7120078802108765
1.0,1,0.9999748468399048
0.0,0,0.01711857318878174
0.0,0,0.01988881267607212
0.0,1,0.8760908842086792
0.0,0,0.16623042523860931
0.0,0,0.24221788346767426
1.0,1,0.9804301261901855
0.0,1,0.904291033744812
0.0,0,0.0009689346188679338
1.0,0,0.0009626894607208669
1.0,1,0.7954922914505005
0.0,0,0.01582200825214386
0.0,0,0.00014784310769755393
1.0,0,0.2158098816871643
1.0,1,0.9776695370674133
0.0,1,0.6908754706382751
1.0,1,0.9844887256622314
0.0,0,0.0020538109820336103
0.0,0,0.009929553605616093
0.0,1,0.803760290145874
0.0,0,0.006761256605386734
0.0,0,0.12183564156293869
1.0,1,0.9917842149734497
0.0,0,0.2538645267486572
0.0,0,0.001174282981082797
1.0,1,0.9994250535964966
1.0,1,0.9992725253105164
0.0,0,0.00020982566638849676
0.0,0,0.0009110030368901789
0.0,0,0.0034353032242506742
0.0,0,0.0019480313640087843
0.0,0,0.0582871288061142
0.0,0,0.2781004309654236
0.0,1,0.977110743522644
0.0,0,0.0989275872707367
1.0,1,0.8303121328353882
1.0,1,0.9998059868812561
0.0,0,0.0018260508077219129
0.0,0,0.001046092715114355
0.0,0,0.0004981292877346277
0.0,0,0.0034843150060623884
0.0,0,0.18056213855743408
1.0,1,0.970457911491394
0.0,0,0.003954712301492691
1.0,1,0.9920554757118225
0.0,0,0.030556004494428635
0.0,0,6.631652649957687e-05
1.0,1,0.879423201084137
1.0,1,0.9013380408287048
0.0,0,6.886947630846407e-06
0.0,0,0.3321387767791748
0.0,1,0.8900870680809021
0.0,0,0.00011515025107655674
0.0,0,0.002068660920485854
1.0,1,0.9958471655845642
0.0,0,0.0007533517782576382
1.0,1,0.9926549196243286
1.0,1,0.9997552037239075
0.0,0,4.340744999353774e-05
0.0,0,0.10318846255540848
0.0,0,7.097193883964792e-05
1.0,1,0.9918407201766968
1.0,1,0.9970428347587585
1.0,1,0.9995415210723877
0.0,0,0.15754562616348267
0.0,0,0.0002545342140365392
1.0,1,0.9437941908836365
1.0,0,0.0006948250811547041
1.0,1,0.9480372667312622
1.0,1,0.9977341890335083
0.0,0,0.17074111104011536
1.0,0,0.2990627884864807
1.0,1,0.9967679977416992
1.0,1,0.9977332353591919
0.0,0,0.017923109233379364
0.0,0,0.0031214975751936436
1.0,1,0.8736250400543213
0.0,0,0.0047684540040791035
0.0,0,0.001181963481940329
0.0,0,0.02899770997464657
1.0,1,0.7844744324684143
0.0,0,0.001470359624363482
1.0,0,0.03683167323470116
0.0,1,0.43682822585105896
1.0,1,0.9994938373565674
1.0,1,0.9987062215805054
1.0,1,0.9966257810592651
0.0,0,0.22605490684509277
1.0,1,0.9994418025016785
0.0,0,0.03704989701509476
1.0,1,0.9370648264884949
0.0,0,1.385595078318147e-05
1.0,1,0.9995274543762207
0.0,0,0.007653457578271627
1.0,1,0.9989199638366699
1.0,0,0.00015087971405591816
0.0,0,3.133941936539486e-05
0.0,0,0.009205981157720089
1.0,1,0.9993541836738586
1.0,1,0.9989548921585083
0.0,0,0.06333080679178238
0.0,0,0.003415652085095644
0.0,0,0.00024375195789616555
1.0,1,0.9752882122993469
1.0,1,0.9957962036132812
0.0,0,0.006347322370857
0.0,1,0.4656672477722168
0.0,0,0.0358491949737072
1.0,1,0.9865670800209045
0.0,0,0.02472756989300251
1.0,1,0.9651169180870056
0.0,0,0.013664261437952518
1.0,1,0.9987215399742126
0.0,0,0.2714196443557739
1.0,1,0.9897923469543457
1.0,1,0.9993010759353638
0.0,1,0.9926832318305969
1.0,1,0.9987863898277283
1.0,1,0.9999163150787354
1.0,1,0.9973011612892151
1.0,1,0.9993317723274231
1.0,0,0.0036437686067074537
0.0,0,0.00232665310613811
1.0,1,0.9996846914291382
1.0,1,0.9999474287033081
0.0,0,0.249301478266716
1.0,1,0.9553208947181702
0.0,0,0.03731890395283699
0.0,1,0.5033870935440063
1.0,1,0.9996182918548584
1.0,1,0.9767158627510071
0.0,0,0.008030561730265617
0.0,0,8.052228804444894e-05
1.0,1,0.9999974966049194
1.0,1,0.9996125102043152
1.0,1,0.9997963309288025
0.0,0,0.04676467180252075
1.0,1,0.9643848538398743
1.0,1,0.8963544964790344
0.0,0,0.00044813891872763634
1.0,1,0.999868631362915
0.0,0,0.031143400818109512
1.0,1,0.982589602470398
0.0,0,0.0008150059729814529
1.0,0,0.27548283338546753
0.0,0,0.004001496359705925
0.0,0,0.23500213027000427
0.0,0,0.059991784393787384
1.0,1,0.9189777374267578
1.0,1,0.3987356722354889
0.0,0,1.8286460544914007e-05
1.0,1,0.9998898506164551
0.0,0,0.0018156341975554824
1.0,1,0.9944022297859192
1.0,1,0.8574368357658386
1.0,1,0.43558797240257263
1.0,1,0.9983029365539551
0.0,0,0.019151311367750168
1.0,1,0.9845177531242371
1.0,1,0.9877259135246277
0.0,1,0.6560488343238831
1.0,0,0.21909812092781067
0.0,0,0.0002649967500474304
0.0,0,0.22894102334976196
1.0,1,0.9986318945884705
0.0,0,0.16709594428539276
0.0,0,7.161700341384858e-05
1.0,1,0.9992687106132507
1.0,1,0.9822840094566345
0.0,0,0.019565561786293983
0.0,0,0.008888376876711845
1.0,1,0.9778634905815125
0.0,0,0.09506997466087341
1.0,1,0.8869746327400208
1.0,1,0.9850929379463196
0.0,0,0.00018161765183322132
1.0,1,0.8206984400749207
0.0,0,0.3567515015602112
1.0,0,0.3250472843647003
0.0,0,0.0011360726784914732
1.0,1,0.9595732688903809
0.0,1,0.7165734171867371
1.0,1,0.9995926022529602
1.0,1,0.9901242852210999
0.0,0,0.012339754961431026
0.0,0,0.039307087659835815
1.0,1,0.9996188879013062
1.0,1,0.9972944855690002
0.0,1,0.5701670050621033
0.0,0,0.18712623417377472
1.0,1,0.8485710024833679
0.0,1,0.45113325119018555
1.0,0,0.10134772211313248
1.0,1,0.9962992072105408
0.0,0,0.002289698924869299
0.0,0,0.14210769534111023
0.0,0,0.0003883854951709509
1.0,1,0.9369072914123535
0.0,0,0.004356890916824341
0.0,0,0.00172109913546592
1.0,1,0.9819268584251404
0.0,0,6.612594734178856e-05
0.0,0,0.24979905784130096
0.0,0,0.11536826193332672
1.0,1,0.9298747777938843
1.0,1,0.9905241131782532
1.0,1,0.9998624324798584
0.0,0,0.11851698905229568
0.0,0,0.0019433220149949193
1.0,0,0.23900848627090454
0.0,0,0.24017441272735596
0.0,0,0.17263944447040558
0.0,0,0.006680803373456001
1.0,1,0.814171314239502
0.0,0,0.0024641763884574175
0.0,0,3.255468618590385e-05
0.0,1,0.7447522878646851
0.0,0,0.0004432218265719712
1.0,1,0.9982079267501831
0.0,0,0.008379426784813404
1.0,1,0.9823885560035706
0.0,0,0.00010394586570328102
0.0,0,0.000672288762871176
1.0,1,0.9909538626670837
1.0,1,0.9998297691345215
0.0,1,0.41249093413352966
0.0,0,0.0010297304252162576
1.0,1,0.9772199988365173
1.0,1,0.9912391304969788
0.0,0,0.3758172392845154
0.0,0,0.0011662095785140991
0.0,0,0.003954641055315733
0.0,0,1.6351859812857583e-06
0.0,0,0.0012553200358524919
0.0,1,0.7982026934623718
0.0,0,0.0013739464338868856
1.0,0,0.07800544798374176
1.0,1,0.999103844165802
0.0,0,0.050937946885824203
1.0,1,0.9724171161651611
1.0,1,0.8946346640586853
1.0,1,0.9973037242889404
0.0,0,0.2921912372112274
0.0,0,0.38897931575775146
1.0,1,0.6270665526390076
1.0,1,0.9983185529708862
0.0,0,0.000781759328674525
1.0,1,0.9857821464538574
1.0,1,0.7916433811187744
0.0,0,0.0031709519680589437
1.0,1,0.9915790557861328
1.0,1,0.999974250793457
0.0,0,0.0002598859427962452
0.0,0,0.015975290909409523
1.0,1,0.9996579885482788
0.0,0,0.014089807868003845
0.0,0,0.38826385140419006
1.0,1,0.9694738388061523
0.0,0,0.0004845877701882273
1.0,1,0.5716937184333801
0.0,0,0.10016355663537979
0.0,0,0.017810961231589317
0.0,0,0.0008048770250752568
0.0,0,0.0450381375849247
0.0,1,0.4757680892944336
0.0,0,0.07640014588832855
0.0,0,0.07770916819572449
0.0,0,0.0002146913466276601
1.0,1,0.9996846914291382
1.0,1,0.9585132598876953
0.0,0,4.811507824342698e-05
1.0,1,0.9217891693115234
1.0,1,0.631537139415741
0.0,0,0.0002754329761955887
0.0,0,0.03365148976445198
0.0,0,0.06693512201309204
0.0,0,0.009868761524558067
1.0,1,0.9991212487220764
1.0,1,0.9975826740264893
1.0,1,0.48642605543136597
1.0,1,0.9839451909065247
1.0,0,0.008263672702014446
0.0,0,0.25066450238227844
1.0,1,0.9976673126220703
0.0,0,0.0001507353299530223
1.0,1,0.9501217603683472
0.0,0,0.0010290624340996146
1.0,1,0.9985374212265015
0.0,0,0.0003347831079736352
1.0,1,0.9744192957878113
0.0,0,0.00020900441450066864
1.0,1,0.9981552958488464
1.0,1,0.9999098777770996
0.0,0,0.21912579238414764
0.0,0,0.17246434092521667
1.0,1,0.9922825694084167
0.0,0,0.0027074171230196953
0.0,0,0.00976373627781868
1.0,1,0.948235273361206
0.0,0,0.014581701718270779
0.0,0,0.005778771825134754
1.0,1,0.9982843995094299
0.0,0,6.937937996553956e-06
0.0,0,0.002227490535005927
0.0,1,0.673486053943634
0.0,0,0.002308529568836093
1.0,1,0.9966637492179871
1.0,1,0.9676621556282043
1.0,1,0.9996782541275024
0.0,0,0.0006851000944152474
1.0,1,0.40144747495651245
0.0,0,0.002183237811550498
0.0,0,0.005450169090181589
0.0,0,0.010971208103001118
1.0,1,0.9936095476150513
0.0,1,0.9991030693054199
0.0,0,0.0006267067510634661
0.0,0,7.355926936725155e-05
0.0,0,0.005454437341541052
1.0,1,0.995643138885498
0.0,0,0.00010991848830599338
0.0,0,0.07835625857114792
1.0,1,0.7134381532669067
0.0,0,0.0028286317829042673
1.0,1,0.7200266122817993
1.0,1,0.9985771179199219
0.0,0,0.1011299341917038
0.0,0,0.011354164220392704
0.0,1,0.4743213951587677
0.0,0,0.14457795023918152
1.0,1,0.9944557547569275
0.0,0,0.04154159873723984
1.0,1,0.9998503923416138
1.0,1,0.9997842907905579
0.0,0,0.016487324610352516
0.0,0,0.0031193839386105537
0.0,0,0.0026873857714235783
0.0,0,0.0030991400126367807
1.0,1,0.99598628282547
1.0,1,0.999599277973175
0.0,1,0.41639769077301025
0.0,0,0.002692112233489752
0.0,0,0.0014030413003638387
1.0,1,0.9997429251670837
0.0,0,0.03519878536462784
0.0,0,0.10510459542274475
1.0,1,0.940751314163208
1.0,1,0.999966025352478
1.0,1,0.9786962270736694
0.0,0,0.038028594106435776
0.0,0,0.007315263617783785
0.0,0,0.0010323371971026063
1.0,1,0.9989423155784607
0.0,1,0.478023886680603
0.0,0,0.00038180657429620624
1.0,1,0.9499285221099854
1.0,1,0.9420557618141174
0.0,0,0.00035218099947087467
0.0,0,0.007369814906269312
0.0,0,0.1336178332567215
0.0,0,0.0006500645540654659
1.0,1,0.9724968671798706
0.0,1,0.7315423488616943
0.0,0,0.031154729425907135
1.0,1,0.9993402361869812
0.0,0,0.00017739432223606855
1.0,1,0.6825026869773865
0.0,1,0.7743399739265442
0.0,0,0.008690934628248215
0.0,0,0.0007572738686576486
0.0,0,0.009317496791481972
0.0,0,0.003203157801181078
1.0,1,0.9670238494873047
1.0,1,0.9857200980186462
0.0,0,0.21110229194164276
0.0,0,0.0025205009151250124
0.0,0,2.5217555958079174e-05
0.0,0,0.051500264555215836
0.0,0,0.02061792090535164
0.0,0,0.0010434073628857732
1.0,1,0.6471288204193115
0.0,0,0.001469281269237399
1.0,1,0.5452904105186462
1.0,1,0.7435265779495239
0.0,0,3.9312355511356145e-05
0.0,0,0.002775009721517563
0.0,0,0.00020521342230495065
0.0,0,0.2759860157966614
1.0,1,0.5087689757347107
0.0,0,9.24408741411753e-05
0.0,0,0.0005725024384446442
1.0,1,0.7755190134048462
0.0,0,0.00018404077854938805
0.0,0,0.03878970071673393
0.0,0,0.0007090119761414826
1.0,1,0.9768669009208679
1.0,1,0.9971621632575989
1.0,1,0.9521228671073914
1.0,1,0.990972638130188
0.0,0,0.0018183056963607669
0.0,0,0.00675409659743309
0.0,0,2.7352045435691252e-05
0.0,0,0.006951622199267149
1.0,1,0.9897207617759705
1.0,0,0.08575858175754547
1.0,1,0.9993683695793152
1.0,1,0.9766619205474854
1.0,1,0.9922093152999878
1.0,1,0.9997223019599915
0.0,0,0.06272562593221664
1.0,1,0.5884419679641724
0.0,0,0.005038464907556772
1.0,1,0.9948210716247559
1.0,1,0.9121825695037842
0.0,0,0.008103812113404274
0.0,0,0.0007634817739017308
0.0,0,0.00010481488425284624
1.0,1,0.9996610879898071
0.0,0,0.00037296288064680994
1.0,0,0.09391344338655472
0.0,0,0.19583866000175476
1.0,1,0.9719712138175964
0.0,1,0.7573032379150391
0.0,0,0.008694665506482124
1.0,1,0.988492488861084
0.0,1,0.5488126277923584
0.0,0,0.07677554339170456
0.0,0,0.005652257706969976
0.0,0,0.0004999387310817838
1.0,1,0.9993547797203064
0.0,0,0.013818712905049324
0.0,0,2.8356203984003514e-05
1.0,1,0.9617856740951538
1.0,1,0.9976880550384521
1.0,0,0.11067866533994675
0.0,0,0.010363588109612465
1.0,1,0.9601830840110779
0.0,0,0.0005287568201310933
0.0,0,0.004357242491096258
0.0,1,0.9027588963508606
0.0,0,0.024833327159285545
1.0,1,0.9748570919036865
1.0,1,0.6797283887863159
0.0,0,0.012573488056659698
0.0,0,0.01047567743808031
1.0,1,0.9983946681022644
1.0,1,0.996290922164917
1.0,1,0.99032062292099
0.0,0,0.002845640294253826
0.0,0,0.00025154699687846005
0.0,0,0.0002427824365440756
1.0,1,0.9994922876358032
1.0,1,0.9891582727432251
1.0,1,0.9945055842399597
0.0,0,0.00023161947319749743
1.0,1,0.9993477463722229
1.0,1,0.39869263768196106
0.0,0,0.00026317406445741653
0.0,0,5.476979640661739e-05
0.0,0,0.008632662706077099
1.0,1,0.9999692440032959
0.0,0,0.02672608382999897
1.0,0,0.0038419857155531645
1.0,1,0.973427414894104
0.0,0,0.0022587187122553587
1.0,1,0.9990898370742798
1.0,1,0.9972798824310303
1.0,1,0.9307097792625427
0.0,0,0.010936177335679531
0.0,0,0.3909427225589752
0.0,0,0.002143074991181493
0.0,0,0.001909797778353095
0.0,0,0.0025585307739675045
0.0,0,0.0028100796043872833
0.0,0,0.0003270407032687217
0.0,0,0.003124430077150464
0.0,0,0.0019323655869811773
0.0,0,0.02055365778505802
1.0,1,0.9618629813194275
0.0,0,0.06629736721515656
0.0,0,0.01509217917919159
0.0,0,0.0015207669930532575
1.0,0,0.38463249802589417
0.0,1,0.8917214274406433
1.0,1,0.9997301697731018
1.0,1,0.976820707321167
1.0,1,0.9993370175361633
1.0,1,0.6607444286346436
1.0,1,0.9990917444229126
0.0,0,0.008576150983572006
0.0,0,0.007335027679800987
1.0,1,0.999717652797699
1.0,1,0.9974614381790161
1.0,0,0.3138374984264374
1.0,1,0.9984573125839233
0.0,0,0.0003967277589254081
0.0,0,0.008951603434979916
0.0,0,0.00025856320280581713
0.0,0,0.0008715478470548987
0.0,0,0.03866800665855408
0.0,0,0.00034116682945750654
0.0,0,0.001381650916300714
1.0,1,0.6997998356819153
0.0,0,9.184522787109017e-05
0.0,0,0.03266984224319458
1.0,1,0.9999886751174927
1.0,1,0.9999954700469971
1.0,1,0.9880593419075012
0.0,0,0.0039509367197752
0.0,0,0.000569171563256532
1.0,1,0.9654003381729126
1.0,1,0.999605119228363
0.0,0,0.0030740746296942234
0.0,0,0.0014450055314227939
0.0,0,0.0007954209577292204
0.0,0,0.019596680998802185
0.0,1,0.47845226526260376
0.0,0,0.0001087818163796328
1.0,1,0.92292720079422
0.0,0,0.02079513669013977
1.0,1,0.9996281862258911
0.0,0,0.0047049615532159805
0.0,1,0.9095748662948608
0.0,0,0.00551861897110939
0.0,0,0.06024647876620293
0.0,0,0.13669991493225098
0.0,0,0.007034461013972759
0.0,0,0.0166569072753191
0.0,0,0.0002660939935594797
0.0,0,0.0019132265588268638
0.0,1,0.4854719638824463
1.0,1,0.9362096786499023
0.0,0,0.0008754398440942168
0.0,0,0.008846564218401909
0.0,0,0.0006393830408342183
1.0,1,0.9753422737121582
1.0,1,0.998153030872345
1.0,1,0.9981253743171692
1.0,0,0.04120000824332237
1.0,1,0.9997624754905701
0.0,0,0.033139199018478394
0.0,1,0.6353099346160889
0.0,0,0.00140188611112535
1.0,1,0.9953528642654419
0.0,0,0.008235279470682144
0.0,0,0.002046193229034543
1.0,1,0.9917460083961487
1.0,1,0.8656039834022522
0.0,0,0.0019446394871920347
0.0,0,0.0026841978542506695
0.0,0,0.0005960270646028221
1.0,1,0.7405557036399841
0.0,0,0.002142311306670308
0.0,0,0.011311257258057594
1.0,1,0.9225029349327087
1.0,1,0.8860652446746826
0.0,0,0.013010003603994846
1.0,1,0.9766874313354492
0.0,0,0.0005846215062774718
0.0,0,0.0003210993018001318
0.0,0,0.04512852057814598
1.0,1,0.9992213249206543
0.0,0,0.00446874275803566
1.0,1,0.9992120265960693
1.0,1,0.5425426363945007
1.0,1,0.707720935344696
0.0,0,0.0009850130882114172
0.0,0,6.427214975701645e-05
1.0,1,0.9987233281135559
1.0,1,0.9721202254295349
1.0,1,0.9999499320983887
0.0,0,0.0057040187530219555
1.0,1,0.9988749623298645
1.0,1,0.9958153367042542
0.0,0,0.0007770397933200002
0.0,0,0.007687923964112997
1.0,1,0.9763157963752747
0.0,0,0.004279199987649918
0.0,0,0.04089134931564331
0.0,0,0.03692985326051712
0.0,0,0.0007203315617516637
0.0,1,0.6543875336647034
0.0,0,0.00029740898753516376
0.0,0,0.06558247655630112
1.0,1,0.8839706182479858
0.0,1,0.9177923202514648
0.0,0,0.005827184300869703
0.0,0,0.09436880052089691
0.0,0,0.08986400067806244
1.0,1,0.7435372471809387
0.0,0,0.001439154613763094
0.0,1,0.714979350566864
1.0,1,0.8720988631248474
0.0,0,8.60510190250352e-05
1.0,1,0.9966198205947876
1.0,1,0.9999829530715942
0.0,0,0.001189516857266426
1.0,0,0.0450151301920414
0.0,0,0.0010426988592371345
1.0,1,0.8747361898422241
1.0,1,0.9998550415039062
0.0,0,0.001847163075581193
1.0,1,0.9830259680747986
1.0,0,0.33457329869270325
0.0,0,0.0014806970721110702
0.0,0,0.029268046841025352
0.0,0,0.003925061784684658
0.0,0,0.0002014233759837225
1.0,1,0.9969602227210999
1.0,1,0.4731849133968353
0.0,0,0.00018313908367417753
0.0,0,0.012056505307555199
1.0,1,0.9933561086654663
0.0,0,0.13552555441856384
0.0,0,0.01222116407006979
0.0,0,0.004539330489933491
1.0,1,0.9958617687225342
1.0,1,0.48971155285835266
0.0,0,0.0002558270643930882
0.0,0,0.0072154453955590725
0.0,0,0.00012268043064977974
0.0,0,0.004901277832686901
0.0,0,0.009803158231079578
1.0,1,0.99528568983078
1.0,1,0.999596893787384
1.0,1,0.99973064661026
0.0,0,0.000468344398541376
0.0,0,0.000850863172672689
0.0,0,1.0053881851490587e-05
1.0,1,0.9015084505081177
0.0,0,0.0054687559604644775
1.0,1,0.9962339997291565
0.0,0,0.021603669971227646
0.0,0,0.2703549563884735
0.0,0,0.08049911260604858
0.0,0,0.00032300848397426307
0.0,0,0.046037398278713226
1.0,1,0.4618338644504547
0.0,0,0.01606716401875019
1.0,1,0.997012734413147
0.0,0,0.19590814411640167
1.0,1,0.985522985458374
0.0,0,0.16078756749629974
0.0,1,0.7178048491477966
1.0,1,0.9999836683273315
0.0,0,0.020677121356129646
1.0,1,0.6593499183654785
1.0,0,0.0814863070845604
1.0,1,0.9375097751617432
0.0,0,0.00010450529953232035
1.0,1,0.9996447563171387
0.0,0,0.0003702386748045683
1.0,1,0.9999299049377441
0.0,0,0.013476457446813583
1.0,1,0.9995760321617126
1.0,1,0.9889591932296753
0.0,0,0.002113939495757222
1.0,1,0.9991726279258728
1.0,1,0.5270593166351318
1.0,1,0.999539852142334
0.0,0,0.02146521583199501
1.0,1,0.8425998091697693
0.0,0,0.012786866165697575
0.0,0,0.0007203291752375662
1.0,1,0.9682551026344299
1.0,1,0.8209986090660095
1.0,0,0.005300209857523441
1.0,1,0.9958003163337708
0.0,0,2.507329008949455e-05
1.0,1,0.960351288318634
0.0,0,0.24035324156284332
0.0,0,0.020199986174702644
0.0,1,0.42557933926582336
1.0,1,0.9983141422271729
0.0,0,0.06008565425872803
0.0,0,4.810731843463145e-05
0.0,0,0.0004961026133969426
0.0,0,0.005470538046211004
1.0,1,0.9936329126358032
0.0,0,0.00015986344078555703
0.0,0,0.058454785495996475
0.0,0,0.11914458125829697
0.0,0,0.025620292872190475
0.0,0,0.0012845590244978666
1.0,1,0.6013696193695068
1.0,1,0.9788082838058472
0.0,0,0.00012492896348703653
1.0,1,0.9895612597465515
1.0,1,0.9972186088562012
0.0,0,0.002755048219114542
0.0,0,0.015842804685235023
0.0,0,8.986101420305204e-06
0.0,1,0.8139513731002808
0.0,0,5.808356945635751e-05
1.0,0,0.00497858552262187
0.0,0,0.00019363108731340617
0.0,0,0.00015104438352864236
0.0,0,0.007122433744370937
0.0,1,0.9720169305801392
0.0,0,0.1181335523724556
0.0,1,0.5554103255271912
1.0,1,0.9999580383300781
0.0,1,0.5448596477508545
0.0,1,0.5654909610748291
0.0,0,0.000694142421707511
0.0,0,0.0020382388029247522
0.0,0,0.0003352698986418545
1.0,1,0.9967257976531982
0.0,0,0.0013531476724892855
1.0,1,0.9834750890731812
0.0,0,5.703292117686942e-05
0.0,0,0.344674289226532
0.0,0,0.05863400176167488
1.0,1,0.9889567494392395
1.0,1,0.9984198808670044
0.0,0,0.3869839608669281
1.0,1,0.999640941619873
1.0,0,0.2667126953601837
0.0,0,0.010133745148777962
1.0,0,0.05159863457083702
0.0,0,0.09676093608140945
1.0,1,0.9919233918190002
1.0,1,0.9172663688659668
0.0,0,0.16408318281173706
0.0,0,0.046147484332323074
0.0,0,0.0026785184163600206
0.0,1,0.49947768449783325
0.0,1,0.9959756731987
1.0,1,0.9992227554321289
0.0,1,0.7499821186065674
0.0,0,0.023556267842650414
0.0,0,6.75582850817591e-05
0.0,0,0.003743602428585291
0.0,0,0.021029310300946236
1.0,1,0.85838782787323
1.0,1,0.8261518478393555
0.0,0,0.017436690628528595
1.0,1,0.9997314810752869
0.0,1,0.7989661693572998
0.0,0,0.02112068049609661
0.0,0,0.0014474025228992105
0.0,0,0.0023331406991928816
0.0,0,0.3325371742248535
1.0,1,0.5440412759780884
0.0,0,0.009744599461555481
0.0,0,0.01044412050396204
1.0,1,0.9988813996315002
0.0,1,0.6310960054397583
1.0,1,0.9934252500534058
0.0,0,0.24582627415657043
0.0,0,0.00044567615259438753
0.0,0,0.009801076725125313
1.0,1,0.9747750759124756
1.0,1,0.8366038203239441
1.0,1,0.9994845390319824
1.0,1,0.9996918439865112
0.0,0,0.00018848844047170132
0.0,0,0.002898351289331913
0.0,1,0.9997841715812683
0.0,0,0.0010019982000812888
1.0,0,0.04365457966923714
0.0,0,0.00377390393987298
0.0,0,0.001288064057007432
0.0,0,0.0003598115872591734
1.0,0,0.08855964988470078
1.0,1,0.5432040095329285
1.0,1,0.9995653033256531
0.0,1,0.46937477588653564
0.0,0,0.009855732321739197
0.0,0,0.0029254616238176823
1.0,1,0.8318530917167664
1.0,1,0.8879531621932983
0.0,1,0.9248888492584229
1.0,1,0.9977290034294128
0.0,0,0.35123252868652344
0.0,0,0.0021703937090933323
0.0,0,0.017469113692641258
1.0,1,0.7506272196769714
0.0,0,0.00018419386469759047
1.0,1,0.9875685572624207
0.0,0,0.010173815302550793
1.0,1,0.9960684776306152
1.0,0,0.019491497427225113
0.0,0,0.054517678916454315
1.0,1,0.8002055883407593
1.0,1,0.9999101161956787
0.0,0,0.005049712955951691
1.0,0,0.1854204535484314
1.0,1,0.9741982817649841
0.0,0,0.28593531250953674
0.0,1,0.9637990593910217
0.0,0,0.15961921215057373
1.0,0,0.05264425277709961
0.0,0,0.09353137016296387
0.0,0,0.006157314404845238
0.0,0,0.010239058174192905
1.0,1,0.9910994172096252
1.0,1,0.9756870269775391
0.0,0,0.0015016825636848807
0.0,0,0.0007758004940114915
1.0,1,0.8249627947807312
0.0,0,0.0013508789706975222
0.0,0,0.0014057524967938662
0.0,0,7.952460873639211e-05
1.0,1,0.999762237071991
0.0,0,0.0004997703363187611
0.0,0,0.011347400955855846
1.0,1,0.4607555568218231
0.0,0,0.0031387375202029943
1.0,1,0.9811224937438965
0.0,0,0.0012115868739783764
1.0,1,0.9936140179634094
1.0,1,0.9994183778762817
0.0,0,0.0009210763964802027
0.0,0,0.0035161699634045362
0.0,0,0.015925033017992973
0.0,0,0.39153817296028137
0.0,0,0.005774456076323986
0.0,0,5.740089181927033e-05
1.0,1,0.9999855756759644
1.0,1,0.92392498254776
1.0,1,0.9802958369255066
0.0,0,0.0005208997172303498
0.0,0,0.08055923879146576
1.0,1,0.985791802406311
0.0,0,0.022828660905361176
0.0,0,0.0024903693702071905
1.0,0,0.0006382791907526553
1.0,1,0.9944069385528564
0.0,0,0.013270840048789978
0.0,0,0.0034488183446228504
1.0,1,0.9984678626060486
1.0,0,0.02528245374560356
0.0,0,0.0009036336559802294
0.0,0,0.058332595974206924
0.0,0,0.018304910510778427
0.0,0,0.00035940035013481975
1.0,1,0.7804290056228638
0.0,0,0.09396383166313171
0.0,0,0.00246882950887084
0.0,1,0.8257268071174622
1.0,1,0.9663054943084717
0.0,1,0.6521876454353333
1.0,1,0.9414616823196411
0.0,0,0.011257583275437355
1.0,1,0.5111029148101807
1.0,1,0.9983881711959839
0.0,0,0.0004977028584107757
0.0,0,0.0006711675086989999
1.0,0,0.020621024072170258
0.0,1,0.4809246063232422
0.0,0,0.0025904865469783545
0.0,0,0.045368973165750504
0.0,0,0.0010785090271383524
0.0,0,0.014863871969282627
0.0,0,0.00019851024262607098
0.0,1,0.45749983191490173
0.0,0,0.002327553229406476
1.0,0,0.10258988291025162
0.0,0,0.0024858000688254833
1.0,1,0.9998668432235718
1.0,1,0.9973601698875427
1.0,1,0.9993525147438049
0.0,1,0.9752612113952637
1.0,0,0.15228313207626343
1.0,1,0.9999904632568359
0.0,0,0.003995183855295181
0.0,0,0.1457824558019638
0.0,0,2.482688614691142e-05
1.0,1,0.9998698234558105
0.0,0,0.0002898602688219398
0.0,0,0.03018060140311718
1.0,1,0.8131402730941772
0.0,0,0.001255461131222546
0.0,0,0.004740549251437187
1.0,1,0.4531864523887634
0.0,0,0.0003316448419354856
1.0,1,0.9990556836128235
0.0,0,0.00014125581947155297
1.0,1,0.9981580376625061
0.0,0,0.00011565777094801888
0.0,0,0.006031861528754234
0.0,0,0.0009135098662227392
1.0,1,0.9483030438423157
1.0,1,0.9782947897911072
0.0,0,0.0062569002620875835
0.0,0,0.0016840973403304815
1.0,1,0.44912785291671753
1.0,1,0.8877217173576355
1.0,1,0.9991864562034607
0.0,0,0.0015704683028161526
1.0,1,0.9971752166748047
0.0,0,0.0003127905074506998
0.0,0,0.013135666027665138
1.0,1,0.9994186162948608
1.0,1,0.9998452663421631
0.0,0,0.09987867623567581
1.0,0,0.2902887463569641
0.0,0,0.1192496195435524
1.0,1,0.9998540878295898
0.0,0,0.012846320867538452
1.0,1,0.5428475737571716
0.0,0,0.021171703934669495
1.0,1,0.9999417066574097
0.0,0,0.00029304801137186587
0.0,0,0.00010813520930241793
0.0,0,0.005256871227174997
0.0,1,0.838703453540802
0.0,0,1.63382228492992e-05
0.0,1,0.500788152217865
0.0,1,0.7966573238372803
1.0,1,0.9644580483436584
0.0,0,0.012988584116101265
1.0,1,0.9499081969261169
1.0,1,0.9849690198898315
1.0,1,0.42893165349960327
0.0,0,0.12981773912906647
0.0,0,0.0008471204782836139
1.0,1,0.4885798990726471
1.0,0,0.01397531758993864
0.0,0,0.002324736909940839
1.0,1,0.9999747276306152
0.0,0,0.295964777469635
0.0,0,0.025976182892918587
0.0,1,0.5028414130210876
0.0,0,8.575660467613488e-05
1.0,1,0.996436357498169
0.0,0,0.39094388484954834
1.0,1,0.814793050289154
1.0,1,0.8702390193939209
0.0,1,0.856671154499054
1.0,1,0.9928312301635742
1.0,1,0.539398729801178
0.0,1,0.5780733227729797
0.0,0,0.0009608045220375061
1.0,1,0.9997428059577942
0.0,0,0.012017164379358292
0.0,0,0.0003334071661811322
0.0,0,0.003759562037885189
1.0,1,0.9998145699501038
0.0,0,0.04933074489235878
1.0,1,0.9961332082748413
1.0,1,0.9967560172080994
0.0,1,0.6513745188713074
1.0,0,0.3108777403831482
1.0,1,0.9991576671600342
0.0,0,0.0003490675298962742
1.0,1,0.9984633922576904
0.0,0,0.00015094330592546612
0.0,0,0.0006755312206223607
0.0,0,0.0015043290331959724
0.0,1,0.9402952194213867
0.0,0,0.0006832366343587637
0.0,0,0.05716349929571152
1.0,0,0.1910044401884079
1.0,1,0.9800700545310974
0.0,0,0.0002007909642998129
0.0,0,1.817779047996737e-05
1.0,1,0.9993115663528442
0.0,0,0.00841443333774805
1.0,1,0.9975551962852478
1.0,1,0.8076280355453491
1.0,1,0.9768036603927612
1.0,1,0.9997699856758118
1.0,1,0.9992498755455017
0.0,0,0.027242060750722885
0.0,0,5.352582320483634e-06
0.0,0,0.22160574793815613
0.0,0,0.004527522251009941
0.0,1,0.5023476481437683
1.0,1,0.9932258725166321
0.0,1,0.9709432721138
1.0,1,0.9995649456977844
0.0,0,0.01185817550867796
1.0,0,0.017935888841748238
0.0,0,0.00034674626658670604
0.0,0,0.005649832542985678
1.0,1,0.9881191849708557
0.0,0,0.0006223230739124119
0.0,0,0.00026260685990564525
0.0,0,0.0010991718154400587
0.0,0,0.0012355749495327473
0.0,0,0.004614278208464384
0.0,1,0.6128063797950745
1.0,1,0.9708468317985535
0.0,0,0.0001946890988619998
0.0,0,0.011232580058276653
0.0,0,0.0002790802391245961
1.0,1,0.5281467437744141
1.0,1,0.9795122742652893
0.0,0,0.17569449543952942
0.0,0,0.12126149237155914
1.0,1,0.9890056252479553
1.0,1,0.9943175911903381
1.0,1,0.9808632135391235
0.0,1,0.7071481347084045
0.0,0,0.000303529086522758
0.0,0,0.007764711976051331
0.0,1,0.48023396730422974
0.0,0,0.00799315795302391
0.0,0,0.021927455440163612
0.0,0,0.00026531601906754076
1.0,1,0.5958250761032104
1.0,1,0.4918997883796692
0.0,0,0.0003017836424987763
0.0,0,0.31623268127441406
1.0,1,0.9773731231689453
1.0,1,0.9980236291885376
0.0,0,0.0005322027136571705
0.0,0,0.07703601568937302
1.0,1,0.9992572665214539
1.0,1,0.9983918070793152
0.0,0,0.00028813243261538446
1.0,1,0.9995323419570923
1.0,1,0.9944043159484863
1.0,1,0.9970218539237976
0.0,0,0.20024465024471283
0.0,0,1.194006563309813e-05
1.0,1,0.9977703094482422
1.0,1,0.9986843466758728
0.0,0,0.3795124888420105
1.0,1,0.8217763900756836
0.0,0,0.00010653477511368692
0.0,0,0.03463815897703171
0.0,0,6.945835775695741e-05
0.0,0,6.899618165334687e-05
1.0,1,0.9993560910224915
0.0,0,0.0016683652065694332
1.0,1,0.9993671774864197
1.0,1,0.9997215867042542
1.0,1,0.9892143607139587
1.0,1,0.996711254119873
0.0,0,0.003739700885489583
1.0,1,0.652388870716095
1.0,1,0.9806129932403564
1.0,0,0.03627859428524971
1.0,1,0.9995366334915161
0.0,0,0.0023998611140996218
1.0,1,0.8657064437866211
0.0,0,0.00861405674368143
0.0,0,0.0030268735717982054
1.0,1,0.9999958276748657
0.0,0,0.0004471521533560008
0.0,0,0.000811012287158519
1.0,1,0.8783383965492249
1.0,1,0.9997966885566711
0.0,0,0.009733562357723713
0.0,0,0.00035674983519129455
0.0,0,0.002253045327961445
0.0,0,0.09520435333251953
1.0,1,0.9659237265586853
0.0,0,0.007773662451654673
1.0,1,0.9993102550506592
0.0,0,5.2744842832908034e-05
0.0,0,0.0009232901502400637
0.0,0,0.10651092976331711
1.0,1,0.6017852425575256
1.0,1,0.9942758679389954
0.0,0,0.09720060229301453
1.0,1,0.9997844099998474
0.0,1,0.6913551688194275
0.0,0,0.00014934714999981225
0.0,0,0.0018170815892517567
0.0,0,5.467038863571361e-05
1.0,1,0.996015727519989
1.0,1,0.9982463121414185
1.0,1,0.9961014986038208
0.0,1,0.476642906665802
0.0,0,0.002543135080486536
0.0,0,0.03978981450200081
0.0,1,0.4792845547199249
0.0,0,0.01755930297076702
0.0,0,0.07114837318658829
0.0,0,0.00036625159555114806
0.0,0,0.0028897991869598627
1.0,1,0.9938626289367676
0.0,0,0.012208729982376099
0.0,0,0.06509324163198471
0.0,0,0.0005524849984794855
1.0,1,0.5603308081626892
0.0,1,0.6157768368721008
1.0,1,0.9487388730049133
1.0,1,0.9967017769813538
0.0,0,0.002601687563583255
1.0,1,0.9953703284263611
0.0,0,0.3879569172859192
0.0,1,0.49795299768447876
1.0,1,0.9863953590393066
0.0,0,0.0015108715742826462
0.0,0,0.0034100909251719713
0.0,0,0.09721499681472778
0.0,0,0.0005054310313425958
0.0,0,0.033776555210351944
0.0,0,0.00021157828450668603
0.0,0,0.011260339058935642
0.0,0,0.002419453114271164
0.0,0,0.31146448850631714
1.0,1,0.9962026476860046
0.0,0,0.0016005664365366101
0.0,0,0.02701752819120884
1.0,1,0.9998301267623901
1.0,1,0.9927036762237549
0.0,0,0.0007553008617833257
1.0,1,0.9896214008331299
0.0,0,0.03360334783792496
1.0,1,0.9946468472480774
0.0,0,0.00027308848802931607
1.0,1,0.9998741149902344
0.0,0,0.008019554428756237
0.0,0,0.0015081183519214392
0.0,0,0.0007717784610576928
0.0,0,0.00040493562119081616
0.0,0,0.10229319334030151
1.0,1,0.9949923157691956
0.0,0,0.20258638262748718
1.0,1,0.9083696007728577
0.0,0,0.02838149107992649
1.0,1,0.9787671566009521
0.0,0,0.005380659364163876
0.0,0,0.014276544563472271
0.0,0,0.00464432081207633
0.0,0,0.0477067269384861
0.0,0,0.053578443825244904
0.0,0,0.001245304592885077
0.0,0,2.3331322154263034e-05
0.0,0,0.0005253995186649263
0.0,1,0.6915977001190186
1.0,1,0.9951909780502319
1.0,1,0.9999966621398926
1.0,1,0.9880515336990356
0.0,1,0.46436217427253723
1.0,1,0.9959386587142944
1.0,1,0.9875577688217163
0.0,0,0.0010652041528373957
0.0,0,0.005400087684392929
0.0,0,0.015368731692433357
1.0,1,0.9865565896034241
0.0,0,0.0025643918197602034
1.0,1,0.9982670545578003
0.0,0,0.0018618113826960325
1.0,0,0.16930919885635376
0.0,0,0.00045025654253549874
1.0,1,0.9999129772186279
0.0,0,0.001027003861963749
1.0,0,0.0009390228078700602
0.0,0,0.001466818735934794
0.0,0,0.04981701448559761
0.0,1,0.6559709906578064
0.0,0,0.0007738301646895707
1.0,0,0.23715004324913025
0.0,0,0.030697261914610863
0.0,0,0.0002649012312758714
0.0,1,0.4904978573322296
0.0,0,0.000121167759061791
1.0,0,0.053385086357593536
1.0,1,0.9600015878677368
0.0,0,0.331289142370224
0.0,0,8.118349796859547e-05
1.0,1,0.9210284352302551
0.0,1,0.8746948838233948
1.0,1,0.9998588562011719
1.0,1,0.9999207258224487
0.0,0,2.3689462977927178e-05
1.0,1,0.9998694658279419
1.0,1,0.9669433832168579
1.0,1,0.9765690565109253
1.0,1,0.9787155389785767
0.0,0,0.00044590665493160486
0.0,0,0.0001207681925734505
1.0,1,0.9984654188156128
0.0,0,0.0025425520725548267
1.0,0,0.0919535830616951
1.0,1,0.9909384250640869
1.0,1,0.9929450154304504
0.0,0,0.026972157880663872
0.0,0,0.0007807129877619445
0.0,0,0.00015083770267665386
1.0,1,0.9765698313713074
0.0,0,0.05534905567765236
0.0,0,0.0036992866080254316
0.0,0,0.001670062425546348
1.0,1,0.9935446977615356
1.0,1,0.9940493106842041
1.0,1,0.5700525045394897
0.0,0,0.019490523263812065
1.0,1,0.9993065595626831
0.0,0,0.008558059111237526
0.0,0,0.05117756500840187
1.0,1,0.9993401169776917
1.0,0,0.08386841416358948
0.0,0,0.0001053240557666868
0.0,0,0.00016113027231767774
1.0,1,0.9977395534515381
0.0,0,0.0013320905854925513
1.0,1,0.9979346990585327
0.0,0,0.27555394172668457
1.0,0,0.02198021486401558
0.0,0,0.005040569230914116
0.0,0,0.0007111286977306008
1.0,1,0.9148581624031067
0.0,0,0.04829113930463791
1.0,1,0.9493745565414429
0.0,0,0.0031064806971699
1.0,0,0.3504989743232727
0.0,0,0.003489796305075288
0.0,0,0.005949943792074919
0.0,0,0.00020451335876714438
1.0,1,0.9719424843788147
1.0,1,0.9936708211898804
0.0,1,0.9805983304977417
1.0,1,0.9987397789955139
1.0,1,0.9867638945579529
0.0,0,1.0427813322166912e-05
0.0,0,0.0009891216177493334
1.0,1,0.9695357084274292
1.0,1,0.793099045753479
1.0,1,0.9932888150215149
1.0,1,0.9990911483764648
0.0,0,0.010235869325697422
1.0,1,0.9570943117141724
0.0,1,0.7918466329574585
0.0,0,0.023371493443846703
0.0,0,0.005433598067611456
1.0,1,0.998715877532959
0.0,0,0.010292545892298222
1.0,1,0.9466698169708252
0.0,1,0.4529203176498413
1.0,1,0.9963488578796387
0.0,0,0.00017873629985842854
0.0,0,0.3047733008861542
1.0,1,0.6764895915985107
1.0,1,0.9810607433319092
1.0,1,0.9577881097793579
0.0,0,0.0002539504785090685
1.0,0,0.24739551544189453
1.0,1,0.9893835186958313
0.0,1,0.5251966714859009
1.0,1,0.9999349117279053
1.0,1,0.9995951056480408
1.0,1,0.9996067881584167
0.0,0,0.00995760690420866
1.0,1,0.9985951781272888
0.0,0,0.3804183900356293
0.0,0,0.004388332832604647
0.0,0,0.0009707401040941477
0.0,0,0.23078586161136627
0.0,0,0.00010938220657408237
1.0,1,0.976549506187439
0.0,0,0.1296009123325348
1.0,1,0.9303159713745117
0.0,0,0.0008991148788481951
1.0,1,0.9966627955436707
0.0,0,0.06461507827043533
0.0,0,0.00318869948387146
0.0,0,0.00015078824071679264
1.0,1,0.998867392539978
1.0,1,0.999854326248169
1.0,1,0.9960939288139343
0.0,1,0.6730236411094666
0.0,0,0.02434883452951908
1.0,1,0.9969623684883118
0.0,0,0.000942280690651387
1.0,1,0.9994220733642578
1.0,1,0.99903404712677
1.0,1,0.9987138509750366
1.0,1,0.9842350482940674
1.0,1,0.9988652467727661
1.0,1,0.9995512366294861
1.0,1,0.858441174030304
1.0,1,0.5703904032707214
0.0,1,0.8627612590789795
0.0,0,0.0002831915917340666
0.0,0,0.004851909354329109
0.0,0,0.00014869449660182
0.0,0,0.002214080421254039
0.0,0,0.08327408879995346
0.0,1,0.9999655485153198
0.0,0,0.03489050641655922
0.0,0,0.06832638382911682
1.0,1,0.5989953875541687
0.0,0,0.001342647010460496
1.0,1,0.998977780342102
0.0,0,0.0006387115572579205
1.0,1,0.999819815158844
0.0,0,0.01176354382187128
1.0,1,0.9995421171188354
0.0,0,0.012242416851222515
1.0,1,0.9996174573898315
0.0,0,0.00047609227476641536
0.0,0,1.6649753888486885e-05
1.0,1,0.9967191815376282
1.0,1,0.9997850060462952
1.0,1,0.9989814162254333
1.0,1,0.9952672719955444
0.0,1,0.8875735998153687
0.0,0,0.026459533721208572
1.0,1,0.9687448740005493
1.0,1,0.9934705495834351
0.0,0,0.010876140557229519
1.0,1,0.9984055161476135
1.0,1,0.9999450445175171
0.0,0,0.006343296263366938
0.0,0,8.414980402449146e-05
0.0,0,0.03387569263577461
0.0,0,0.21351493895053864
0.0,0,6.633158045588061e-05
0.0,0,4.6221004595281556e-05
1.0,1,0.8553265929222107
0.0,1,0.48081091046333313
0.0,0,0.0006360578117892146
0.0,0,0.004465860780328512
0.0,0,0.006711509544402361
1.0,1,0.9765916466712952
0.0,1,0.971632182598114
1.0,1,0.9995107650756836
0.0,1,0.7065394520759583
0.0,0,8.415878983214498e-05
1.0,1,0.9998270869255066
0.0,0,0.03514412045478821
0.0,1,0.6505796909332275
1.0,0,0.22554004192352295
1.0,1,0.99647456407547
1.0,0,0.07936553657054901
1.0,1,0.47614607214927673
1.0,1,0.978596568107605
0.0,0,0.00042238421156071126
1.0,1,0.9995667338371277
1.0,1,0.9872762560844421
1.0,1,0.9981971383094788
0.0,0,0.0011468464508652687
0.0,0,0.16636908054351807
1.0,1,0.5685960650444031
0.0,0,0.0027181270997971296
1.0,0,0.22685368359088898
1.0,1,0.9972883462905884
0.0,0,0.0014007757417857647
1.0,0,0.3269422948360443
1.0,1,0.9955311417579651
1.0,1,0.996428906917572
0.0,0,0.00032276558340527117
0.0,0,0.0004295502440072596
1.0,1,0.9998602867126465
1.0,1,0.9961721301078796
0.0,0,0.0036027280148118734
0.0,0,0.006188645027577877
0.0,0,0.0014811905566602945
0.0,0,0.06006493419408798
0.0,0,0.01000181119889021
1.0,1,0.9903416633605957
1.0,1,0.9997897744178772
0.0,0,0.327029287815094
0.0,0,0.05930263176560402
0.0,1,0.9929916858673096
0.0,0,0.014515156857669353
0.0,0,0.020344939082860947
1.0,0,0.12949363887310028
1.0,1,0.9888019561767578
1.0,0,0.3025219738483429
1.0,1,0.9977679252624512
0.0,0,0.0004026660171803087
1.0,1,0.999875545501709
0.0,0,0.0002709057880565524
0.0,0,0.18399150669574738
1.0,1,0.9999638795852661
0.0,0,0.11560898274183273
0.0,0,0.00105709966737777
0.0,0,0.05980406329035759
0.0,0,0.0007891433197073638
1.0,1,0.5020939707756042
0.0,0,0.01856444589793682
1.0,0,0.2177603393793106
0.0,0,0.011372297070920467
0.0,0,0.00042936645331792533
1.0,1,0.9698793888092041
0.0,0,0.02314942702651024
1.0,1,0.9816962480545044
1.0,1,0.8535082936286926
0.0,0,0.1181829646229744
1.0,1,0.9923337697982788
1.0,0,0.019604859873652458
0.0,0,0.024337751790881157
0.0,0,0.00014077324885874987
1.0,1,0.9999555349349976
0.0,0,0.009981642477214336
0.0,1,0.4694555997848511
1.0,1,0.9710940718650818
0.0,0,0.10313285887241364
1.0,1,0.9232735633850098
0.0,0,0.000795471016317606
1.0,0,0.24707554280757904
0.0,1,0.5269631147384644
0.0,0,0.3586433529853821
0.0,0,0.017743445932865143
0.0,1,0.970139741897583
0.0,0,0.016114065423607826
1.0,1,0.8391096591949463
1.0,1,0.9778966903686523
1.0,1,0.43569856882095337
0.0,0,0.006104582920670509
0.0,0,0.04506270959973335
1.0,0,0.31508177518844604
1.0,1,0.7846778631210327
1.0,0,0.3382120728492737
0.0,0,9.181484347209334e-05
0.0,0,0.00025409800582565367
0.0,0,0.003752129152417183
1.0,1,0.9250773787498474
1.0,0,0.08057884871959686
1.0,1,0.9511429667472839
1.0,1,0.9999727010726929
1.0,1,0.9997765421867371
1.0,1,0.9973272085189819
1.0,1,0.9944919347763062
0.0,0,0.0001559257070766762
1.0,1,0.9958590865135193
1.0,1,0.9935949444770813
0.0,0,0.0014024496776983142
1.0,1,0.9999336004257202
1.0,1,0.9900570511817932
0.0,0,0.016063742339611053
1.0,1,0.9820772409439087
1.0,1,0.8878047466278076
1.0,1,0.9998212456703186
1.0,0,0.07156603783369064
1.0,1,0.8952210545539856
1.0,1,0.9915504455566406
0.0,0,0.00017090665642172098
0.0,0,0.00038323388434946537
1.0,1,0.9776531457901001
0.0,1,0.9697691798210144
0.0,0,0.011229138821363449
1.0,0,0.020905472338199615
1.0,0,0.004897512029856443
0.0,0,0.23987077176570892
0.0,0,0.06163540482521057
0.0,0,0.06974902749061584
1.0,1,0.9985069632530212
0.0,0,0.0006984902429394424
1.0,1,0.9992904663085938
0.0,0,0.010708937421441078
0.0,0,0.0011659319279715419
0.0,0,0.0008509531617164612
1.0,1,0.9968878626823425
0.0,0,0.04330183193087578
1.0,1,0.9968147873878479
1.0,1,0.7653042078018188
0.0,0,0.08988131582736969
1.0,1,0.9976786971092224
1.0,1,0.9995423555374146
0.0,1,0.9904332160949707
0.0,0,0.029943400993943214
1.0,1,0.9948362112045288
1.0,1,0.999830961227417
1.0,1,0.9993733763694763
1.0,1,0.9257621169090271
0.0,0,0.34525105357170105
0.0,0,0.007101611699908972
0.0,0,0.0007863321807235479
0.0,0,8.19937267806381e-05
0.0,0,0.008381127379834652
0.0,0,0.002873352961614728
0.0,0,0.20314662158489227
0.0,1,0.9464479088783264
0.0,0,0.011465742252767086
0.0,0,0.011462830007076263
0.0,0,0.029506295919418335
1.0,1,0.9725531935691833
1.0,1,0.999667763710022
1.0,1,0.9945551156997681
1.0,1,0.9514045119285583
1.0,1,0.999818742275238
0.0,0,0.002483717631548643
0.0,0,0.0007052277796901762
0.0,1,0.4229516386985779
0.0,0,0.054655011743307114
0.0,0,0.0007424229406751692
0.0,0,0.002894751261919737
1.0,1,0.9999082088470459
1.0,1,0.9546840190887451
0.0,0,0.0035436381585896015
0.0,1,0.8085532188415527
0.0,0,0.04915684834122658
1.0,1,0.9775551557540894
1.0,1,0.9454876184463501
0.0,0,0.008894351311028004
0.0,0,0.0018323365366086364
1.0,1,0.9997418522834778
1.0,1,0.989291250705719
0.0,0,0.0030253801960498095
1.0,1,0.766018271446228
1.0,1,0.9983084201812744
1.0,1,0.7012795209884644
1.0,1,0.9598102569580078
1.0,1,0.9984034895896912
0.0,0,0.0001162354601547122
1.0,1,0.9753516912460327
1.0,1,0.9541232585906982
0.0,0,0.04978607967495918
0.0,0,0.001518813194707036
0.0,0,0.035389676690101624
0.0,0,0.00443855207413435
0.0,0,0.0022773814853280783
1.0,1,0.9995638728141785
0.0,0,0.020413769409060478
0.0,0,0.09632828086614609
1.0,1,0.897514820098877
1.0,1,0.9998940229415894
1.0,1,0.9998154044151306
0.0,0,0.005742133129388094
0.0,0,0.07125384360551834
0.0,0,0.007608591113239527
0.0,1,0.5356786847114563
1.0,1,0.9093577861785889
0.0,0,0.006914956029504538
0.0,0,0.0037694405764341354
1.0,1,0.7510378956794739
0.0,0,0.0001421240158379078
1.0,1,0.9993201494216919
0.0,0,0.0011173482052981853
0.0,0,0.015268518589437008
1.0,1,0.4747166633605957
0.0,0,0.0003778075333684683
0.0,0,6.608345574932173e-05
1.0,1,0.9946807026863098
1.0,1,0.46219897270202637
1.0,1,0.9953466057777405
1.0,1,0.9999439716339111
1.0,1,0.9916306138038635
0.0,0,0.004121101927012205
1.0,1,0.9999359846115112
0.0,0,0.014468323439359665
1.0,1,0.9992571473121643
0.0,0,0.1166478767991066
0.0,0,0.0008086255402304232
1.0,1,0.77164226770401
1.0,1,0.9185290336608887
0.0,1,0.6026532053947449
0.0,0,0.030602863058447838
0.0,0,7.312718662433326e-05
0.0,0,0.00025044975336641073
1.0,0,0.004439222160726786
1.0,1,0.961653470993042
1.0,1,0.9960005879402161
0.0,0,0.03380156680941582
0.0,0,0.00010923877562163398
1.0,1,0.9934791326522827
1.0,1,0.9989385008811951
0.0,0,0.0742102637887001
1.0,1,0.9979922771453857
0.0,1,0.5652354955673218
1.0,1,0.960343062877655
0.0,0,0.021971512585878372
0.0,0,0.00018999475287273526
0.0,0,0.002487020567059517
1.0,1,0.9920881390571594
0.0,0,0.010131477378308773
0.0,0,0.0001623380958335474
0.0,0,0.003242666833102703
0.0,0,0.0010802365140989423
0.0,0,0.0009401041897945106
1.0,1,0.9972472786903381
0.0,0,0.0329621396958828
0.0,0,0.016175486147403717
0.0,0,0.007705477997660637
0.0,1,0.9965766072273254
0.0,0,0.023400936275720596
1.0,1,0.9247336983680725
0.0,1,0.5461366772651672
1.0,1,0.8826955556869507
1.0,1,0.5121367573738098
1.0,1,0.9956191182136536
1.0,1,0.9985961318016052
1.0,1,0.9909456968307495
0.0,0,5.7078024838119745e-05
1.0,1,0.9997039437294006
0.0,0,0.0005308790714479983
1.0,1,0.9827319979667664
0.0,0,0.005041525699198246
1.0,1,0.9039061665534973
1.0,1,0.9958047270774841
0.0,1,0.9865893125534058
1.0,1,0.9803974628448486
0.0,0,0.0971798375248909
0.0,0,0.00023708421213086694
0.0,0,0.004220510832965374
1.0,1,0.9954008460044861
1.0,1,0.999458372592926
1.0,1,0.9986466765403748
1.0,1,0.6057679653167725
0.0,0,0.025169959291815758
1.0,1,0.9998626708984375
0.0,0,0.050161492079496384
1.0,1,0.9196732044219971
0.0,0,0.2090662121772766
1.0,1,0.9999154806137085
1.0,1,0.5716273188591003
1.0,1,0.9977757334709167
0.0,1,0.8467607498168945
0.0,0,0.05656832456588745
0.0,0,0.1015690416097641
1.0,1,0.999238133430481
1.0,1,0.9582644701004028
0.0,1,0.9996042847633362
1.0,1,0.9874404668807983
0.0,0,0.0023315728176385164
0.0,0,0.0025650933384895325
0.0,0,0.0061650206334888935
0.0,0,2.5041841581696644e-05
0.0,0,7.516651385230944e-05
0.0,0,1.2451770089683123e-05
0.0,1,0.7948628664016724
0.0,0,0.004764551762491465
1.0,1,0.9980721473693848
0.0,0,0.001249623717740178
0.0,0,0.00014944230497349054
0.0,0,0.015973543748259544
0.0,0,0.13787899911403656
0.0,0,0.0033453223295509815
0.0,0,0.1398237645626068
0.0,0,6.96969436830841e-05
0.0,0,0.00043841986916959286
1.0,1,0.402774453163147
1.0,1,0.9995194673538208
0.0,0,0.002752525033429265
1.0,1,0.9998154044151306
0.0,1,0.882448673248291
1.0,1,0.9471800327301025
0.0,0,0.12435463070869446
0.0,0,0.004186662845313549
0.0,0,0.10461800545454025
0.0,0,0.0009513312252238393
0.0,0,0.0006420408608391881
0.0,0,5.0190177717013285e-05
0.0,0,1.995202728721779e-05
0.0,0,0.02286936156451702
0.0,0,0.0003278154763393104
1.0,1,0.9937269687652588
1.0,1,0.9937134385108948
1.0,1,0.9501239061355591
1.0,1,0.9994603991508484
1.0,1,0.9975267052650452
1.0,1,0.998108983039856
0.0,0,0.010836870409548283
0.0,0,0.002443962264806032
1.0,1,0.9502684473991394
0.0,1,0.9789699912071228
0.0,0,0.047165319323539734
0.0,0,3.88268890674226e-05
0.0,1,0.41700950264930725
1.0,1,0.9753281474113464
0.0,0,0.039846811443567276
0.0,0,0.0005528740584850311
0.0,0,0.002750210464000702
0.0,0,0.03538587689399719
0.0,0,0.009094180539250374
0.0,0,0.0007929470157250762
0.0,0,0.002617008751258254
0.0,0,0.0005432384205050766
0.0,0,0.0005094905500300229
0.0,0,0.00010716638644225895
1.0,1,0.9962728023529053
1.0,1,0.9921938180923462
0.0,0,0.09265323728322983
1.0,0,0.3149094879627228
0.0,0,0.0015474227257072926
1.0,1,0.9976032376289368
0.0,0,0.029044093564152718
0.0,0,0.158671036362648
0.0,0,0.0002594774414319545
1.0,1,0.9999419450759888
1.0,1,0.9976738095283508
0.0,0,1.4225617633201182e-05
0.0,0,0.026180177927017212
1.0,1,0.9955021739006042
1.0,1,0.8286048173904419
1.0,1,0.9870542883872986
1.0,1,0.9966268539428711
0.0,0,0.09793379157781601
0.0,0,0.0005006621940992773
0.0,0,0.017438171431422234
1.0,1,0.9739835858345032
0.0,0,0.007873178459703922
0.0,0,0.00016364717157557607
0.0,0,0.0030302945524454117
0.0,0,0.00044143025297671556
0.0,1,0.8420917391777039
0.0,0,0.00791918020695448
0.0,0,0.0004991319146938622
1.0,1,0.9996354579925537
0.0,0,0.0002166793419746682
0.0,1,0.7809008359909058
1.0,1,0.6431794166564941
0.0,0,0.0009486650815233588
1.0,0,0.00018558620649855584
0.0,0,0.0005626924685202539
0.0,0,0.03752095624804497
0.0,0,0.0023969407193362713
0.0,0,0.0007710635545663536
0.0,0,0.0008910108590498567
0.0,0,0.0003554218274075538
0.0,0,0.1645679771900177
0.0,0,0.034838225692510605
0.0,0,0.01059203501790762
0.0,0,0.007864548824727535
1.0,1,0.600020706653595
0.0,0,0.0015619343612343073
0.0,0,0.04827531799674034
0.0,0,0.0003144247457385063
0.0,0,0.00016549394058529288
1.0,1,0.8362137675285339
0.0,0,0.0002483870484866202
1.0,1,0.9983437061309814
0.0,0,0.01676025427877903
0.0,0,0.0038679062854498625
1.0,1,0.9879651069641113
1.0,1,0.9986929297447205
0.0,0,0.008161458186805248
1.0,1,0.993287980556488
0.0,0,0.009599428623914719
1.0,1,0.999121367931366
0.0,0,0.000129792868392542
1.0,1,0.9994795918464661
0.0,0,0.015740331262350082
0.0,0,0.11322261393070221
0.0,0,0.001650016289204359
0.0,0,0.0023823301307857037
0.0,1,0.4157749116420746
1.0,1,0.9866307377815247
1.0,1,0.999679446220398
0.0,0,0.0057248263619840145
0.0,0,0.00021661633218172938
0.0,0,0.004613446071743965
1.0,1,0.5666306614875793
0.0,0,0.0003585330268833786
0.0,0,0.0008310803095810115
1.0,0,0.18858717381954193
1.0,1,0.7507374286651611
0.0,0,0.001021467731334269
1.0,1,0.9869656562805176
0.0,0,0.03693705052137375
0.0,0,0.004825893323868513
0.0,1,0.7261472344398499
0.0,0,0.01822337694466114
0.0,0,0.0008206907077692449
0.0,0,0.12018148601055145
0.0,0,0.00023413848248310387
0.0,1,0.521740198135376
0.0,0,0.0015776316868141294
0.0,0,0.015458102338016033
1.0,0,0.02574421837925911
0.0,0,0.01682795025408268
0.0,1,0.7595512270927429
0.0,0,0.00044075120240449905
1.0,1,0.4584108591079712
0.0,0,0.0014207438798621297
0.0,0,0.17261873185634613
1.0,0,0.35019543766975403
1.0,1,0.897760272026062
0.0,0,0.0012868588091805577
1.0,1,0.996698796749115
0.0,0,0.0286237895488739
0.0,0,0.0006751791224814951
0.0,0,0.018094195052981377
0.0,0,0.003717671148478985
0.0,0,0.013839886523783207
0.0,0,7.821687904652208e-05
0.0,0,0.03883371129631996
1.0,1,0.9058601260185242
1.0,1,0.9807828068733215
0.0,0,0.22346091270446777
0.0,0,0.05727427080273628
1.0,1,0.9889178276062012
0.0,0,1.4319576621346641e-05
0.0,0,0.0012564528733491898
1.0,1,0.9999470710754395
0.0,0,0.0016045988304540515
1.0,1,0.9990604519844055
1.0,1,0.9960491061210632
1.0,1,0.8341661095619202
1.0,1,0.9969276785850525
1.0,1,0.7804883122444153
1.0,1,0.9956868290901184
0.0,1,0.9385125041007996
0.0,0,0.0045007760636508465
0.0,1,0.8351792693138123
0.0,0,0.06247616559267044
0.0,0,0.0023028189316391945
0.0,0,0.0013621709076687694
0.0,1,0.5937514901161194
1.0,1,0.9317576885223389
1.0,1,0.9696806073188782
0.0,0,0.004616499878466129
0.0,0,0.0037835126277059317
0.0,0,0.009429472498595715
0.0,0,0.1003132238984108
1.0,1,0.9750930070877075
1.0,1,0.9943317174911499
0.0,0,0.002075761556625366
1.0,1,0.9420448541641235
1.0,1,0.999068558216095
0.0,0,0.21759578585624695
1.0,1,0.9993127584457397
0.0,0,0.004303639754652977
0.0,1,0.40812182426452637
0.0,0,0.07303035259246826
1.0,1,0.9994781613349915
0.0,0,0.015789784491062164
0.0,0,0.13119034469127655
0.0,0,0.14513510465621948
0.0,1,0.8000509142875671
1.0,1,0.9796242713928223
0.0,0,0.09092268347740173
1.0,1,0.9999730587005615
0.0,0,0.0016258454415947199
0.0,0,0.024218866601586342
0.0,0,0.0004984859842807055
0.0,0,0.00016751483781263232
0.0,0,0.029085922986268997
0.0,0,0.24491946399211884
0.0,0,0.048174310475587845
1.0,1,0.9949080348014832
1.0,0,0.0337299220263958
1.0,1,0.9943430423736572
0.0,0,0.026031317189335823
0.0,1,0.40316930413246155
0.0,0,0.015887020155787468
0.0,0,0.0016492364229634404
0.0,1,0.5915943384170532
0.0,1,0.5351839661598206
1.0,1,0.6671051383018494
0.0,0,0.00025206219288520515
1.0,0,0.2590058743953705
0.0,0,0.0012975927675142884
1.0,1,0.9628379344940186
1.0,1,0.9332813620567322
0.0,1,0.5865784287452698
1.0,0,0.035580556839704514
1.0,1,0.6124826073646545
0.0,1,0.517919659614563
1.0,1,0.9533824324607849
1.0,1,0.8554271459579468
1.0,1,0.9999135732650757
0.0,1,0.9994303584098816
0.0,0,0.007153174839913845
0.0,0,0.01831655763089657
1.0,1,0.9981623291969299
0.0,0,0.033209335058927536
0.0,0,0.007874262519180775
0.0,0,0.007861287333071232
1.0,1,0.9863746166229248
0.0,1,0.9380148649215698
1.0,0,0.007367321290075779
0.0,0,0.04172226041555405
0.0,0,0.00017383662634529173
1.0,1,0.8457463383674622
1.0,1,0.9917566776275635
0.0,0,0.0008788169943727553
1.0,0,0.37239399552345276
0.0,0,0.021480796858668327
0.0,0,0.0004281268047634512
1.0,1,0.962653398513794
0.0,0,0.0013999316142871976
0.0,0,0.0011897048680111766
1.0,1,0.9751659631729126
0.0,0,0.001612507039681077
0.0,0,0.0023973213974386454
1.0,1,0.9998964071273804
1.0,1,0.9972962737083435
0.0,0,0.008053145371377468
0.0,1,0.8460412621498108
1.0,1,0.99973064661026
1.0,1,0.9824808239936829
0.0,0,0.000179080554516986
1.0,1,0.9997112154960632
0.0,1,0.8995384573936462
0.0,0,0.010899174958467484
1.0,1,0.99958735704422
1.0,1,0.9971942901611328
0.0,0,0.001703280839137733
1.0,1,0.9866467714309692
1.0,1,0.9982752799987793
1.0,1,0.9991969466209412
1.0,1,0.9953278303146362
1.0,1,0.9999854564666748
1.0,0,0.007642499636858702
0.0,0,0.002064548199996352
1.0,1,0.9901115298271179
0.0,1,0.6955834031105042
0.0,0,0.005199328064918518
0.0,0,4.084025204065256e-05
0.0,0,0.0007209276081994176
0.0,0,0.1171329990029335
0.0,0,5.1546172471717e-05
0.0,0,0.0235915370285511
0.0,0,0.00035747155197896063
0.0,0,0.019281135872006416
0.0,0,0.0029510129243135452
0.0,0,0.005631559994071722
1.0,1,0.4138292670249939
0.0,0,0.01587805338203907
0.0,0,0.054431650787591934
0.0,0,0.00826464593410492
1.0,1,0.9990022778511047
0.0,0,0.04598335921764374
0.0,0,0.16639946401119232
1.0,1,0.9997656941413879
1.0,1,0.9989407658576965
1.0,0,0.16229720413684845
0.0,0,0.0006619273335672915
0.0,0,0.0017287820810452104
0.0,0,0.00481508718803525
0.0,0,0.00012900638103019446
1.0,1,0.9996302127838135
0.0,0,0.20067459344863892
0.0,0,0.00046692148316651583
0.0,0,0.0008666409412398934
1.0,1,0.9920337796211243
0.0,0,0.004426700994372368
0.0,0,0.10467047989368439
0.0,0,0.007254442200064659
1.0,0,0.343902587890625
0.0,0,0.0030090296640992165
1.0,1,0.9643483757972717
0.0,0,0.00013232695346232504
1.0,0,0.11968480050563812
1.0,1,0.4527543783187866
1.0,1,0.999968409538269
1.0,1,0.9992508292198181
0.0,0,0.02465486153960228
0.0,0,0.0005083069554530084
1.0,1,0.9925582408905029
1.0,1,0.9826951622962952
0.0,1,0.7205735445022583
0.0,0,0.0037419279105961323
0.0,0,0.0033858162350952625
0.0,0,0.02147935889661312
1.0,1,0.9407657980918884
0.0,0,4.532497769105248e-05
1.0,1,0.9891185760498047
1.0,1,0.9903414249420166
0.0,1,0.5940527319908142
1.0,1,0.9999868869781494
0.0,0,0.05176056921482086
0.0,0,0.00562322698533535
0.0,1,0.5289961695671082
0.0,0,0.05516906827688217
1.0,1,0.9991838335990906
1.0,0,0.06600432842969894
1.0,1,0.9618591070175171
1.0,1,0.9798597693443298
1.0,1,0.9981335997581482
0.0,0,0.3929334878921509
1.0,1,0.9999750852584839
1.0,1,0.9993314743041992
0.0,0,0.16352172195911407
1.0,1,0.5303536057472229
0.0,0,0.0001465047535020858
1.0,1,0.9656059741973877
1.0,1,0.9100132584571838
0.0,0,0.008169027045369148
0.0,0,0.07211687415838242
0.0,0,0.000212794984690845
0.0,0,0.023901285603642464
1.0,1,0.9999833106994629
0.0,0,0.00669717276468873
0.0,0,0.002484041266143322
0.0,0,0.0018705478869378567
0.0,0,0.0002655450371094048
1.0,1,0.9649041891098022
1.0,1,0.9994887113571167
0.0,0,0.0007760925800539553
1.0,1,0.998264729976654
0.0,1,0.7457338571548462
1.0,1,0.984046995639801
1.0,1,0.9999668598175049
0.0,0,0.006126516964286566
1.0,1,0.9981610178947449
0.0,0,0.014264182187616825
1.0,1,0.999058187007904
0.0,0,0.012145997025072575
0.0,1,0.6827872395515442
0.0,0,0.001923797302879393
0.0,1,0.6340255737304688
0.0,1,0.8240637183189392
0.0,0,0.26840662956237793
1.0,1,0.997596800327301
0.0,0,0.0012488395441323519
0.0,0,0.0010323402239009738
0.0,0,1.647949466132559e-05
1.0,1,0.8864591121673584
1.0,1,0.9753495454788208
1.0,1,0.9923233985900879
1.0,1,0.996453046798706
0.0,0,0.07191169261932373
1.0,1,0.9445239305496216
0.0,0,0.04383265599608421
0.0,0,0.08178842812776566
0.0,0,0.0007712601800449193
1.0,1,0.7902662754058838
0.0,1,0.8311257362365723
0.0,0,0.0013364097103476524
1.0,1,0.9410139918327332
0.0,0,0.0010480599012225866
0.0,0,0.001300657750107348
0.0,0,0.0011019600788131356
1.0,1,0.8827757835388184
0.0,0,4.1461928049102426e-05
1.0,1,0.5145289897918701
0.0,0,0.0062684291042387486
1.0,1,0.9974150657653809
0.0,0,0.0012877807021141052
0.0,1,0.6106513142585754
0.0,0,0.0011410019360482693
0.0,0,0.0003233942552469671
1.0,1,0.9970998764038086
1.0,1,0.9997816681861877
0.0,0,0.1043991819024086
0.0,0,0.10588996112346649
1.0,0,0.006438496522605419
0.0,1,0.8830171227455139
1.0,1,0.7945929169654846
1.0,1,0.9765713214874268
0.0,1,0.935701847076416
0.0,0,0.013108841143548489
1.0,1,0.9954845905303955
0.0,0,0.02110293321311474
0.0,0,0.007447590120136738
1.0,1,0.9737856984138489
1.0,1,0.9960720539093018
0.0,0,0.0010738677810877562
1.0,1,0.994796097278595
0.0,0,0.029067102819681168
0.0,0,0.007215145044028759
1.0,1,0.9509369730949402
0.0,0,0.09456213563680649
0.0,0,0.0007121096714399755
0.0,1,0.9322638511657715
0.0,1,0.9997888207435608
0.0,0,0.014107921160757542
0.0,0,0.0072916727513074875
0.0,0,0.0023098632227629423
0.0,0,0.11510089039802551
1.0,1,0.9985968470573425
0.0,0,0.00041565875289961696
0.0,1,0.8802878260612488
0.0,0,0.000397758383769542
1.0,1,0.8081912994384766
1.0,1,0.9992486834526062
0.0,0,9.09676673472859e-05
1.0,1,0.9961807727813721
0.0,0,0.013958676718175411
1.0,1,0.508097231388092
1.0,1,0.9966009259223938
0.0,0,0.00032668793573975563
1.0,1,0.968445360660553
0.0,0,0.02398710884153843
0.0,0,0.009518388658761978
0.0,0,0.0210353285074234
1.0,1,0.9985588192939758
1.0,1,0.9961909055709839
1.0,1,0.8961208462715149
0.0,0,0.0019678999669849873
0.0,0,0.0032474417239427567
1.0,1,0.9965952038764954
0.0,0,0.01357200276106596
1.0,1,0.9985470175743103
0.0,0,0.00040839958819560707
1.0,1,0.905835747718811
0.0,0,0.03597844019532204
1.0,1,0.9677455425262451
1.0,1,0.9999102354049683
0.0,1,0.5647124648094177
1.0,1,0.9953677654266357
0.0,0,0.0008736382587812841
0.0,0,3.6815257772104815e-05
0.0,0,0.001062797848135233
0.0,0,0.011297416873276234
0.0,0,0.06997128576040268
1.0,1,0.995699405670166
0.0,0,0.001625562901608646
1.0,1,0.6564207077026367
0.0,0,0.008838181383907795
0.0,0,0.0033996528945863247
1.0,1,0.8987029194831848
1.0,1,0.8653357625007629
0.0,0,0.00541482912376523
1.0,1,0.9993144273757935
0.0,0,0.001713307574391365
1.0,1,0.9996981620788574
0.0,0,0.09827682375907898
1.0,1,0.8807505369186401
0.0,0,1.5264828107319772e-05
0.0,0,0.15699473023414612
1.0,1,0.9999762773513794
0.0,1,0.6246395707130432
1.0,1,0.999397873878479
1.0,1,0.9494078755378723
0.0,0,0.017249850556254387
1.0,1,0.9948603510856628
0.0,0,0.01903761737048626
0.0,0,0.04295559972524643
0.0,0,5.973358202027157e-05
0.0,0,0.002246496733278036
0.0,0,0.0015522734029218554
0.0,0,0.20324113965034485
0.0,0,0.0011519831605255604
0.0,0,0.010655556805431843
1.0,1,0.99405437707901
1.0,0,0.23155055940151215
0.0,0,0.002729646163061261
1.0,1,0.9780300855636597
0.0,0,0.022602954879403114
0.0,0,0.3487686216831207
1.0,1,0.9998565912246704
1.0,1,0.5227356553077698
0.0,0,0.00915027316659689
0.0,0,0.00018144576461054385
1.0,1,0.4077357351779938
1.0,1,0.9990890026092529
1.0,1,0.9999483823776245
0.0,1,0.43427854776382446
1.0,0,0.20667299628257751
0.0,1,0.9113948941230774
1.0,1,0.9993071556091309
1.0,1,0.9990333318710327
0.0,0,0.12235838174819946
1.0,1,0.6159083843231201
1.0,1,0.9751293659210205
0.0,0,0.0006827227771282196
0.0,0,0.012667323462665081
0.0,0,0.0003631494182627648
0.0,0,0.010883918963372707
1.0,0,0.13344138860702515
0.0,0,0.0005687122466042638
0.0,0,0.21459074318408966
1.0,1,0.9991530179977417
1.0,1,0.9972043633460999
1.0,1,0.9991682767868042
0.0,1,0.7227567434310913
0.0,0,0.01331859640777111
0.0,0,0.19872674345970154
0.0,0,0.0024865875020623207
1.0,1,0.9983456134796143
1.0,1,0.9835556149482727
0.0,0,0.11087732762098312
1.0,1,0.9998749494552612
1.0,1,0.9991705417633057
0.0,0,0.00020344366203062236
0.0,0,0.0028039012104272842
1.0,1,0.9288018941879272
0.0,0,0.0003416948311496526
0.0,1,0.9427008032798767
0.0,0,0.018891332671046257
1.0,1,0.971253514289856
1.0,1,0.9998823404312134
0.0,0,0.00029414999880827963
0.0,0,0.0029242741875350475
0.0,0,1.817799966374878e-05
0.0,0,0.00023047484864946455
0.0,0,0.0012146523222327232
0.0,0,0.001865295460447669
0.0,0,0.0025100004859268665
0.0,0,0.029157401993870735
1.0,1,0.8592360615730286
0.0,0,0.0027535208500921726
0.0,0,0.08177412301301956
0.0,0,0.05999765917658806
0.0,0,0.1466216742992401
1.0,0,0.007389137987047434
0.0,0,0.00011833438475150615
0.0,0,0.0693451538681984
1.0,1,0.822528600692749
0.0,0,0.0016288566403090954
0.0,1,0.5070431232452393
0.0,0,0.00028892664704471827
1.0,1,0.6457451581954956
1.0,1,0.9800792336463928
1.0,1,0.9998935461044312
0.0,0,0.05710543319582939
1.0,1,0.9986268281936646
0.0,0,0.0012640125351026654
0.0,0,0.0035160148981958628
1.0,1,0.8135501146316528
0.0,0,0.0021969028748571873
0.0,0,0.0017713404959067702
0.0,0,0.0018798172241076827
1.0,0,0.3581777811050415
0.0,0,0.00037074851570650935
1.0,1,0.9632089734077454
0.0,1,0.6772196888923645
0.0,0,0.0035652590449899435
0.0,0,0.0005238735466264188
1.0,1,0.9915959239006042
1.0,1,0.983747661113739
0.0,0,0.0014438012149184942
0.0,0,0.0011194784892722964
1.0,1,0.9994344115257263
1.0,1,0.9915090799331665
0.0,0,0.12394881993532181
0.0,0,0.08110801130533218
1.0,1,0.9999037981033325
0.0,0,0.0012563702184706926
0.0,1,0.5634936690330505
1.0,1,0.9965689182281494
0.0,1,0.9887857437133789
0.0,0,0.027011871337890625
1.0,1,0.9548681378364563
0.0,0,0.0001322979514952749
1.0,1,0.9945441484451294
1.0,1,0.9966859221458435
0.0,0,0.02569388970732689
1.0,1,0.9999721050262451
1.0,1,0.9968722462654114
1.0,1,0.9741613864898682
1.0,1,0.9813029170036316
0.0,0,0.0013265375746414065
0.0,1,0.4755723774433136
0.0,0,0.007558228448033333
1.0,0,0.14969825744628906
1.0,1,0.9998138546943665
0.0,1,0.668912410736084
1.0,1,0.9983972907066345
1.0,1,0.8421515226364136
1.0,0,0.04889661446213722
0.0,0,0.0006562264752574265
0.0,0,0.01175518799573183
0.0,0,0.004789781291037798
0.0,0,0.02858557365834713
1.0,0,0.09368646144866943
1.0,1,0.9456193447113037
0.0,0,0.0025208150036633015
1.0,1,0.6683304905891418
0.0,0,0.16181838512420654
0.0,0,0.015873538330197334
0.0,0,0.03538986295461655
0.0,0,0.06957442313432693
0.0,0,0.003703535068780184
0.0,0,0.01800084300339222
0.0,1,0.5912018418312073
0.0,0,0.006851609330624342
1.0,1,0.999606192111969
1.0,1,0.9999388456344604
0.0,0,0.0035341912880539894
0.0,0,0.004301184788346291
1.0,1,0.996552586555481
0.0,0,0.0013952518347650766
0.0,0,0.2582015097141266
1.0,0,0.1583625078201294
0.0,0,0.0002462211123201996
0.0,0,0.01032984908670187
0.0,0,0.008372979238629341
0.0,0,0.002385905012488365
0.0,0,0.2028956562280655
0.0,0,0.0021353440824896097
1.0,1,0.9894639253616333
1.0,1,0.9709197878837585
0.0,0,0.027894947677850723
0.0,0,0.0017527560703456402
0.0,0,0.0008615896222181618
1.0,1,0.9997578263282776
0.0,0,0.23648197948932648
1.0,1,0.9893940091133118
1.0,1,0.504818320274353
1.0,1,0.7101415991783142
0.0,0,0.0003789591137319803
1.0,1,0.999809205532074
0.0,0,0.03234405070543289
0.0,0,0.0006308513111434877
0.0,0,0.0006235336186364293
1.0,1,0.9947415590286255
1.0,1,0.9976649284362793
1.0,1,0.9998576641082764
0.0,0,0.007132948841899633
0.0,0,0.007791639305651188
0.0,0,0.0022473519202321768
0.0,0,0.0004895326565019786
0.0,0,0.005675273481756449
1.0,1,0.9282242655754089
1.0,1,0.9998735189437866
1.0,1,0.9999164342880249
0.0,1,0.617952287197113
0.0,0,0.292289137840271
0.0,0,0.05223512277007103
0.0,0,0.00013992050662636757
0.0,0,0.001630517770536244
0.0,0,0.01473818626254797
0.0,0,0.0006720241508446634
0.0,0,0.001273062196560204
0.0,0,0.013491419143974781
0.0,0,0.004753108136355877
1.0,1,0.6657031178474426
0.0,1,0.4372943937778473
0.0,0,0.0017007337883114815
0.0,0,0.0013347244821488857
0.0,0,0.00038081168895587325
0.0,1,0.5138403177261353
0.0,0,0.00467408774420619
1.0,1,0.9838948845863342
1.0,1,0.9994705319404602
0.0,0,0.002995056565850973
0.0,0,0.18642137944698334
0.0,0,0.00019313785014674067
0.0,0,0.000834188365843147
0.0,0,0.0010702330619096756
1.0,1,0.9995157718658447
0.0,0,0.00010613454651320353
0.0,0,0.00014506501611322165
0.0,1,0.9999746084213257
1.0,1,0.9904997944831848
1.0,1,0.9961891770362854
1.0,1,0.9976885318756104
0.0,0,0.0013050460256636143
1.0,1,0.9999699592590332
0.0,0,0.0001109743898268789
1.0,1,0.9997113347053528
0.0,0,0.014851498417556286
0.0,0,0.2414669692516327
0.0,0,0.0006615385646000504
0.0,0,0.03894728794693947
1.0,1,0.9973217844963074
0.0,1,0.5906237363815308
1.0,1,0.9986065030097961
1.0,1,0.9718332290649414
0.0,0,0.2620007395744324
1.0,1,0.9647535085678101
1.0,0,0.07196997106075287
1.0,1,0.9985076785087585
0.0,0,0.042366765439510345
0.0,0,8.066353620961308e-05
0.0,0,5.2566487283911556e-05
0.0,0,0.00012463661551009864
1.0,1,0.9964996576309204
0.0,0,0.03682177513837814
0.0,0,0.21485140919685364
1.0,1,0.9891424775123596
0.0,0,1.9388517102925107e-05
0.0,1,0.8787432909011841
0.0,0,0.008189063519239426
1.0,1,0.9869330525398254
0.0,0,0.0008065147558227181
1.0,1,0.7721281051635742
1.0,0,0.14058703184127808
0.0,0,0.014704511500895023
1.0,1,0.6190051436424255
0.0,1,0.4030536115169525
0.0,0,0.00014474861382041126
1.0,1,0.6623885035514832
0.0,0,0.004511955659836531
0.0,0,0.30851423740386963
0.0,0,0.023458190262317657
0.0,0,0.00046558771282434464
1.0,1,0.9998311996459961
0.0,0,0.0034131209831684828
1.0,1,0.9767475724220276
1.0,1,0.9763702750205994
0.0,0,0.06413683295249939
0.0,1,0.9592069387435913
1.0,1,0.9999127388000488
1.0,0,0.1882934868335724
0.0,0,0.0009869170607998967
0.0,0,0.0009972687112167478
0.0,1,0.6783082485198975
0.0,0,0.004033985082060099
1.0,1,0.9988976716995239
1.0,1,0.9857928156852722
1.0,1,0.9981945157051086
1.0,0,0.2644982933998108
0.0,0,0.0009571024565957487
0.0,0,0.03327980637550354
1.0,1,0.9965830445289612
0.0,0,0.0023008063435554504
1.0,1,0.9856189489364624
0.0,0,8.212236571125686e-05
0.0,0,0.0012560352915897965
1.0,1,0.9993454813957214
0.0,0,0.005152158439159393
0.0,0,0.00019270114717073739
0.0,0,0.0034907846711575985
1.0,1,0.8752711415290833
0.0,1,0.9991176724433899
0.0,0,0.0029126505833119154
0.0,0,0.00037839432479813695
0.0,1,0.94710773229599
0.0,0,0.1946306824684143
0.0,0,0.0016617727233096957
0.0,1,0.5759221315383911
0.0,0,7.551922317361459e-05
1.0,1,0.9914003610610962
0.0,0,0.3385167419910431
1.0,1,0.9974562525749207
0.0,0,0.012028117664158344
0.0,0,0.018030889332294464
0.0,0,0.0589987188577652
1.0,1,0.9872767329216003
1.0,1,0.5373814702033997
0.0,0,0.08724172413349152
0.0,1,0.8384703397750854
0.0,0,0.007642901502549648
1.0,1,0.7002887725830078
1.0,1,0.46200549602508545
1.0,1,0.8542320132255554
1.0,1,0.7801697254180908
0.0,0,0.004292942583560944
1.0,1,0.967944324016571
1.0,1,0.7543688416481018
1.0,1,0.9568735361099243
0.0,1,0.9126634001731873
1.0,1,0.6868622899055481
1.0,1,0.9997910857200623
0.0,0,0.07679163664579391
1.0,1,0.9949536919593811
0.0,1,0.7700902223587036
0.0,0,0.011940940283238888
0.0,0,9.174701699521393e-05
0.0,0,0.06800715625286102
1.0,1,0.9881814122200012
0.0,0,0.0009668983402661979
1.0,1,0.9943051934242249
1.0,1,0.9439789056777954
0.0,0,0.03743140399456024
1.0,1,0.9999572038650513
0.0,0,0.020150799304246902
0.0,0,0.038141097873449326
0.0,0,0.001011691172607243
1.0,1,0.7367955446243286
0.0,0,0.0011744670337066054
0.0,0,0.27953341603279114
0.0,0,0.017046092078089714
0.0,0,0.045429833233356476
1.0,1,0.9783449172973633
0.0,0,0.06044219061732292
0.0,0,0.3770143389701843
0.0,0,0.0008380787330679595
1.0,1,0.9992386102676392
0.0,1,0.9890493154525757
0.0,0,0.001001153839752078
0.0,0,0.0013939209748059511
0.0,0,0.004883551504462957
1.0,0,0.07362992316484451
0.0,0,0.0008597288397140801
0.0,0,0.017431048676371574
0.0,0,0.0004975238116458058
1.0,1,0.9694386720657349
0.0,0,0.0017828801646828651
0.0,0,0.05840771272778511
0.0,0,0.004037097562104464
1.0,1,0.9338708519935608
1.0,1,0.9985191226005554
1.0,1,0.9919676184654236
1.0,0,0.017150284722447395
0.0,1,0.4715684652328491
0.0,0,0.18740533292293549
0.0,0,0.024020671844482422
0.0,0,0.0473778136074543
1.0,1,0.9319889545440674
0.0,0,0.0004112703609280288
0.0,0,0.0016372092068195343
1.0,1,0.9994494318962097
0.0,0,0.00016158600919879973
0.0,0,0.009173786267638206
1.0,1,0.9664216041564941
1.0,1,0.9734684228897095
0.0,0,0.047197483479976654
0.0,0,0.1459728628396988
0.0,1,0.8600373268127441
1.0,1,0.9938283562660217
0.0,0,0.024885891005396843
0.0,0,0.04068072512745857
0.0,0,0.0013017761521041393
1.0,1,0.9989017248153687
1.0,0,0.003907103091478348
0.0,0,0.000720013165846467
1.0,1,0.9917267560958862
1.0,1,0.8689679503440857
1.0,1,0.9623905420303345
0.0,0,0.014695202000439167
0.0,1,0.48782265186309814
1.0,0,0.005354118533432484
1.0,1,0.9834842085838318
0.0,0,0.00011238210572628304
0.0,0,0.014236919581890106
0.0,0,0.00310666230507195
1.0,1,0.9943661689758301
1.0,1,0.9999746084213257
0.0,0,0.00995897501707077
1.0,1,0.9999339580535889
0.0,0,0.010676146484911442
0.0,0,0.0005227024084888399
0.0,0,0.001264543505385518
0.0,0,0.021023770794272423
1.0,1,0.996349573135376
0.0,0,0.06421703100204468
1.0,1,0.9870409965515137
1.0,1,0.980361819267273
1.0,1,0.9707165360450745
1.0,0,0.10210234671831131
0.0,0,0.30015048384666443
0.0,0,0.032575227320194244
0.0,0,4.1586030420148745e-05
0.0,0,0.001921763876453042
0.0,0,0.012923003174364567
0.0,0,0.05203926935791969
1.0,0,0.03801100701093674
1.0,0,0.013684765435755253
0.0,0,0.0015019193524494767
0.0,0,0.10934510082006454
1.0,1,0.9881302118301392
1.0,0,0.3185388743877411
1.0,1,0.8701434135437012
1.0,0,0.1912141889333725
0.0,0,0.0001235820382134989
0.0,0,0.00933025125414133
0.0,0,0.00341854733414948
0.0,0,0.0065897246822714806
1.0,1,0.9505937695503235
1.0,1,0.9929734468460083
1.0,1,0.9997407793998718
0.0,0,0.0009890405926853418
0.0,1,0.6594126224517822
1.0,1,0.9972591400146484
1.0,1,0.8216297626495361
0.0,0,2.2653461201116443e-05
0.0,0,0.0024791143368929625
1.0,1,0.9910004734992981
1.0,1,0.9907991290092468
0.0,1,0.9177106618881226
0.0,1,0.8480159044265747
1.0,1,0.999764621257782
1.0,0,0.17328451573848724
0.0,0,0.0004185459984000772
0.0,1,0.8271516561508179
1.0,1,0.8149706125259399
0.0,0,0.0016452998388558626
0.0,0,0.00039048102917149663
1.0,1,0.9998636245727539
0.0,1,0.9813703894615173
1.0,0,0.14937075972557068
0.0,0,5.830905865877867e-05
0.0,0,0.0060224030166864395
1.0,1,0.9212864637374878
1.0,1,0.921771764755249
1.0,1,0.6297699809074402
0.0,0,0.010769433341920376
0.0,0,0.0049299998208880424
1.0,0,0.03250398859381676
0.0,1,0.9820247888565063
0.0,0,0.003435517195612192
0.0,0,0.31079575419425964
0.0,0,0.005812421441078186
0.0,0,0.004663869738578796
0.0,0,0.0018387081800028682
0.0,0,0.00031400297302752733
0.0,0,0.05613454431295395
0.0,1,0.9724598526954651
1.0,1,0.6691564321517944
1.0,1,0.9996955394744873
0.0,0,0.0058516631834208965
0.0,0,0.0856047049164772
0.0,0,0.008173597976565361
0.0,0,0.03198385611176491
1.0,1,0.9962168335914612
1.0,0,0.020692655816674232
1.0,1,0.6355398893356323
0.0,1,0.8014861941337585
0.0,0,0.16295023262500763
0.0,0,0.0015719464281573892
0.0,0,0.28305912017822266
1.0,1,0.9996007084846497
0.0,0,0.02074345387518406
1.0,1,0.9856477975845337
1.0,1,0.9999890327453613
1.0,1,0.9770678281784058
1.0,1,0.9796767830848694
0.0,0,0.001521377358585596
0.0,0,2.7529365979717113e-05
1.0,1,0.862545371055603
0.0,1,0.7844569683074951
0.0,0,0.0006064577028155327
1.0,1,0.7879637479782104
1.0,1,0.9993740916252136
0.0,0,0.00022475920559372753
0.0,0,0.003868699772283435
0.0,0,0.0002441568940412253
1.0,0,0.19264788925647736
0.0,0,0.02110210992395878
0.0,0,0.00020963847055099905
1.0,1,0.8874858617782593
1.0,1,0.9997766613960266
0.0,0,0.0035871542058885098
0.0,0,0.003380621550604701
0.0,1,0.43673771619796753
0.0,0,0.001903270953334868
0.0,0,0.00409653689712286
0.0,0,0.0007719818968325853
0.0,0,0.0005613829707726836
1.0,1,0.9943707585334778
0.0,0,0.018080685287714005
1.0,1,0.9999483823776245
1.0,1,0.9999891519546509
0.0,0,0.011321875266730785
1.0,1,0.8368886113166809
1.0,1,0.9993618130683899
0.0,0,0.03258059173822403
1.0,1,0.9999041557312012
0.0,0,0.0008329025004059076
0.0,0,0.0002783064846880734
0.0,0,0.004322906024754047
1.0,1,0.8088860511779785
0.0,0,0.0065253362990915775
0.0,0,0.0062080430798232555
1.0,1,0.8973026871681213
0.0,0,0.0008428232977166772
0.0,0,4.220259506837465e-05
0.0,0,0.23310942947864532
0.0,1,0.8599164485931396
1.0,1,0.9380303025245667
1.0,1,0.9988470077514648
1.0,1,0.9986269474029541
1.0,1,0.9861352443695068
0.0,0,0.37446093559265137
0.0,0,0.0010301164584234357
1.0,1,0.9993650317192078
0.0,0,0.00801544263958931
0.0,0,0.000362697581294924
0.0,1,0.8804992437362671
0.0,0,0.0017337070312350988
0.0,0,0.0017290151445195079
0.0,0,0.2811521291732788
0.0,1,0.9917055368423462
0.0,0,0.026254167780280113
0.0,0,0.1863260716199875
1.0,1,0.9999830722808838
0.0,1,0.47178441286087036
0.0,0,0.00045740290079265833
1.0,1,0.9999979734420776
0.0,0,0.06602231413125992
1.0,1,0.4284767508506775
0.0,0,0.18355953693389893
1.0,1,0.8403013348579407
0.0,0,0.029219916090369225
0.0,0,0.13288713991641998
0.0,0,0.0022894409485161304
0.0,0,5.734678416047245e-05
0.0,0,0.00023900202359072864
0.0,0,0.0017702786717563868
1.0,1,0.9941934943199158
0.0,0,0.0024620958138257265
0.0,0,0.03621313348412514
1.0,1,0.9980523586273193
1.0,1,0.9999024868011475
1.0,1,0.9716542363166809
0.0,0,0.22787895798683167
0.0,0,6.484363257186487e-05
0.0,1,0.8174405694007874
1.0,1,0.8547878861427307
0.0,0,0.09329188615083694
1.0,1,0.8086854815483093
1.0,1,0.9594824314117432
1.0,1,0.9993478655815125
0.0,0,0.00011175917461514473
0.0,0,0.0008237517904490232
0.0,0,0.0026451649609953165
0.0,0,0.004986611660569906
1.0,1,0.9992774128913879
0.0,0,0.1980222761631012
0.0,0,0.0032803516369313
0.0,1,0.7944986820220947
0.0,0,7.022151839919388e-05
0.0,1,0.9995766282081604
1.0,1,0.9995554089546204
0.0,0,0.029046162962913513
1.0,1,0.9978038668632507
0.0,0,0.0015286788111552596
0.0,1,0.9946424961090088
1.0,0,0.1680808812379837
0.0,0,0.14124959707260132
1.0,1,0.8128413558006287
0.0,1,0.43273359537124634
1.0,1,0.8235217332839966
0.0,0,2.482295712979976e-05
0.0,0,0.08585359156131744
1.0,1,0.9987891316413879
1.0,1,0.44777050614356995
0.0,0,0.07296563684940338
0.0,0,0.002217466477304697
0.0,0,0.00015408176113851368
0.0,0,0.0007921691285446286
1.0,1,0.9975201487541199
0.0,0,0.0029980794060975313
1.0,1,0.9993370175361633
0.0,0,0.0025236953515559435
1.0,1,0.9846803545951843
1.0,1,0.9954289197921753
1.0,1,0.9993060827255249
1.0,1,0.9970875382423401
1.0,1,0.7753444314002991
1.0,1,0.9991481304168701
0.0,0,0.0007758521824143827
1.0,1,0.9998061060905457
0.0,0,0.0020569534972310066
1.0,1,0.999157190322876
0.0,0,0.0043708691373467445
1.0,1,0.9997138381004333
1.0,1,0.9880340695381165
0.0,0,0.00023407219850923866
0.0,0,0.16201727092266083
0.0,0,0.00022325856843963265
0.0,0,0.0006537171429954469
1.0,1,0.9981223940849304
1.0,1,0.985077440738678
0.0,0,0.08172467350959778
1.0,1,0.9999380111694336
0.0,0,0.0007378116133622825
0.0,0,0.004652810748666525
1.0,1,0.7299708724021912
0.0,0,0.0224694162607193
0.0,0,0.005650464911013842
1.0,1,0.9028424620628357
0.0,0,0.2961600124835968
0.0,0,0.012283719144761562
0.0,0,0.0007073342567309737
0.0,0,0.14876022934913635
1.0,1,0.9995278120040894
1.0,1,0.7810384035110474
1.0,1,0.9402633905410767
0.0,0,0.13664159178733826
0.0,0,0.07524681091308594
0.0,0,0.07400578260421753
1.0,0,0.285369873046875
0.0,1,0.5331417918205261
1.0,1,0.8020806908607483
0.0,0,0.301907479763031
0.0,0,0.1080898866057396
0.0,1,0.9508337378501892
1.0,1,0.9765358567237854
0.0,0,0.00024451216449961066
1.0,1,0.9999741315841675
0.0,0,0.004720669239759445
1.0,1,0.6084941625595093
0.0,0,0.000233888829825446
1.0,1,0.992219865322113
1.0,1,0.48445573449134827
0.0,0,0.0009532773983664811
1.0,1,0.973031759262085
1.0,0,0.005755930673331022
1.0,1,0.9988549947738647
1.0,1,0.9579417705535889
1.0,1,0.999859094619751
0.0,0,0.029127243906259537
0.0,0,0.369552880525589
0.0,0,0.0039407056756317616
0.0,0,0.002205169526860118
1.0,1,0.9481043219566345
1.0,1,0.5631895065307617
1.0,1,0.9124807715415955
1.0,1,0.893775224685669
0.0,0,0.38933923840522766
1.0,1,0.9974912405014038
0.0,0,0.0016626304714009166
0.0,0,0.003432551631703973
0.0,0,0.02471848577260971
0.0,0,0.003623874858021736
0.0,0,0.010151572525501251
0.0,0,0.00444349180907011
0.0,0,0.006390457972884178
0.0,0,0.025834733620285988
1.0,1,0.9595541954040527
0.0,1,0.5869057774543762
0.0,0,0.016396963968873024
0.0,0,0.002100014593452215
1.0,1,0.9869137406349182
0.0,0,0.015758544206619263
0.0,0,0.00284164329059422
0.0,0,0.0007755300030112267
1.0,1,0.9772336483001709
1.0,1,0.9585567116737366
0.0,0,0.0005408053402788937
0.0,0,0.003150064032524824
0.0,0,0.019738176837563515
1.0,1,0.9984866380691528
0.0,1,0.4150533378124237
0.0,0,3.3803215046646073e-05
1.0,1,0.9991318583488464
0.0,0,0.0037878139410167933
0.0,0,0.00013445103832054883
0.0,0,0.24610139429569244
0.0,0,0.007779243867844343
1.0,1,0.9989131689071655
0.0,1,0.8962948322296143
0.0,0,0.004552503582090139
1.0,0,0.3021784722805023
0.0,0,6.327600567601621e-05
1.0,1,0.959968090057373
1.0,1,0.5534785985946655
0.0,1,0.5962090492248535
0.0,0,0.0010017638560384512
0.0,0,0.0016171426977962255
0.0,0,0.0032299766317009926
0.0,0,0.004843967966735363
0.0,0,0.010944691486656666
1.0,0,0.16286642849445343
0.0,0,0.005342287477105856
1.0,1,0.9998331069946289
0.0,0,0.006326862145215273
0.0,0,0.3268115222454071
0.0,0,0.15547513961791992
1.0,1,0.9991340041160583
1.0,1,0.9996247291564941
0.0,0,0.06794707477092743
0.0,0,0.03753712773323059
0.0,0,0.0008321900968439877
0.0,0,0.0035393270663917065
0.0,0,0.0022950307466089725
0.0,0,0.003663506591692567
1.0,1,0.9694981575012207
0.0,0,0.00030106521444395185
0.0,0,0.0006362927379086614
0.0,0,0.00030412402702495456
0.0,0,0.028786974027752876
1.0,1,0.9970484375953674
1.0,1,0.995758593082428
0.0,0,0.007947440259158611
0.0,0,0.02166876383125782
0.0,0,0.0008449836750514805
1.0,1,0.9996999502182007
1.0,1,0.9999496936798096
1.0,1,0.9961313009262085
0.0,0,0.08301372826099396
1.0,1,0.9902106523513794
1.0,1,0.9896607398986816
0.0,0,0.00024732601013965905
0.0,0,0.1971375048160553
0.0,0,0.0001062246592482552
1.0,1,0.9980884194374084
1.0,1,0.998503565788269
0.0,0,0.00019344230531714857
0.0,0,0.0363827645778656
0.0,1,0.8205799460411072
0.0,0,0.030910948291420937
1.0,1,0.999799907207489
1.0,1,0.9999338388442993
0.0,0,0.16966305673122406
1.0,0,9.963554475689307e-05
0.0,0,9.474651596974581e-05
1.0,1,0.9985474944114685
0.0,0,0.0017615234246477485
1.0,1,0.9970597624778748
1.0,0,0.021100081503391266
0.0,0,0.003169808303937316
0.0,0,0.0002248483506264165
0.0,0,0.05216911807656288
0.0,0,0.24564805626869202
1.0,1,0.9923467636108398
0.0,0,0.02825744077563286
0.0,0,0.0009937207214534283
1.0,1,0.9995627999305725
1.0,1,0.999618649482727
0.0,0,0.00319075514562428
0.0,0,0.058057427406311035
1.0,1,0.6074075698852539
1.0,1,0.763771653175354
0.0,0,1.2315203093749005e-05
0.0,1,0.5461949706077576
1.0,1,0.9543675184249878
1.0,0,0.031537581235170364
1.0,0,0.07844346016645432
1.0,1,0.9145833849906921
0.0,0,0.0023657153360545635
0.0,0,0.00079230812843889
1.0,1,0.9868419766426086
0.0,0,0.0055684857070446014
0.0,0,0.0021412228234112263
1.0,0,0.38245439529418945
0.0,0,0.01639891043305397
0.0,0,0.3742678165435791
1.0,1,0.9682218432426453
1.0,1,0.7698051333427429
1.0,1,0.9998016953468323
0.0,0,0.28639158606529236
1.0,1,0.5939236879348755
0.0,0,0.0006496149580925703
0.0,0,0.0411594957113266
0.0,0,0.0003123631759081036
1.0,1,0.9911354780197144
0.0,0,0.009425411932170391
1.0,1,0.9964229464530945
0.0,0,0.22628125548362732
1.0,1,0.9314461946487427
0.0,0,0.012209990061819553
1.0,1,0.9843980669975281
1.0,1,0.9524098634719849
1.0,1,0.9991233944892883
1.0,1,0.7978148460388184
0.0,0,0.000622444087639451
0.0,0,0.0502193458378315
1.0,1,0.9968563318252563
0.0,0,0.0037684254348278046
0.0,1,0.414377361536026
0.0,0,0.06893371790647507
0.0,0,0.0001624306896701455
1.0,1,0.852776050567627
1.0,1,0.9487676620483398
1.0,0,0.021161112934350967
0.0,0,0.025457633659243584
0.0,0,0.01011116523295641
0.0,1,0.6448835730552673
0.0,0,0.025256697088479996
0.0,0,0.002716625574976206
0.0,0,0.010354495607316494
0.0,0,0.032872773706912994
0.0,0,0.0008857111679390073
0.0,0,0.027710435912013054
0.0,0,0.007148340344429016
0.0,0,0.013948021456599236
1.0,1,0.9823637008666992
0.0,0,0.0017346050590276718
1.0,1,0.999656081199646
1.0,1,0.9503494501113892
0.0,0,0.009623785503208637
1.0,1,0.9921718835830688
0.0,0,0.001364055904559791
0.0,0,0.0010168396402150393
1.0,1,0.9943680167198181
0.0,0,0.006287706084549427
1.0,1,0.9983298182487488
1.0,1,0.985908567905426
1.0,1,0.9999858140945435
1.0,1,0.9080197811126709
0.0,0,0.0009395820670761168
0.0,0,0.010601083748042583
1.0,1,0.9998475313186646
0.0,0,0.0005028802552260458
1.0,1,0.7373888492584229
0.0,0,0.08054518699645996
0.0,0,0.05112798511981964
1.0,1,0.991943359375
0.0,0,0.01426355168223381
0.0,0,0.1394224613904953
0.0,0,0.067193903028965
0.0,0,0.008143247105181217
0.0,0,0.12235982716083527
0.0,0,0.0002028515300480649
1.0,1,0.9036550521850586
0.0,0,0.015430795028805733
0.0,0,0.005694513209164143
1.0,1,0.9987776875495911
0.0,0,0.0679459273815155
1.0,1,0.9750341773033142
1.0,1,0.9977009892463684
1.0,1,0.9072868227958679
0.0,0,0.048788513988256454
0.0,0,0.25916582345962524
0.0,0,0.004401535727083683
0.0,0,0.38432589173316956
0.0,0,0.08701147884130478
1.0,1,0.9762208461761475
0.0,0,0.0010203506099060178
1.0,1,0.9958624839782715
0.0,1,0.586107611656189
1.0,1,0.994537889957428
1.0,1,0.999637246131897
0.0,1,0.8497183918952942
0.0,0,0.0009849144844338298
0.0,0,0.004919307306408882
0.0,0,0.041464947164058685
0.0,0,0.0015286869602277875
0.0,0,0.002467573154717684
0.0,0,0.012446435168385506
0.0,0,0.3801616132259369
1.0,1,0.9248282313346863
1.0,1,0.9947919249534607
1.0,1,0.9995473027229309
0.0,0,0.0030250409618020058
0.0,0,1.6409301679232158e-05
1.0,1,0.9981487989425659
0.0,0,0.0010799005394801497
1.0,0,0.008874701336026192
1.0,1,0.9955079555511475
0.0,0,0.0011135739041492343
0.0,0,0.00831051915884018
1.0,1,0.9991163611412048
0.0,0,0.01572834514081478
1.0,1,0.9687098860740662
1.0,1,0.999614953994751
1.0,1,0.9969876408576965
1.0,1,0.9778583645820618
0.0,0,0.03076854534447193
1.0,1,0.9998563528060913
0.0,0,0.0003200738865416497
0.0,0,0.0035600890405476093
0.0,1,0.9970703125
0.0,0,0.1802150458097458
0.0,0,0.20440739393234253
0.0,0,0.22080151736736298
1.0,1,0.6934100985527039
0.0,0,0.00988285057246685
1.0,1,0.9977935552597046
1.0,1,0.9871550798416138
1.0,0,0.30214861035346985
0.0,0,0.0604589581489563
1.0,1,0.9997455477714539
1.0,1,0.9915264248847961
0.0,0,0.002449245657771826
0.0,0,0.0004960184451192617
0.0,0,0.04305547848343849
1.0,1,0.9843440055847168
0.0,0,0.00042267280514352024
0.0,1,0.9723396897315979
0.0,0,0.0021712540183216333
0.0,0,0.24163927137851715
1.0,1,0.9998806715011597
1.0,1,0.8164498805999756
0.0,0,0.0049935439601540565
0.0,0,0.009715117514133453
1.0,1,0.9709605574607849
0.0,0,0.0019902398344129324
0.0,1,0.9876628518104553
0.0,0,0.0003899189177900553
0.0,0,3.1369647786050336e-06
0.0,0,0.0005696843727491796
1.0,1,0.999207079410553
0.0,0,0.0007491608266718686
0.0,0,0.013240682892501354
0.0,0,0.00655137887224555
0.0,0,0.013769341632723808
1.0,1,0.8808240294456482
0.0,0,0.001839899574406445
1.0,1,0.9966534972190857
0.0,1,0.6125723123550415
1.0,1,0.8007262945175171
0.0,0,0.0038861227221786976
0.0,0,0.04004228115081787
0.0,0,0.00021465633471962065
0.0,0,1.2201317986182403e-05
0.0,1,0.5822429060935974
0.0,0,0.08552667498588562
0.0,0,0.002364685758948326
0.0,0,0.009095118381083012
0.0,0,0.013924890197813511
0.0,0,0.015731623396277428
1.0,1,0.39871397614479065
1.0,1,0.9951752424240112
0.0,1,0.9686847925186157
0.0,1,0.6188761591911316
0.0,0,0.02366851456463337
0.0,0,0.0005703198257833719
1.0,1,0.9910457730293274
0.0,0,0.04720830172300339
1.0,1,0.9999865293502808
0.0,0,0.0013806195929646492
1.0,1,0.9941761493682861
1.0,1,0.9895911812782288
0.0,0,0.01562855951488018
0.0,0,0.09648768603801727
0.0,0,3.55258489435073e-05
1.0,1,0.9997456669807434
1.0,0,0.2168082296848297
0.0,0,0.00018420719425193965
1.0,1,0.9985231757164001
1.0,0,0.3870464265346527
0.0,0,7.971944432938471e-05
0.0,0,0.0003980071924161166
1.0,0,0.29702937602996826
0.0,0,0.32913145422935486
0.0,0,0.015294571407139301
0.0,0,0.0001232111535500735
0.0,0,0.06154736876487732
1.0,1,0.9947583079338074
0.0,0,0.0003450220392551273
0.0,0,0.009108259342610836
1.0,1,0.995414137840271
0.0,0,0.12368170917034149
0.0,0,0.010831080377101898
1.0,1,0.9990955591201782
0.0,0,0.013756921514868736
0.0,1,0.4170377254486084
1.0,1,0.9990193843841553
0.0,0,0.027978897094726562
1.0,1,0.5828111171722412
1.0,1,0.9996790885925293
0.0,0,0.0002901506086345762
1.0,1,0.9999538660049438
0.0,0,0.011533905752003193
0.0,0,0.009463096037507057
1.0,1,0.49482908844947815
0.0,0,0.15651443600654602
1.0,1,0.9971991777420044
0.0,0,0.003178094979375601
1.0,1,0.9880644679069519
0.0,0,0.0005862016696482897
1.0,1,0.9994137287139893
0.0,0,0.005438006017357111
0.0,1,0.9886017441749573
1.0,1,0.9999866485595703
0.0,0,0.0018455322133377194
0.0,0,0.32406851649284363
1.0,1,0.96683269739151
1.0,1,0.9998668432235718
0.0,0,0.1858491748571396
0.0,0,0.003954370506107807
0.0,0,0.01755440980195999
0.0,0,0.0011005359701812267
0.0,0,0.025155141949653625
1.0,1,0.9192662835121155
0.0,0,0.0012468867935240269
0.0,0,0.14554019272327423
0.0,0,0.00017827929696068168
1.0,1,0.9999775886535645
0.0,0,0.0002077604440273717
1.0,0,0.07219453155994415
0.0,0,0.008383318781852722
0.0,0,0.0028551623690873384
1.0,1,0.9886162877082825
1.0,1,0.53826504945755
0.0,0,0.014475056901574135
0.0,0,2.127699008269701e-05
0.0,1,0.9093097448348999
0.0,0,0.0014717774465680122
1.0,1,0.9998173117637634
1.0,1,0.9977589845657349
0.0,0,0.0024171164259314537
1.0,1,0.9995317459106445
1.0,1,0.9988239407539368
0.0,0,0.0004654488293454051
1.0,1,0.9737104177474976
1.0,1,0.7909557223320007
0.0,0,0.00014401947555597872
0.0,0,0.005050795618444681
1.0,1,0.9990847110748291
1.0,1,0.8884377479553223
0.0,0,0.007842669263482094
0.0,1,0.5599900484085083
0.0,0,0.38396066427230835
0.0,0,0.006619191728532314
0.0,0,0.002986024133861065
0.0,0,7.484836532967165e-05
0.0,0,2.0066308934474364e-05
1.0,0,0.017811421304941177
0.0,0,0.0001805678039090708
0.0,0,0.0010251192143186927
1.0,1,0.9954250454902649
0.0,0,0.0006841338472440839
0.0,0,0.04167483374476433
0.0,0,0.0044740005396306515
0.0,0,0.004528100602328777
1.0,1,0.9963933825492859
0.0,0,0.004788869991898537
0.0,0,3.900067531503737e-05
0.0,0,0.0003470609663054347
0.0,1,0.8678727149963379
0.0,0,0.0031336781103163958
1.0,0,0.001973545178771019
1.0,1,0.7064564824104309
0.0,0,0.07159557193517685
0.0,0,0.0014022933319211006
0.0,0,0.013072286732494831
0.0,0,4.091728260391392e-05
0.0,0,0.003484955755993724
1.0,1,0.9950665235519409
1.0,1,0.9932758808135986
0.0,0,0.002146944170817733
1.0,1,0.9977341890335083
0.0,0,0.018828680738806725
0.0,0,0.041710738092660904
0.0,0,0.006365729961544275
0.0,0,0.05370502918958664
1.0,1,0.9981548190116882
1.0,1,0.5275571942329407
1.0,1,0.999658465385437
1.0,1,0.9993645548820496
0.0,0,0.0002062084386125207
0.0,0,0.0015867097536101937
0.0,1,0.6968145370483398
0.0,0,0.01222487073391676
1.0,1,0.7268630862236023
1.0,0,0.29649674892425537
1.0,1,0.6422445774078369
0.0,0,0.29139935970306396
0.0,0,0.33385151624679565
0.0,1,0.5263188481330872
0.0,0,0.20268087089061737
1.0,1,0.9859666228294373
1.0,1,0.9963864088058472
1.0,1,0.9984381794929504
1.0,1,0.9999476671218872
0.0,0,0.09510567039251328
1.0,1,0.9992454051971436
0.0,0,0.00963815301656723
1.0,1,0.996508777141571
1.0,1,0.9772980213165283
0.0,1,0.999421238899231
0.0,1,0.9110748767852783
0.0,0,0.001471682800911367
0.0,0,0.01311508473008871
0.0,0,0.006521761417388916
1.0,1,0.9926114678382874
0.0,0,0.0037160746287554502
0.0,0,0.0013344129547476768
0.0,0,0.176758274435997
1.0,0,0.0010047225514426827
1.0,1,0.8221285939216614
0.0,0,0.0006574299768544734
1.0,1,0.9838465452194214
0.0,0,9.58986347541213e-05
1.0,1,0.9993559718132019
0.0,0,0.003286862513050437
1.0,1,0.46006420254707336
1.0,1,0.997998058795929
0.0,0,8.291935228044167e-05
0.0,0,0.37781625986099243
1.0,1,0.9978765249252319
0.0,0,0.0011244826018810272
1.0,1,0.9094401597976685
0.0,0,0.008233967237174511
1.0,1,0.9988642930984497
1.0,1,0.998446524143219
0.0,0,0.1166723296046257
1.0,1,0.9588205814361572
1.0,1,0.5437946319580078
1.0,1,0.9652684926986694
1.0,1,0.9996066689491272
1.0,1,0.9857090711593628
0.0,0,0.04579419270157814
0.0,0,0.002862380351871252
0.0,0,0.12508517503738403
0.0,0,0.002231448423117399
1.0,1,0.9991834759712219
1.0,1,0.9738093614578247
1.0,0,0.2856391668319702
1.0,1,0.6317745447158813
0.0,0,0.0020591404754668474
0.0,0,0.05642370134592056
1.0,1,0.9998512268066406
0.0,0,0.0057585397735238075
0.0,0,0.27883508801460266
0.0,0,0.14989052712917328
0.0,0,0.0030688229016959667
0.0,0,0.0024917544797062874
1.0,1,0.9445151090621948
1.0,1,0.9935989379882812
0.0,0,0.00026313969283364713
0.0,0,0.001992363715544343
1.0,1,0.6902236938476562
0.0,0,0.00017276320431847125
0.0,0,0.00022692151833325624
0.0,0,7.162007386796176e-05
1.0,1,0.9970428347587585
1.0,0,0.03074226900935173
0.0,0,0.0019217903027310967
1.0,1,0.9852777123451233
1.0,1,0.6825920939445496
1.0,1,0.8807926177978516
1.0,1,0.9998003840446472
0.0,0,0.11890223622322083
0.0,0,0.010283700190484524
0.0,0,0.02821737714111805
0.0,0,0.0010788264917209744
1.0,0,0.06349629908800125
0.0,0,9.285566920880228e-05
1.0,1,0.9997598528862
1.0,1,0.9765855073928833
0.0,0,0.0009694271720945835
0.0,0,0.05010421574115753
1.0,0,0.07928123325109482
1.0,1,0.9965247511863708
0.0,0,0.32881399989128113
1.0,1,0.9459607601165771
1.0,1,0.9755093455314636
0.0,0,0.014473648741841316
0.0,0,0.07629570364952087
0.0,0,0.16515423357486725
0.0,0,0.0011111028725281358
0.0,0,0.02001425437629223
0.0,0,0.0015160605544224381
0.0,1,0.9844189286231995
0.0,0,0.00485567469149828
1.0,1,0.9971893429756165
0.0,0,1.7292581105721183e-05
0.0,1,0.9277112483978271
1.0,1,0.9786645770072937
0.0,0,4.840386736759683e-06
0.0,0,0.0020929768215864897
1.0,1,0.9982153177261353
0.0,0,0.0028520040214061737
0.0,0,0.0037488846573978662
1.0,1,0.9998797178268433
1.0,1,0.9282829165458679
0.0,0,0.10231650620698929
1.0,1,0.9964904189109802
1.0,1,0.9971423745155334
0.0,1,0.5670337080955505
1.0,1,0.9999972581863403
1.0,1,0.9987242817878723
0.0,0,0.0015042581362649798
0.0,0,0.010308286175131798
0.0,0,0.004908113274723291
0.0,0,0.23199890553951263
0.0,0,0.002323182299733162
0.0,0,0.0009771176846697927
0.0,0,0.03729426860809326
0.0,0,0.0005070683546364307
1.0,1,0.9449539184570312
0.0,0,0.1257907897233963
0.0,0,0.0014125105226412416
1.0,1,0.9989088773727417
1.0,1,0.999906063079834
1.0,1,0.9722183346748352
0.0,0,0.0013768249191343784
0.0,0,0.00035764064523391426
1.0,1,0.9999680519104004
0.0,0,0.05411602556705475
0.0,0,0.026724787428975105
0.0,0,7.505814573960379e-05
0.0,0,0.028425022959709167
0.0,0,0.010895845480263233
0.0,0,0.0016650296747684479
1.0,1,0.9979984164237976
0.0,0,0.0030688506085425615
1.0,1,0.9747312068939209
0.0,0,0.20507818460464478
1.0,1,0.9997968077659607
0.0,0,0.0006817887770012021
0.0,0,0.20144023001194
0.0,0,0.2211582362651825
0.0,0,0.009074479341506958
0.0,0,0.003911773674190044
0.0,1,0.6764627695083618
0.0,0,0.0017524117138236761
0.0,1,0.9551605582237244
1.0,1,0.9998745918273926
1.0,1,0.4950072765350342
0.0,0,0.0023598368279635906
0.0,0,0.0007376215071417391
1.0,1,0.5210039615631104
0.0,0,0.11279551684856415
0.0,0,0.051330387592315674
1.0,1,0.9986538887023926
0.0,0,0.01778338849544525
0.0,0,0.00012590830738190562
0.0,0,0.0049176593311131
0.0,0,0.02794487774372101
1.0,1,0.9993900060653687
1.0,1,0.9862335920333862
0.0,1,0.6333550810813904
1.0,1,0.9987350106239319
0.0,0,0.005503471940755844
0.0,0,0.028387803584337234
1.0,1,0.9946476817131042
0.0,0,0.0012335029896348715
0.0,0,0.007554763462394476
1.0,1,0.805931806564331
0.0,0,0.0003546214138623327
0.0,0,0.010414214804768562
0.0,0,0.017189664766192436
0.0,0,0.047301288694143295
0.0,0,0.0032779548782855272
0.0,0,0.0003473482793197036
0.0,0,0.048773761838674545
1.0,1,0.9998124241828918
1.0,0,0.0840739831328392
0.0,0,0.0025224764831364155
1.0,1,0.9838553071022034
0.0,0,0.003234393196180463
0.0,0,0.07295109331607819
1.0,1,0.9992732405662537
0.0,0,0.0027121813036501408
0.0,0,0.08060611039400101
0.0,0,0.03835087642073631
0.0,0,0.0007416684529744089
0.0,0,0.08079012483358383
0.0,0,0.00013327492342796177
1.0,1,0.6660334467887878
1.0,1,0.999996542930603
1.0,1,0.9996280670166016
1.0,1,0.9998718500137329
1.0,1,0.9870755076408386
1.0,1,0.9994994401931763
0.0,0,0.0008736772579140961
0.0,0,0.008590682409703732
1.0,1,0.6321514248847961
0.0,0,0.0016681666020303965
0.0,0,0.002121146535500884
1.0,1,0.9999673366546631
1.0,1,0.9999914169311523
0.0,0,0.0006027666968293488
0.0,0,0.3900192081928253
1.0,1,0.9981666803359985
0.0,1,0.9697523713111877
0.0,0,0.0003200784558430314
1.0,1,0.9864158630371094
1.0,0,0.0014932779595255852
0.0,0,0.001279509742744267
1.0,1,0.9991903901100159
1.0,1,0.7825726866722107
1.0,0,0.025439463555812836
1.0,1,0.9857860207557678
1.0,0,0.08893398940563202
0.0,1,0.45329296588897705
1.0,1,0.9998764991760254
0.0,0,0.09895253926515579
0.0,1,0.6573795676231384
0.0,0,0.0010874309809878469
0.0,0,0.0002225922216894105
1.0,1,0.9993727803230286
0.0,0,0.020844703540205956
0.0,0,6.401438440661877e-05
0.0,0,0.07176021486520767
0.0,0,7.364946213783696e-05
1.0,1,0.9898905754089355
1.0,1,0.9995792508125305
1.0,1,0.9987545013427734
1.0,1,0.99998939037323
1.0,1,0.9999839067459106
1.0,1,0.9688917994499207
1.0,1,0.9243540167808533
1.0,1,0.9970589876174927
1.0,1,0.9993109703063965
1.0,1,0.9995779395103455
1.0,1,0.9976587295532227
0.0,0,0.0003275012131780386
0.0,0,8.561116555938497e-05
1.0,1,0.837275505065918
0.0,0,0.0019320226274430752
1.0,1,0.999931812286377
0.0,0,0.0002452957851346582
1.0,1,0.9946381449699402
1.0,1,0.8710599541664124
0.0,0,0.00010837223089765757
0.0,0,0.0011003677500411868
1.0,0,0.042448703199625015
0.0,0,0.004597362130880356
0.0,0,0.0032282669562846422
1.0,1,0.9996720552444458
0.0,0,0.07257627695798874
1.0,1,0.9946780204772949
0.0,0,0.03639654070138931
0.0,0,0.3896605968475342
0.0,0,0.021130358800292015
1.0,1,0.9880110621452332
1.0,0,0.011986291036009789
0.0,0,0.000909771304577589
0.0,0,0.02101498655974865
0.0,0,0.053301408886909485
1.0,1,0.9737895727157593
0.0,0,0.0448114387691021
1.0,1,0.9904779195785522
1.0,1,0.9920675754547119
0.0,1,0.7841875553131104
1.0,1,0.9934772253036499
0.0,0,0.07075650990009308
0.0,0,0.0012769178720191121
0.0,0,0.0183305311948061
1.0,1,0.9990237951278687
0.0,0,0.0031734579242765903
1.0,1,0.9999710321426392
0.0,0,0.005971577018499374
0.0,0,0.0448923297226429
0.0,0,0.00020379720081109554
0.0,0,0.025572996586561203
0.0,0,0.0006516366847790778
0.0,0,0.001084206160157919
0.0,0,5.8208224800182506e-05
0.0,1,0.6428452134132385
0.0,0,0.15575389564037323
1.0,1,0.7915842533111572
1.0,1,0.9368330240249634
1.0,1,0.9950704574584961
1.0,1,0.8450126051902771
1.0,1,0.9999246597290039
1.0,1,0.9155144691467285
1.0,1,0.9609171748161316
1.0,0,0.3301534354686737
0.0,1,0.42834460735321045
0.0,0,0.0030780083034187555
1.0,1,0.9906744360923767
1.0,1,0.9215444326400757
0.0,0,0.0003119792672805488
0.0,0,1.9004963178304024e-05
1.0,1,0.9907129406929016
0.0,0,0.1255466789007187
0.0,0,5.475804573507048e-05
1.0,1,0.7932866215705872
1.0,1,0.9986716508865356
1.0,1,0.9711475968360901
0.0,0,0.000514685467351228
0.0,0,0.0018144067144021392
1.0,1,0.9979300498962402
0.0,0,0.0025457842275500298
1.0,1,0.8726482391357422
1.0,0,0.15835051238536835
1.0,0,0.11893066763877869
0.0,0,0.00037060168688185513
1.0,1,0.9769623279571533
0.0,0,0.0028335184324532747
1.0,1,0.9999686479568481
1.0,0,0.002960784360766411
1.0,1,0.9533969759941101
1.0,1,0.9993916749954224
1.0,1,0.95360267162323
1.0,1,0.99406498670578
0.0,0,0.0005477927625179291
1.0,1,0.9248722791671753
1.0,1,0.9998480081558228
1.0,1,0.9995588660240173
1.0,1,0.5908495783805847
0.0,0,0.006370768416672945
0.0,0,0.03768739476799965
1.0,1,0.6121397614479065
0.0,0,0.2855754494667053
1.0,1,0.5640575885772705
0.0,0,0.03112875670194626
0.0,0,0.0001339821028523147
0.0,0,0.005893755704164505
0.0,0,0.0033772767055779696
0.0,1,0.6671292185783386
1.0,1,0.9981670379638672
0.0,0,0.020515931770205498
0.0,0,0.02619948796927929
1.0,1,0.9989400506019592
0.0,0,0.06303834170103073
1.0,0,0.2015560269355774
0.0,0,0.03562711924314499
1.0,1,0.9910483956336975
0.0,0,3.994135477114469e-05
1.0,1,0.9852533936500549
0.0,0,0.20994295179843903
0.0,0,0.02185671776533127
0.0,0,0.01160777360200882
0.0,0,0.002702459692955017
0.0,0,0.12657837569713593
0.0,0,4.523909410636406e-06
0.0,0,3.90792301914189e-05
1.0,1,0.9996905326843262
0.0,1,0.4964649975299835
0.0,0,0.1829715073108673
0.0,0,0.1763155609369278
1.0,1,0.9995948672294617
1.0,1,0.9942525029182434
1.0,1,0.8728088140487671
0.0,0,1.6434076314908452e-05
0.0,0,0.0037573319859802723
0.0,0,0.0022441584151238203
0.0,0,0.11499148607254028
0.0,0,0.08848485350608826
0.0,0,0.0007743372698314488
1.0,1,0.9991973042488098
0.0,0,0.0020646858029067516
0.0,0,0.0007193313795141876
0.0,0,0.00035025321994908154
0.0,0,0.0076086451299488544
1.0,1,0.9818320274353027
1.0,1,0.9913773536682129
0.0,0,7.194947102107108e-05
1.0,1,0.9995594620704651
0.0,0,0.023847755044698715
1.0,1,0.9903665781021118
0.0,0,0.05259266868233681
0.0,0,0.13848328590393066
1.0,1,0.9961825013160706
1.0,0,0.04674529656767845
1.0,0,0.32604172825813293
0.0,1,0.9486986398696899
1.0,1,0.9233084321022034
1.0,1,0.9985866546630859
1.0,1,0.7035982608795166
0.0,0,0.0019650354515761137
0.0,1,0.9856218695640564
0.0,0,0.0060010068118572235
1.0,0,0.0952724739909172
1.0,1,0.9533567428588867
0.0,0,0.05564657971262932
0.0,1,0.9996300935745239
0.0,0,0.11188733577728271
1.0,1,0.9539044499397278
0.0,0,0.0012643858790397644
0.0,0,0.0030734187457710505
0.0,0,0.027175383642315865
0.0,0,0.0009692379389889538
1.0,0,0.341437965631485
1.0,1,0.9989386200904846
1.0,1,0.9328097701072693
1.0,1,0.9996052384376526
0.0,1,0.5396600365638733
0.0,0,0.06356953829526901
0.0,0,0.000391764217056334
0.0,0,0.009249947965145111
1.0,1,0.9997963309288025
1.0,1,0.9238436818122864
1.0,1,0.9884538054466248
1.0,0,0.2432631105184555
1.0,1,0.9986830353736877
0.0,0,0.3317415416240692
1.0,1,0.9905912280082703
0.0,0,0.0028367594350129366
0.0,0,0.37610623240470886
0.0,0,0.0007824736530892551
0.0,0,1.305351634073304e-05
1.0,1,0.9981563687324524
0.0,0,0.10850222408771515
0.0,0,0.25693923234939575
0.0,0,0.004560672212392092
1.0,0,0.19727294147014618
1.0,1,0.9176086783409119
1.0,1,0.9889389276504517
0.0,0,0.020210104063153267
1.0,1,0.9819022417068481
1.0,1,0.8230128884315491
1.0,1,0.8438725471496582
0.0,0,0.0018354003550484776
0.0,0,0.003037939080968499
1.0,1,0.9270771741867065
1.0,0,0.3014233708381653
1.0,1,0.9125078320503235
1.0,1,0.998989999294281
0.0,1,0.7707703113555908
1.0,1,0.8893116116523743
1.0,1,0.9930425882339478
0.0,0,0.01316666416823864
1.0,1,0.9974188804626465
1.0,1,0.7940689325332642
1.0,1,0.7318220734596252
1.0,1,0.9783731698989868
1.0,1,0.9506059288978577
1.0,1,0.997563362121582
1.0,1,0.6482152342796326
0.0,0,0.0009642264922149479
0.0,0,0.027842827141284943
0.0,1,0.5844321846961975
1.0,1,0.9964485168457031
0.0,0,0.21561890840530396
1.0,1,0.9999704360961914
0.0,1,0.7358716130256653
1.0,1,0.9997628331184387
1.0,1,0.9985389709472656
0.0,0,0.0037744881119579077
0.0,0,0.0013055221643298864
1.0,1,0.9990313053131104
1.0,1,0.9979292154312134
1.0,1,0.997348427772522
0.0,0,0.016260595992207527
0.0,1,0.9252083897590637
0.0,0,0.0007687938632443547
1.0,1,0.9601894617080688
1.0,1,0.9807398319244385
0.0,0,0.10443894565105438
1.0,1,0.9999649524688721
1.0,0,0.035467151552438736
0.0,0,7.052928413031623e-05
0.0,1,0.5443004369735718
1.0,1,0.9478150010108948
0.0,0,0.003132549347355962
1.0,1,0.9990774393081665
1.0,1,0.9651705622673035
0.0,0,0.0015939644072204828
1.0,1,0.871472954750061
1.0,1,0.9055530428886414
0.0,0,0.01277814619243145
0.0,0,0.1501362919807434
0.0,0,0.006701837293803692
1.0,0,0.25833454728126526
0.0,0,0.00043258900404907763
0.0,0,0.0014828183921054006
0.0,0,0.03518977761268616
1.0,1,0.9993268251419067
0.0,0,0.004188110586255789
0.0,0,0.3575647473335266
0.0,0,0.09211794286966324
1.0,1,0.9068810343742371
0.0,0,0.04752882197499275
1.0,0,0.016736777499318123
1.0,1,0.9997634291648865
1.0,1,0.9980922341346741
1.0,0,0.2614094018936157
1.0,1,0.5323023200035095
1.0,0,0.025345712900161743
1.0,1,0.9889121055603027
1.0,1,0.9964350461959839
0.0,0,0.0015526415081694722
0.0,0,5.457027509692125e-05
1.0,1,0.9993853569030762
0.0,0,0.06801670044660568
0.0,0,0.07995042204856873
0.0,0,4.819613241124898e-05
1.0,1,0.9702935814857483
0.0,0,0.013059643097221851
0.0,0,0.00032620836282148957
1.0,0,0.04870108887553215
1.0,1,0.9788262844085693
1.0,1,0.9999885559082031
1.0,1,0.966198205947876
0.0,0,0.00037495000287890434
0.0,1,0.9911702871322632
0.0,1,0.43960168957710266
1.0,1,0.9999933242797852
0.0,0,0.0009892663219943643
1.0,1,0.9895861744880676
0.0,0,0.006157096475362778
0.0,0,0.1099749282002449
1.0,1,0.9996607303619385
1.0,1,0.9977520108222961
0.0,0,0.006767227780073881
0.0,0,0.06609854847192764
0.0,0,9.390068589709699e-05
0.0,1,0.49114078283309937
1.0,1,0.9817540049552917
0.0,0,0.019966036081314087
0.0,0,0.00015126029029488564
0.0,0,0.03466594219207764
1.0,1,0.9993232488632202
1.0,0,0.34261515736579895
1.0,1,0.8150165677070618
0.0,0,0.0009373637149110436
0.0,0,0.003106693271547556
1.0,1,0.9996547698974609
0.0,0,0.07795655727386475
0.0,0,8.504987636115402e-05
0.0,0,0.14434683322906494
0.0,0,0.009126904420554638
0.0,0,0.07711140066385269
0.0,0,0.0012264199322089553
0.0,0,0.04280712828040123
0.0,0,0.0004229160549584776
0.0,0,0.029958058148622513
1.0,1,0.9981999397277832
1.0,1,0.9991880059242249
1.0,1,0.9986416697502136
1.0,1,0.9957626461982727
0.0,0,0.0005654629785567522
0.0,0,0.0009892573580145836
0.0,0,0.0014911097241565585
0.0,0,0.01813904382288456
0.0,0,0.12777386605739594
0.0,0,0.0009758580126799643
0.0,1,0.626956582069397
0.0,0,0.002299848711118102
0.0,0,0.005765928886830807
0.0,0,0.02904334105551243
0.0,0,6.291733734542504e-05
0.0,0,0.338140070438385
0.0,1,0.9994404911994934
1.0,1,0.9852472543716431
1.0,1,0.9478431344032288
1.0,1,0.7932462096214294
0.0,0,0.00011119419650640339
1.0,1,0.9852221608161926
0.0,0,0.0002854365448001772
0.0,1,0.7538186311721802
0.0,0,0.009565929882228374
1.0,1,0.9991257786750793
0.0,0,0.3607477843761444
0.0,0,0.11139461398124695
1.0,1,0.9957230091094971
1.0,1,0.6525362730026245
1.0,1,0.9985204339027405
0.0,0,0.02508041448891163
1.0,1,0.9995014667510986
0.0,0,0.03138245642185211
1.0,1,0.998235821723938
1.0,1,0.9213557839393616
0.0,0,0.08926648646593094
1.0,1,0.8327571749687195
0.0,0,0.0012400132836773992
1.0,1,0.863866925239563
1.0,1,0.9996094107627869
0.0,1,0.41972026228904724
0.0,1,0.46788346767425537
1.0,1,0.9186152219772339
1.0,1,0.99751877784729
0.0,0,0.01844899356365204
0.0,1,0.4869394302368164
0.0,0,6.038167339283973e-05
0.0,0,0.0008047946030274034
0.0,1,0.9354783296585083
0.0,0,0.02883118763566017
0.0,0,0.0006341480766423047
1.0,1,0.9703303575515747
0.0,0,0.3708764612674713
1.0,1,0.9409165382385254
0.0,0,7.723967428319156e-05
0.0,0,0.18992289900779724
0.0,0,0.059266187250614166
0.0,0,0.009395643137395382
0.0,0,0.293273001909256
0.0,0,0.03197312355041504
1.0,1,0.9968627691268921
0.0,0,0.006429677829146385
1.0,0,0.19824568927288055
0.0,0,0.36712026596069336
0.0,0,0.0004503460368141532
0.0,0,0.0006038181600160897
1.0,1,0.9947680234909058
0.0,0,0.005480464547872543
0.0,0,0.0205380842089653
0.0,0,0.3406406044960022
0.0,1,0.5058901906013489
0.0,0,0.011555436998605728
1.0,1,0.99859219789505
0.0,0,0.16106492280960083
0.0,1,0.605488121509552
0.0,0,0.0006425146129913628
1.0,1,0.9747332334518433
0.0,0,0.005371258594095707
0.0,0,0.2521756887435913
0.0,0,0.0021180855110287666
1.0,1,0.9658969044685364
1.0,1,0.9983464479446411
0.0,0,1.3873457646695897e-05
0.0,0,0.12586809694766998
0.0,0,0.001609139610081911
0.0,1,0.9453383088111877
0.0,0,0.0004492970183491707
1.0,0,0.25840872526168823
1.0,1,0.9861765503883362
0.0,0,0.0002747245889622718
1.0,1,0.9999321699142456
1.0,0,0.05507521331310272
0.0,0,0.00034176031476818025
0.0,0,0.00012225347745697945
1.0,1,0.9993205070495605
0.0,1,0.5693316459655762
1.0,1,0.9997410178184509
1.0,1,0.9999943971633911
1.0,1,0.9999200105667114
1.0,1,0.7228615880012512
1.0,1,0.9430038928985596
1.0,1,0.9277541041374207
1.0,1,0.9992586970329285
1.0,1,0.9930323362350464
0.0,1,0.7968565225601196
1.0,1,0.9954304695129395
0.0,1,0.9946880340576172
0.0,1,0.6144897937774658
0.0,0,0.003309159306809306
1.0,1,0.9999254941940308
0.0,0,0.005269770510494709
0.0,0,0.000648588000331074
1.0,1,0.8569598197937012
1.0,1,0.9998070597648621
1.0,1,0.9985843896865845
0.0,1,0.8864058256149292
0.0,1,0.6110846400260925
0.0,0,0.010489565320312977
1.0,1,0.41304904222488403
1.0,1,0.9945989847183228
0.0,0,2.6498626539250836e-05
0.0,1,0.4657110869884491
0.0,0,0.00030012751813046634
1.0,1,0.9983227849006653
1.0,1,0.9966955184936523
0.0,0,0.0005187473143450916
1.0,1,0.9267651438713074
1.0,1,0.9998840093612671
0.0,0,0.016036804765462875
1.0,1,0.997812032699585
0.0,0,0.0005143421585671604
0.0,0,0.008336551487445831
1.0,1,0.9933953881263733
0.0,0,0.01576893962919712
1.0,1,0.7532057762145996
1.0,1,0.9985558390617371
1.0,1,0.8517065644264221
0.0,0,0.02812051773071289
1.0,1,0.998228132724762
1.0,1,0.9981570839881897
0.0,0,0.16346700489521027
0.0,0,0.00946631096303463
1.0,1,0.9995527863502502
1.0,1,0.9987748265266418
1.0,1,0.9882212281227112
1.0,1,0.9612693190574646
1.0,1,0.978274405002594
0.0,0,0.0021921112202107906
1.0,0,0.25433245301246643
1.0,1,0.9981734752655029
1.0,1,0.9998594522476196
0.0,0,0.0008275955333374441
1.0,1,0.8604814410209656
0.0,0,0.23938730359077454
0.0,0,0.00014521766570396721
0.0,0,0.007667957339435816
0.0,0,0.006860522087663412
0.0,0,0.0018558045849204063
0.0,0,0.346084326505661
0.0,0,0.0021719145588576794
1.0,0,0.06612058728933334
1.0,1,0.9989504814147949
0.0,0,0.06145233288407326
0.0,0,0.010614531114697456
0.0,1,0.46242058277130127
1.0,0,0.0005652680993080139
0.0,0,0.193526953458786
0.0,1,0.9342683553695679
0.0,0,0.0017241578316316009
0.0,0,0.0001121839159168303
0.0,0,0.01518215425312519
1.0,1,0.8535788655281067
0.0,0,0.00026760168839246035
1.0,1,0.9230638742446899
1.0,1,0.962307333946228
0.0,0,0.0034387691412121058
0.0,0,0.000772622530348599
0.0,0,0.2231125682592392
0.0,0,0.39462995529174805
0.0,0,0.013382073491811752
0.0,0,0.012442111037671566
0.0,0,0.030615156516432762
1.0,1,0.7198723554611206
0.0,0,0.002319585531949997
0.0,0,0.020495425909757614
0.0,0,0.2641496956348419
0.0,0,0.24352912604808807
1.0,1,0.9989668130874634
0.0,0,0.002111587906256318
0.0,0,2.0592586224665865e-05
0.0,1,0.4259062111377716
1.0,1,0.9163716435432434
0.0,0,0.0012419908307492733
0.0,0,0.024261338636279106
0.0,0,0.15169072151184082
1.0,0,0.1422206461429596
0.0,0,0.012939764186739922
1.0,1,0.9826052188873291
0.0,0,0.06019455939531326
1.0,1,0.9999728202819824
1.0,1,0.8854004740715027
1.0,1,0.9593582153320312
0.0,1,0.8566744923591614
0.0,0,0.11715569347143173
0.0,0,0.06367789208889008
0.0,0,0.0002583349996712059
0.0,0,0.008848952129483223
0.0,0,0.00023849803255870938
0.0,0,0.002020585350692272
1.0,1,0.9493235945701599
1.0,1,0.9999921321868896
1.0,0,0.297068327665329
0.0,1,0.5682508945465088
1.0,1,0.9340783357620239
1.0,1,0.981691837310791
0.0,1,0.9409997463226318
0.0,0,1.5566251022391953e-05
0.0,0,0.004835126921534538
1.0,1,0.9695181250572205
1.0,1,0.99268639087677
1.0,1,0.9887386560440063
1.0,1,0.9987481832504272
1.0,0,0.08560403436422348
1.0,1,0.9995731711387634
0.0,0,0.0005206986679695547
0.0,0,3.524081193972961e-06
1.0,0,0.08407355844974518
1.0,1,0.9941799640655518
0.0,0,0.0053580026142299175
0.0,0,0.04776811599731445
1.0,1,0.978838324546814
0.0,0,9.333282650914043e-05
0.0,0,0.30086979269981384
0.0,0,5.362283991416916e-05
1.0,1,0.9998315572738647
1.0,1,0.9916555881500244
0.0,0,0.0018573348643258214
1.0,1,0.9971433281898499
0.0,0,0.00019148606224916875
0.0,1,0.5246894955635071
0.0,0,0.2920968234539032
0.0,0,0.024695968255400658
0.0,1,0.4233691692352295
0.0,0,0.00022822295431979
0.0,0,0.0037858551368117332
0.0,0,0.00023315229918807745
1.0,1,0.43674662709236145
1.0,1,0.9402574300765991
0.0,0,0.00023324479116126895
1.0,1,0.999790370464325
1.0,0,0.0006730987806804478
0.0,0,0.0026743868365883827
1.0,1,0.859228789806366
1.0,1,0.9989239573478699
0.0,0,0.01248808205127716
0.0,0,0.0002751665306277573
1.0,1,0.9991897940635681
0.0,0,0.009511508978903294
1.0,1,0.9980249404907227
0.0,0,0.004718738608062267
0.0,0,0.00039169960655272007
0.0,0,0.016794102266430855
0.0,0,0.0006955690914765
1.0,1,0.6878162622451782
0.0,1,0.57642662525177
0.0,0,0.018658820539712906
0.0,0,3.836424002656713e-05
0.0,0,0.08139531314373016
0.0,0,0.0003583081706892699
1.0,0,0.2496233880519867
1.0,1,0.5968689918518066
1.0,1,0.999526858329773
0.0,0,0.00174650177359581
1.0,1,0.9966578483581543
1.0,1,0.9881658554077148
1.0,0,0.022152811288833618
1.0,1,0.9961904287338257
0.0,1,0.9348993897438049
1.0,0,0.005061837378889322
0.0,0,0.019008902832865715
1.0,1,0.9990099668502808
0.0,0,0.26390188932418823
0.0,0,0.0003753428754862398
0.0,0,0.11536996066570282
0.0,0,0.0090501569211483
0.0,0,0.0827694833278656
1.0,1,0.99959796667099
1.0,1,0.9979567527770996
0.0,0,0.04929284751415253
0.0,0,0.001493676914833486
0.0,0,0.039017871022224426
0.0,0,0.00017136095266323537
1.0,1,0.9952231049537659
1.0,1,0.9991199374198914
0.0,0,0.014183681458234787
0.0,1,0.5274297595024109
1.0,1,0.9334577918052673
0.0,0,4.77621506433934e-05
1.0,1,0.9985211491584778
1.0,1,0.9819371104240417
1.0,1,0.9864830374717712
0.0,1,0.806786298751831
0.0,0,0.0012818065006285906
0.0,0,0.0028754810336977243
0.0,0,0.003234090283513069
0.0,0,6.180228956509382e-05
0.0,0,0.19817900657653809
1.0,1,0.96310955286026
0.0,0,0.0002677160082384944
0.0,1,0.5464498996734619
0.0,0,0.004157645627856255
0.0,0,0.210281103849411
0.0,0,0.00013035298616159707
0.0,0,0.008248274214565754
0.0,0,0.03674888238310814
1.0,1,0.9037415981292725
1.0,1,0.8484553098678589
1.0,1,0.9922938346862793
1.0,0,0.3219420313835144
1.0,1,0.9945618510246277
0.0,0,0.0004181434342171997
0.0,0,0.0007024277583695948
0.0,1,0.5383268594741821
1.0,1,0.9811698794364929
0.0,0,0.007998126558959484
0.0,0,0.003946242853999138
0.0,0,0.015010925941169262
1.0,1,0.9991658926010132
1.0,1,0.9993144273757935
0.0,0,0.0001710711803752929
1.0,1,0.9503402709960938
1.0,1,0.9819437265396118
0.0,0,0.001790698734112084
0.0,1,0.42867398262023926
0.0,0,0.0008753321599215269
0.0,0,0.007346368860453367
1.0,1,0.9882593154907227
1.0,1,0.9946063160896301
1.0,1,0.9402817487716675
0.0,0,0.0022121325600892305
0.0,0,0.005316605791449547
0.0,0,0.24525277316570282
1.0,1,0.9860184192657471
0.0,0,0.00993959978222847
1.0,1,0.999794065952301
1.0,1,0.8856083154678345
0.0,0,0.0017225786577910185
0.0,0,0.011242047883570194
0.0,0,0.007528042420744896
1.0,0,0.3961077332496643
1.0,1,0.900720477104187
0.0,0,2.469277023919858e-05
0.0,0,0.0001741044980008155
0.0,0,0.0024315882474184036
0.0,0,0.0009643124067224562
1.0,1,0.6267707347869873
0.0,0,0.05936362221837044
0.0,0,0.013944900594651699
0.0,0,0.08061840385198593
1.0,0,0.1576562523841858
1.0,1,0.7549973726272583
0.0,0,0.013236372731626034
1.0,1,0.867546558380127
1.0,1,0.992397129535675
0.0,0,0.04025271534919739
0.0,0,0.0005304455989971757
0.0,0,0.0038958308286964893
1.0,0,0.014036783017218113
0.0,0,0.01721138320863247
0.0,0,0.00022271792113315314
0.0,0,0.015405460260808468
0.0,0,0.002078028628602624
0.0,0,0.0032141965348273516
0.0,1,0.988445520401001
0.0,0,0.0052373455837368965
0.0,0,3.937965630029794e-06
1.0,1,0.9961967468261719
0.0,0,0.00013755688269156963
0.0,0,0.004346449393779039
1.0,0,0.022701548412442207
1.0,0,0.044926658272743225
1.0,1,0.9724830985069275
0.0,0,0.1102975383400917
1.0,1,0.8330681324005127
1.0,0,0.06942348182201385
0.0,0,0.0013704415177926421
0.0,0,3.854293390759267e-05
1.0,1,0.9597954154014587
1.0,1,0.9995019435882568
0.0,0,0.0009628105326555669
1.0,1,0.999854564666748
0.0,0,0.06758850812911987
1.0,1,0.9929999113082886
1.0,1,0.9898194670677185
0.0,1,0.41111236810684204
1.0,0,0.291338711977005
0.0,1,0.4393952786922455
0.0,0,0.34791332483291626
0.0,0,0.0009600890334695578
1.0,0,0.00030376092763617635
0.0,0,0.06068701669573784
1.0,1,0.996705949306488
1.0,1,0.7589799761772156
0.0,0,0.004542256705462933
0.0,0,0.0003550449328031391
0.0,1,0.66236811876297
1.0,1,0.9999293088912964
0.0,0,0.0008025458082556725
0.0,0,0.0482916422188282
1.0,0,0.07287650555372238
0.0,0,0.014205935411155224
0.0,0,0.020645558834075928
0.0,0,6.700419908156618e-05
0.0,0,0.0047094919718801975
0.0,0,0.00021890185598749667
1.0,1,0.9998931884765625
0.0,0,0.17669731378555298
1.0,1,0.9690834283828735
0.0,0,1.4522858009513584e-06
0.0,0,0.00042736693285405636
0.0,0,0.0060836258344352245
0.0,0,0.003455210942775011
1.0,1,0.9738349914550781
1.0,1,0.9990085959434509
0.0,0,0.03895629569888115
0.0,0,0.0001334488915745169
0.0,0,0.001346298260614276
1.0,1,0.9928581714630127
1.0,1,0.9944057464599609
0.0,1,0.9999973773956299
1.0,1,0.9999881982803345
1.0,1,0.9999483823776245
0.0,0,0.0005612550885416567
1.0,1,0.7562912702560425
0.0,0,0.00359772308729589
0.0,0,0.00020049864542670548
0.0,0,0.09146050363779068
0.0,0,0.003039351897314191
0.0,1,0.9521159529685974
0.0,0,0.0329812653362751
0.0,0,0.03792132809758186
0.0,0,0.0002450370229780674
1.0,1,0.9998101592063904
1.0,0,0.29299357533454895
1.0,1,0.9921769499778748
1.0,1,0.9799527525901794
0.0,0,0.0009492166573181748
1.0,1,0.7928481101989746
0.0,0,0.006399820558726788
1.0,1,0.9921294450759888
1.0,1,0.9957925081253052
0.0,0,0.004845441784709692
0.0,1,0.9978955984115601
1.0,0,0.2138935625553131
1.0,1,0.9999651908874512
0.0,1,0.5555723309516907
1.0,1,0.9997808337211609
1.0,1,0.8821364641189575
0.0,0,0.031619831919670105
1.0,1,0.9968165755271912
0.0,0,0.02607877552509308
0.0,0,4.740611984743737e-05
1.0,1,0.9994394183158875
1.0,1,0.7335789203643799
1.0,1,0.5347481966018677
1.0,0,0.03162974491715431
0.0,0,0.1014336496591568
1.0,1,0.7174555659294128
0.0,0,0.025380393490195274
1.0,0,0.2574079930782318
0.0,0,0.02649291418492794
1.0,1,0.9178295731544495
1.0,1,0.9537729620933533
1.0,0,0.02017846517264843
0.0,0,0.00035704890615306795
1.0,1,0.9971708655357361
1.0,1,0.6880724430084229
0.0,0,1.3748655192102888e-06
1.0,1,0.7798522114753723
0.0,0,0.04413773491978645
1.0,1,0.9629526734352112
1.0,1,0.9924547672271729
0.0,0,0.010796315036714077
1.0,1,0.8757278919219971
0.0,1,0.9810377955436707
0.0,0,6.0989365010755137e-05
0.0,0,0.04242647811770439
0.0,0,0.0003590524138417095
1.0,1,0.9826871752738953
0.0,0,0.0009470810182392597
0.0,0,0.1105051338672638
0.0,0,0.019285276532173157
0.0,0,1.7233494872925803e-05
1.0,1,0.9915468096733093
1.0,1,0.9960941672325134
1.0,1,0.9999897480010986
1.0,1,0.6082542538642883
1.0,1,0.9982485771179199
1.0,1,0.6006169319152832
0.0,0,0.29851993918418884
