y_true,y_pred,y_score
1.0,1,0.9999873638153076
0.0,0,0.0027049861382693052
0.0,0,0.000982685131020844
1.0,1,0.998974084854126
0.0,0,3.6011829251947347e-06
0.0,0,0.0005436346982605755
0.0,0,0.001305246725678444
0.0,0,3.3225347578991205e-05
0.0,0,0.01228354498744011
0.0,0,0.00433698995038867
1.0,1,0.5559301376342773
1.0,1,0.8316690325737
0.0,1,0.802964985370636
0.0,0,0.0264911986887455
1.0,1,0.45474544167518616
1.0,1,0.9878053665161133
1.0,1,0.7555191516876221
0.0,0,8.508061728207394e-05
0.0,1,0.5090216994285583
0.0,0,0.00014417487545870245
0.0,0,0.0018719736253842711
0.0,1,0.3307751417160034
1.0,1,0.34034207463264465
0.0,0,0.00861819926649332
1.0,1,0.999946117401123
0.0,0,0.004167845007032156
1.0,1,0.9854578971862793
0.0,0,0.09462680667638779
0.0,0,0.000969500164501369
1.0,0,0.008414732292294502
1.0,0,0.0017817179905250669
0.0,0,0.0003358409448992461
0.0,0,0.001261863042600453
0.0,1,0.9990130662918091
0.0,0,0.029584847390651703
1.0,1,0.9963470101356506
1.0,1,0.9923986792564392
1.0,1,0.999650239944458
1.0,1,0.8075711131095886
0.0,0,2.135215800080914e-05
1.0,1,0.9992374181747437
0.0,0,0.09908702969551086
0.0,0,0.00035501664387993515
1.0,1,0.9981346130371094
0.0,0,0.0029263338074088097
1.0,1,0.9982249140739441
1.0,1,0.9924846291542053
0.0,0,0.19899123907089233
0.0,0,0.0004413386923260987
1.0,1,0.9973088502883911
0.0,0,0.003226442961022258
0.0,0,0.0008925708243623376
0.0,0,2.202466203016229e-05
0.0,0,0.0030514029785990715
0.0,0,1.547662577650044e-05
1.0,0,0.14965151250362396
0.0,0,0.0025021000765264034
1.0,1,0.9958012700080872
0.0,0,0.0011151231592521071
1.0,1,0.9840078353881836
1.0,1,0.9891876578330994
1.0,1,0.7676935791969299
0.0,0,0.0002449884486850351
0.0,0,0.000274533435003832
1.0,1,0.9932999610900879
1.0,0,0.17373785376548767
1.0,1,0.963406503200531
0.0,0,0.002866629743948579
1.0,1,0.6402018070220947
0.0,1,0.5909203886985779
0.0,0,0.0026306931395083666
0.0,0,0.26690033078193665
0.0,0,0.004618176259100437
1.0,1,0.9698337316513062
0.0,0,0.020002273842692375
0.0,0,0.0023626473266631365
0.0,0,0.00034679521922953427
1.0,1,0.9999462366104126
0.0,0,0.00017988370382227004
1.0,1,0.9997392296791077
0.0,0,6.995991134317592e-05
1.0,1,0.9849259257316589
1.0,1,0.9084740877151489
0.0,0,0.0005725933006033301
0.0,0,0.008145293220877647
0.0,0,0.004017214756458998
1.0,1,0.9999901056289673
0.0,0,0.00010545289114816114
0.0,0,0.03837718442082405
0.0,0,8.81902378750965e-05
0.0,1,0.8527458906173706
1.0,1,0.9988504648208618
0.0,0,0.23405447602272034
1.0,1,0.6960682272911072
1.0,1,0.9991928935050964
0.0,0,0.011892251670360565
1.0,1,0.9747421145439148
0.0,0,0.0007777008577249944
1.0,1,0.8023204803466797
1.0,1,0.3005201518535614
1.0,1,0.7667185664176941
1.0,1,0.9992920160293579
1.0,1,0.7699328064918518
0.0,0,0.0006746291182935238
0.0,0,0.0010014146100729704
1.0,1,0.9606041312217712
1.0,1,0.9587586522102356
0.0,0,0.005211115349084139
1.0,1,0.999992847442627
1.0,1,0.9747806191444397
1.0,0,0.10176663845777512
0.0,0,0.003696196712553501
1.0,1,0.9994034767150879
1.0,1,0.9988477230072021
0.0,0,0.22837015986442566
0.0,0,0.03807985782623291
0.0,0,6.445628241635859e-05
0.0,1,0.3424926996231079
0.0,0,1.1637313036771957e-05
0.0,0,0.0009701977833174169
1.0,1,0.9973576664924622
1.0,1,0.9924958944320679
1.0,1,0.9534211158752441
0.0,0,0.00553028704598546
1.0,1,0.9987167119979858
0.0,0,0.002434961963444948
1.0,1,0.9651579856872559
1.0,1,0.9961321353912354
0.0,0,0.08775071054697037
1.0,1,0.9983012676239014
1.0,1,0.9997743964195251
0.0,0,0.003594382666051388
0.0,0,0.005682093556970358
0.0,0,0.00014033967454452068
0.0,0,0.011796349659562111
1.0,1,0.9989461302757263
1.0,1,0.3185873031616211
0.0,0,0.0031300545670092106
0.0,1,0.3917260468006134
1.0,1,0.9999947547912598
1.0,1,0.9704378247261047
0.0,0,0.0008684512577019632
1.0,0,0.12385456264019012
1.0,0,0.08124613016843796
0.0,0,0.004557937383651733
0.0,0,0.09400395303964615
1.0,1,0.9987154006958008
1.0,1,0.9999446868896484
0.0,0,0.0055333590134978294
0.0,0,0.001275361399166286
1.0,1,0.9967175126075745
1.0,1,0.998846173286438
0.0,1,0.43405088782310486
0.0,0,0.0023572025820612907
0.0,0,0.0004583093977998942
0.0,0,1.0542679547143052e-06
1.0,1,0.999722421169281
1.0,1,0.9755650758743286
0.0,0,0.0003216250624973327
1.0,1,0.8423774838447571
0.0,0,0.00010779259173432365
1.0,1,0.9003676176071167
0.0,0,0.04658939316868782
1.0,1,0.7684429287910461
1.0,0,0.12497057765722275
0.0,0,0.0015431855572387576
0.0,0,0.004800212103873491
0.0,0,0.00658448925241828
1.0,1,0.9704533815383911
1.0,1,0.9969237446784973
0.0,0,5.682710980181582e-05
0.0,0,0.0006690692389383912
1.0,1,0.5274459719657898
0.0,0,0.039602458477020264
0.0,0,0.00045286916429176927
0.0,0,0.0032035582698881626
1.0,1,0.9929556846618652
1.0,1,0.9992889165878296
1.0,1,0.9990217685699463
0.0,0,6.800953269703314e-05
0.0,0,0.010603008791804314
0.0,0,0.005538764409720898
1.0,1,0.9956815242767334
1.0,1,0.9171748757362366
0.0,0,0.2460317462682724
1.0,1,0.9893833994865417
1.0,1,0.9861014485359192
1.0,1,0.7230442762374878
0.0,0,0.0017681842437013984
1.0,1,0.9993659853935242
0.0,0,0.010070335119962692
1.0,1,0.9963451027870178
0.0,0,0.20965524017810822
0.0,0,0.02472669817507267
0.0,1,0.6803869009017944
1.0,1,0.9977858066558838
0.0,0,0.00017347530229017138
0.0,0,0.0008014425984583795
1.0,1,0.9985169768333435
1.0,1,0.9991950392723083
1.0,1,0.6282835602760315
1.0,1,0.9999271631240845
1.0,1,0.9833835959434509
0.0,0,0.0010927129769697785
0.0,0,0.01929575204849243
0.0,0,0.000524129020050168
0.0,0,0.04289836063981056
0.0,0,0.00011408865975681692
1.0,1,0.9886627793312073
0.0,0,0.04013681039214134
0.0,0,0.0036107117775827646
0.0,0,0.09808577597141266
1.0,1,0.9999977350234985
0.0,0,0.0004798275185748935
1.0,1,0.9972223043441772
1.0,1,0.99996018409729
0.0,0,0.0009000367135740817
0.0,0,0.033785153180360794
0.0,0,0.21951492130756378
1.0,1,0.9989997744560242
0.0,0,0.03381181135773659
0.0,0,0.00025598445790819824
0.0,0,0.004089180380105972
0.0,0,0.0006533443229272962
1.0,1,0.9998860359191895
1.0,1,0.9983733892440796
0.0,0,0.00022529710258822888
0.0,0,0.024678457528352737
1.0,1,0.9996676445007324
1.0,0,0.0026601634453982115
0.0,1,0.9952062964439392
0.0,0,0.011549354530870914
0.0,1,0.8293359875679016
1.0,1,0.9998620748519897
0.0,0,0.017007505521178246
1.0,0,0.03798405081033707
0.0,0,0.0075826821848750114
1.0,0,0.031494513154029846
1.0,1,0.9846129417419434
0.0,0,0.01316553633660078
0.0,0,0.018911873921751976
0.0,0,0.0027294361498206854
0.0,0,0.005275307688862085
0.0,0,0.00042557064443826675
1.0,1,0.9441444277763367
1.0,1,0.9991138577461243
1.0,1,0.9976667165756226
1.0,1,0.9998112320899963
1.0,1,0.36099645495414734
0.0,0,0.00036803839611820877
1.0,1,0.9755131006240845
1.0,1,0.9999896287918091
0.0,0,0.0062321862205863
1.0,1,0.9133355617523193
1.0,0,0.0002042455889750272
0.0,1,0.3555815517902374
1.0,1,0.9450395107269287
1.0,1,0.9994958639144897
1.0,1,0.5572541952133179
0.0,0,0.00011554832599358633
1.0,1,0.9903299808502197
1.0,1,0.992247462272644
1.0,1,0.5458313822746277
0.0,0,0.20244374871253967
0.0,0,5.196336132939905e-05
1.0,1,0.9741367101669312
0.0,0,3.230100992368534e-05
0.0,0,0.0007160882814787328
0.0,0,0.00039261681376956403
0.0,0,0.002559756627306342
1.0,1,0.9998773336410522
0.0,0,0.05031604319810867
1.0,1,0.30429303646087646
0.0,0,0.22211045026779175
1.0,1,0.9818143248558044
0.0,0,0.00033304753014817834
0.0,1,0.821519672870636
0.0,0,0.1028042733669281
0.0,0,0.023760240525007248
0.0,0,0.0013060562778264284
1.0,1,0.9997279047966003
1.0,1,0.6941965222358704
1.0,1,0.9951534271240234
0.0,0,0.003623693948611617
0.0,0,2.8098190796299605e-06
1.0,1,0.9973055124282837
1.0,1,0.43404513597488403
0.0,0,7.009852197370492e-06
0.0,0,0.014265269041061401
1.0,1,0.644851565361023
0.0,1,0.7388074398040771
0.0,0,0.03790101408958435
0.0,0,0.022879933938384056
0.0,0,0.00452035665512085
0.0,1,0.5928106904029846
0.0,0,0.002794393803924322
1.0,1,0.9651905298233032
0.0,0,0.01219100784510374
0.0,0,0.005516944453120232
0.0,0,1.0940554602711927e-05
1.0,1,0.9995070695877075
0.0,0,0.0013094311580061913
1.0,1,0.9996907711029053
0.0,0,0.00015295506455004215
1.0,1,0.9998873472213745
0.0,0,0.0005923795979470015
0.0,0,0.004939431324601173
0.0,0,0.0011333449510857463
1.0,1,0.9988961219787598
0.0,0,0.007401997689157724
1.0,1,0.999962568283081
1.0,0,0.0756886899471283
1.0,1,0.9983758926391602
0.0,0,0.0117263775318861
0.0,0,2.824552893798682e-07
1.0,1,0.9410220980644226
1.0,1,0.9814903736114502
1.0,1,0.9999865293502808
1.0,1,0.9815287590026855
0.0,1,0.745539665222168
0.0,1,0.9999734163284302
1.0,1,0.9984501600265503
0.0,1,0.48566296696662903
1.0,1,0.9984233379364014
0.0,0,0.23348510265350342
1.0,1,0.9926234483718872
0.0,0,0.0006819989648647606
1.0,1,0.4709581136703491
0.0,0,0.0003200931241735816
0.0,0,0.0003377837419975549
1.0,1,0.6600794792175293
1.0,1,0.999996542930603
1.0,1,0.999748170375824
0.0,0,0.03757438808679581
0.0,0,0.0016906976234167814
0.0,0,0.02952684462070465
1.0,1,0.99959796667099
0.0,0,0.013658609241247177
0.0,0,0.0006639452767558396
0.0,0,0.0018971783574670553
1.0,1,0.8349566459655762
0.0,0,0.05296330526471138
1.0,0,8.531411367584951e-06
0.0,0,0.00047196666128002107
0.0,0,0.00014097607345320284
1.0,1,0.9839563965797424
1.0,1,0.9999991655349731
1.0,1,0.403292715549469
0.0,0,0.002057682955637574
0.0,0,0.022250628098845482
0.0,0,9.773093552212231e-06
0.0,0,6.776650116080418e-05
1.0,1,0.9833033680915833
1.0,1,0.9999785423278809
0.0,0,0.0025553153827786446
0.0,0,0.006522555369883776
0.0,0,0.0027070490177720785
0.0,0,0.007446106523275375
0.0,0,0.018192991614341736
0.0,0,0.2502325773239136
1.0,1,0.9560968279838562
1.0,1,0.9999808073043823
0.0,0,0.06132860481739044
0.0,0,0.0005216355784796178
0.0,0,0.0007251707720570266
0.0,1,0.9965704679489136
0.0,0,0.233202263712883
0.0,0,0.00015013258962426335
1.0,1,0.6106699109077454
0.0,0,0.001593891647644341
1.0,0,0.0002672783739399165
0.0,0,0.0005900692194700241
0.0,0,0.0034764441661536694
0.0,0,0.08202908933162689
0.0,0,0.031224729493260384
1.0,1,0.8964348435401917
0.0,0,0.0006683675455860794
1.0,1,0.9999792575836182
0.0,0,0.14869046211242676
1.0,1,0.7540663480758667
1.0,1,0.9996449947357178
0.0,1,0.8661574721336365
1.0,1,0.8269635438919067
1.0,1,0.9986438155174255
1.0,1,0.9670725464820862
1.0,1,0.9858052134513855
0.0,0,0.001251524081453681
0.0,0,0.23489868640899658
0.0,0,0.00034143024822697043
1.0,1,0.968771755695343
1.0,1,0.9997689127922058
0.0,1,0.6754633784294128
0.0,0,0.000997605617158115
1.0,1,0.9374974370002747
1.0,1,0.9974712133407593
0.0,1,0.3381103277206421
1.0,1,0.9987379908561707
0.0,0,0.03469415754079819
1.0,1,0.9723223447799683
1.0,1,0.9945723414421082
1.0,1,0.9712874889373779
1.0,0,0.03283378481864929
1.0,1,0.9980865716934204
1.0,1,0.9999954700469971
1.0,1,0.9999940395355225
1.0,1,0.3481171131134033
1.0,1,0.9982616305351257
0.0,1,0.849608838558197
1.0,1,0.7296607494354248
1.0,1,0.33170104026794434
0.0,0,0.25847873091697693
0.0,0,6.915110861882567e-05
0.0,0,0.00011659935262287036
0.0,0,1.7759757611202076e-05
0.0,0,0.0003731431788764894
0.0,0,7.625117723364383e-05
0.0,0,0.0010146903805434704
0.0,0,0.2391149252653122
0.0,0,1.2520510608737823e-05
0.0,1,0.5203415751457214
1.0,1,0.9983144998550415
1.0,1,0.9986076951026917
1.0,1,0.9987882971763611
1.0,1,0.9887683391571045
0.0,1,0.4946562349796295
1.0,1,0.9994749426841736
0.0,0,0.2872760593891144
0.0,0,0.012580842711031437
1.0,1,0.9925073981285095
0.0,0,0.1255708634853363
0.0,0,0.23309163749217987
1.0,1,0.37629252672195435
1.0,1,0.9993670582771301
0.0,0,0.01404885109513998
0.0,0,0.008767344988882542
1.0,1,0.9608113169670105
1.0,1,0.9901887774467468
0.0,0,0.00694464985281229
1.0,1,0.9996284246444702
0.0,1,0.3880685567855835
0.0,0,0.04964398592710495
1.0,1,0.9989511966705322
0.0,1,0.384253591299057
1.0,1,0.9922418594360352
0.0,0,0.00018094026017934084
0.0,0,0.06554346531629562
0.0,0,0.00037439120933413506
0.0,0,0.0002778518246486783
0.0,0,0.0876895934343338
1.0,1,0.9748365879058838
0.0,0,0.013838071376085281
0.0,1,0.7272670269012451
1.0,1,0.9893632531166077
0.0,0,0.0005605854676105082
0.0,0,0.00036502041621133685
0.0,0,4.9782047426560894e-05
0.0,0,2.2615274701820454e-06
0.0,0,0.2709798812866211
0.0,1,0.8331069350242615
0.0,0,0.0049660541117191315
0.0,0,0.005293233320116997
1.0,1,0.9999121427536011
0.0,0,0.0013498648768290877
1.0,1,0.9998676776885986
1.0,1,0.996427595615387
1.0,1,0.9663660526275635
0.0,0,0.12391781806945801
0.0,0,0.0038583865389227867
1.0,1,0.9999967813491821
0.0,0,8.416971832048148e-05
0.0,0,0.008895848877727985
0.0,0,0.003712337464094162
0.0,1,0.5502354502677917
0.0,1,0.5653082132339478
1.0,1,0.9998953342437744
0.0,1,0.64759361743927
1.0,0,0.11046662926673889
0.0,0,0.07691235840320587
1.0,1,0.9983568787574768
0.0,0,0.0010513314045965672
1.0,1,0.9863959550857544
0.0,0,4.7336870920844376e-05
1.0,1,0.9996083378791809
1.0,1,0.5520216226577759
0.0,0,0.2925456762313843
1.0,1,0.8894968032836914
0.0,0,0.00022580419317819178
1.0,1,0.9907752871513367
1.0,1,0.9996858835220337
0.0,0,0.00026575097581371665
1.0,1,0.988446831703186
0.0,0,7.454556180164218e-05
1.0,1,0.9997690320014954
0.0,0,0.00016848849190864712
1.0,1,0.9995369911193848
1.0,1,0.9133098125457764
0.0,1,0.8535425662994385
1.0,1,0.9423086643218994
0.0,0,0.056711893528699875
0.0,0,4.584440466715023e-05
0.0,0,0.01655777357518673
1.0,1,0.990895688533783
0.0,0,0.000785290205385536
0.0,0,0.0002586818009149283
0.0,0,0.00338492332957685
1.0,1,0.8919413685798645
0.0,0,0.0030305322725325823
0.0,0,0.12030588835477829
1.0,1,0.9513854384422302
1.0,1,0.9984427094459534
1.0,1,0.999968409538269
0.0,0,0.0010277804685756564
1.0,1,0.9972624778747559
1.0,1,0.9994825124740601
1.0,1,0.32709386944770813
0.0,0,0.0026975497603416443
0.0,0,0.00034699696698226035
1.0,1,0.991689145565033
1.0,1,0.9876684546470642
0.0,0,0.0019909050315618515
0.0,1,0.3023969233036041
1.0,1,0.9999856948852539
0.0,0,0.014615258201956749
0.0,0,0.00018770361202768981
0.0,0,0.03276797756552696
1.0,1,0.9999352693557739
0.0,0,4.583994814311154e-05
1.0,0,0.12226765602827072
0.0,0,0.054742541164159775
0.0,1,0.3315187990665436
1.0,1,0.9997933506965637
1.0,1,0.999629020690918
1.0,1,0.9891431927680969
0.0,0,0.0002216130233136937
0.0,0,0.0016646500444039702
0.0,0,5.098117526358692e-06
1.0,0,0.0866040512919426
1.0,0,0.021853724494576454
0.0,0,0.014243132434785366
1.0,1,0.9815366864204407
0.0,0,8.335976417583879e-06
0.0,0,0.0006870456272736192
0.0,1,0.9428720474243164
0.0,0,0.00015140387404244393
0.0,0,0.24787305295467377
0.0,1,0.9140340685844421
0.0,0,0.00012556467845570296
1.0,1,0.9986520409584045
1.0,1,0.9981889128684998
1.0,1,0.9958301186561584
1.0,1,0.8910189867019653
1.0,1,0.9917558431625366
1.0,1,0.9999525547027588
1.0,1,0.7314504981040955
1.0,1,0.9757964611053467
1.0,1,0.9990211725234985
1.0,1,0.5527315139770508
1.0,1,0.9952240586280823
0.0,1,0.8828088641166687
0.0,0,0.008373964577913284
0.0,0,0.00018359997193329036
0.0,1,0.4887790083885193
0.0,0,0.03875633329153061
0.0,1,0.6254677176475525
0.0,0,1.7949354514712468e-05
0.0,0,3.5375407605897635e-05
1.0,1,0.418753981590271
1.0,1,0.9672002196311951
1.0,0,0.12071091681718826
0.0,0,0.03468838706612587
0.0,0,0.0012582390336319804
0.0,0,0.00043809821363538504
0.0,0,6.965377451706445e-06
0.0,0,0.014707667753100395
0.0,0,0.00011762967915274203
1.0,1,0.7196846008300781
0.0,0,0.00038606635644100606
0.0,0,3.146516246488318e-05
0.0,0,0.0016483378130942583
0.0,0,7.839511818019673e-05
0.0,0,0.0008864389383234084
1.0,1,0.9975429773330688
0.0,0,4.712683585239574e-05
1.0,1,0.9195578098297119
0.0,0,0.004448761697858572
0.0,0,0.026407092809677124
0.0,0,0.029763858765363693
0.0,0,0.0008570623467676342
0.0,0,0.000431749620474875
0.0,0,0.012080421671271324
0.0,0,0.02596684731543064
1.0,1,0.9997881054878235
1.0,1,0.9996600151062012
1.0,1,0.8452745676040649
0.0,0,0.10788286477327347
0.0,0,0.03962402045726776
1.0,1,0.9635952115058899
1.0,1,0.9559112787246704
0.0,0,0.29546692967414856
1.0,1,0.9998179078102112
1.0,1,0.9997994303703308
0.0,0,0.0005289011751301587
0.0,0,0.00010722761362558231
0.0,0,0.0002237164881080389
1.0,1,0.9682273864746094
0.0,0,0.0855494812130928
0.0,0,9.391303319716826e-05
1.0,1,0.7132007479667664
1.0,1,0.998630166053772
0.0,0,0.004312298260629177
1.0,1,0.8949174284934998
0.0,0,9.472682722844183e-05
1.0,0,0.27541986107826233
0.0,0,0.06461406499147415
1.0,1,0.5143378376960754
1.0,1,0.9990264177322388
1.0,1,0.9999226331710815
0.0,1,0.8533526659011841
1.0,1,0.9998698234558105
0.0,1,0.8059741258621216
0.0,0,7.985084084793925e-05
0.0,0,0.0006007252959534526
1.0,0,0.06108453497290611
0.0,0,0.007030226290225983
0.0,1,0.5337508916854858
0.0,0,0.2077859491109848
0.0,0,0.00020262824546080083
0.0,0,5.567905827774666e-05
1.0,1,0.8201351165771484
1.0,1,0.9985228180885315
0.0,0,0.000582170148845762
0.0,0,0.001741359126754105
0.0,0,0.017521653324365616
1.0,1,0.9326664209365845
0.0,0,0.0012508162762969732
0.0,1,0.9993271827697754
1.0,1,0.992259681224823
0.0,0,0.0006298351217992604
0.0,0,0.07951560616493225
0.0,0,0.003124812850728631
0.0,1,0.6437855958938599
1.0,1,0.9828706979751587
0.0,0,0.00867848377674818
0.0,0,0.010274414904415607
0.0,0,0.00017896361532621086
0.0,1,0.5865907669067383
1.0,0,0.005597306415438652
1.0,0,0.008279960602521896
1.0,1,0.9999326467514038
0.0,1,0.8487429022789001
1.0,1,0.9972401857376099
0.0,0,0.0014363238587975502
1.0,1,0.8273563385009766
1.0,1,0.9655899405479431
1.0,1,0.9724205136299133
0.0,0,0.0006221940857358277
1.0,1,0.9999843835830688
0.0,0,0.0004865514056291431
1.0,1,0.6942979693412781
1.0,1,0.9485806822776794
1.0,1,0.5130739808082581
0.0,1,0.974257230758667
1.0,1,0.936837911605835
0.0,0,0.20240971446037292
1.0,1,0.934045135974884
1.0,1,0.9996477365493774
0.0,0,0.00036341106169857085
1.0,1,0.6257753968238831
0.0,0,0.00014071418263483793
0.0,0,0.0066095259971916676
1.0,0,0.2444687783718109
0.0,0,0.036371152848005295
1.0,1,0.9801697134971619
1.0,1,0.9998708963394165
0.0,0,0.04222960025072098
0.0,0,0.017714006826281548
0.0,0,6.692205715808086e-06
0.0,1,0.38389188051223755
0.0,0,0.0024614878930151463
0.0,0,0.03277047351002693
1.0,1,0.9999994039535522
0.0,0,0.010534537024796009
0.0,0,0.00019597476057242602
0.0,0,0.010914943180978298
0.0,0,0.004782211501151323
0.0,0,0.00043390560313127935
0.0,0,1.130400960391853e-05
0.0,1,0.6532620191574097
1.0,0,0.020206259563565254
1.0,1,0.9891991019248962
0.0,0,0.13415150344371796
0.0,0,1.0498550182092004e-05
0.0,0,8.385182445636019e-05
0.0,0,0.00012845791934523731
0.0,0,0.0044396305456757545
1.0,1,0.9743539690971375
0.0,0,0.07068382948637009
1.0,1,0.9999258518218994
0.0,1,0.999935507774353
0.0,1,0.3208167850971222
1.0,1,0.909844696521759
0.0,0,0.0009476037230342627
0.0,0,0.0005677633453160524
0.0,0,0.02365914359688759
0.0,0,0.00046959315659478307
0.0,0,0.0015745904529467225
0.0,0,0.006737477146089077
1.0,1,0.8393933176994324
1.0,0,0.10690674930810928
1.0,1,0.9962562322616577
1.0,1,0.999954104423523
0.0,0,0.10731453448534012
0.0,0,0.03718747943639755
0.0,0,0.005418531130999327
1.0,1,0.99970942735672
1.0,1,0.9862936735153198
0.0,0,0.0015468606725335121
1.0,1,0.9950821399688721
0.0,0,0.007220875471830368
0.0,0,0.04086795076727867
0.0,0,0.00040438532596454024
1.0,0,0.24644027650356293
0.0,0,0.00012912329111713916
1.0,1,0.6739283204078674
1.0,1,0.9953286647796631
1.0,1,0.9617561101913452
1.0,1,0.983068585395813
0.0,0,0.00010771040251711383
0.0,0,0.0003376684617251158
1.0,1,0.9996181726455688
1.0,1,0.9984059929847717
0.0,1,0.9091999530792236
1.0,1,0.9886687397956848
1.0,1,0.999840259552002
0.0,1,0.7963016629219055
1.0,1,0.9212669134140015
1.0,1,0.9118543863296509
0.0,0,0.0005650529637932777
0.0,0,0.0801834687590599
0.0,0,0.0047577074728906155
1.0,1,0.9871195554733276
0.0,1,0.4047720730304718
1.0,1,0.9899084568023682
0.0,0,0.02042837254703045
0.0,0,0.00018947805801872164
0.0,0,0.003251434303820133
0.0,0,0.0005127589101903141
1.0,1,0.9994986057281494
0.0,0,0.031089309602975845
0.0,0,0.03151283785700798
0.0,1,0.9100282788276672
1.0,1,0.9953919649124146
0.0,0,0.0018562186742201447
1.0,1,0.9988614320755005
1.0,1,0.9995661377906799
1.0,1,0.9953755140304565
1.0,1,0.7760135531425476
1.0,1,0.999969482421875
0.0,0,0.0004949796129949391
0.0,0,0.001505381427705288
1.0,1,0.9972721934318542
1.0,1,0.9999991655349731
1.0,1,0.9823350310325623
1.0,1,0.9989489912986755
1.0,1,0.9941748976707458
0.0,0,0.0014684671768918633
1.0,1,0.9997513890266418
0.0,0,0.0003716519568115473
1.0,1,0.9978949427604675
0.0,0,0.014510586857795715
1.0,1,0.9999033212661743
0.0,1,0.9570885896682739
0.0,0,5.4826341511216015e-05
0.0,0,0.0011462599504739046
1.0,1,0.9680845141410828
0.0,0,0.000752188905607909
1.0,1,0.9946685433387756
1.0,1,0.9854705333709717
0.0,0,0.0005376357003115118
0.0,0,0.004621943458914757
0.0,1,0.84181809425354
1.0,1,0.9999245405197144
0.0,0,5.062105628894642e-05
0.0,0,0.0002334937744308263
0.0,0,0.004887835588306189
0.0,0,0.01847098581492901
1.0,1,0.9993799924850464
1.0,1,0.9920822381973267
0.0,0,3.874137837556191e-05
0.0,0,0.2270425707101822
0.0,0,7.178170926636085e-05
0.0,0,0.0008291644044220448
1.0,1,0.9999921321868896
1.0,1,0.9906949996948242
0.0,1,0.8492751121520996
0.0,0,0.00032465215190313756
1.0,1,0.9719682335853577
1.0,1,0.5532211661338806
1.0,1,0.9987937211990356
1.0,0,0.1419612467288971
1.0,0,0.014683441258966923
0.0,0,0.0031106257811188698
1.0,1,0.9122194051742554
0.0,0,0.001155942678451538
0.0,0,0.0011155545944347978
0.0,0,0.16964836418628693
1.0,1,0.7753751277923584
0.0,1,0.6834001541137695
0.0,0,0.00015258330677170306
0.0,0,0.0005306886159814894
0.0,0,0.004261230118572712
0.0,0,0.20447349548339844
0.0,0,0.0745285153388977
0.0,0,0.06154615432024002
1.0,0,0.0011206495109945536
0.0,0,0.010186919011175632
0.0,1,0.5267497301101685
1.0,1,0.979520857334137
0.0,0,0.008508731611073017
0.0,1,0.8128147721290588
1.0,1,0.8695226311683655
0.0,1,0.5081281065940857
1.0,0,0.16238492727279663
1.0,1,0.614030659198761
0.0,0,0.00010124003165401518
1.0,1,0.9998934268951416
0.0,0,0.008196050301194191
0.0,0,0.0026786241214722395
0.0,0,0.0014872404281049967
0.0,0,0.06194693222641945
0.0,1,0.4927437901496887
1.0,1,0.9667638540267944
1.0,1,0.9974919557571411
1.0,0,0.016781099140644073
0.0,0,3.0184159186319448e-05
1.0,1,0.9992409944534302
0.0,1,0.8495781421661377
0.0,0,1.3587295143224765e-05
0.0,0,0.0013355095870792866
0.0,0,0.12504033744335175
0.0,0,0.0002951011119876057
0.0,0,0.039734020829200745
0.0,0,0.018411951139569283
0.0,0,0.010452250018715858
1.0,1,0.9996457099914551
0.0,0,0.001593203516677022
1.0,1,0.8487784266471863
0.0,1,0.7565575242042542
1.0,1,0.99997878074646
0.0,0,0.00010192691843258217
0.0,0,0.09686333686113358
1.0,1,0.9994968175888062
0.0,0,0.05431843921542168
1.0,1,0.9344209432601929
0.0,0,0.000912647636141628
1.0,1,0.999988317489624
0.0,0,3.2145217119250447e-05
0.0,1,0.6625835299491882
1.0,1,0.9973702430725098
0.0,0,0.23289091885089874
1.0,1,0.46229779720306396
1.0,1,0.9680403470993042
0.0,0,0.08155153691768646
0.0,0,0.0034167154226452112
0.0,0,0.07308794558048248
0.0,0,0.013514559715986252
1.0,1,0.9999488592147827
0.0,0,0.0021577123552560806
1.0,1,0.988976001739502
1.0,0,0.18986883759498596
0.0,0,0.04430089890956879
0.0,0,0.21035729348659515
1.0,0,0.1478935033082962
1.0,1,0.8922288417816162
1.0,1,0.9890781044960022
0.0,0,0.0019796930719166994
0.0,0,3.565380029613152e-05
0.0,0,3.8718328141840175e-05
1.0,1,0.9102765321731567
1.0,1,0.9841116666793823
0.0,0,0.00011978255497524515
1.0,0,0.11040831357240677
0.0,0,0.0006678562494926155
1.0,1,0.7276860475540161
0.0,1,0.9465716481208801
1.0,1,0.9979320764541626
1.0,0,0.16637127101421356
0.0,0,2.9069767606415553e-06
0.0,0,0.0007639999967068434
0.0,0,0.009805071167647839
0.0,1,0.7701036334037781
1.0,1,0.9595397114753723
0.0,0,0.00044447992695495486
0.0,0,0.00042996174306608737
0.0,0,0.0026135025545954704
0.0,0,0.00026779001927934587
1.0,1,0.9797576069831848
0.0,0,0.002345234388485551
1.0,0,0.13444167375564575
1.0,1,0.9916796088218689
0.0,0,0.0005481716361828148
0.0,0,0.002107086358591914
0.0,0,0.02259775809943676
1.0,1,0.9814701676368713
1.0,1,0.9998958110809326
0.0,0,0.0005625321064144373
1.0,1,0.9980243444442749
0.0,0,0.0001337476132903248
0.0,0,0.0020656618289649487
0.0,0,0.006434428505599499
0.0,0,5.8501875173533335e-05
0.0,0,0.08133595436811447
0.0,0,0.010510487481951714
1.0,1,0.9988569021224976
0.0,0,0.023390598595142365
0.0,0,0.0013143683318048716
0.0,0,0.04641633853316307
0.0,1,0.8053402900695801
1.0,1,0.9973452687263489
0.0,0,3.161929271300323e-05
0.0,0,0.030205778777599335
1.0,1,0.9967687129974365
1.0,1,0.9759154319763184
1.0,1,0.9999997615814209
1.0,0,0.0002273902209708467
0.0,0,0.0025731604546308517
1.0,1,0.5294909477233887
1.0,1,0.5091958045959473
1.0,1,0.7182905077934265
0.0,0,0.024289032444357872
1.0,1,0.9998928308486938
1.0,1,0.9997597336769104
0.0,0,0.000274800811894238
1.0,1,0.9809920191764832
1.0,1,0.9702238440513611
1.0,0,0.056497301906347275
1.0,1,0.4147130250930786
0.0,1,0.82159423828125
1.0,1,0.9997710585594177
1.0,1,0.9975342750549316
1.0,1,0.9998070597648621
0.0,0,7.546225788246375e-06
1.0,1,0.9963788390159607
0.0,0,0.036554284393787384
0.0,0,0.0009749054443091154
1.0,1,0.9989560842514038
0.0,1,0.9133732318878174
0.0,0,5.3081148507772014e-05
1.0,1,0.9882184863090515
1.0,0,0.032700661569833755
0.0,0,5.696112202713266e-05
0.0,0,0.016809532418847084
1.0,1,0.9996994733810425
1.0,1,0.7710143327713013
0.0,0,0.24079610407352448
1.0,1,0.9998695850372314
0.0,0,0.00022011701366864145
0.0,0,0.002244936767965555
0.0,0,0.0017832053126767278
0.0,0,0.11036970466375351
0.0,0,0.0009116338333114982
0.0,0,0.00030487708863802254
1.0,1,0.9994327425956726
1.0,1,0.9939179420471191
1.0,1,0.9998214840888977
1.0,1,0.9998713731765747
0.0,0,3.10342102238792e-06
0.0,0,0.00011704450298566371
0.0,0,0.001117013511247933
0.0,0,0.00012244447134435177
0.0,0,0.003536812262609601
0.0,0,0.0008145335596054792
1.0,1,0.9845489263534546
0.0,0,0.03052864782512188
1.0,1,0.9922548532485962
0.0,0,0.0008304754737764597
0.0,1,0.9579439759254456
0.0,0,0.0038184516597539186
0.0,0,0.0005594895919784904
0.0,1,0.9947203397750854
0.0,0,0.020541051402688026
0.0,0,0.2913689613342285
0.0,0,0.22911180555820465
0.0,0,0.0009219372877851129
0.0,0,0.0016423113411292434
1.0,1,0.9454413652420044
0.0,0,0.001353648491203785
1.0,1,0.9996713399887085
0.0,0,9.742130350787193e-05
0.0,0,0.000600209110416472
1.0,0,0.0006435282411985099
1.0,1,0.997221827507019
0.0,0,0.00011861185339512303
0.0,0,1.4854664186714217e-05
1.0,1,0.9068968296051025
1.0,1,0.9994490742683411
0.0,0,0.009964264929294586
0.0,0,0.00392161263152957
1.0,1,0.9969865679740906
1.0,1,0.9999943971633911
1.0,1,0.999947190284729
0.0,0,0.0037445719353854656
1.0,0,0.0018641984788700938
0.0,0,0.009117409586906433
1.0,1,0.9999223947525024
1.0,1,0.999255359172821
0.0,0,0.007989846169948578
1.0,1,0.9993072748184204
0.0,0,0.0074235922656953335
0.0,0,0.03920593485236168
0.0,0,0.0007037892937660217
1.0,1,0.9361539483070374
0.0,0,0.0036535244435071945
0.0,1,0.9776476621627808
0.0,0,0.02167929895222187
0.0,0,0.002630982082337141
0.0,1,0.9737223982810974
1.0,1,0.9969478249549866
0.0,0,0.011865928769111633
1.0,1,0.93129962682724
0.0,0,0.24780817329883575
0.0,0,0.000400215620175004
0.0,0,0.00015917973360046744
0.0,0,0.00445916224271059
1.0,1,0.9999836683273315
1.0,1,0.9997686743736267
0.0,0,0.00021798542002215981
0.0,0,0.024382472038269043
1.0,1,0.9785122275352478
1.0,1,0.9986769556999207
0.0,0,0.0004440407792571932
0.0,0,0.004129677079617977
1.0,1,0.9998642206192017
0.0,0,0.010248539038002491
0.0,0,3.9157155697466806e-05
1.0,1,0.30843088030815125
1.0,0,0.0020627230405807495
0.0,1,0.9970561265945435
1.0,1,0.9948837161064148
0.0,0,0.0010343346511945128
1.0,1,0.9999433755874634
0.0,1,0.9271918535232544
0.0,0,0.004881325177848339
0.0,0,0.0017699331510812044
0.0,0,3.02934531646315e-05
1.0,1,0.8090186715126038
0.0,0,0.010857447981834412
1.0,1,0.9980983138084412
0.0,1,0.8725429773330688
1.0,1,0.9991279244422913
0.0,0,0.006096553523093462
0.0,0,0.0008500402327626944
1.0,1,0.923521101474762
0.0,0,3.328686716486118e-06
1.0,1,0.9991360306739807
1.0,1,0.9973690509796143
0.0,0,4.353885287855519e-06
0.0,0,2.8863008992630057e-05
0.0,0,0.05989048257470131
0.0,0,0.0011334950104355812
1.0,1,0.9995478987693787
1.0,0,0.17611360549926758
0.0,0,0.001559794181957841
0.0,0,2.3004779450275237e-06
0.0,1,0.9741189479827881
1.0,1,0.6685844659805298
0.0,0,0.23289355635643005
0.0,0,0.0019364632898941636
0.0,0,0.028589831665158272
1.0,1,0.9995276927947998
1.0,1,0.865239679813385
0.0,0,0.041546449065208435
0.0,0,0.000872850650921464
0.0,0,0.0031531264539808035
0.0,0,0.008621349930763245
1.0,1,0.8722045421600342
0.0,0,5.2156581659801304e-05
0.0,1,0.9702374339103699
0.0,0,0.15096554160118103
1.0,1,0.9720736742019653
0.0,0,0.0004562761459965259
1.0,1,0.9991757273674011
0.0,0,0.00022072102001402527
1.0,1,0.6055312156677246
1.0,1,0.9853485226631165
0.0,1,0.8366594910621643
1.0,1,0.999956488609314
0.0,0,0.001049824059009552
0.0,0,0.0006877050036564469
0.0,0,0.004859446082264185
0.0,0,0.0049175661988556385
0.0,0,0.0006931310053914785
0.0,0,5.053250788478181e-06
1.0,1,0.9999896287918091
0.0,0,0.10497292131185532
0.0,0,0.003846196224913001
1.0,1,0.9946221113204956
0.0,0,0.013360917568206787
0.0,0,2.2245885702432133e-05
0.0,0,0.019606733694672585
0.0,0,0.00021872244542464614
0.0,1,0.4883973300457001
0.0,0,0.0006314182537607849
1.0,1,0.4433850646018982
0.0,0,2.976079485961236e-05
1.0,1,0.9999756813049316
0.0,0,0.0013834413839504123
0.0,0,0.007049134466797113
1.0,1,0.9513769149780273
0.0,0,0.025475263595581055
0.0,0,0.22636637091636658
0.0,0,0.00241838744841516
0.0,0,0.0027808218728750944
1.0,1,0.8363271355628967
0.0,0,0.034088484942913055
0.0,0,0.057292208075523376
0.0,0,0.0024904098827391863
0.0,1,0.8592307567596436
0.0,0,0.0033961604349315166
1.0,1,0.9978103041648865
1.0,1,0.9919261336326599
1.0,1,0.9227678775787354
1.0,1,0.9715822339057922
0.0,0,0.24624547362327576
0.0,0,5.602942837867886e-05
0.0,0,0.030814623460173607
0.0,0,0.0485042966902256
0.0,0,0.033837635070085526
0.0,0,0.0034332580398768187
0.0,0,3.671106605906971e-05
0.0,0,2.3094151401892304e-05
0.0,0,0.0030632189009338617
0.0,0,0.002307680668309331
1.0,1,0.9886287450790405
0.0,0,0.004995650611817837
0.0,0,0.017873497679829597
0.0,0,0.01032918132841587
0.0,0,0.018556028604507446
0.0,0,0.09224063158035278
0.0,0,0.040991734713315964
0.0,0,1.7189588106703013e-05
1.0,1,0.9999990463256836
0.0,0,1.3425184988591354e-05
0.0,0,0.002264185342937708
1.0,1,0.9924798011779785
1.0,1,0.8817240595817566
1.0,1,0.9997767806053162
1.0,1,0.9974439144134521
0.0,0,0.03064541146159172
1.0,1,0.9999463558197021
0.0,1,0.8922572135925293
0.0,1,0.679934561252594
0.0,1,0.9884129166603088
1.0,1,0.9983762502670288
0.0,0,0.23605892062187195
1.0,1,0.9990401864051819
1.0,1,0.9995636343955994
0.0,0,2.0375071471789852e-05
0.0,0,0.0009433284285478294
1.0,1,0.999901294708252
0.0,0,0.0049069952219724655
1.0,1,0.9994219541549683
1.0,1,0.9843115210533142
0.0,0,5.247793069429463e-06
0.0,0,0.002309301635250449
0.0,0,0.1114860475063324
0.0,0,0.003591924672946334
1.0,1,0.8368571400642395
0.0,0,0.001118850545026362
1.0,1,0.999427855014801
0.0,0,0.029692858457565308
1.0,1,0.9368402361869812
0.0,0,0.0002893613709602505
1.0,1,0.9525673389434814
0.0,0,0.041148535907268524
1.0,1,0.99908447265625
0.0,0,0.2316361367702484
1.0,1,0.9986881613731384
1.0,1,0.9946461319923401
1.0,1,0.9725675582885742
1.0,1,0.9997962117195129
0.0,0,0.0009817698737606406
0.0,0,0.011135809123516083
1.0,1,0.9995976090431213
0.0,0,0.2758445143699646
0.0,1,0.9890566468238831
1.0,1,0.9964596629142761
0.0,0,0.0031642112880945206
1.0,0,0.12423381209373474
0.0,0,0.012338371016085148
0.0,0,0.04595601558685303
1.0,1,0.9998424053192139
1.0,1,0.997454822063446
0.0,0,0.00027310647419653833
0.0,0,0.0016241265693679452
1.0,1,0.9698140025138855
0.0,0,0.0012558874441310763
0.0,0,0.00232967222109437
1.0,1,0.9984276294708252
1.0,1,0.9870792627334595
0.0,0,0.00990048423409462
1.0,1,0.9430091977119446
1.0,1,0.7458709478378296
0.0,0,0.00011987236939603463
1.0,1,0.9165931344032288
1.0,1,0.9999725818634033
0.0,0,0.023652246221899986
0.0,0,0.08746268600225449
1.0,1,0.9986048340797424
0.0,0,0.0008809990249574184
0.0,0,0.11253486573696136
0.0,0,0.00023277493892237544
1.0,1,0.9999996423721313
1.0,1,0.9996726512908936
0.0,0,4.978726792614907e-05
0.0,0,0.0018338346853852272
1.0,1,0.999943733215332
0.0,0,0.06303136795759201
0.0,0,0.03624892234802246
0.0,0,0.011574825271964073
0.0,0,0.0015773215563967824
0.0,0,0.0008281292393803596
1.0,1,0.9977697134017944
1.0,1,0.9998992681503296
1.0,1,0.8858708739280701
0.0,0,0.001378978486172855
1.0,1,0.912400484085083
0.0,0,0.07733938843011856
0.0,0,0.07007399946451187
1.0,1,0.9857023358345032
0.0,0,0.007241675164550543
1.0,1,0.9600999355316162
1.0,1,0.7303521037101746
0.0,0,4.2787683923961595e-05
1.0,1,0.996418833732605
1.0,1,0.7858439087867737
0.0,0,0.004574578255414963
1.0,1,0.9452069997787476
0.0,0,0.011621787212789059
1.0,1,0.999336302280426
1.0,1,0.6156196594238281
0.0,0,0.124726302921772
0.0,0,6.163635134726064e-06
0.0,0,0.0005856286734342575
1.0,1,0.9921248555183411
0.0,1,0.34948763251304626
1.0,1,0.6021610498428345
1.0,1,0.9973732233047485
1.0,1,0.9994840621948242
0.0,1,0.7941769361495972
1.0,1,0.48090821504592896
1.0,0,0.00033123913453891873
1.0,1,0.8651739358901978
0.0,1,0.7489749193191528
0.0,0,0.0029495807830244303
1.0,1,0.997520387172699
1.0,1,0.9997721314430237
1.0,1,0.9776196479797363
1.0,0,0.04354804754257202
0.0,0,0.02498304285109043
0.0,0,0.008808506652712822
1.0,1,0.9877187013626099
1.0,1,0.9987320303916931
1.0,1,0.9999251365661621
1.0,1,0.9230778813362122
1.0,1,0.9997480511665344
1.0,1,0.9944720268249512
1.0,1,0.9984037280082703
0.0,0,0.005145922768861055
0.0,0,0.002208513906225562
1.0,1,0.9746023416519165
1.0,1,0.9602175951004028
0.0,0,0.0005657246802002192
0.0,0,2.6856801014218945e-06
0.0,0,0.13283194601535797
0.0,0,5.603979298030026e-05
1.0,1,0.9933445453643799
1.0,1,0.9966949224472046
0.0,1,0.8072229623794556
0.0,0,0.21192067861557007
0.0,0,0.06666194647550583
1.0,1,0.9963927865028381
0.0,0,7.435082807205617e-05
0.0,0,0.0002009476302191615
1.0,1,0.9999377727508545
0.0,0,0.001594730420038104
0.0,1,0.9420075416564941
1.0,1,0.9995779395103455
0.0,0,4.837358937948011e-05
1.0,1,0.9831998348236084
1.0,1,0.9970054030418396
1.0,1,0.9724948406219482
1.0,1,0.9998189806938171
0.0,0,0.01658889837563038
0.0,0,0.0006761086406186223
1.0,1,0.8515064120292664
0.0,0,0.001515843439847231
1.0,1,0.9995833039283752
0.0,0,2.841787318175193e-05
0.0,0,0.005834476090967655
0.0,0,6.854147613921668e-06
0.0,0,0.001786889391951263
0.0,0,0.0002642081235535443
0.0,0,0.001379474182613194
0.0,0,0.003980343230068684
0.0,1,0.6767276525497437
0.0,0,0.00015433659427799284
0.0,0,0.17996340990066528
0.0,0,4.366078428574838e-05
0.0,0,0.013834011740982533
1.0,1,0.9997652173042297
0.0,0,0.00349058723077178
0.0,0,3.8280588341876864e-05
0.0,0,6.365698936861008e-05
1.0,1,0.9989767074584961
0.0,1,0.6861758828163147
0.0,0,0.00947786308825016
0.0,0,0.00013530206342693418
0.0,0,0.00011270760296611115
1.0,1,0.9999915361404419
1.0,0,0.17517773807048798
1.0,1,0.9999333620071411
0.0,0,0.009871193207800388
0.0,0,6.995490548433736e-05
0.0,0,0.09175517410039902
1.0,1,0.7097184658050537
0.0,1,0.7525538802146912
0.0,0,0.2529812157154083
0.0,0,0.0025803628377616405
0.0,0,0.0013535942416638136
1.0,1,0.9237843155860901
0.0,0,0.0001938331697601825
1.0,1,0.9992889165878296
1.0,1,0.9586462378501892
0.0,0,2.5324485250166617e-05
1.0,1,0.9830601811408997
0.0,0,3.3648575481493026e-05
0.0,0,0.031371451914310455
0.0,1,0.9542937874794006
0.0,0,0.07538694143295288
0.0,0,0.0004505016840994358
0.0,0,0.0037128173280507326
0.0,0,0.0002156087284674868
0.0,0,1.689237615210004e-05
1.0,1,0.9997525811195374
1.0,1,0.9987843632698059
0.0,0,0.007443251553922892
0.0,0,0.0005748801631852984
0.0,0,0.00037897645961493254
0.0,1,0.9621391296386719
0.0,0,0.02472572587430477
0.0,0,0.004279772751033306
1.0,1,0.9999200105667114
0.0,0,2.5939414626918733e-05
0.0,0,0.0915568396449089
0.0,0,0.001216450473293662
1.0,1,0.996482253074646
0.0,1,0.8007962107658386
1.0,1,0.9986043572425842
0.0,1,0.8222872018814087
0.0,0,3.604124003686593e-06
0.0,0,0.00043725583236664534
0.0,0,0.00030936155235394835
1.0,1,0.8101844191551208
1.0,1,0.9888814091682434
1.0,1,0.9978020787239075
0.0,0,0.0018516408745199442
0.0,0,0.0009205472888424993
0.0,0,0.020752839744091034
0.0,0,0.003942917101085186
1.0,0,0.06157666817307472
0.0,1,0.9372851252555847
0.0,0,0.00426217308267951
1.0,1,0.9895413517951965
0.0,0,0.00023609912022948265
0.0,1,0.9978101849555969
1.0,1,0.8142200708389282
1.0,1,0.999984860420227
1.0,1,0.995879054069519
0.0,0,0.0018369096796959639
0.0,0,2.761128962447401e-05
0.0,0,0.002046874025836587
1.0,0,0.09171559661626816
1.0,1,0.9998157620429993
1.0,0,0.051092665642499924
1.0,1,0.6811861991882324
0.0,0,0.00418081833049655
0.0,1,0.8682805895805359
0.0,0,3.5725179259316064e-06
0.0,0,0.0006986876251176
0.0,0,0.02393919974565506
0.0,1,0.4486328065395355
0.0,0,0.0006778460228815675
0.0,1,0.4768512547016144
1.0,1,0.999896764755249
1.0,1,0.9999479055404663
0.0,0,0.0001559086231281981
1.0,1,0.9952717423439026
0.0,1,0.9958755373954773
0.0,0,0.05980570241808891
0.0,1,0.5557413101196289
0.0,0,0.008087163791060448
1.0,1,0.9971404075622559
0.0,0,5.0795577408280224e-05
1.0,1,0.9999619722366333
0.0,0,0.00013707307516597211
1.0,1,0.9999195337295532
0.0,0,0.0010023171780630946
0.0,0,0.000827671610750258
1.0,1,0.9987797141075134
0.0,0,0.004826298449188471
0.0,1,0.6780475974082947
1.0,1,0.9713897109031677
0.0,0,5.034626155975275e-05
0.0,0,0.010995345190167427
1.0,1,0.983428418636322
1.0,1,0.9541789293289185
1.0,1,0.9722211360931396
0.0,0,0.00012567787780426443
0.0,0,0.0010725636966526508
1.0,1,0.9916231036186218
0.0,0,4.250483470968902e-05
0.0,0,0.00495262211188674
1.0,1,0.9664397239685059
0.0,1,0.3654811680316925
1.0,1,0.9991344809532166
0.0,0,0.00015980582975316793
1.0,0,0.12178130447864532
0.0,1,0.9902545809745789
1.0,1,0.9653241634368896
0.0,0,0.001332746003754437
0.0,0,0.06367570906877518
1.0,1,0.9998782873153687
1.0,1,0.9313299655914307
1.0,1,0.9950182437896729
1.0,1,0.9958255290985107
0.0,0,0.05150799825787544
0.0,0,2.0456571292015724e-05
1.0,1,0.999840497970581
1.0,0,0.06482937932014465
1.0,1,0.9998950958251953
0.0,1,0.6169443130493164
0.0,0,0.24904640018939972
0.0,0,0.0063821435905992985
0.0,0,0.0002084000880131498
1.0,1,0.9955461025238037
1.0,1,0.9380086064338684
1.0,1,0.9918863773345947
1.0,1,0.8928138017654419
0.0,0,0.0007353786495514214
1.0,1,0.9942981600761414
0.0,0,0.20087817311286926
0.0,0,0.11394917219877243
0.0,0,0.03513975441455841
0.0,0,0.0004830928228329867
0.0,0,0.03626428171992302
1.0,1,0.9709513783454895
0.0,0,1.1876686585310381e-05
0.0,0,0.006160490680485964
0.0,0,0.001500605489127338
0.0,0,0.005962479393929243
1.0,1,0.965996265411377
0.0,0,0.0003528531233314425
1.0,1,0.9999103546142578
0.0,0,0.056529413908720016
0.0,0,0.00023299407621379942
0.0,0,1.7449325468987809e-06
0.0,0,4.124660335946828e-05
0.0,1,0.9586247801780701
0.0,1,0.9174049496650696
0.0,0,3.842428850475699e-05
1.0,1,0.9963411688804626
0.0,0,0.0019012086559087038
0.0,0,0.0015478890854865313
0.0,0,0.005708734970539808
0.0,1,0.8919818997383118
1.0,1,0.98781418800354
0.0,0,1.917861254696618e-06
0.0,0,0.22651422023773193
0.0,0,0.060150597244501114
0.0,0,0.00039239460602402687
0.0,0,0.05970974639058113
1.0,1,0.9999173879623413
0.0,0,6.268126162467524e-05
0.0,0,0.00045363695244304836
0.0,0,0.21457019448280334
0.0,0,0.00026628156774677336
1.0,1,0.9967964291572571
0.0,0,0.004353388212621212
1.0,1,0.9993941783905029
0.0,0,0.2423492819070816
0.0,0,0.00024385748838540167
1.0,0,0.21482260525226593
0.0,0,4.179168900009245e-05
0.0,0,0.0012542856857180595
0.0,0,0.193792924284935
0.0,0,0.00031463586492463946
0.0,0,0.006093847099691629
0.0,1,0.5338592529296875
0.0,0,0.0006389782065525651
0.0,0,0.0008005542331375182
1.0,1,0.9999412298202515
1.0,1,0.9979331493377686
0.0,0,0.0354606993496418
1.0,1,0.9999427795410156
0.0,0,3.117966480203904e-05
0.0,0,0.003818409750238061
1.0,1,0.9997891783714294
0.0,1,0.7743144631385803
0.0,1,0.5701494812965393
0.0,0,0.002254352206364274
0.0,0,2.999828893734957e-06
0.0,0,7.772480603307486e-05
1.0,1,0.9681554436683655
1.0,1,0.9887160658836365
1.0,1,0.9997766613960266
1.0,1,0.9720137715339661
0.0,0,0.00022485756198875606
1.0,1,0.9988263249397278
1.0,1,0.998110294342041
0.0,0,0.020651113241910934
0.0,0,0.0544276162981987
1.0,1,0.9949770569801331
1.0,1,0.9901690483093262
1.0,1,0.9949268102645874
0.0,0,0.2082221657037735
1.0,1,0.9918855428695679
0.0,0,5.534312367672101e-05
0.0,0,0.001142705325037241
0.0,0,0.017749711871147156
1.0,0,0.054592739790678024
0.0,0,0.03236449509859085
0.0,0,0.06644546240568161
0.0,0,0.00022634780907537788
0.0,0,0.014469847083091736
0.0,0,9.25490094232373e-05
0.0,0,0.0007165248971432447
0.0,0,0.00044289493234828115
1.0,1,0.9984412789344788
0.0,1,0.4296365976333618
1.0,0,0.07868495583534241
0.0,0,0.0348174087703228
0.0,0,0.0016603731783106923
1.0,1,0.9998229146003723
0.0,0,0.003059301059693098
0.0,0,0.00028806764748878777
1.0,1,0.998556911945343
0.0,0,0.00016789975052233785
0.0,0,2.3150380002334714e-05
1.0,1,0.9989891648292542
1.0,1,0.999619722366333
0.0,1,0.5444295406341553
0.0,0,0.0002200255257776007
1.0,0,0.0037790988571941853
1.0,1,0.9998713731765747
0.0,0,0.00028841636958532035
0.0,0,0.004436672665178776
0.0,0,0.0005516514647752047
1.0,0,0.08705304563045502
1.0,1,0.9828831553459167
1.0,1,0.9326475858688354
0.0,0,0.012036052532494068
0.0,0,6.663732619927032e-06
0.0,0,0.0002414532209513709
0.0,0,0.002684441627934575
1.0,1,0.9269071817398071
1.0,1,0.8372175693511963
0.0,1,0.8858081698417664
1.0,1,0.9537644386291504
1.0,1,0.977117657661438
0.0,0,0.0527917817234993
0.0,0,0.0006900937878526747
1.0,1,0.9796482920646667
0.0,0,0.0009931651875376701
0.0,0,0.016824331134557724
0.0,0,0.0003788693284150213
1.0,1,0.9206173419952393
1.0,1,0.9994865655899048
0.0,0,0.0002450610918458551
0.0,0,0.014697002246975899
1.0,0,0.12696915864944458
1.0,0,0.0895216092467308
0.0,0,0.17125295102596283
0.0,0,0.022542299702763557
0.0,0,0.0007382424082607031
1.0,1,0.9979915618896484
0.0,0,0.00015363533748313785
1.0,1,0.99712735414505
1.0,1,0.9987961053848267
1.0,1,0.6702244281768799
1.0,1,0.999039351940155
1.0,0,0.0054439278319478035
0.0,0,0.03514425829052925
0.0,0,0.0038165259175002575
0.0,0,0.037695758044719696
0.0,0,0.001009449944831431
0.0,0,8.481298573315144e-05
0.0,0,0.009500513784587383
1.0,1,0.9998558759689331
1.0,1,0.9989414811134338
1.0,1,0.998570442199707
0.0,0,0.0005133472150191665
0.0,0,0.00011287764209555462
0.0,0,0.0033765577245503664
0.0,0,0.056010179221630096
1.0,1,0.997883141040802
0.0,0,0.0005278453463688493
1.0,1,0.9989023208618164
1.0,1,0.9954872727394104
1.0,0,0.0018007484031841159
0.0,0,0.0005664123455062509
1.0,1,0.9596707820892334
1.0,0,0.24326299130916595
0.0,0,0.0003774306387640536
1.0,1,0.7297539710998535
1.0,1,0.9995953440666199
1.0,0,0.25256142020225525
1.0,1,0.6973292827606201
1.0,1,0.9967108964920044
0.0,0,0.0001170540926977992
0.0,0,0.015542203560471535
0.0,1,0.4319036900997162
1.0,1,0.9980549812316895
0.0,0,0.004366687498986721
0.0,0,0.03942345827817917
0.0,0,0.002732399385422468
1.0,1,0.9993307590484619
1.0,1,0.9988105297088623
1.0,1,0.9998899698257446
1.0,1,0.5805372595787048
1.0,1,0.999967098236084
0.0,0,0.00013833663251716644
1.0,1,0.32975631952285767
1.0,1,0.9999990463256836
0.0,0,0.051157016307115555
1.0,1,0.9961097836494446
0.0,1,0.34525686502456665
1.0,1,0.7924429774284363
0.0,0,0.004601271823048592
1.0,1,0.9998505115509033
0.0,0,0.00023509524180553854
0.0,0,0.00032895567710511386
0.0,1,0.33192214369773865
1.0,1,0.999725878238678
0.0,0,0.00018751953030005097
1.0,1,0.9996541738510132
1.0,1,0.9984533786773682
1.0,1,0.9893408417701721
1.0,1,0.99076908826828
0.0,0,0.0028658488299697638
0.0,0,0.07064199447631836
0.0,0,7.709742203587666e-05
0.0,0,0.00017369809211231768
1.0,1,0.9994359612464905
1.0,1,0.9999240636825562
1.0,1,0.9964279532432556
1.0,1,0.9949830770492554
1.0,1,0.9882949590682983
0.0,0,2.910755256380071e-06
0.0,0,0.09725844115018845
1.0,0,0.03298565000295639
0.0,0,0.000642718281596899
0.0,0,0.021566016599535942
0.0,0,0.00198492337949574
1.0,1,0.9946072697639465
0.0,1,0.37244895100593567
0.0,0,0.20137153565883636
1.0,1,0.9999270439147949
1.0,1,0.8488506078720093
0.0,0,0.03195049241185188
0.0,0,0.00542660616338253
1.0,1,0.9981365203857422
1.0,0,0.2066013067960739
0.0,0,0.005710256285965443
0.0,0,0.00010276642569806427
0.0,1,0.857447624206543
1.0,1,0.9915332198143005
0.0,0,0.0002593826793599874
0.0,0,0.1928926408290863
0.0,0,0.04176538810133934
1.0,1,0.9998169541358948
0.0,0,0.062043700367212296
1.0,1,0.9751167893409729
0.0,0,1.538881974738615e-06
1.0,0,0.08425222337245941
1.0,1,0.9875927567481995
1.0,1,0.9715561270713806
1.0,1,0.9992522597312927
0.0,0,0.00033997834543697536
0.0,0,6.627701804973185e-05
1.0,1,0.9995715022087097
0.0,0,0.00076771475141868
0.0,0,0.005288613494485617
1.0,1,0.9994656443595886
0.0,0,8.217289723688737e-05
0.0,0,0.0027161347679793835
0.0,1,0.49365702271461487
1.0,1,0.9848932027816772
1.0,1,0.9993199110031128
0.0,0,2.4622764613013715e-05
0.0,0,0.00020177765691187233
1.0,0,0.2216942310333252
0.0,0,0.07945971935987473
1.0,1,0.9983386993408203
1.0,1,0.9997207522392273
1.0,1,0.9975273013114929
0.0,0,0.0013665524311363697
1.0,1,0.9863704442977905
0.0,0,0.008974827826023102
1.0,1,0.99842369556427
1.0,1,0.9991188645362854
1.0,1,0.999941349029541
1.0,1,0.9989047050476074
1.0,1,0.9686500430107117
1.0,1,0.8663157224655151
1.0,0,0.1330745667219162
0.0,0,0.0894792303442955
0.0,0,0.014960803091526031
1.0,0,0.0440809428691864
1.0,1,0.9956297874450684
0.0,0,0.0007408013334497809
1.0,1,0.9986578226089478
0.0,0,0.017405658960342407
1.0,1,0.9995971322059631
0.0,0,0.000378680502763018
0.0,1,0.567596435546875
0.0,0,0.023050623014569283
1.0,1,0.999269425868988
1.0,1,0.9991661310195923
0.0,0,0.0008316347957588732
1.0,1,0.988869309425354
0.0,0,0.00046555267181247473
0.0,0,0.00010616947110975161
0.0,0,0.012096663936972618
0.0,1,0.3818605840206146
0.0,0,0.0009560774778947234
1.0,0,0.17075830698013306
1.0,1,0.9999715089797974
1.0,1,0.9930374026298523
1.0,1,0.9999042749404907
1.0,1,0.9979395270347595
0.0,1,0.8605064749717712
0.0,0,0.0011009061709046364
0.0,0,0.16605430841445923
0.0,0,0.025345390662550926
1.0,1,0.9606388807296753
0.0,0,0.0009723322000354528
0.0,0,0.0003142093191854656
1.0,1,0.9998550415039062
1.0,1,0.9991306662559509
1.0,1,0.9968568086624146
0.0,0,0.001220970880240202
1.0,1,0.9987970590591431
0.0,0,0.25039127469062805
0.0,0,0.0005646211211569607
1.0,1,0.9989796280860901
0.0,0,0.001540699740871787
1.0,1,0.9998449087142944
0.0,1,0.5593312382698059
1.0,1,0.9998067021369934
0.0,0,0.00022864440688863397
1.0,1,0.9794206023216248
0.0,0,0.0002543129667174071
0.0,1,0.7001592516899109
0.0,0,0.001403691596351564
0.0,0,0.0008402725798077881
0.0,0,1.1696884030243382e-05
1.0,1,0.9999812841415405
1.0,1,0.9953472018241882
1.0,1,0.999895453453064
0.0,1,0.48205459117889404
1.0,1,0.9991845488548279
1.0,1,0.9991565942764282
0.0,0,0.006617119535803795
1.0,1,0.9999305009841919
0.0,0,4.283610178390518e-05
1.0,1,0.9976525902748108
0.0,0,2.8047722935298225e-06
1.0,0,0.1364852637052536
0.0,0,0.0031320834532380104
0.0,0,0.00020446226699277759
1.0,1,0.9997937083244324
1.0,1,0.9915348291397095
1.0,1,0.9972654581069946
0.0,0,0.0033045043237507343
1.0,1,0.9999665021896362
0.0,0,0.005990386940538883
0.0,0,5.01026188430842e-05
0.0,0,0.020706940442323685
1.0,1,0.9997909665107727
0.0,0,0.06334541738033295
1.0,1,0.9758446216583252
0.0,0,0.0008358095656149089
1.0,1,0.9944846034049988
0.0,1,0.9049189686775208
0.0,1,0.9673352837562561
0.0,0,0.0002901647239923477
0.0,0,9.189553566102404e-06
0.0,0,0.0002508531615603715
0.0,0,0.1360822319984436
1.0,1,0.998325526714325
0.0,0,0.00044744485057890415
1.0,1,0.9887403845787048
1.0,1,0.9927214980125427
1.0,1,0.9849777221679688
0.0,0,0.000590343726798892
1.0,1,0.9677830338478088
0.0,0,0.014592853374779224
1.0,1,0.850583553314209
0.0,0,6.672957511000277e-07
0.0,0,0.004103935789316893
0.0,0,0.013539999723434448
1.0,1,0.9995617270469666
1.0,1,0.9398879408836365
0.0,0,0.033885713666677475
0.0,0,0.0017853750614449382
0.0,1,0.6397252678871155
1.0,1,0.9682615995407104
0.0,0,0.002738677430897951
0.0,0,0.02881297655403614
1.0,1,0.9961256384849548
1.0,1,0.8199244737625122
1.0,1,0.9312382340431213
0.0,1,0.9024540185928345
1.0,1,0.9997275471687317
1.0,1,0.9998371601104736
1.0,1,0.9990562796592712
1.0,1,0.9988497495651245
0.0,0,0.00034602213418111205
0.0,0,0.002583506517112255
0.0,0,0.004157779272645712
1.0,1,0.8707165122032166
0.0,0,0.00033879574039019644
0.0,0,0.06832669675350189
0.0,0,0.0012557499576359987
0.0,0,3.7483499909285456e-05
0.0,0,0.02811162918806076
0.0,1,0.3469693958759308
1.0,1,0.9999637603759766
1.0,1,0.9748275876045227
0.0,0,5.4009256018616725e-06
1.0,1,0.9999220371246338
1.0,1,0.9999245405197144
0.0,0,0.00022889177489560097
1.0,1,0.9728728532791138
0.0,0,0.0039005891885608435
1.0,1,0.9983788728713989
1.0,1,0.997397780418396
0.0,0,0.02105022966861725
0.0,0,0.004802732262760401
0.0,0,3.625910176197067e-05
1.0,0,0.08654353767633438
1.0,1,0.9999867677688599
0.0,0,0.00035741127794608474
0.0,0,0.0008532505598850548
1.0,1,0.9996805191040039
0.0,0,0.003167345654219389
1.0,1,0.9951667785644531
0.0,0,0.00023765838705003262
0.0,0,0.0018886440666392446
1.0,1,0.9999198913574219
0.0,0,8.764054655330256e-05
0.0,0,6.568663229700178e-05
0.0,0,0.03815222159028053
0.0,0,0.0031049393583089113
1.0,1,0.6350352764129639
0.0,0,0.008169575594365597
0.0,0,0.15633459389209747
1.0,1,0.9997171759605408
0.0,0,0.017105629667639732
0.0,0,0.0017831679433584213
0.0,0,0.0015575990546494722
1.0,1,0.5707321763038635
0.0,0,0.028896968811750412
1.0,1,0.9716614484786987
1.0,1,0.9918248057365417
0.0,0,0.0031453317496925592
0.0,0,0.0013504023663699627
0.0,0,0.10054756700992584
0.0,0,0.0003651434672065079
0.0,0,0.0016796450363472104
1.0,1,0.9973750114440918
0.0,0,0.012542038224637508
0.0,0,0.00012549322855193168
0.0,0,0.0005393721512518823
0.0,1,0.3058203160762787
1.0,1,0.9207262396812439
0.0,0,0.00011833236203528941
0.0,0,0.08129061013460159
0.0,0,0.00010824560740729794
1.0,1,0.9946476817131042
1.0,0,0.2732464075088501
0.0,0,0.00048117779078893363
0.0,0,0.2668478190898895
0.0,0,5.9956961194984615e-05
0.0,0,0.001989031909033656
0.0,0,0.00014254679263103753
0.0,0,0.00499265780672431
0.0,0,0.012948105111718178
0.0,0,0.09877871721982956
0.0,1,0.5365083813667297
0.0,1,0.4981517195701599
0.0,0,0.0013630721950903535
1.0,1,0.8577040433883667
0.0,0,0.00014825038670096546
1.0,1,0.9999779462814331
0.0,0,0.0007769446237944067
0.0,1,0.3770281672477722
0.0,0,9.875321120489389e-05
0.0,0,1.9657773009384982e-05
1.0,1,0.9983599781990051
0.0,0,0.00028254862991161644
1.0,1,0.9978024363517761
0.0,0,0.25843390822410583
0.0,0,0.0037301182746887207
1.0,1,0.999160885810852
0.0,0,0.0013565522385761142
1.0,1,0.9498564600944519
0.0,0,0.0002861482498701662
0.0,0,0.010023743845522404
0.0,0,0.0002924334548879415
1.0,1,0.9968816041946411
0.0,0,0.040856197476387024
1.0,1,0.9994907379150391
1.0,0,0.0004904525703750551
1.0,1,0.9911783337593079
1.0,1,0.9986660480499268
0.0,0,0.005480521358549595
1.0,1,0.9711839556694031
0.0,0,0.005326916929334402
1.0,1,0.9996066689491272
1.0,1,0.9994776844978333
1.0,1,0.9985103011131287
1.0,1,0.8900130391120911
0.0,1,0.6157934665679932
0.0,0,0.20284798741340637
0.0,0,0.00034904672065749764
1.0,1,0.9978821873664856
0.0,0,0.007886308245360851
1.0,1,0.9614211320877075
1.0,1,0.9997796416282654
1.0,1,0.9999086856842041
0.0,0,0.05880564823746681
0.0,1,0.7524424195289612
0.0,0,7.605220162076876e-05
1.0,0,0.014151189476251602
0.0,0,0.08732620626688004
0.0,0,0.00029265822377055883
1.0,0,0.2718587815761566
0.0,1,0.6507673263549805
1.0,1,0.9956209063529968
1.0,1,0.9870191812515259
0.0,0,0.004393203649669886
1.0,1,0.9911744594573975
0.0,0,0.016388744115829468
1.0,0,0.0001848504616646096
0.0,0,0.041054971516132355
0.0,0,0.03071344643831253
1.0,1,0.9999290704727173
1.0,1,0.9999881982803345
0.0,0,0.0020865527912974358
1.0,1,0.9981685876846313
0.0,0,0.008931734599173069
1.0,1,0.9998987913131714
0.0,0,0.002983871614560485
0.0,0,1.6965104805422015e-05
0.0,0,0.0009215697064064443
0.0,1,0.872577428817749
1.0,0,0.03225289285182953
1.0,1,0.9339632987976074
1.0,1,0.9588568210601807
0.0,0,1.1596946478675818e-06
1.0,1,0.9995412826538086
1.0,1,0.9189144968986511
1.0,1,0.7920387983322144
1.0,1,0.9769261479377747
1.0,0,0.018262792378664017
0.0,0,0.0020542959682643414
1.0,1,0.9993144273757935
0.0,0,0.0036763546522706747
1.0,1,0.9327605962753296
1.0,1,0.4382767975330353
0.0,0,0.001576878596097231
0.0,0,0.005101241171360016
0.0,0,0.0006113878334872425
1.0,1,0.8466833829879761
0.0,0,0.0005135610699653625
1.0,1,0.9997996687889099
1.0,1,0.8688010573387146
1.0,1,0.9990680813789368
0.0,0,0.00043676592758856714
0.0,0,0.03473491966724396
1.0,1,0.9999746084213257
0.0,1,0.33203747868537903
1.0,1,0.9961981177330017
1.0,1,0.8341720104217529
1.0,1,0.9999382495880127
0.0,0,0.0003454940742813051
0.0,0,0.004592751618474722
0.0,0,0.0009498581057414412
1.0,1,0.9939879179000854
1.0,1,0.999704897403717
0.0,0,0.000537069805432111
0.0,0,0.0009782218839973211
0.0,0,0.004958086181432009
0.0,1,0.8977506160736084
0.0,0,0.00011517946404637769
0.0,0,0.0005389877478592098
0.0,0,0.02313699573278427
0.0,0,5.955150754743954e-06
1.0,1,0.9750254154205322
0.0,0,0.0011184338945895433
0.0,1,0.3756328523159027
0.0,0,0.016639506444334984
0.0,0,0.00016867558588273823
0.0,0,8.162620360963047e-05
1.0,0,0.013137823902070522
0.0,1,0.3472084105014801
0.0,0,0.021083882078528404
0.0,0,0.0012211493449285626
1.0,1,0.9980290532112122
0.0,0,0.00032583135180175304
0.0,0,0.0003413729718886316
0.0,0,3.544537685229443e-05
0.0,0,0.0010023415088653564
1.0,1,0.9454783201217651
1.0,1,0.3666406571865082
0.0,0,0.0024549795780330896
1.0,1,0.9997257590293884
0.0,0,0.005335154477506876
0.0,1,0.985571026802063
0.0,0,0.03820030763745308
0.0,0,0.00019484024960547686
0.0,0,0.0017134828958660364
1.0,0,0.24266834557056427
0.0,0,0.0013540842337533832
0.0,1,0.8293777704238892
0.0,0,0.023645315319299698
0.0,1,0.9972838163375854
0.0,0,0.010080826468765736
0.0,0,0.0034486823715269566
1.0,1,0.990918755531311
0.0,0,0.029368704184889793
1.0,1,0.9992818236351013
1.0,1,0.9999808073043823
0.0,0,0.005165748298168182
1.0,1,0.9996528625488281
0.0,1,0.5965379476547241
0.0,0,0.0034757789690047503
0.0,0,1.1111637121530293e-07
1.0,1,0.9621143937110901
1.0,1,0.8407658338546753
0.0,1,0.7625229954719543
0.0,0,0.005430341698229313
1.0,1,0.9791460037231445
1.0,1,0.9458498358726501
1.0,1,0.9997170567512512
1.0,1,0.9997896552085876
0.0,0,0.0014859111979603767
0.0,0,0.06192748621106148
1.0,1,0.9983515739440918
1.0,0,0.001090328674763441
0.0,0,0.0015674567548558116
0.0,0,3.169424962834455e-05
0.0,0,4.239476038492285e-05
0.0,0,0.00858358945697546
0.0,0,0.001106697367504239
1.0,1,0.7877442240715027
0.0,0,0.044580668210983276
0.0,0,6.026851406204514e-05
0.0,0,0.000873517885338515
0.0,0,0.0017244279151782393
0.0,0,0.005194719880819321
1.0,1,0.9967198967933655
0.0,0,0.24863594770431519
0.0,1,0.4929336607456207
1.0,1,0.9998584985733032
0.0,1,0.9525958895683289
1.0,1,0.8987056016921997
1.0,1,0.9997988343238831
0.0,0,2.724151954680565e-06
1.0,1,0.9978231191635132
0.0,0,0.19750256836414337
0.0,0,0.00023847600095905364
0.0,0,0.00011213782272534445
1.0,1,0.9997832179069519
0.0,0,0.003776283236220479
0.0,0,0.0030556400306522846
1.0,1,0.9999986886978149
0.0,0,0.10037428140640259
1.0,1,0.9999178647994995
0.0,0,0.24543985724449158
1.0,1,0.9669531583786011
0.0,0,0.061177466064691544
0.0,0,0.0073912604711949825
1.0,1,0.9982364177703857
1.0,0,0.002453837776556611
0.0,0,0.02006160095334053
0.0,0,0.14735789597034454
0.0,0,0.0002983578306157142
0.0,1,0.8110625147819519
0.0,0,0.06091522425413132
1.0,1,0.9955493211746216
0.0,0,0.0884990468621254
0.0,0,0.016950005665421486
0.0,0,0.0011150483042001724
1.0,1,0.9940078258514404
1.0,1,0.4690730571746826
1.0,1,0.9992628693580627
1.0,1,0.9997046589851379
1.0,1,0.9999772310256958
0.0,0,0.006572591606527567
0.0,0,0.01857687719166279
0.0,0,0.0005182753666304052
1.0,1,0.9722342491149902
0.0,0,0.00011794506281148642
0.0,0,0.20743092894554138
1.0,1,0.9973390698432922
1.0,1,0.9998348951339722
0.0,0,0.0002505097072571516
0.0,0,0.07671451568603516
0.0,0,0.002340617822483182
0.0,0,0.0001338925794698298
0.0,1,0.5493034720420837
0.0,0,0.01015495602041483
0.0,0,0.0017459207447245717
0.0,1,0.5806442499160767
0.0,0,9.57819283939898e-05
1.0,1,0.9979464411735535
0.0,0,0.0003459131112322211
0.0,0,0.0008834333857521415
1.0,1,0.9982092380523682
1.0,1,0.9996213912963867
0.0,0,0.00045719760237261653
1.0,1,0.9984880685806274
0.0,0,8.568990597268566e-05
0.0,0,0.020509006455540657
0.0,1,0.4015769362449646
0.0,0,0.030933525413274765
0.0,0,1.4103988178248983e-05
0.0,1,0.36943739652633667
0.0,0,0.000508172030095011
0.0,0,0.000245988107053563
0.0,0,0.00044673122465610504
1.0,1,0.6755831837654114
0.0,0,0.0035325612407177687
1.0,1,0.999883770942688
0.0,0,0.007022988982498646
0.0,0,0.00013493203732650727
0.0,0,9.834161028265953e-05
1.0,1,0.9998966455459595
1.0,1,0.9994431138038635
0.0,0,0.007561651989817619
1.0,1,0.9029546976089478
1.0,1,0.9827125072479248
0.0,0,0.0025786967016756535
0.0,0,0.012091388925909996
1.0,1,0.9998760223388672
0.0,0,8.32803052617237e-05
1.0,1,0.998083233833313
0.0,0,0.00014571173232980072
0.0,0,0.005083769094198942
0.0,0,0.1317833960056305
1.0,1,0.9940842986106873
0.0,0,0.18085366487503052
1.0,1,0.9633677005767822
0.0,0,0.0021196361631155014
1.0,1,0.9967294931411743
0.0,0,0.0037163852248340845
0.0,1,0.5200290679931641
0.0,0,0.0035931007005274296
0.0,0,9.239998325938359e-05
0.0,0,0.000498017470818013
1.0,1,0.9999755620956421
0.0,0,0.009395412169396877
1.0,0,0.031087856739759445
0.0,0,0.0007338574505411088
0.0,1,0.813484787940979
1.0,1,0.9922268390655518
1.0,1,0.9999774694442749
1.0,1,0.8703013062477112
1.0,1,0.9994962215423584
0.0,0,0.04478319734334946
0.0,0,0.0021449264604598284
1.0,1,0.8874840140342712
0.0,0,0.0019105979008600116
0.0,0,5.116003376315348e-05
1.0,1,0.995196521282196
1.0,1,0.9995984435081482
0.0,0,0.13124556839466095
1.0,1,0.9683084487915039
0.0,0,0.000999519252218306
0.0,0,0.0019101332873106003
0.0,0,0.2984280586242676
1.0,1,0.9999327659606934
1.0,1,0.9973008036613464
1.0,1,0.9990058541297913
0.0,1,0.9034216403961182
0.0,0,1.1121204806840979e-05
1.0,1,0.9995419979095459
1.0,1,0.9998106360435486
0.0,1,0.8473108410835266
1.0,1,0.8697279691696167
0.0,0,0.014748063869774342
1.0,1,0.9997808337211609
0.0,0,0.002170195337384939
1.0,1,0.6323606371879578
1.0,1,0.9999958276748657
0.0,0,0.1052342876791954
0.0,0,0.0012339501408860087
0.0,0,0.02527734823524952
1.0,1,0.9995906949043274
1.0,1,0.8666139245033264
1.0,1,0.9985647797584534
1.0,1,0.9999192953109741
0.0,0,0.001129013136960566
0.0,0,0.0005259063327684999
1.0,0,0.055242858827114105
0.0,0,0.009366714395582676
0.0,0,0.24650080502033234
0.0,0,0.08275169134140015
0.0,0,0.009054734371602535
1.0,1,0.9889545440673828
1.0,1,0.9960477948188782
0.0,1,0.5450238585472107
1.0,1,0.9957203269004822
1.0,1,0.979576587677002
0.0,0,0.000917642202693969
0.0,0,0.25262826681137085
1.0,1,0.9999281167984009
0.0,1,0.5706618428230286
1.0,1,0.9890072345733643
0.0,0,0.0025506005622446537
1.0,1,0.7383541464805603
1.0,1,0.9985766410827637
1.0,1,0.8652934432029724
1.0,1,0.9984909296035767
0.0,0,0.000379040400730446
0.0,0,0.06757695227861404
0.0,0,0.00018994782294612378
0.0,0,0.0017883989494293928
0.0,0,0.0649106502532959
1.0,1,0.9998304843902588
1.0,1,0.8106492161750793
0.0,0,0.005029845517128706
0.0,0,0.00023608245828654617
1.0,1,0.9994631409645081
1.0,1,0.9998732805252075
1.0,1,0.891110897064209
1.0,1,0.983816385269165
0.0,0,0.0031355242244899273
0.0,0,0.0017684830818325281
1.0,1,0.9968818426132202
1.0,1,0.9984239339828491
0.0,0,0.004322079010307789
0.0,0,0.0029867521952837706
1.0,1,0.9472025036811829
0.0,0,0.0002950369962491095
1.0,1,0.5825913548469543
1.0,1,0.9962582588195801
1.0,0,0.0030730972066521645
0.0,1,0.8821915984153748
0.0,0,0.0020748283714056015
0.0,0,0.000937012315262109
0.0,0,0.0007264532032422721
0.0,1,0.8370858430862427
1.0,1,0.6906284689903259
1.0,0,0.07326042652130127
0.0,0,0.035089075565338135
0.0,0,0.2310197502374649
1.0,1,0.4794031083583832
0.0,1,0.99769526720047
0.0,0,0.0032982826232910156
1.0,1,0.8952560424804688
1.0,1,0.9988079071044922
0.0,0,0.013541909866034985
0.0,0,0.19971820712089539
0.0,0,0.00016607520228717476
0.0,0,6.680693331873044e-05
0.0,0,0.0009966841898858547
0.0,0,0.038221247494220734
1.0,1,0.9999328851699829
0.0,0,0.0009404119336977601
0.0,0,0.019924810156226158
1.0,1,0.9991068243980408
1.0,1,0.9326022267341614
0.0,1,0.8173159956932068
1.0,1,0.8349208235740662
1.0,1,0.9999722242355347
1.0,1,0.9999157190322876
1.0,1,0.7034363150596619
1.0,1,0.9982522130012512
0.0,0,6.939452759979758e-06
0.0,0,0.0005643849726766348
0.0,0,0.004276979714632034
0.0,0,0.007079203147441149
0.0,0,0.0003889718500431627
0.0,0,0.001394225750118494
1.0,1,0.7854925990104675
0.0,0,0.050378069281578064
0.0,0,3.7961293855914846e-05
1.0,1,0.9862241744995117
1.0,1,0.9999966621398926
0.0,0,0.03691971302032471
0.0,1,0.9925307631492615
0.0,0,0.03425410017371178
1.0,1,0.9919595122337341
0.0,1,0.7720308303833008
0.0,0,0.23354174196720123
0.0,0,0.03124135173857212
0.0,0,2.8900713004986756e-05
0.0,0,0.00018421369895804673
1.0,1,0.9787684082984924
0.0,0,0.002218930283561349
1.0,1,0.9993084669113159
0.0,0,0.018028132617473602
1.0,1,0.9505584239959717
1.0,1,0.9982117414474487
1.0,1,0.9980441331863403
0.0,1,0.9164661169052124
1.0,1,0.9999604225158691
0.0,0,0.023220323026180267
1.0,1,0.9966990351676941
0.0,0,4.521295977610862e-06
1.0,1,0.9776199460029602
0.0,0,0.0009419099660590291
0.0,0,0.003999531734734774
0.0,0,0.03973076865077019
0.0,0,0.002984654624015093
0.0,0,0.0012729172594845295
0.0,0,0.0004899804480373859
1.0,1,0.9925772547721863
1.0,1,0.9270148277282715
0.0,0,0.004537869244813919
1.0,1,0.9996731281280518
1.0,1,0.9944971203804016
1.0,1,0.9961632490158081
1.0,1,0.9886792302131653
0.0,0,0.005745788104832172
1.0,1,0.9992590546607971
0.0,1,0.5687432289123535
0.0,0,0.01510680839419365
1.0,1,0.9998140931129456
0.0,0,0.0033348428551107645
1.0,1,0.9739012718200684
0.0,0,0.03342081233859062
0.0,0,0.0006191307329572737
1.0,1,0.9936165809631348
0.0,1,0.9782614707946777
1.0,0,0.17995141446590424
0.0,1,0.660348653793335
0.0,0,0.011788214556872845
0.0,1,0.9140744805335999
1.0,1,0.5880461931228638
0.0,0,0.009790641255676746
1.0,1,0.9999628067016602
1.0,1,0.9955503940582275
0.0,0,0.0038526670541614294
0.0,0,0.00040542901842854917
0.0,0,0.00016982007946353406
0.0,0,0.06057547405362129
0.0,0,0.0009337384253740311
1.0,1,0.9959547519683838
1.0,1,0.9979192614555359
1.0,1,0.986155092716217
0.0,0,0.0010457494063302875
1.0,1,0.5824769139289856
0.0,0,0.014511705376207829
1.0,1,0.9837390184402466
1.0,0,0.0055328188464045525
0.0,0,0.027654103934764862
0.0,1,0.9552607536315918
1.0,1,0.9994959831237793
1.0,1,0.9988711476325989
0.0,0,0.0002657884615473449
0.0,0,0.01402884442359209
0.0,0,0.0008945213630795479
0.0,0,1.8664573872229084e-05
0.0,0,0.0006834450759924948
0.0,0,6.946776557015255e-05
0.0,0,0.0001935052132466808
1.0,1,0.99745112657547
1.0,0,0.0011383697856217623
1.0,1,0.9988120794296265
0.0,0,0.22259782254695892
0.0,0,0.0004705610335804522
1.0,1,0.8521137237548828
0.0,0,0.0021765739656984806
0.0,0,0.0009014905081130564
0.0,0,7.335949339903891e-05
1.0,1,0.9977408647537231
0.0,0,2.6417154003866017e-05
1.0,1,0.9872456789016724
1.0,1,0.9949729442596436
1.0,1,0.9923582673072815
0.0,0,0.0027576705906540155
0.0,0,0.00017821640358306468
0.0,0,0.008765330538153648
1.0,1,0.848267138004303
1.0,0,0.05140987038612366
0.0,0,0.0031345796305686235
1.0,1,0.9964928030967712
0.0,1,0.9875667095184326
0.0,0,0.0004718213458545506
0.0,0,0.005052695982158184
1.0,0,0.013095591217279434
1.0,1,0.9999841451644897
1.0,1,0.9999655485153198
1.0,1,0.9925426244735718
1.0,0,0.010816285386681557
0.0,0,0.0007593792979605496
0.0,0,0.0006158794276416302
0.0,0,0.0006897827843204141
0.0,0,0.00020628591300919652
1.0,1,0.9527706503868103
0.0,1,0.9656682014465332
1.0,1,0.9998703002929688
0.0,0,0.00023182164295576513
0.0,0,0.016453862190246582
0.0,1,0.5390065312385559
1.0,1,0.9966722726821899
0.0,0,8.610856457380578e-05
0.0,0,0.0024776337668299675
0.0,0,3.8387515814974904e-05
0.0,1,0.9983207583427429
1.0,1,0.9994491934776306
0.0,0,0.08327071368694305
0.0,0,0.001207458903081715
0.0,0,0.0026348086539655924
1.0,1,0.9971970319747925
1.0,1,0.46063828468322754
0.0,0,0.008506214246153831
0.0,1,0.8472459316253662
0.0,0,0.00031305005541071296
1.0,1,0.9998929500579834
0.0,0,0.0007233534706756473
1.0,1,0.8503924608230591
0.0,0,0.0031839029397815466
1.0,1,0.997245192527771
1.0,1,0.8693562746047974
1.0,1,0.9990847110748291
0.0,0,0.0010470523266121745
0.0,0,0.0021300155203789473
0.0,0,0.005145014263689518
0.0,0,0.04360730201005936
0.0,0,0.0003947127261199057
1.0,0,0.17785587906837463
1.0,1,0.9715123772621155
0.0,0,0.001770287868566811
0.0,1,0.33523616194725037
1.0,1,0.9987043142318726
0.0,0,0.00010231585474684834
0.0,1,0.975219190120697
0.0,0,1.9024735138373217e-06
1.0,1,0.9973268508911133
0.0,0,0.02819068543612957
0.0,0,0.020126771181821823
1.0,1,0.997159481048584
0.0,0,0.0005244550993666053
0.0,0,0.0003493301628623158
1.0,1,0.7621814012527466
1.0,1,0.9998949766159058
1.0,1,0.9978245496749878
0.0,0,0.00010966668924083933
0.0,0,0.0009450155775994062
1.0,1,0.9982870221138
0.0,0,1.168872131529497e-05
0.0,1,0.7420463562011719
1.0,1,0.978914737701416
0.0,1,0.5276020765304565
0.0,0,0.19259923696517944
1.0,1,0.5363304018974304
1.0,1,0.9987006187438965
1.0,1,0.41700875759124756
1.0,1,0.9999301433563232
0.0,0,2.241018410131801e-05
0.0,0,0.02252870798110962
0.0,0,0.000642831320874393
0.0,0,0.0019468164537101984
0.0,0,0.01798730529844761
0.0,0,2.7703461000783136e-06
1.0,1,0.9994712471961975
1.0,1,0.9978099465370178
0.0,0,0.0007180540706031024
0.0,0,0.0003228286514058709
0.0,0,0.006025589071214199
1.0,1,0.9996416568756104
1.0,1,0.99993896484375
1.0,1,0.8004846572875977
0.0,0,0.007307196035981178
0.0,0,0.0009155243169516325
0.0,0,0.0004486137768253684
1.0,1,0.4547066390514374
1.0,1,0.9769039750099182
1.0,1,0.3697250187397003
0.0,0,0.038605861365795135
0.0,0,0.0001632281200727448
0.0,0,0.0165932085365057
1.0,1,0.8737980127334595
0.0,0,0.005032012704759836
0.0,0,0.011642800644040108
0.0,0,8.456255454802886e-05
0.0,0,0.19743767380714417
1.0,1,0.9763374924659729
1.0,1,0.9999481439590454
0.0,0,6.550416583195329e-05
0.0,0,0.01906738616526127
0.0,1,0.9577268958091736
0.0,0,0.00039381501846946776
1.0,1,0.9978561997413635
1.0,1,0.9884626269340515
0.0,0,0.006485494319349527
0.0,0,7.510848081437871e-05
0.0,0,0.00016028853133320808
0.0,0,0.0015763547271490097
0.0,0,7.612301124026999e-05
0.0,0,0.0003373015206307173
0.0,0,0.11497899144887924
0.0,0,0.008958780206739902
1.0,1,0.999350368976593
1.0,1,0.9999676942825317
1.0,1,0.9999136924743652
1.0,1,0.9689674377441406
1.0,1,0.9816188216209412
1.0,0,0.13289061188697815
1.0,0,0.0025927359238266945
1.0,1,0.6457687616348267
0.0,1,0.7411181926727295
1.0,1,0.9965408444404602
1.0,1,0.9821619391441345
1.0,1,0.999942421913147
0.0,0,0.0051833996549248695
1.0,1,0.9707289934158325
0.0,0,0.00026960455579683185
1.0,1,0.9948232173919678
1.0,1,0.9905828237533569
0.0,0,0.11149623990058899
0.0,1,0.4006001055240631
1.0,1,0.9993521571159363
0.0,0,0.0003247855347581208
1.0,1,0.9744642376899719
0.0,0,0.0002786646946333349
1.0,1,0.999991774559021
1.0,1,0.7439305782318115
0.0,0,0.0012905230978503823
1.0,1,0.9999321699142456
1.0,1,0.9999475479125977
1.0,1,0.9960391521453857
0.0,1,0.987533450126648
0.0,0,0.0007249835762195289
0.0,0,0.2936994731426239
0.0,0,0.0006075235432945192
0.0,0,0.0012156275333836675
0.0,0,0.00019523822993505746
0.0,0,0.0029855428729206324
0.0,0,0.07052633911371231
0.0,1,0.8788431286811829
0.0,0,0.004426984116435051
0.0,0,0.0006763676647096872
0.0,0,0.007951471023261547
0.0,0,0.002712012268602848
0.0,0,0.13678190112113953
0.0,0,0.0648532435297966
1.0,1,0.9997707009315491
1.0,1,0.9962054491043091
0.0,0,0.005675529129803181
0.0,0,0.00033641469781287014
0.0,0,0.007620085030794144
0.0,0,0.030666328966617584
0.0,0,0.030476098880171776
1.0,1,0.7152629494667053
1.0,1,0.9981861710548401
0.0,0,0.0319807194173336
0.0,0,0.00028979481430724263
0.0,0,0.002593191107735038
0.0,0,0.0011825135443359613
1.0,1,0.4814116060733795
0.0,1,0.8164792060852051
0.0,0,0.0045715742744505405
0.0,0,3.975328945671208e-05
0.0,0,0.011324250139296055
0.0,0,2.1971671230858192e-05
0.0,0,0.0004952196031808853
0.0,0,0.0006538850720971823
0.0,0,9.700388909550384e-05
0.0,0,0.0010383069748058915
0.0,0,0.0034433717373758554
1.0,1,0.9638423323631287
0.0,1,0.589513897895813
0.0,0,0.0003934883570764214
0.0,0,9.138325549429283e-05
1.0,1,0.982658326625824
0.0,0,5.93581899011042e-05
0.0,0,0.10154426097869873
0.0,0,0.0002158158167731017
1.0,1,0.9995208978652954
0.0,1,0.6822777986526489
1.0,1,0.993133008480072
0.0,0,0.0008549009216949344
0.0,0,7.915819878689945e-05
1.0,1,0.9999966621398926
0.0,0,0.013904065825045109
1.0,0,0.022117605432868004
0.0,0,0.0027708879206329584
0.0,0,0.00021342023683246225
0.0,0,0.15947484970092773
1.0,1,0.3622971475124359
1.0,1,0.9997431635856628
1.0,1,0.984332799911499
1.0,1,0.9960909485816956
0.0,0,0.0036346381530165672
0.0,0,0.036005452275276184
0.0,0,0.08137552440166473
0.0,0,0.0011545164743438363
0.0,0,0.0012340812245383859
1.0,1,0.9826334118843079
0.0,1,0.3483313024044037
1.0,0,0.078162282705307
0.0,0,0.0016311443177983165
0.0,0,0.00032699518487788737
0.0,0,0.06678266078233719
0.0,0,0.04157210886478424
0.0,0,8.804441677057184e-06
0.0,0,0.0002060612168861553
1.0,1,0.996181845664978
1.0,1,0.997215986251831
0.0,0,0.003338072681799531
0.0,1,0.7332572340965271
0.0,0,0.00014132520300336182
0.0,0,0.001224768697284162
1.0,1,0.9931400418281555
1.0,1,0.981472373008728
1.0,1,0.9997537732124329
0.0,1,0.9524869918823242
0.0,0,0.01094981748610735
1.0,1,0.9999938011169434
0.0,1,0.7579755783081055
0.0,0,0.0011273259297013283
0.0,0,0.012036489322781563
1.0,1,0.631045401096344
0.0,0,0.0004720544093288481
0.0,0,1.1112034371763002e-05
0.0,0,0.0007320246659219265
0.0,0,0.18974149227142334
0.0,1,0.9996362924575806
0.0,0,0.1470339149236679
0.0,0,0.005406917538493872
0.0,0,0.001540212775580585
0.0,0,0.00013997881615068763
0.0,0,0.019144264981150627
1.0,1,0.9818800687789917
0.0,0,0.004302165005356073
0.0,0,0.0018829564796760678
0.0,0,2.3739376047160476e-05
0.0,0,0.037487756460905075
1.0,0,0.0004489376151468605
1.0,1,0.9972690939903259
1.0,1,0.928103506565094
1.0,1,0.9993917942047119
0.0,0,0.0006891375523991883
1.0,1,0.9994056224822998
1.0,0,0.018240755423903465
1.0,0,0.025811461731791496
0.0,0,0.0003965272044297308
1.0,1,0.9944087862968445
0.0,0,0.0011442978866398335
0.0,1,0.9737371206283569
0.0,1,0.9817485213279724
1.0,1,0.999771773815155
1.0,1,0.9979986548423767
0.0,0,0.0005349097773432732
0.0,0,0.0012695983750745654
0.0,0,0.0017339454498142004
0.0,0,0.023234602063894272
0.0,0,0.0017531783087179065
0.0,0,3.810139969573356e-05
0.0,0,0.0013231962220743299
1.0,1,0.9959959983825684
1.0,1,0.9977481961250305
0.0,1,0.3185141086578369
1.0,1,0.9560565948486328
0.0,0,0.017822226509451866
1.0,1,0.9999264478683472
0.0,0,0.00011865031410707161
1.0,1,0.9983115196228027
0.0,0,0.03620639815926552
1.0,1,0.9810174703598022
0.0,0,0.018628621473908424
1.0,1,0.9999874830245972
0.0,0,0.0010190847096964717
1.0,1,0.9575098752975464
0.0,0,0.024866124615073204
0.0,0,0.20871688425540924
1.0,1,0.8923637270927429
0.0,0,0.0009414599626325071
0.0,0,0.00013883232895750552
0.0,0,0.01521269790828228
0.0,1,0.9046534299850464
0.0,0,0.005532205104827881
0.0,1,0.980823278427124
0.0,0,1.018471084535122e-05
0.0,0,0.002110451925545931
0.0,0,1.7981941709876992e-05
0.0,1,0.3584773540496826
0.0,1,0.9169601202011108
0.0,1,0.9859848022460938
0.0,0,0.0006829274352639914
1.0,1,0.9748947024345398
0.0,0,0.020818205550312996
0.0,0,0.003161475295200944
1.0,1,0.9980521202087402
1.0,1,0.9993680119514465
1.0,0,0.07673058658838272
1.0,1,0.9932613968849182
0.0,0,0.001437293947674334
0.0,0,3.9769671275280416e-05
1.0,1,0.43227270245552063
0.0,0,0.0026315401773899794
0.0,0,0.27781790494918823
0.0,1,0.9833621382713318
0.0,0,0.0011983675649389625
0.0,0,2.2691059712087736e-05
1.0,1,0.995590329170227
0.0,1,0.9985374212265015
1.0,1,0.9995446801185608
1.0,1,0.9715127944946289
0.0,0,0.021071435883641243
0.0,0,0.022277839481830597
1.0,1,0.9995433688163757
0.0,0,0.0016106097027659416
1.0,1,0.9977902173995972
0.0,0,0.00035749797825701535
0.0,0,0.00024485791800543666
0.0,0,0.02771594189107418
0.0,0,0.003213703166693449
0.0,0,0.08759685605764389
0.0,0,0.00015065644402056932
1.0,1,0.99869304895401
1.0,1,0.583489179611206
0.0,0,0.0007567277643829584
0.0,0,0.0034037025179713964
1.0,1,0.9996688365936279
0.0,0,0.03769177198410034
1.0,1,0.9993851184844971
0.0,0,0.001005528843961656
1.0,1,0.9972856044769287
0.0,0,0.07100366801023483
0.0,0,0.07415400445461273
0.0,1,0.9793463945388794
0.0,0,0.13845446705818176
1.0,1,0.874663770198822
0.0,0,4.207814981782576e-06
0.0,0,0.005241973325610161
1.0,1,0.9999419450759888
1.0,0,0.17976316809654236
0.0,0,0.004701963625848293
1.0,1,0.9989270567893982
0.0,0,0.00015965552302077413
0.0,0,0.002903281943872571
0.0,0,0.0077224052511155605
1.0,1,0.9854907989501953
1.0,1,0.6133321523666382
1.0,1,0.999535083770752
0.0,0,0.0003409150231163949
1.0,1,0.9864087104797363
0.0,0,0.0009056666167452931
0.0,0,0.06298300623893738
0.0,0,0.0004672999493777752
0.0,1,0.626434326171875
0.0,0,2.0344181393738836e-05
1.0,1,0.9999620914459229
0.0,0,0.0006885103066451848
1.0,0,0.2577767074108124
0.0,0,0.0011901010293513536
1.0,1,0.945529580116272
1.0,1,0.9957454800605774
0.0,0,0.00046602351358160377
1.0,0,0.0024389917962253094
0.0,1,0.3062244653701782
0.0,0,0.004610296338796616
1.0,1,0.9602394700050354
0.0,0,5.1009305025218055e-05
0.0,0,0.032386451959609985
0.0,0,0.16925440728664398
0.0,0,0.0028613011818379164
0.0,0,0.010899247601628304
0.0,0,0.020673876628279686
0.0,0,0.0006614638259634376
0.0,0,3.518843368510716e-05
1.0,1,0.9999494552612305
1.0,1,0.9949736595153809
0.0,0,0.08142616599798203
0.0,0,0.26375505328178406
1.0,1,0.9843881130218506
0.0,0,0.0002790254366118461
1.0,1,0.9877730011940002
1.0,1,0.9041915535926819
0.0,0,6.864427996333688e-05
0.0,0,0.018087776377797127
0.0,0,0.005934618879109621
0.0,0,0.19617819786071777
1.0,1,0.9927816987037659
1.0,0,0.001326357596553862
1.0,1,0.9993081092834473
1.0,1,0.9999476671218872
1.0,1,0.9991638660430908
1.0,1,0.9999653100967407
1.0,1,0.9994375109672546
0.0,0,0.0009559190948493779
0.0,0,0.006965094245970249
0.0,0,0.00958004966378212
0.0,0,1.6362781025236472e-05
1.0,1,0.942527174949646
0.0,0,0.0007012863061390817
0.0,0,0.0028907391242682934
0.0,0,0.0007073139422573149
0.0,0,0.0014215729897841811
1.0,1,0.9993054866790771
0.0,1,0.8326936960220337
1.0,1,0.9476273655891418
1.0,1,0.9904462099075317
0.0,0,0.0010424599749967456
1.0,1,0.9068742990493774
0.0,0,0.001514249830506742
0.0,0,0.025996044278144836
1.0,1,0.7279438376426697
0.0,0,1.9435722151683876e-06
0.0,0,8.991990398499183e-06
1.0,1,0.9574496746063232
1.0,1,0.9862583875656128
1.0,0,0.0016431590775027871
1.0,1,0.9994726777076721
0.0,0,0.00017605350876692683
0.0,1,0.995261549949646
0.0,1,0.35414284467697144
0.0,0,0.004985681734979153
0.0,0,0.001296149450354278
1.0,1,0.9967955946922302
0.0,0,0.06070537865161896
0.0,0,0.00031036778818815947
1.0,1,0.7488924264907837
1.0,0,0.08765971660614014
0.0,0,0.14752191305160522
1.0,1,0.9987649917602539
0.0,0,0.010732989758253098
0.0,0,0.0003921135503333062
1.0,1,0.9682278633117676
0.0,0,0.0013107075355947018
1.0,1,0.9985507130622864
0.0,0,0.005066233687102795
0.0,0,0.113224558532238
1.0,1,0.9998964071273804
0.0,0,0.049839798361063004
1.0,1,0.8570075035095215
0.0,0,0.0422373041510582
0.0,0,0.29607757925987244
1.0,1,0.9934313893318176
0.0,0,0.00620655482634902
0.0,0,0.0010047173127532005
1.0,1,0.9872495532035828
0.0,0,0.01431140024214983
0.0,0,0.00021536195708904415
0.0,0,0.015720678493380547
1.0,1,0.9970878958702087
1.0,1,0.9967911839485168
0.0,0,0.002738979645073414
0.0,0,0.005317955277860165
0.0,0,0.0010139844380319118
0.0,0,1.4707277841807809e-05
1.0,1,0.9999157190322876
1.0,0,0.03211870416998863
0.0,1,0.33440524339675903
0.0,0,0.001009153202176094
0.0,0,0.011761458590626717
0.0,0,0.008867108263075352
0.0,0,0.003061499446630478
0.0,1,0.630526602268219
0.0,0,7.54694701754488e-05
0.0,0,1.3861674233339727e-05
1.0,1,0.9904199242591858
0.0,1,0.8481709957122803
0.0,1,0.628081738948822
0.0,0,0.0005087298341095448
0.0,0,0.0011058374075219035
0.0,0,0.000550821830984205
1.0,1,0.9964380264282227
0.0,0,0.024910932406783104
0.0,0,0.027291398495435715
0.0,0,0.17706158757209778
1.0,1,0.999932050704956
0.0,0,0.03351852297782898
1.0,1,0.9982882142066956
1.0,0,0.13734978437423706
0.0,0,0.0007490761927329004
0.0,0,0.0016971923178061843
0.0,0,0.016785379499197006
1.0,1,0.9937077760696411
0.0,0,0.018734347075223923
0.0,1,0.45947426557540894
0.0,0,0.0019062027567997575
0.0,0,0.018593894317746162
0.0,0,6.726584979332983e-05
0.0,0,0.002545746508985758
1.0,1,0.9968330264091492
0.0,0,0.25177377462387085
1.0,0,0.0004047395195811987
1.0,1,0.9998176693916321
0.0,0,2.7169364329893142e-05
0.0,1,0.3850724697113037
1.0,1,0.36386480927467346
0.0,0,0.2462461292743683
1.0,1,0.9477436542510986
0.0,0,0.0006295698694884777
0.0,0,2.6821615392691456e-05
0.0,0,0.05620027706027031
0.0,1,0.5432184934616089
0.0,1,0.8834068775177002
0.0,0,0.006595521233975887
1.0,1,0.9833621382713318
1.0,1,0.9914148449897766
1.0,1,0.6821344494819641
1.0,1,0.9976004958152771
0.0,0,0.0008821557275950909
0.0,0,0.015160360373556614
0.0,0,6.2917683862906415e-06
0.0,0,0.009525453671813011
0.0,0,0.0067507135681807995
0.0,0,0.00016541632066946477
1.0,1,0.9649726748466492
1.0,0,0.015721283853054047
0.0,0,5.61551823921036e-05
0.0,0,0.00011566406465135515
0.0,0,0.005619554314762354
0.0,1,0.6604517698287964
0.0,0,0.0010159488301724195
0.0,0,2.3275832063518465e-05
1.0,1,0.9943219423294067
1.0,0,0.20440684258937836
0.0,0,0.05772571265697479
0.0,0,1.0714365089370403e-05
1.0,1,0.9988885521888733
0.0,0,0.0001319453149335459
0.0,0,0.0008277820888906717
0.0,0,6.836364627815783e-05
1.0,1,0.9999498128890991
1.0,1,0.9170709252357483
0.0,0,9.244709872291423e-06
0.0,0,0.056049492210149765
0.0,0,9.168746146315243e-06
0.0,0,5.4063290008343756e-05
0.0,0,0.008191399276256561
0.0,0,6.650379509665072e-05
1.0,1,0.8992274403572083
0.0,0,0.05832689255475998
1.0,1,0.9996849298477173
1.0,1,0.43415528535842896
1.0,1,0.9993234872817993
1.0,1,0.7226281762123108
0.0,1,0.7394638657569885
0.0,0,0.0014381647342815995
0.0,0,0.0007907840190455317
1.0,1,0.9998849630355835
1.0,1,0.6918774247169495
0.0,1,0.6847108602523804
0.0,0,0.24995920062065125
1.0,1,0.9863329529762268
1.0,1,0.9998515844345093
0.0,1,0.9847241640090942
0.0,0,0.0022181386593729258
1.0,1,0.6969625949859619
0.0,1,0.5028456449508667
1.0,1,0.9967218041419983
1.0,1,0.9982201457023621
0.0,1,0.5431472063064575
0.0,0,0.0468931645154953
0.0,1,0.36164402961730957
0.0,0,0.0015296181663870811
0.0,0,0.0005095158121548593
0.0,1,0.999207079410553
1.0,1,0.9980629086494446
1.0,1,0.9670690894126892
1.0,1,0.9556735157966614
0.0,1,0.7472881078720093
0.0,1,0.8669131398200989
0.0,0,1.0018257853516843e-05
0.0,0,0.02644762583076954
0.0,0,0.0018976758001372218
0.0,0,0.0008157266420312226
1.0,1,0.9860070943832397
0.0,0,9.482199675403535e-05
1.0,1,0.9999709129333496
0.0,0,0.0060591669753193855
0.0,0,0.0002277006715303287
1.0,1,0.8121652603149414
1.0,1,0.999958872795105
0.0,0,2.3229715679917717e-06
0.0,0,0.21598142385482788
0.0,0,0.03234517574310303
1.0,0,0.010291473008692265
0.0,0,0.28306227922439575
1.0,1,0.9999760389328003
0.0,0,0.00016257558309007436
1.0,1,0.9972858428955078
1.0,1,0.9978304505348206
1.0,1,0.9978967905044556
0.0,0,0.0013270803028717637
0.0,0,0.0006430099601857364
1.0,1,0.973620593547821
1.0,0,3.535921860020608e-05
0.0,0,0.16309446096420288
0.0,0,5.151393270352855e-05
1.0,1,0.9947158694267273
1.0,1,0.9909532070159912
0.0,0,0.14928436279296875
0.0,1,0.379702091217041
0.0,0,0.0006511512910947204
1.0,0,0.034588880836963654
1.0,1,0.9259738326072693
1.0,1,0.9986342787742615
0.0,0,0.0011829603463411331
1.0,1,0.9999209642410278
0.0,0,0.0008968047332018614
1.0,1,0.7430168390274048
0.0,1,0.9678561687469482
0.0,1,0.8472505211830139
0.0,1,0.5946455001831055
0.0,1,0.6573395729064941
0.0,0,8.045139111345634e-06
0.0,0,0.0013592233881354332
1.0,1,0.9996640682220459
1.0,1,0.995669960975647
1.0,1,0.9971950054168701
0.0,1,0.8381723165512085
1.0,1,0.9999982118606567
1.0,1,0.9999324083328247
0.0,0,0.0012795596849173307
0.0,0,0.00773225212469697
0.0,0,0.006595002021640539
1.0,1,0.9994630217552185
0.0,0,0.001998669235035777
1.0,1,0.9913976192474365
0.0,0,0.1816994547843933
0.0,0,0.015389825217425823
0.0,1,0.6078683137893677
1.0,1,0.9907602071762085
0.0,0,2.513760364308837e-06
1.0,1,0.9992271661758423
1.0,1,0.9954754710197449
0.0,0,0.057969026267528534
0.0,0,3.862587334424461e-07
0.0,0,0.001088080694898963
0.0,0,0.00041138168307952583
0.0,1,0.784375786781311
1.0,1,0.8799332976341248
0.0,0,0.00032311840914189816
0.0,1,0.9401637315750122
1.0,1,0.9999812841415405
0.0,0,3.459513754933141e-05
0.0,0,7.28029481251724e-05
0.0,0,0.0024112940300256014
1.0,1,0.9984488487243652
0.0,0,0.00012222213263157755
1.0,1,0.999987006187439
1.0,1,0.9999821186065674
1.0,1,0.6980741620063782
1.0,1,0.42287391424179077
1.0,1,0.9766858220100403
0.0,0,0.03401574119925499
0.0,0,0.23061038553714752
1.0,1,0.9999995231628418
1.0,1,0.9990847110748291
0.0,0,0.00023500357929151505
0.0,1,0.993553876876831
0.0,0,0.09600658714771271
1.0,1,0.9998524188995361
1.0,1,0.9999797344207764
0.0,0,0.00016081485955510288
0.0,1,0.506119430065155
1.0,0,0.14392691850662231
1.0,1,0.9927923679351807
1.0,1,0.9909329414367676
0.0,0,0.0014560568379238248
0.0,1,0.9713266491889954
1.0,1,0.9998534917831421
0.0,0,0.014653963968157768
0.0,0,0.0007155665080063045
0.0,1,0.996010422706604
1.0,1,0.997671902179718
0.0,0,0.003280086675658822
1.0,1,0.9999337196350098
0.0,1,0.9274773597717285
0.0,0,0.0006802919670008123
1.0,0,0.029822763055562973
0.0,0,0.2545328140258789
0.0,0,0.0001640749687794596
1.0,1,0.9997840523719788
0.0,0,0.00012485345359891653
1.0,1,0.30327561497688293
1.0,1,0.992742657661438
0.0,0,0.0007156005594879389
1.0,1,0.47778332233428955
1.0,1,0.9999539852142334
1.0,1,0.9885721206665039
1.0,1,0.7266405820846558
0.0,0,0.0001308963110204786
0.0,0,0.017685603350400925
0.0,0,0.001773964031599462
0.0,0,3.862270148147218e-08
0.0,0,0.08163000643253326
1.0,1,0.9987300038337708
1.0,1,0.9460185766220093
0.0,0,1.0760433724499308e-05
1.0,1,0.9149619340896606
0.0,0,0.0013202889822423458
0.0,0,0.051462411880493164
0.0,0,3.401349749765359e-05
1.0,1,0.32713234424591064
1.0,1,0.9993494153022766
1.0,1,0.832944393157959
0.0,0,0.003639851463958621
1.0,1,0.999944806098938
0.0,0,0.006414075382053852
1.0,1,0.9984654188156128
1.0,1,0.6405081152915955
1.0,1,0.9998676776885986
0.0,0,5.296189556247555e-06
1.0,1,0.9986365437507629
1.0,1,0.9738916754722595
1.0,1,0.9999362230300903
0.0,0,0.00013081893848720938
1.0,1,0.9939999580383301
0.0,0,0.015702730044722557
0.0,0,0.00019982132653240114
1.0,1,0.998717188835144
1.0,1,0.986241340637207
1.0,1,0.9987518787384033
0.0,1,0.5404834151268005
0.0,0,1.2297986359044444e-05
0.0,0,0.009316470474004745
0.0,0,1.1873958527530704e-07
0.0,0,0.006780422758311033
1.0,1,0.9998455047607422
1.0,1,0.6330032348632812
1.0,1,0.9999644756317139
0.0,0,2.591829797893297e-05
0.0,0,0.0017606080509722233
1.0,1,0.9737451672554016
1.0,1,0.9999978542327881
0.0,0,0.004827079828828573
0.0,0,0.000872794829774648
0.0,0,0.16581661999225616
0.0,0,0.0026864660903811455
0.0,0,0.070320725440979
0.0,0,0.029248015955090523
1.0,1,0.8938462138175964
1.0,1,0.8354631662368774
1.0,0,2.943613799288869e-05
0.0,0,0.05179319903254509
0.0,0,0.00021239426860120147
1.0,1,0.9943487048149109
0.0,0,0.15355205535888672
0.0,0,0.0007162518450058997
1.0,1,0.9997500777244568
0.0,0,0.09258662909269333
0.0,1,0.800545334815979
1.0,1,0.9995212554931641
1.0,1,0.9535523653030396
0.0,0,7.800481398589909e-05
1.0,1,0.9727466106414795
1.0,1,0.991405725479126
0.0,0,0.003091434482485056
1.0,1,0.33071035146713257
1.0,1,0.9995014667510986
0.0,0,0.00020805958774872124
0.0,0,0.011658547446131706
0.0,0,5.7352746807737276e-05
0.0,0,0.019212499260902405
0.0,0,0.0009116798755712807
0.0,0,0.002037457190454006
0.0,0,0.0008391615701839328
1.0,1,0.9059344530105591
0.0,0,0.06453371047973633
0.0,0,0.00038276324630714953
1.0,1,0.9999896287918091
1.0,1,0.999969482421875
1.0,1,0.9998039603233337
1.0,1,0.999075174331665
1.0,1,0.9956412315368652
1.0,1,0.9885380268096924
0.0,0,7.26792641216889e-05
0.0,0,0.025415785610675812
0.0,0,0.0008567055338062346
0.0,1,0.9183460474014282
1.0,1,0.9992939233779907
0.0,0,0.0325632281601429
0.0,0,0.001873526256531477
0.0,0,0.17129021883010864
0.0,0,0.0003382439026609063
0.0,0,0.15017041563987732
1.0,1,0.9999058246612549
0.0,0,0.02162882871925831
1.0,0,0.0018818445969372988
1.0,1,0.9975785613059998
0.0,0,0.002251347992569208
1.0,1,0.9344849586486816
0.0,0,0.0006692523020319641
0.0,1,0.4473094940185547
0.0,0,0.0010250547202304006
0.0,0,1.2611732927325647e-05
0.0,0,1.7514328646939248e-05
0.0,0,0.0012127818772569299
0.0,0,1.3897782991989516e-05
1.0,1,0.9910948276519775
0.0,0,0.01169532909989357
1.0,1,0.7233664989471436
1.0,1,0.999620795249939
1.0,1,0.9950043559074402
1.0,1,0.9995577931404114
1.0,0,0.2543438971042633
1.0,1,0.8812599778175354
0.0,0,0.0008990085916593671
0.0,0,0.0006224535754881799
1.0,1,0.4365040957927704
1.0,1,0.9912147521972656
0.0,1,0.47930893301963806
0.0,0,0.006728286389261484
1.0,1,0.9880017638206482
1.0,1,0.9978289008140564
1.0,1,0.9999630451202393
0.0,0,0.2406638264656067
0.0,0,0.00029057360370643437
1.0,1,0.7925726771354675
1.0,0,0.008716912008821964
1.0,1,0.9971959590911865
0.0,1,0.867681622505188
0.0,0,0.00046156716416589916
1.0,0,0.002221296541392803
1.0,1,0.9999555349349976
0.0,0,0.009170792065560818
0.0,0,0.000773949665017426
1.0,1,0.9996734857559204
0.0,0,0.00056800851598382
0.0,0,0.0023270680103451014
0.0,0,0.00942901335656643
1.0,1,0.9896734952926636
1.0,1,0.9618574380874634
0.0,0,0.05131036788225174
1.0,1,0.6135328412055969
1.0,1,0.9955326318740845
0.0,1,0.7523599863052368
0.0,0,0.0005334235611371696
0.0,0,0.000982498750090599
0.0,0,7.072243897709996e-05
0.0,1,0.7690103054046631
1.0,1,0.9989963173866272
0.0,0,0.17079158127307892
0.0,1,0.9858075380325317
0.0,0,0.01573418453335762
0.0,0,0.0003345610748510808
0.0,0,0.008981174789369106
1.0,1,0.9953752160072327
1.0,0,0.21183285117149353
0.0,0,0.0837319865822792
0.0,0,5.2984403737355024e-05
0.0,0,4.717481260740897e-06
1.0,1,0.9964759945869446
0.0,0,0.1718927025794983
0.0,0,0.016940752044320107
0.0,0,0.008182420395314693
1.0,1,0.5063397884368896
1.0,1,0.8712999820709229
0.0,0,0.0023460378870368004
0.0,1,0.5492729544639587
0.0,0,0.010772994719445705
0.0,0,0.00522958068177104
1.0,1,0.9555579423904419
0.0,1,0.9589516520500183
0.0,0,0.00906105525791645
0.0,0,0.0692254975438118
1.0,1,0.9482340812683105
1.0,1,0.9911256432533264
0.0,0,0.1654055416584015
0.0,0,0.000505504256580025
0.0,0,0.18631988763809204
0.0,0,0.029370063915848732
1.0,1,0.9999922513961792
0.0,0,0.049917519092559814
1.0,1,0.9826897382736206
1.0,1,0.9969497323036194
0.0,0,0.07138386368751526
1.0,1,0.9999889135360718
0.0,0,7.150842429837212e-05
1.0,1,0.9975084066390991
0.0,0,6.237158231670037e-06
0.0,0,5.070982751931297e-06
0.0,0,0.050353895872831345
0.0,0,0.003749525872990489
1.0,1,0.992914080619812
1.0,1,0.9998595714569092
0.0,0,0.005738225765526295
1.0,1,0.9999855756759644
1.0,1,0.6565822958946228
0.0,0,0.021931223571300507
0.0,0,0.0004302688757888973
1.0,1,0.9180606007575989
0.0,0,1.2693421012954786e-05
1.0,1,0.8585599660873413
1.0,1,0.9990252256393433
1.0,1,0.9978458881378174
1.0,1,0.9929158687591553
1.0,1,0.999638557434082
0.0,1,0.39710086584091187
1.0,1,0.9999072551727295
1.0,1,0.945479154586792
0.0,0,0.006610625423491001
0.0,1,0.39132294058799744
1.0,1,0.9981943964958191
0.0,0,0.001649125711992383
0.0,0,0.010546020232141018
0.0,1,0.8775604367256165
1.0,1,0.9999266862869263
0.0,0,0.00016627644072286785
0.0,0,0.06473308056592941
1.0,1,0.9998379945755005
1.0,1,0.998724639415741
0.0,0,4.141512363275979e-06
1.0,1,0.9999954700469971
1.0,1,0.9999110698699951
0.0,0,0.03022943064570427
1.0,1,0.9955443739891052
1.0,1,0.9999923706054688
0.0,0,0.0016877546440809965
0.0,0,0.007547198329120874
1.0,1,0.8042678833007812
0.0,0,0.005372262094169855
0.0,0,0.007228262722492218
1.0,1,0.8828927874565125
0.0,0,0.00328952562995255
0.0,0,0.00016545543621759862
1.0,1,0.9984980821609497
1.0,1,0.9990233182907104
1.0,1,0.9999634027481079
0.0,0,0.19516119360923767
0.0,0,0.0009938726434484124
0.0,1,0.6922343969345093
1.0,0,0.0039360313676297665
1.0,1,0.991963267326355
0.0,0,0.00017675760318525136
0.0,0,0.0014811446890234947
0.0,0,0.0008296911837533116
0.0,0,0.0022500480990856886
0.0,1,0.9557293057441711
0.0,1,0.8949294686317444
0.0,0,0.004310795571655035
0.0,0,0.004973375238478184
0.0,0,0.0003259360382799059
0.0,0,0.001563305500894785
0.0,0,0.00022196066856849939
0.0,0,0.00021507774363271892
1.0,1,0.9998918771743774
1.0,1,0.9999853372573853
0.0,0,0.0007332160603255033
0.0,0,0.002510714577510953
1.0,1,0.4552167057991028
1.0,1,0.9629181623458862
0.0,0,0.00028481348999775946
0.0,0,0.0075204442255198956
0.0,0,4.3373933294788e-05
1.0,0,0.005662906914949417
1.0,1,0.6472651362419128
0.0,1,0.9411768913269043
0.0,0,0.009310214780271053
0.0,0,0.0007373200496658683
1.0,1,0.9903765320777893
0.0,0,1.8836402659871965e-06
0.0,0,0.043469447642564774
0.0,0,0.00019434040586929768
0.0,0,0.17833809554576874
0.0,0,0.0955820083618164
0.0,1,0.6125274896621704
0.0,0,0.024418653920292854
1.0,1,0.9942947030067444
1.0,1,0.9786414504051208
1.0,1,0.9998952150344849
0.0,0,0.09408514201641083
1.0,1,0.7832175493240356
1.0,1,0.9957762360572815
0.0,0,0.1769382357597351
0.0,0,0.006331507582217455
0.0,0,6.634664168814197e-05
0.0,0,0.00014035853382665664
0.0,0,0.08592302352190018
0.0,0,5.900365795241669e-05
1.0,1,0.9963396787643433
0.0,0,0.0004806405049748719
0.0,0,0.006628651637583971
0.0,1,0.6418269276618958
1.0,1,0.999854564666748
1.0,1,0.9982549548149109
1.0,1,0.9997879862785339
0.0,1,0.914492130279541
0.0,0,0.0005638881120830774
1.0,1,0.9881626963615417
0.0,0,0.03936159983277321
0.0,0,0.021920248866081238
0.0,0,5.9755177062470466e-05
1.0,1,0.9428820013999939
0.0,0,0.00013907876564189792
1.0,1,0.9993958473205566
0.0,0,0.0019368099747225642
0.0,0,4.0440481825498864e-05
0.0,0,2.981522266054526e-05
1.0,1,0.992010235786438
0.0,0,0.20017322897911072
0.0,0,0.08365267515182495
0.0,1,0.9929498434066772
1.0,1,0.9584583044052124
1.0,1,0.999941349029541
1.0,1,0.4536292254924774
0.0,0,0.007030352018773556
1.0,1,0.9900780916213989
0.0,0,0.016232633963227272
1.0,1,0.9999130964279175
0.0,0,0.002169033046811819
0.0,0,0.006344886031001806
0.0,0,6.72021196805872e-05
0.0,0,0.00027283738018013537
1.0,1,0.9927787184715271
1.0,0,0.2679220139980316
1.0,1,0.9860256314277649
0.0,0,0.01663796231150627
1.0,0,0.0013430184917524457
0.0,0,0.02066895365715027
0.0,0,0.13703805208206177
0.0,0,0.12337210029363632
1.0,1,0.9999535083770752
0.0,0,5.184773544897325e-05
1.0,1,0.9998526573181152
1.0,1,0.9622904062271118
0.0,0,2.6351961423642933e-05
1.0,1,0.9984954595565796
1.0,1,0.9999725818634033
0.0,0,0.00534495385363698
1.0,1,0.4956305921077728
0.0,0,0.008124458603560925
1.0,1,0.9999176263809204
1.0,1,0.9667192697525024
1.0,1,0.9896950721740723
0.0,0,0.002731230342760682
0.0,0,2.5733579605002888e-05
1.0,1,0.9999767541885376
0.0,0,0.2086944282054901
1.0,1,0.9979185461997986
0.0,0,0.0008956672390922904
1.0,1,0.9466745257377625
0.0,0,7.300636934814975e-05
0.0,0,2.334277496629511e-06
0.0,1,0.7332280278205872
1.0,1,0.8390519618988037
1.0,1,0.9978740215301514
1.0,1,0.9998599290847778
0.0,0,0.005570849869400263
0.0,0,0.0015091404784470797
1.0,1,0.9985178112983704
1.0,1,0.9987809062004089
0.0,0,0.00743224797770381
0.0,0,0.0002062481507891789
0.0,0,0.00115202774759382
1.0,1,0.9999140501022339
1.0,1,0.9689568281173706
1.0,0,0.004919346887618303
0.0,0,1.1192374586244114e-05
1.0,1,0.9702051281929016
0.0,0,0.00026582798454910517
0.0,0,0.15684205293655396
1.0,0,0.06259587407112122
0.0,0,1.0810822459461633e-06
1.0,1,0.9780128598213196
0.0,0,8.36546387290582e-05
1.0,1,0.7966604232788086
0.0,0,0.028291506692767143
1.0,1,0.957831621170044
1.0,1,0.9998893737792969
1.0,1,0.9498723745346069
0.0,0,0.0013502634828910232
0.0,0,0.0002258795575471595
1.0,1,0.9993411898612976
0.0,0,0.04381276294589043
0.0,1,0.6999675631523132
0.0,0,5.189928560866974e-05
0.0,0,3.2985411962727085e-05
0.0,0,0.00026492777396924794
1.0,1,0.8904384970664978
0.0,0,0.0005177129642106593
1.0,1,0.999870777130127
1.0,1,0.9953712821006775
0.0,0,0.0013521654764190316
0.0,0,0.0004068460548296571
1.0,1,0.8768468499183655
0.0,0,0.04051323980093002
1.0,1,0.9997685551643372
1.0,1,0.9992759823799133
1.0,1,0.9954423904418945
1.0,1,0.3737611174583435
0.0,1,0.8186382055282593
0.0,0,0.18948350846767426
1.0,1,0.9995077848434448
1.0,1,0.993104875087738
0.0,0,0.0008777442271821201
1.0,1,0.8885994553565979
1.0,0,0.20688341557979584
1.0,1,0.9838383197784424
1.0,1,0.999907374382019
0.0,0,5.335901732905768e-05
0.0,0,9.581966151017696e-05
0.0,0,0.006762579083442688
1.0,1,0.9170379042625427
1.0,1,0.9933226704597473
0.0,0,0.14715860784053802
1.0,1,0.9873794317245483
0.0,0,0.012123817577958107
0.0,0,0.0004915393656119704
0.0,0,0.002882076893001795
1.0,1,0.9995706677436829
1.0,1,0.9929481744766235
0.0,0,0.002204149030148983
1.0,1,0.811352014541626
0.0,0,0.05427995324134827
0.0,0,0.006988225504755974
0.0,0,0.0013465597294270992
0.0,0,0.001087242504581809
1.0,1,0.6362175345420837
0.0,0,0.04335679113864899
0.0,0,0.0006773429922759533
0.0,0,0.0009323631529696286
1.0,1,0.9997394680976868
0.0,0,0.00028306717285886407
0.0,0,1.321425133937737e-05
1.0,1,0.9967290163040161
0.0,0,5.126795713294996e-06
0.0,1,0.8843451738357544
1.0,1,0.9941417574882507
0.0,0,0.000412915600463748
1.0,0,0.20747335255146027
1.0,1,0.9940353631973267
1.0,1,0.9471233487129211
1.0,1,0.9886936545372009
0.0,0,0.001971212448552251
1.0,1,0.5957223176956177
1.0,1,0.9979186654090881
1.0,1,0.9997783303260803
0.0,0,0.007731198333203793
0.0,1,0.49328458309173584
1.0,1,0.9961179494857788
0.0,0,2.7641453925753012e-05
0.0,0,0.0006012447993271053
0.0,0,4.991319656255655e-05
1.0,1,0.9970989227294922
0.0,0,0.00021038697741460055
0.0,0,0.03093242086470127
1.0,1,0.955748975276947
0.0,0,0.08673609048128128
0.0,0,0.041199181228876114
1.0,1,0.9702234268188477
0.0,1,0.8832160234451294
1.0,1,0.9744879007339478
0.0,1,0.9105605483055115
0.0,0,5.4365471441997215e-05
1.0,1,0.9437412023544312
0.0,0,1.2244528988958336e-05
1.0,1,0.9999980926513672
1.0,1,0.9999123811721802
1.0,1,0.7721974849700928
1.0,1,0.5977286100387573
0.0,0,0.015704570338129997
0.0,0,0.02389100380241871
1.0,1,0.9465141892433167
1.0,1,0.9917052984237671
1.0,1,0.9997825026512146
0.0,0,0.004277591127902269
0.0,0,0.0019888244569301605
1.0,1,0.9997387528419495
0.0,0,0.022886011749505997
0.0,0,0.0014814070891588926
1.0,1,0.9954961538314819
1.0,0,0.09583204984664917
1.0,1,0.9993368983268738
0.0,0,0.022542167454957962
1.0,1,0.8123173713684082
0.0,0,1.3758210116066039e-05
0.0,0,0.002997865667566657
1.0,1,0.9930850267410278
0.0,0,0.0007707987679168582
0.0,0,0.0006790651823394
0.0,0,5.3926582040730864e-05
0.0,0,7.694362284382805e-05
0.0,0,0.0004168988671153784
0.0,0,4.198370788799366e-06
0.0,0,0.0005701043410226703
0.0,0,0.0024297183845192194
0.0,0,0.011113111861050129
0.0,0,0.00022150634322315454
1.0,1,0.9996926784515381
0.0,0,0.28405681252479553
0.0,0,0.004580610431730747
1.0,1,0.9498724937438965
0.0,0,0.1183970645070076
1.0,1,0.9943089485168457
0.0,0,0.2665896713733673
0.0,0,0.07503487914800644
1.0,1,0.5856025815010071
1.0,0,0.02931903675198555
0.0,0,0.021227197721600533
1.0,1,0.9982529282569885
0.0,0,0.20294994115829468
1.0,1,0.9298364520072937
0.0,0,0.00018866824393626302
0.0,0,0.002713720081374049
0.0,0,0.00010042342910310254
0.0,1,0.8550665974617004
0.0,0,0.015318972989916801
0.0,0,0.003379514906555414
0.0,0,0.004654562100768089
1.0,1,0.4830719530582428
1.0,1,0.9801667332649231
1.0,1,0.9969236254692078
0.0,0,0.00010433763236505911
1.0,1,0.7526221871376038
0.0,1,0.6863861680030823
1.0,1,0.8092890381813049
0.0,0,0.001905594253912568
0.0,0,0.005940768402069807
0.0,0,0.00012503800098784268
0.0,0,0.224040225148201
0.0,0,0.015409640967845917
1.0,1,0.9993482232093811
1.0,1,0.9998834133148193
1.0,1,0.995823860168457
1.0,1,0.9993257522583008
0.0,0,8.371281728614122e-05
1.0,1,0.9996848106384277
0.0,0,0.0005375599139370024
0.0,0,7.290841313079e-05
1.0,1,0.9992951154708862
1.0,1,0.8343420624732971
1.0,1,0.8469682931900024
0.0,0,0.0027148250956088305
0.0,0,0.0013234703801572323
0.0,0,0.1706506758928299
1.0,1,0.9849684834480286
0.0,0,0.00016136490739881992
0.0,0,0.0005417882348410785
1.0,0,0.026940707117319107
0.0,1,0.9169275760650635
0.0,0,0.02095096930861473
1.0,1,0.9810618758201599
0.0,1,0.7630441188812256
0.0,1,0.5089573264122009
0.0,0,0.022302810102701187
0.0,0,0.0007571193855255842
0.0,0,0.004599385894834995
1.0,1,0.943983793258667
0.0,1,0.9333740472793579
0.0,0,0.13686563074588776
0.0,0,5.02997099829372e-05
1.0,1,0.6326408386230469
1.0,1,0.9956148862838745
0.0,0,0.017658734694123268
1.0,1,0.9979735016822815
1.0,1,0.9857087135314941
1.0,1,0.998325526714325
0.0,0,0.00029286870267242193
0.0,1,0.9762667417526245
0.0,0,0.001534929033368826
0.0,0,0.015253068879246712
1.0,1,0.9971479773521423
0.0,0,0.0004790745151694864
1.0,1,0.9996216297149658
0.0,0,0.0011744608636945486
0.0,1,0.8117495179176331
1.0,1,0.9997629523277283
1.0,1,0.999819815158844
0.0,0,0.00010050868877442554
1.0,1,0.9979960918426514
1.0,1,0.9998793601989746
1.0,1,0.9610991477966309
0.0,0,0.054133541882038116
0.0,0,0.0012381603009998798
0.0,0,0.002388959750533104
0.0,0,0.0002572086814325303
0.0,0,0.011298898607492447
1.0,1,0.9538102746009827
0.0,0,0.01802295632660389
1.0,1,0.9865679740905762
1.0,1,0.9876353144645691
0.0,0,8.558202534914017e-05
1.0,1,0.9975563287734985
0.0,0,0.00553545355796814
0.0,0,0.0004679661360569298
0.0,0,0.03718459978699684
0.0,0,0.008823740296065807
1.0,1,0.870998740196228
0.0,1,0.3126377463340759
0.0,1,0.8389758467674255
0.0,0,0.02674737013876438
0.0,0,0.0006426224717870355
1.0,1,0.9982642531394958
1.0,1,0.998744010925293
0.0,0,0.00018756621284410357
0.0,0,1.1181257832504343e-05
0.0,1,0.8782113194465637
0.0,0,0.00100127630867064
1.0,1,0.8632684350013733
1.0,1,0.9977177381515503
1.0,1,0.9999380111694336
1.0,1,0.9905999898910522
1.0,0,0.0030183368362486362
0.0,0,0.07380309700965881
0.0,0,0.0010998108191415668
1.0,1,0.9999903440475464
0.0,0,3.623217708081938e-05
1.0,1,0.9977939128875732
0.0,0,0.0047589498572051525
0.0,0,0.0006742596160620451
1.0,1,0.9741917252540588
0.0,0,0.00027353904442861676
0.0,0,7.327922503463924e-05
1.0,1,0.9564128518104553
1.0,1,1.0
1.0,1,0.9956802129745483
0.0,0,0.05618857592344284
1.0,0,0.06923716515302658
1.0,1,0.9907698035240173
0.0,0,0.0020473843906074762
1.0,1,0.9992733597755432
0.0,0,0.02277710661292076
0.0,1,0.8731638193130493
0.0,0,0.007199481129646301
0.0,0,2.0328452592366375e-05
0.0,0,0.0002584658213891089
0.0,0,0.22235411405563354
1.0,1,0.837369441986084
0.0,0,0.014562193304300308
1.0,1,0.9947866201400757
0.0,1,0.549828052520752
1.0,1,0.7692221999168396
0.0,0,0.001268909894861281
1.0,1,0.7838119864463806
0.0,0,0.0035091033205389977
1.0,1,0.9994971752166748
1.0,1,0.998705267906189
1.0,0,0.003897342598065734
1.0,1,0.94953852891922
0.0,0,0.011154169216752052
0.0,0,0.09645514190196991
1.0,1,0.7570938467979431
1.0,1,0.890543520450592
1.0,1,0.9989930987358093
0.0,0,0.00019078297191299498
0.0,0,0.021897397935390472
0.0,0,0.02272941544651985
0.0,0,0.004308933392167091
1.0,1,0.9973708391189575
0.0,1,0.507465124130249
0.0,0,0.000958713295403868
0.0,1,0.5620055794715881
1.0,1,0.9868502616882324
0.0,0,0.0013054294977337122
0.0,0,2.8523988930828637e-06
1.0,1,0.9928066730499268
0.0,0,0.01143700536340475
0.0,0,0.0015526710776612163
1.0,1,0.8571629524230957
0.0,0,0.0009946266654878855
0.0,1,0.8853354454040527
0.0,0,0.00014869633014313877
0.0,0,9.350401342089754e-06
1.0,1,0.8166171908378601
0.0,1,0.9291545748710632
0.0,0,0.026208851486444473
0.0,0,0.014394251629710197
0.0,0,0.031128505244851112
0.0,0,0.0029647802002727985
0.0,0,0.0005148457130417228
0.0,0,0.00535525381565094
0.0,0,0.00037120067281648517
1.0,1,0.9998053908348083
0.0,0,3.5727662179851905e-05
0.0,0,0.0002452873741276562
0.0,0,0.005626400467008352
0.0,0,0.01733621582388878
1.0,1,0.9813318252563477
1.0,1,0.9993532299995422
0.0,0,0.003666945733129978
1.0,1,0.9997518658638
0.0,0,0.00485591683536768
1.0,0,0.02385704405605793
0.0,0,0.02657814510166645
1.0,1,0.9080318808555603
1.0,1,0.9996918439865112
0.0,0,0.0009835781529545784
0.0,0,0.0012369874166324735
0.0,0,0.0003801729471888393
1.0,0,0.009270014241337776
0.0,0,0.09402061998844147
1.0,1,0.999895453453064
0.0,0,7.664199074497446e-05
1.0,1,0.9223011136054993
1.0,1,0.9999223947525024
1.0,1,0.9996343851089478
1.0,1,0.9991666078567505
1.0,1,0.9999855756759644
0.0,0,0.005052631255239248
0.0,0,0.002557008992880583
0.0,0,1.3686981503724382e-07
0.0,0,0.03974855691194534
0.0,0,0.0006924634799361229
0.0,0,0.0008407883578911424
0.0,0,0.03000686503946781
1.0,1,0.3631068468093872
1.0,1,0.9999057054519653
0.0,0,0.007083038799464703
1.0,1,0.9926353096961975
0.0,0,0.052913423627614975
0.0,0,0.002922413172200322
1.0,1,0.9974327683448792
0.0,0,0.0037256728392094374
1.0,1,0.9610697627067566
1.0,0,0.015657776966691017
1.0,1,0.36840614676475525
1.0,1,0.9991515874862671
0.0,0,5.270426481729373e-05
0.0,0,0.043210700154304504
0.0,0,0.00021804613061249256
1.0,1,0.9975811243057251
0.0,0,0.0022843198385089636
0.0,0,0.0004919494967907667
0.0,1,0.5199504494667053
1.0,0,0.1585177779197693
0.0,0,0.025633223354816437
0.0,0,0.04995371401309967
0.0,0,0.0009094176930375397
0.0,0,0.008838080801069736
1.0,1,0.9912222623825073
1.0,1,0.985126256942749
0.0,0,0.0005543906008824706
0.0,0,0.07416070252656937
0.0,0,0.0076236845925450325
1.0,1,0.9993860721588135
0.0,0,0.003301053773611784
1.0,1,0.9950942993164062
1.0,1,0.9913167953491211
1.0,1,0.584921658039093
0.0,0,0.003381778486073017
0.0,1,0.5221206545829773
0.0,1,0.9920680522918701
0.0,0,0.00025427175569348037
1.0,1,0.9937657117843628
0.0,0,0.03232802450656891
0.0,0,0.09532846510410309
0.0,0,0.0002094632654916495
0.0,0,0.0005937797832302749
0.0,0,6.6426100602257065e-06
0.0,0,0.0007835247088223696
1.0,1,0.999806821346283
0.0,1,0.965630054473877
1.0,1,0.9960381984710693
1.0,1,0.9779424071311951
1.0,1,0.9971215128898621
1.0,1,0.9802311062812805
1.0,1,0.999901533126831
0.0,0,0.00023526320001110435
1.0,1,0.9999043941497803
1.0,0,0.03701670467853546
1.0,1,0.986799955368042
0.0,0,0.02945413440465927
1.0,1,0.885911762714386
1.0,1,0.9994493126869202
1.0,1,0.9999597072601318
1.0,1,0.9353921413421631
1.0,1,0.9991173148155212
1.0,1,0.9983938336372375
0.0,0,0.02148827537894249
0.0,0,0.0014322351198643446
0.0,0,0.004901657346636057
0.0,0,0.0002209530648542568
1.0,1,0.9665172100067139
0.0,0,0.07946791499853134
0.0,0,0.05996556580066681
0.0,0,0.012735225260257721
0.0,0,9.90509579423815e-05
0.0,0,1.0223583757351662e-07
1.0,1,0.9969493746757507
1.0,1,0.9927674531936646
0.0,0,0.0016492858994752169
0.0,0,4.778160291607492e-05
0.0,0,0.00037468186928890646
0.0,1,0.9048222303390503
0.0,0,0.0015039214631542563
1.0,0,0.033457737416028976
1.0,1,0.9991090893745422
1.0,1,0.9814997911453247
1.0,1,0.9976722598075867
1.0,1,0.9998645782470703
1.0,1,0.9997153878211975
0.0,0,0.007740173023194075
0.0,0,0.003722854657098651
0.0,0,0.002262701280415058
0.0,0,0.018229661509394646
0.0,0,0.002916261786594987
1.0,1,0.5378257036209106
0.0,0,0.03233088180422783
0.0,1,0.47892865538597107
0.0,0,0.0018567381193861365
1.0,1,0.9998886585235596
0.0,0,0.00022339462884701788
0.0,0,0.005348689388483763
1.0,0,0.0034222551621496677
0.0,0,0.017472239211201668
1.0,1,0.9797658324241638
1.0,1,0.9995673298835754
0.0,0,0.0007722791633568704
0.0,1,0.3664792776107788
1.0,1,0.9990274906158447
0.0,1,0.9478740096092224
0.0,0,0.0019390241941437125
1.0,1,0.9986214637756348
0.0,0,0.0013301577419042587
0.0,0,0.0001700170832918957
0.0,1,0.9586688876152039
1.0,1,0.9999681711196899
0.0,0,0.009077871218323708
0.0,0,0.006607115734368563
0.0,0,0.00014861795352771878
0.0,0,0.08411403745412827
0.0,0,0.2704160213470459
0.0,0,2.348040470678825e-05
1.0,1,0.9866878390312195
0.0,0,0.01674286648631096
0.0,0,3.564122744137421e-05
1.0,0,0.0008779147756285965
0.0,0,0.001653701183386147
0.0,1,0.4422532916069031
0.0,1,0.9963095784187317
1.0,1,0.9557238221168518
1.0,1,0.9996623992919922
1.0,1,0.9845831394195557
0.0,0,0.024018725380301476
0.0,0,0.0005753088044002652
0.0,0,0.004437140189111233
1.0,1,0.998863935470581
0.0,0,0.014375564642250538
0.0,0,8.370174327865243e-06
1.0,1,0.931976854801178
0.0,0,0.002110379748046398
0.0,0,0.0010829897364601493
1.0,1,0.9169445633888245
1.0,1,0.9881163835525513
0.0,1,0.6508449912071228
0.0,0,0.11174648255109787
0.0,0,0.0037554011214524508
0.0,0,0.01315979566425085
1.0,1,0.32809558510780334
1.0,0,0.0004503211530391127
0.0,0,0.002516750246286392
0.0,1,0.9994984865188599
1.0,1,0.8482726216316223
1.0,1,0.8780422806739807
0.0,0,0.0031937065068632364
1.0,1,0.9863024353981018
0.0,0,2.1963542167213745e-05
1.0,1,0.9990031123161316
1.0,1,0.3315211236476898
1.0,1,0.9999662637710571
1.0,1,0.9944096207618713
0.0,0,0.00013565989502239972
0.0,0,0.0002910929324571043
1.0,1,0.9394048452377319
0.0,0,0.00015458550478797406
1.0,1,0.9962563514709473
0.0,1,0.7252989411354065
1.0,1,0.9995373487472534
0.0,0,8.490393520332873e-05
1.0,1,0.7810218930244446
0.0,0,0.00020025428966619074
1.0,1,0.9731297492980957
1.0,1,0.999022364616394
0.0,0,0.21407872438430786
0.0,0,6.99956071912311e-05
0.0,1,0.9932323694229126
0.0,0,8.398114005103707e-05
1.0,1,0.9987145662307739
0.0,0,1.3724669543080381e-06
1.0,1,0.9966087341308594
1.0,1,0.9785829782485962
0.0,0,0.0005063655553385615
1.0,0,0.026292018592357635
0.0,0,0.0006201586802490056
0.0,0,0.0005456205690279603
0.0,0,0.0026422468945384026
1.0,1,0.9273287057876587
0.0,0,4.252335929777473e-05
0.0,0,0.018427126109600067
1.0,0,0.02750433422625065
0.0,0,7.498338527511805e-05
1.0,1,0.9979091286659241
0.0,0,0.0009123181225731969
0.0,0,0.0031925938092172146
0.0,0,0.0006099966703914106
0.0,0,1.883523623291694e-06
1.0,0,0.003977234475314617
0.0,0,0.002302906708791852
0.0,0,0.002273750491440296
0.0,1,0.4110991060733795
1.0,0,0.06157295033335686
0.0,1,0.9414833188056946
0.0,0,0.00426811259239912
1.0,0,0.02427174337208271
1.0,1,0.9969736337661743
1.0,1,0.9761472344398499
1.0,1,0.9993346333503723
1.0,0,0.025379879400134087
1.0,1,0.9999253749847412
0.0,0,0.006186094135046005
1.0,1,0.9992596507072449
0.0,0,0.08358882367610931
0.0,0,0.08288212865591049
1.0,1,0.3009832799434662
1.0,1,0.999755322933197
0.0,0,4.177136725047603e-05
1.0,1,0.9994329810142517
0.0,0,0.018219057470560074
0.0,1,0.40187719464302063
0.0,1,0.8540738224983215
1.0,1,0.9993526339530945
0.0,0,0.0006083950866013765
1.0,1,0.9987384676933289
0.0,1,0.7831565141677856
0.0,0,0.058911293745040894
1.0,1,0.9988018274307251
0.0,0,0.00014409187133423984
0.0,1,0.6431698203086853
0.0,1,0.37872079014778137
0.0,0,0.0008967722533270717
1.0,1,0.9623395204544067
1.0,1,0.9957160353660583
0.0,0,4.976913260179572e-05
0.0,0,0.002756205154582858
1.0,1,0.9733636975288391
1.0,1,0.998883068561554
1.0,1,0.999870777130127
0.0,0,0.00036992094828747213
1.0,1,0.46890661120414734
0.0,1,0.5729048252105713
1.0,1,0.7120145559310913
1.0,1,0.9851383566856384
0.0,0,0.00017200478760059923
0.0,0,1.3476097592501901e-05
0.0,0,0.0006944314809516072
0.0,0,0.16627143323421478
1.0,1,0.9946335554122925
1.0,1,0.9999852180480957
0.0,0,0.0032985007856041193
1.0,1,0.9999979734420776
1.0,0,0.03741449862718582
0.0,0,0.008747376501560211
0.0,0,6.208672130014747e-05
0.0,0,0.0013487815158441663
0.0,0,0.054445721209049225
0.0,0,8.35670143715106e-05
1.0,1,0.9776601791381836
0.0,0,0.003991500940173864
0.0,1,0.43047210574150085
0.0,1,0.3848103880882263
1.0,1,0.9983624815940857
0.0,1,0.32261139154434204
0.0,0,0.031052371487021446
0.0,0,0.0007672598585486412
0.0,0,0.0017613270319998264
0.0,0,0.000946140440646559
0.0,0,0.007732446305453777
1.0,1,0.9989711046218872
0.0,0,0.002757234266027808
0.0,0,0.000265701295575127
1.0,1,0.9890236854553223
1.0,1,0.9988549947738647
0.0,0,0.07707720249891281
0.0,0,0.05058984458446503
1.0,1,0.8812770247459412
0.0,0,0.0029407835099846125
0.0,0,0.004390689544379711
0.0,0,0.008884844370186329
0.0,0,0.001925932476297021
1.0,1,0.9992819428443909
1.0,1,0.6082230806350708
1.0,1,0.854433000087738
1.0,1,0.9060077667236328
0.0,0,0.0710800513625145
0.0,0,0.0002817897475324571
0.0,0,0.01199866458773613
0.0,1,0.8062602877616882
0.0,1,0.33778828382492065
1.0,1,0.9989179372787476
0.0,0,0.0013715671375393867
1.0,1,0.9998718500137329
1.0,1,0.9997630715370178
1.0,0,0.003491896204650402
0.0,0,0.010390495881438255
0.0,0,0.05072316899895668
1.0,1,0.9999322891235352
0.0,0,0.0008353050798177719
1.0,1,0.994732141494751
0.0,0,0.0022094303276389837
1.0,1,0.9993879795074463
0.0,0,1.0376792488386855e-05
1.0,1,0.8966836333274841
1.0,1,0.9997727274894714
1.0,1,0.9831447601318359
0.0,0,1.492056981078349e-05
1.0,1,0.8545719385147095
1.0,1,0.9999662637710571
0.0,0,0.11863453686237335
1.0,1,0.9952865839004517
0.0,0,0.012523479759693146
0.0,0,0.12242988497018814
1.0,1,0.9889780879020691
0.0,0,0.046738334000110626
0.0,0,0.00026326393708586693
1.0,1,0.9907678961753845
0.0,0,0.005624197423458099
1.0,1,0.9992239475250244
1.0,0,0.29710590839385986
0.0,0,0.03621146082878113
0.0,0,1.0195497452514246e-05
0.0,0,6.99656447977759e-05
0.0,0,0.018630068749189377
1.0,1,0.9964320659637451
0.0,0,0.008967544883489609
0.0,0,0.028674118220806122
0.0,0,0.05342472717165947
0.0,0,0.028920231387019157
0.0,1,0.37512296438217163
1.0,1,0.9976188540458679
1.0,1,0.9989820122718811
0.0,0,0.0002598069258965552
0.0,0,5.19862660439685e-05
1.0,1,0.9950815439224243
0.0,0,0.004840108100324869
0.0,0,3.291756729595363e-05
0.0,0,0.0027422821149230003
1.0,0,0.2099776715040207
1.0,1,0.8438634872436523
1.0,1,0.9912319779396057
0.0,0,0.22113263607025146
1.0,1,0.9998637437820435
1.0,1,0.40554019808769226
0.0,0,0.000310500938212499
0.0,0,0.00078003661474213
0.0,0,0.00022330560022965074
1.0,1,0.9898110628128052
1.0,1,0.9970721006393433
0.0,0,0.16906414926052094
1.0,1,0.9833018183708191
0.0,0,0.0001569890882819891
1.0,1,0.9487758278846741
0.0,0,0.03859364986419678
0.0,0,0.00039834558265283704
0.0,0,0.0014056472573429346
0.0,0,0.002903700340539217
1.0,1,0.7162082195281982
0.0,0,0.0022209614980965853
0.0,0,0.00018524163169786334
0.0,0,0.0003808933834079653
0.0,0,0.027598684653639793
0.0,1,0.973139762878418
1.0,1,0.9998494386672974
0.0,0,0.0009074480622075498
0.0,0,2.7431115086073987e-05
0.0,0,0.00015667280240450054
0.0,0,0.012147554196417332
1.0,1,0.3894627094268799
0.0,0,5.5337633966701105e-05
1.0,1,0.9999133348464966
0.0,0,0.07656408101320267
0.0,0,0.0005188296199776232
0.0,0,0.01955169253051281
1.0,1,0.9981322884559631
1.0,1,0.9213749170303345
0.0,0,5.5871019867481664e-05
0.0,0,6.039267100277357e-05
1.0,1,0.9997692704200745
0.0,0,0.14631861448287964
0.0,0,0.006960993632674217
0.0,0,0.00015311117749661207
1.0,1,0.9792078137397766
1.0,1,0.9973680377006531
0.0,0,0.0037740222178399563
1.0,1,0.9981751441955566
1.0,1,0.9987019300460815
1.0,1,0.9187189936637878
0.0,0,0.011127137579023838
0.0,0,0.26030436158180237
0.0,0,0.29906776547431946
1.0,1,0.9999580383300781
0.0,0,0.0014943483984097838
0.0,0,0.0003242333186790347
0.0,0,0.0012651098659262061
0.0,1,0.7532070279121399
0.0,0,0.0008681716280989349
0.0,0,0.04955412447452545
1.0,1,0.9980061650276184
0.0,0,0.010457118973135948
0.0,0,0.009244059212505817
0.0,0,1.8186063243774697e-05
0.0,1,0.33211755752563477
0.0,0,9.316692739957944e-06
0.0,0,0.0009718154324218631
1.0,1,0.9614295959472656
0.0,0,0.1184413954615593
0.0,0,0.006325402297079563
0.0,0,0.00012641224020626396
0.0,0,0.0028778964187949896
1.0,1,0.9776925444602966
0.0,0,0.2320326566696167
0.0,0,4.208186874166131e-05
1.0,1,0.9952000379562378
0.0,0,0.0031828193459659815
1.0,1,0.8711858987808228
0.0,0,0.026396552100777626
0.0,0,0.04181471839547157
0.0,0,0.013724204152822495
0.0,0,3.2384352380177006e-05
0.0,0,0.0014232187531888485
1.0,1,0.99880051612854
0.0,0,0.0007303644670173526
1.0,1,0.9996869564056396
0.0,0,9.350525942863896e-06
0.0,0,0.01419219933450222
0.0,1,0.8332948088645935
1.0,0,0.07350434362888336
1.0,1,0.9950209856033325
0.0,0,1.565657657920383e-05
0.0,1,0.3679294288158417
0.0,0,0.004000481218099594
1.0,1,0.9995762705802917
0.0,1,0.434192955493927
1.0,1,0.8087227940559387
1.0,1,0.9991384744644165
0.0,0,0.00210345396772027
1.0,1,0.9999386072158813
1.0,1,0.9866884350776672
1.0,1,0.9980132579803467
0.0,0,0.002614385448396206
1.0,1,0.9245249629020691
1.0,1,0.9786480665206909
1.0,1,0.9969148635864258
1.0,1,0.9984138011932373
0.0,0,0.0018651632126420736
0.0,0,1.9334400349180214e-05
0.0,0,0.0010132963070645928
1.0,0,0.28373944759368896
0.0,0,0.0009607254178263247
0.0,0,0.007277889642864466
0.0,0,0.0008159527787938714
0.0,0,0.00016778467397671193
0.0,0,0.01310532446950674
0.0,1,0.9986348748207092
1.0,1,0.9913530945777893
1.0,1,0.9979938268661499
1.0,1,0.9929503202438354
1.0,1,0.9939356446266174
1.0,1,0.9975289702415466
1.0,1,0.9974133372306824
0.0,0,0.006997046992182732
1.0,1,0.9777661561965942
1.0,1,0.42379292845726013
1.0,1,0.31557565927505493
0.0,1,0.4779450297355652
1.0,1,0.9383788704872131
0.0,0,0.00036193663254380226
1.0,1,0.9781233668327332
0.0,0,0.0002894540666602552
1.0,1,0.9999831914901733
0.0,1,0.6922111511230469
0.0,0,0.28872281312942505
0.0,1,0.863331139087677
0.0,0,0.006129182409495115
0.0,0,2.5275168809457682e-05
0.0,0,0.0005568412598222494
1.0,1,0.6674852967262268
0.0,0,0.12726694345474243
0.0,0,0.1423896700143814
0.0,0,0.005462097004055977
1.0,1,0.9996689558029175
1.0,1,0.9759736657142639
1.0,0,0.007898771204054356
0.0,0,0.00692371791228652
0.0,0,0.00028441433096304536
1.0,1,0.9891481995582581
0.0,0,0.004067339934408665
1.0,1,0.9149304032325745
0.0,0,0.0047698840498924255
0.0,0,0.001698465901426971
0.0,1,0.41890907287597656
1.0,0,0.07695819437503815
1.0,1,0.9999098777770996
0.0,1,0.6593618988990784
0.0,0,0.0008094824734143913
1.0,1,0.9325622320175171
1.0,1,0.9992832541465759
0.0,0,1.0525063771638088e-05
0.0,1,0.49540701508522034
0.0,0,0.08201324194669724
1.0,1,0.8548381328582764
1.0,1,0.9967564940452576
1.0,1,0.9964193105697632
0.0,0,0.03831871598958969
0.0,0,0.0007571749738417566
0.0,0,0.02962833270430565
1.0,1,0.9994838237762451
0.0,0,0.0032175821252167225
0.0,0,0.00023535113723482937
0.0,0,1.7890703020384535e-05
0.0,0,0.00028827699134126306
1.0,1,0.998673677444458
0.0,0,0.00365788908675313
0.0,0,0.0006819801637902856
0.0,0,0.00260399142280221
1.0,1,0.9994896650314331
1.0,1,0.5855495929718018
0.0,0,0.0064080157317221165
0.0,1,0.4532821476459503
0.0,0,7.024957449175417e-05
1.0,1,0.9744358062744141
1.0,1,0.9707226157188416
0.0,0,0.00020273106929380447
0.0,0,7.382649300780031e-07
1.0,1,0.9276514053344727
1.0,1,0.9080927968025208
1.0,1,0.30993348360061646
0.0,0,0.03485001251101494
0.0,0,0.0008807489648461342
0.0,0,0.00026359493494965136
0.0,1,0.641212522983551
0.0,0,0.002083219587802887
1.0,0,0.10939568281173706
1.0,1,0.7332236766815186
0.0,0,0.12502916157245636
1.0,1,0.999170184135437
0.0,0,0.005913751199841499
0.0,0,8.790192077867687e-05
0.0,0,0.002437847899273038
1.0,1,0.7420011162757874
0.0,0,0.0002270831901114434
0.0,0,0.001732916571199894
1.0,1,0.9759588241577148
0.0,0,0.0002879363892134279
1.0,0,0.03479378670454025
0.0,0,0.003877607872709632
1.0,1,0.9832881093025208
0.0,0,0.008774371817708015
0.0,1,0.3425564765930176
0.0,0,0.0007674730732105672
0.0,0,0.006335090845823288
0.0,0,0.10274457931518555
0.0,0,0.002652303781360388
0.0,1,0.9969971179962158
1.0,1,0.8936421275138855
0.0,1,0.4655575752258301
1.0,1,0.9998621940612793
0.0,0,0.00028577473131008446
0.0,0,0.005998837295919657
0.0,0,0.08627044409513474
0.0,1,0.8630354404449463
1.0,1,0.9978055357933044
0.0,0,0.021461356431245804
0.0,1,0.6244234442710876
0.0,1,0.802260160446167
0.0,0,4.390419780975208e-05
1.0,1,0.999984860420227
0.0,0,0.12864740192890167
1.0,1,0.9950200319290161
0.0,0,0.0001713918463792652
1.0,1,0.9994538426399231
1.0,1,0.9990822076797485
0.0,1,0.7221565842628479
0.0,0,0.0005050043691881001
1.0,1,0.9999488592147827
1.0,1,0.9833968281745911
0.0,0,0.00027396553196012974
0.0,0,0.00022951852588448673
1.0,1,0.9594470858573914
0.0,0,0.008672216907143593
0.0,1,0.9553955793380737
1.0,1,0.8620426058769226
1.0,1,0.9888308644294739
0.0,0,0.00030084713944233954
1.0,1,0.9917758703231812
1.0,1,0.9923490285873413
0.0,0,6.0447000578278676e-05
1.0,1,0.9926120638847351
0.0,0,0.005960636306554079
1.0,1,0.8374141454696655
0.0,0,0.0002517031680326909
1.0,0,0.06416355073451996
0.0,0,0.0008994686650112271
0.0,0,0.0004361707251518965
1.0,1,0.9984096884727478
1.0,1,0.9993616938591003
1.0,1,0.9997239708900452
0.0,0,0.0032940234523266554
1.0,1,0.6723678708076477
0.0,0,0.03253563493490219
0.0,0,0.00010640836990205571
1.0,1,0.996283233165741
0.0,0,0.001011723536066711
0.0,1,0.7544815540313721
1.0,1,0.99992835521698
0.0,0,0.009276068769395351
1.0,1,0.9978869557380676
1.0,1,0.9995224475860596
1.0,1,0.9999350309371948
0.0,0,0.11305384337902069
1.0,1,0.6454634666442871
1.0,1,0.9998770952224731
1.0,1,0.9836782217025757
0.0,0,0.0007597838994115591
0.0,0,0.008386061526834965
1.0,1,0.9970855116844177
0.0,0,0.0143378134816885
0.0,0,0.00012264335236977786
1.0,0,0.007925578393042088
0.0,0,0.005686582997441292
0.0,0,4.06147119065281e-05
0.0,0,3.227619163226336e-05
1.0,1,0.9993714690208435
0.0,0,0.004727264866232872
0.0,0,0.0025391452945768833
0.0,0,0.002235016319900751
1.0,1,0.9999829530715942
0.0,0,0.00015542931214440614
1.0,1,0.999679446220398
0.0,0,0.000924538413528353
1.0,1,0.992755115032196
1.0,1,0.9793740510940552
1.0,1,0.9999369382858276
1.0,1,0.9945869445800781
0.0,0,0.003967710305005312
0.0,0,0.001436932710930705
1.0,1,0.999041736125946
0.0,0,0.06814638525247574
1.0,0,0.14612573385238647
1.0,1,0.9999088048934937
1.0,1,0.9717716574668884
1.0,1,0.9938094019889832
0.0,0,4.006748440588126e-06
0.0,0,0.00017294911958742887
0.0,0,0.00369913037866354
1.0,1,0.9993067979812622
0.0,0,0.0016025085933506489
0.0,0,0.2719734311103821
0.0,1,0.9984338879585266
1.0,1,0.9988672733306885
0.0,0,0.10106657445430756
1.0,1,0.9807265400886536
1.0,1,0.9965734481811523
1.0,1,0.999723494052887
1.0,1,0.999932050704956
0.0,0,7.810351235093549e-05
1.0,1,0.3768836259841919
0.0,0,0.0037971276324242353
0.0,0,0.27627822756767273
1.0,1,0.9816588759422302
0.0,0,0.01766633801162243
1.0,0,0.1142144575715065
0.0,0,0.006187894381582737
1.0,1,0.9991982579231262
0.0,1,0.8109375238418579
0.0,0,0.0017780960770323873
0.0,0,0.009068727493286133
0.0,0,0.11496098339557648
0.0,0,0.0010513018351048231
0.0,0,0.015246478840708733
0.0,0,0.0005056282971054316
1.0,0,0.0018165342044085264
0.0,0,0.005368818528950214
1.0,1,0.9999148845672607
1.0,1,0.301937073469162
1.0,1,0.9756985306739807
0.0,0,0.0017449785955250263
0.0,1,0.5128886103630066
1.0,1,0.999968409538269
1.0,1,0.9993786811828613
1.0,1,0.3971613347530365
0.0,0,0.0023322782944887877
1.0,1,0.9997896552085876
0.0,0,7.423489023494767e-06
0.0,0,0.11596062034368515
0.0,1,0.9970051646232605
0.0,0,0.009233666583895683
0.0,0,0.0001590060128364712
0.0,0,0.0412917360663414
0.0,0,0.000389016728149727
0.0,0,0.000274017482297495
0.0,0,0.015501121990382671
0.0,0,0.0004152405890636146
1.0,1,0.9968097805976868
1.0,1,0.8142620921134949
1.0,1,0.9954320192337036
1.0,1,0.9894722104072571
1.0,1,0.9979910850524902
0.0,0,0.012429185211658478
0.0,0,0.0002499299880582839
1.0,1,0.9981092214584351
1.0,1,0.999286949634552
0.0,0,0.08906785398721695
0.0,0,0.015739046037197113
0.0,0,0.0006381028215400875
1.0,1,0.9997487664222717
0.0,0,0.0002101674472214654
1.0,1,0.9949731826782227
0.0,0,0.01688193529844284
1.0,0,1.4388388990482781e-05
1.0,1,0.9888368844985962
1.0,0,0.03004514053463936
0.0,0,0.1183435320854187
0.0,0,0.0015201183268800378
0.0,0,0.0616399310529232
1.0,1,0.9999700784683228
1.0,1,0.6862722039222717
1.0,1,0.9386397004127502
0.0,0,0.0010859149042516947
0.0,0,0.007513393182307482
0.0,1,0.7327712774276733
0.0,0,0.0049698916263878345
1.0,0,0.014623190276324749
0.0,0,0.00010726851905928925
0.0,1,0.9014832377433777
1.0,1,0.9800900220870972
1.0,1,0.9837369322776794
0.0,0,0.06249962002038956
0.0,0,0.009004500694572926
0.0,0,0.0006069118389859796
0.0,0,2.0448026134545216e-06
1.0,1,0.975460946559906
1.0,1,0.9999631643295288
0.0,0,0.0003881475131493062
0.0,1,0.8737500905990601
0.0,0,2.8102771466365084e-05
0.0,0,0.17438051104545593
1.0,1,0.9999792575836182
1.0,1,0.987916111946106
0.0,1,0.9682512283325195
1.0,1,0.5202093720436096
1.0,1,0.9886536002159119
0.0,0,3.1926836527418345e-05
0.0,0,0.003189261769875884
0.0,0,0.0005529950140044093
0.0,0,0.002024277113378048
0.0,0,9.291714377468452e-05
1.0,1,0.9995527863502502
0.0,0,0.0017608845373615623
0.0,0,0.007329987827688456
1.0,0,0.04884529486298561
0.0,1,0.9837042689323425
0.0,0,0.08890240639448166
1.0,1,0.9990717172622681
0.0,0,0.08161414414644241
0.0,0,0.0012920346343889832
0.0,0,0.002383482875302434
0.0,0,0.004346529487520456
1.0,1,0.9997736811637878
0.0,0,0.0027281150687485933
1.0,1,0.991622269153595
0.0,0,0.0003304166020825505
0.0,0,0.0007949311402626336
0.0,0,9.406585013493896e-05
0.0,0,0.0014388414565473795
0.0,0,0.0007156725041568279
1.0,1,0.3680031895637512
1.0,1,0.5863982439041138
0.0,0,2.3390248315990902e-05
1.0,1,0.9999573230743408
0.0,0,0.000311111070914194
1.0,1,0.9975726008415222
1.0,1,0.9966268539428711
1.0,1,0.9994245767593384
0.0,0,0.025488751009106636
1.0,0,0.013040254823863506
0.0,0,4.0202337459049886e-08
0.0,1,0.32259222865104675
0.0,0,0.00012219975178595632
0.0,0,0.0007105881231836975
1.0,1,0.9999862909317017
1.0,1,0.9999910593032837
1.0,1,0.8479557037353516
0.0,0,0.047900691628456116
0.0,0,0.008167392574250698
0.0,0,0.0001793705450836569
0.0,0,5.691165279131383e-05
1.0,1,0.9969450831413269
1.0,1,0.9763768315315247
0.0,0,0.000777768378611654
0.0,0,0.03487245738506317
0.0,1,0.35305896401405334
1.0,1,0.9916847944259644
1.0,1,0.973401665687561
0.0,0,0.00045983423478901386
1.0,1,0.9982388019561768
0.0,0,0.033536624163389206
0.0,0,3.503882180666551e-05
0.0,0,0.005532089155167341
0.0,0,0.0008767942199483514
0.0,0,0.0010306278709322214
1.0,1,0.9987682700157166
0.0,0,0.002999671967700124
0.0,0,6.460307758970885e-06
0.0,0,0.002310032257810235
0.0,0,0.004519159439951181
0.0,1,0.39079323410987854
1.0,1,0.9062769412994385
0.0,0,0.04764296114444733
0.0,0,0.1710386723279953
0.0,0,0.002565874485298991
0.0,0,2.005865127330253e-07
0.0,0,0.10054837167263031
0.0,0,0.0015710567822679877
0.0,0,0.03208253160119057
0.0,0,0.0030397174414247274
1.0,1,0.8309656381607056
0.0,1,0.6334179043769836
1.0,1,0.9792100787162781
0.0,0,0.0007101649534888566
0.0,0,3.205753819202073e-05
0.0,0,0.0037931620609015226
1.0,0,0.0033074815291911364
0.0,0,8.391678420593962e-05
0.0,0,0.00015227371477521956
0.0,0,0.0035276301205158234
0.0,1,0.8792524337768555
1.0,1,0.9303868412971497
1.0,0,0.09043450653553009
0.0,1,0.36815619468688965
0.0,0,0.15555338561534882
1.0,1,0.9990932941436768
0.0,0,0.0024621039628982544
1.0,1,0.9855487942695618
0.0,0,0.0010593690676614642
0.0,0,0.23078225553035736
0.0,0,0.0033539331052452326
0.0,1,0.6896123290061951
1.0,1,0.9036614298820496
1.0,1,0.9734931588172913
0.0,0,0.0009417972178198397
1.0,1,0.9997805953025818
0.0,0,0.0009255590266548097
1.0,1,0.6147986650466919
0.0,0,0.04221484065055847
1.0,1,0.9202693700790405
1.0,1,0.9992434978485107
1.0,1,0.9971824884414673
0.0,0,0.005952793173491955
1.0,1,0.9995594620704651
0.0,0,0.00013633228081744164
0.0,0,8.878970402292907e-05
1.0,1,0.9996597766876221
0.0,0,0.0002371441078139469
1.0,1,0.997500479221344
1.0,1,0.9999077320098877
1.0,1,0.9982811212539673
0.0,1,0.9993255138397217
1.0,1,0.9999364614486694
1.0,1,0.999937891960144
0.0,0,0.0008048919844441116
0.0,0,0.10137355327606201
0.0,0,0.004365894012153149
0.0,0,0.0005837526405230165
0.0,0,0.006108700763434172
0.0,1,0.9814558029174805
0.0,0,0.004384544678032398
1.0,1,0.532577633857727
0.0,0,0.05592352896928787
1.0,0,0.008594772778451443
1.0,1,0.9999890327453613
1.0,1,0.9998430013656616
0.0,0,0.011634336784482002
1.0,1,0.9890998005867004
1.0,0,0.07752135396003723
0.0,0,0.00032728773658163846
1.0,1,0.9937007427215576
0.0,0,0.03843357041478157
0.0,0,0.00036583823384717107
0.0,0,9.812148346100003e-05
0.0,0,0.00039184436900541186
1.0,1,0.9829524755477905
0.0,1,0.5365481972694397
0.0,0,0.0008162008598446846
0.0,1,0.9353352189064026
0.0,0,0.0019576570484787226
1.0,1,0.9600690603256226
0.0,1,0.6817026734352112
1.0,1,0.9999979734420776
0.0,0,5.652115578413941e-05
0.0,0,0.00043637221097014844
1.0,1,0.9828504323959351
1.0,1,0.9675801992416382
0.0,0,9.305156709160656e-05
0.0,0,0.019340939819812775
0.0,0,0.0005540924030356109
0.0,0,2.5406510758330114e-05
0.0,0,0.12468549609184265
1.0,1,0.9966710209846497
0.0,0,0.1860906183719635
0.0,0,9.067441715160385e-05
1.0,1,0.9956762194633484
1.0,1,0.9996627569198608
0.0,0,0.0021572771947830915
0.0,0,0.26101794838905334
1.0,1,0.9968706965446472
1.0,1,0.9999098777770996
0.0,0,0.003399192588403821
1.0,1,0.9969898462295532
0.0,0,0.019774921238422394
1.0,1,0.9994482398033142
0.0,0,6.002120062476024e-05
0.0,0,0.0020074560306966305
1.0,1,0.9536041617393494
0.0,0,0.0003824216837529093
0.0,0,0.0017116951057687402
0.0,0,0.22795993089675903
0.0,0,0.00039774057222530246
0.0,0,0.0013241581618785858
0.0,0,2.3826469259802252e-05
1.0,1,0.999915361404419
0.0,0,0.0006846291944384575
1.0,1,0.9999940395355225
0.0,0,0.04496290534734726
0.0,0,0.08452025055885315
1.0,1,0.9967709183692932
0.0,0,9.775911894394085e-05
0.0,0,4.410192195791751e-05
1.0,1,0.9998716115951538
1.0,1,0.9891282916069031
1.0,1,0.48899000883102417
0.0,0,0.012776263989508152
1.0,1,0.9902158975601196
0.0,0,0.00095401331782341
1.0,1,0.9998914003372192
0.0,0,0.04297187551856041
0.0,0,0.2587781548500061
1.0,0,0.046572644263505936
0.0,0,0.0018309993902221322
0.0,0,0.013889970257878304
0.0,0,0.0015932309906929731
0.0,1,0.8274171948432922
1.0,1,0.3587000370025635
1.0,0,0.2380271553993225
1.0,1,0.9928463101387024
0.0,0,0.0048440806567668915
0.0,0,0.0010933172889053822
1.0,1,0.9985742568969727
0.0,1,0.5706855058670044
0.0,0,0.0006600347114726901
1.0,1,0.9742496609687805
0.0,0,0.00848298892378807
0.0,0,0.0005431571044027805
0.0,0,0.0038098834920674562
1.0,1,0.99796462059021
1.0,1,0.4219333231449127
0.0,0,0.004081753548234701
0.0,0,0.0010462377686053514
0.0,0,0.0017520013498142362
0.0,0,0.001268334686756134
1.0,1,0.9995356798171997
0.0,0,0.0010477093746885657
1.0,1,0.9919730424880981
0.0,0,0.041446536779403687
0.0,0,0.0007078085327520967
0.0,1,0.3154086470603943
0.0,0,4.8462981794727966e-05
1.0,1,0.9897931814193726
1.0,1,0.9967851638793945
1.0,1,0.6027610301971436
1.0,1,0.9803236722946167
1.0,1,0.9975684285163879
0.0,0,0.00017914612544700503
1.0,1,0.99978107213974
1.0,1,0.9617815017700195
0.0,0,0.00392289599403739
0.0,0,5.448676529340446e-05
1.0,1,0.9459462761878967
0.0,1,0.4026041328907013
1.0,1,0.9997102618217468
1.0,1,0.9812918901443481
0.0,0,0.07493872940540314
1.0,1,0.984317421913147
1.0,1,0.8781229257583618
1.0,1,0.9870281219482422
1.0,1,0.789476215839386
0.0,0,0.006507406942546368
0.0,0,0.0035977656953036785
1.0,1,0.9999738931655884
0.0,0,4.13901470892597e-05
0.0,1,0.7962111234664917
1.0,1,0.7722781896591187
0.0,0,0.15881164371967316
1.0,1,0.999464213848114
1.0,1,0.44708025455474854
1.0,1,0.9775387644767761
0.0,1,0.7354472875595093
1.0,1,0.7408826947212219
0.0,1,0.6816439032554626
1.0,1,0.999866247177124
1.0,1,0.9651892185211182
0.0,1,0.9886416792869568
0.0,0,0.000259972206549719
1.0,1,0.9933666586875916
1.0,1,0.8417431712150574
1.0,0,0.018298154696822166
0.0,0,0.014083986170589924
1.0,0,0.017764898017048836
0.0,0,0.00012224100646562874
1.0,1,0.9871515035629272
1.0,1,0.913535475730896
1.0,1,0.9993122816085815
0.0,0,0.0009140308829955757
1.0,1,0.9388718605041504
1.0,1,0.987613320350647
1.0,1,0.9992507100105286
0.0,0,0.000676378607749939
1.0,1,0.9961095452308655
0.0,0,0.006457197479903698
1.0,1,0.994461715221405
0.0,0,0.004358423873782158
0.0,1,0.6059418320655823
1.0,1,0.9975524544715881
0.0,1,0.988480806350708
1.0,1,0.6726561188697815
0.0,0,3.21243132930249e-05
0.0,0,0.00030592820257879794
1.0,1,0.9970520734786987
1.0,1,0.31486761569976807
0.0,0,0.0013879190664738417
1.0,1,0.9984927177429199
0.0,0,0.0005413760663941503
0.0,0,0.003432760713621974
0.0,0,0.1732727438211441
0.0,0,0.09846070408821106
0.0,0,0.10565313696861267
0.0,1,0.32013246417045593
1.0,1,0.956658124923706
1.0,1,0.9993366599082947
1.0,1,0.9986281394958496
0.0,0,0.010813851840794086
1.0,1,0.9999898672103882
1.0,1,0.9996471405029297
1.0,1,0.9998999834060669
0.0,0,0.02710563875734806
0.0,0,0.03032655641436577
1.0,1,0.9998741149902344
1.0,1,0.9978030323982239
0.0,0,0.0023768297396600246
1.0,1,0.9927912950515747
0.0,0,0.00210887985303998
0.0,0,0.00023631082149222493
1.0,1,0.9871277809143066
1.0,1,0.9999955892562866
0.0,0,0.0032968318555504084
0.0,0,0.002507548313587904
1.0,1,0.9978405237197876
0.0,1,0.5887361168861389
1.0,1,0.986086368560791
1.0,1,0.5355092883110046
1.0,1,0.9822335839271545
0.0,1,0.4410684108734131
1.0,1,0.9596449732780457
1.0,1,0.9989919066429138
1.0,1,0.9998513460159302
0.0,0,0.058670904487371445
0.0,0,0.015649907290935516
0.0,0,4.4115466153016314e-05
0.0,0,0.03767602890729904
1.0,1,0.9860401153564453
0.0,0,0.0008598262793384492
0.0,0,0.01573513075709343
0.0,0,0.02913929522037506
1.0,1,0.8109290599822998
0.0,0,0.0028233337216079235
0.0,0,0.0005027949227951467
0.0,0,0.0016976285260170698
1.0,1,0.9999160766601562
0.0,0,0.02229965105652809
1.0,1,0.9915754199028015
0.0,0,0.001121814246289432
0.0,0,0.0012346425792202353
1.0,1,0.9861109256744385
0.0,0,4.933271156914998e-06
1.0,1,0.9962543249130249
0.0,1,0.41337209939956665
0.0,0,0.020157314836978912
0.0,0,0.00026475757476873696
0.0,0,0.032797373831272125
0.0,0,0.00028519309125840664
0.0,0,0.012740369886159897
0.0,0,0.0064084711484611034
0.0,0,0.0005587184568867087
0.0,0,3.3502794849482598e-06
1.0,1,0.8846501111984253
0.0,1,0.669346809387207
0.0,0,0.0022906807716935873
1.0,1,0.9970993995666504
1.0,1,0.9799075126647949
0.0,0,0.039714664220809937
0.0,0,0.07943277060985565
0.0,1,0.9911981225013733
1.0,1,0.9999760389328003
0.0,0,0.00010230141197098419
1.0,1,0.9997922778129578
0.0,0,5.819664693262894e-06
0.0,0,0.00020346500969026238
0.0,0,0.0002336296165594831
0.0,0,0.0009877645643427968
1.0,1,0.37461161613464355
1.0,1,0.9908411502838135
1.0,1,0.9999896287918091
0.0,0,0.0013028706889599562
1.0,1,0.9891842603683472
0.0,0,0.00014639721484854817
0.0,1,0.8085982203483582
1.0,1,0.9271928668022156
0.0,0,0.00024777682847343385
1.0,1,0.9904826879501343
0.0,0,0.0002359782811254263
1.0,1,0.9999597072601318
1.0,0,0.1950613111257553
0.0,0,0.0005589954671449959
0.0,0,0.0002904498251155019
1.0,0,0.10384912043809891
1.0,0,0.10292002558708191
0.0,0,0.08966632932424545
0.0,0,0.03640974685549736
0.0,0,0.0028613312169909477
0.0,0,7.055780315567972e-06
0.0,0,1.0162240869249217e-05
0.0,0,0.010639077052474022
1.0,1,0.9959620833396912
0.0,0,0.011424523778259754
0.0,0,4.9513691919855773e-05
0.0,1,0.7343866229057312
0.0,0,9.962802869267762e-05
0.0,0,4.310500298743136e-05
1.0,1,0.9788837432861328
0.0,0,0.0010593715123832226
0.0,0,0.008713467977941036
1.0,1,0.9763344526290894
0.0,0,0.0012187323300167918
0.0,0,0.008139158599078655
1.0,1,0.7288604378700256
1.0,1,0.9996813535690308
1.0,1,0.7316913604736328
0.0,0,0.0015137533191591501
0.0,0,0.0005041554686613381
1.0,1,0.9391675591468811
0.0,0,7.904896483523771e-05
1.0,1,0.9981147050857544
0.0,0,0.0012407895410433412
1.0,1,0.99443519115448
1.0,1,0.9942797422409058
1.0,1,0.9980288147926331
0.0,0,0.0018541523022577167
1.0,1,0.9929726123809814
0.0,0,0.006331120617687702
1.0,1,0.9528120756149292
1.0,1,0.9988631010055542
0.0,0,0.032280437648296356
1.0,1,0.9815582633018494
1.0,0,0.10303626209497452
0.0,0,0.0005776224425062537
1.0,1,0.9980229139328003
1.0,1,0.9999512434005737
0.0,0,0.04183109477162361
0.0,0,0.0015354582574218512
0.0,0,0.0018107083160430193
0.0,0,6.939189188415185e-05
1.0,1,0.9801673293113708
0.0,0,0.00488068163394928
1.0,1,0.9063222408294678
0.0,0,0.0364021472632885
1.0,1,0.9948105812072754
0.0,1,0.3062969446182251
0.0,0,0.04392068460583687
0.0,0,0.0005061322590336204
1.0,1,0.8094279170036316
0.0,0,0.00014896369248162955
0.0,0,0.00013806897914037108
0.0,0,0.012754342518746853
1.0,1,0.8195645809173584
0.0,0,0.09744035452604294
0.0,1,0.3817523717880249
1.0,0,0.13779854774475098
0.0,0,0.0031205734703689814
1.0,1,0.97249436378479
0.0,0,0.0035095366183668375
0.0,0,0.040939684957265854
0.0,0,0.15165454149246216
1.0,0,0.003954642452299595
0.0,0,0.0005269062821753323
1.0,1,0.9996545314788818
1.0,1,0.9990628361701965
1.0,1,0.9167484641075134
1.0,1,0.6275508403778076
0.0,0,0.0018539318116381764
1.0,1,0.9954575300216675
1.0,1,0.9949473142623901
1.0,1,0.9998830556869507
0.0,0,0.0003135112056042999
0.0,0,0.011286056600511074
0.0,0,0.02236282266676426
0.0,0,0.011037379503250122
1.0,1,0.7026112675666809
0.0,0,0.006685224827378988
0.0,0,0.002496825298294425
0.0,1,0.6744612455368042
1.0,1,0.9995443224906921
1.0,1,0.9998735189437866
1.0,1,0.9823710918426514
0.0,0,0.012705798260867596
0.0,0,0.17055070400238037
1.0,1,0.999146580696106
0.0,0,0.0001110425655497238
0.0,0,0.0011651398381218314
0.0,0,9.088632941711694e-05
0.0,0,0.030425837263464928
1.0,1,0.9520948529243469
1.0,1,0.9941352605819702
0.0,0,0.0220029316842556
0.0,0,2.6851841539610177e-05
1.0,1,0.514035165309906
0.0,0,0.0005889808526262641
1.0,1,0.9997414946556091
0.0,1,0.7410011887550354
1.0,1,0.9980182647705078
1.0,1,0.9938752055168152
0.0,0,0.18456824123859406
0.0,0,0.0002762537624221295
1.0,1,0.999288022518158
0.0,0,0.00445280596613884
1.0,1,0.9953595995903015
1.0,1,0.9990202188491821
0.0,0,0.03931555896997452
0.0,0,9.876883996184915e-05
0.0,0,0.05080395191907883
0.0,0,0.0004786128702107817
0.0,0,0.004415903706103563
0.0,0,0.005349354352802038
0.0,0,0.02238038368523121
0.0,0,0.07403221726417542
0.0,0,0.0027022066060453653
1.0,1,0.9991447925567627
1.0,1,0.8611657023429871
1.0,1,0.9745809435844421
0.0,1,0.5940935611724854
1.0,1,0.9999040365219116
0.0,0,0.018292788416147232
1.0,1,0.9914489388465881
0.0,0,0.04628948122262955
1.0,0,0.2534956932067871
0.0,0,0.030598055571317673
0.0,0,0.0028922350611537695
0.0,1,0.6667934060096741
0.0,0,0.047633882611989975
1.0,1,0.6499311327934265
1.0,0,0.0021509984508156776
1.0,1,0.9999725818634033
0.0,0,0.013217882253229618
1.0,1,0.9990313053131104
0.0,0,0.00018027449550572783
0.0,0,0.004204073920845985
1.0,1,0.9995676875114441
0.0,0,0.0010561348171904683
0.0,0,0.004266487900167704
0.0,0,0.06690824776887894
0.0,0,0.012149309739470482
1.0,0,0.006121354177594185
1.0,1,0.343051940202713
1.0,1,0.9998852014541626
1.0,1,0.9051648378372192
1.0,1,0.9908375144004822
1.0,1,0.9944320321083069
0.0,0,0.0010031812125816941
0.0,0,0.0014125541783869267
0.0,1,0.677465558052063
0.0,0,2.2056316083762795e-05
0.0,0,0.08895566314458847
1.0,1,0.9765263199806213
1.0,0,0.244215190410614
1.0,1,0.9945757389068604
0.0,0,0.0032429671846330166
0.0,0,0.14867009222507477
0.0,0,0.007823798805475235
1.0,1,0.9999489784240723
1.0,1,0.9896570444107056
1.0,1,0.9928202033042908
0.0,0,0.15625804662704468
0.0,0,0.00747339753434062
0.0,0,0.0011728985700756311
1.0,1,0.9317516684532166
1.0,1,0.989059567451477
0.0,0,0.002445199526846409
0.0,0,0.12459133565425873
0.0,0,0.0002922631392721087
0.0,0,0.0006499598966911435
1.0,1,0.5120017528533936
0.0,0,0.024861592799425125
0.0,0,0.0037989949341863394
1.0,1,0.8605477809906006
1.0,0,0.12733538448810577
0.0,1,0.9685726165771484
1.0,1,0.9999797344207764
0.0,0,0.006759424693882465
0.0,0,0.00010129507427336648
1.0,1,0.999951958656311
1.0,1,0.9663842916488647
1.0,1,0.3707951307296753
0.0,0,0.0004058211052324623
0.0,0,0.006515263579785824
1.0,1,0.9324662089347839
0.0,0,0.00010231974738417193
1.0,1,0.9979349374771118
0.0,0,0.001217544893734157
0.0,0,0.26491817831993103
0.0,0,0.000446574529632926
1.0,1,0.9249993562698364
1.0,1,0.91182941198349
0.0,0,0.0023255874402821064
0.0,0,0.0002363173698540777
0.0,0,0.0061233616434037685
0.0,0,0.0008332132128998637
0.0,0,0.011773786507546902
0.0,0,5.100274211145006e-05
0.0,0,0.026834579184651375
0.0,0,0.0002268284879392013
0.0,0,0.000658509146887809
0.0,0,6.133528950158507e-05
0.0,0,3.515586649882607e-05
0.0,0,0.0072336746379733086
0.0,0,0.047518230974674225
0.0,0,2.4186860173358582e-05
0.0,0,0.08624090254306793
0.0,1,0.524675190448761
1.0,1,0.9983013868331909
0.0,0,0.00017494423082098365
0.0,0,0.0005370992585085332
1.0,1,0.9961957931518555
0.0,0,0.004107701126486063
0.0,1,0.4649779796600342
1.0,1,0.9987579584121704
0.0,0,0.00025537257897667587
1.0,1,0.9784361720085144
0.0,0,0.07901729643344879
1.0,1,0.9293633103370667
1.0,1,0.6803877353668213
0.0,0,0.0008640383020974696
0.0,0,0.0032737695146352053
0.0,0,0.02521132305264473
0.0,0,5.329585474100895e-05
0.0,0,0.010427541099488735
0.0,1,0.8931822776794434
0.0,0,0.04096395522356033
0.0,0,0.08823218941688538
0.0,0,0.00011712801642715931
0.0,0,0.00383029249496758
0.0,0,0.013255569152534008
1.0,1,0.6050636768341064
0.0,1,0.621088981628418
0.0,0,0.06147089973092079
1.0,1,0.9998418092727661
1.0,1,0.9858052134513855
1.0,1,0.9939433932304382
0.0,0,0.0008587176562286913
0.0,0,0.003555773524567485
0.0,0,0.04230668768286705
0.0,1,0.7679793834686279
1.0,1,0.9968557357788086
0.0,0,0.0011525820009410381
0.0,0,0.020401569083333015
1.0,1,0.9995112419128418
0.0,0,1.287845316255698e-05
0.0,0,4.2255728658346925e-06
0.0,0,0.0004958052886649966
0.0,0,0.00035736680729314685
1.0,1,0.7849138975143433
0.0,0,0.0041586956940591335
1.0,1,0.8058989644050598
0.0,0,0.0008833256433717906
1.0,1,0.9992026686668396
0.0,1,0.8865724802017212
1.0,0,0.025499310344457626
1.0,1,0.9938556551933289
1.0,1,0.9988842606544495
1.0,1,0.9956145286560059
0.0,0,0.07856207340955734
1.0,1,0.9999144077301025
1.0,1,0.992408037185669
0.0,1,0.9422332048416138
0.0,1,0.5666328072547913
0.0,0,0.04499631002545357
0.0,0,0.0077690077014267445
0.0,0,0.009496449492871761
1.0,0,0.03524232283234596
0.0,0,0.0035767946392297745
1.0,0,0.18470364809036255
1.0,1,0.7985091805458069
0.0,0,0.0012486730702221394
0.0,0,0.06124717369675636
0.0,0,2.3932840122142807e-05
0.0,0,0.2685197591781616
0.0,0,0.0033525433391332626
0.0,0,0.04689941555261612
0.0,0,0.04518778622150421
1.0,1,0.9967994689941406
0.0,0,0.029865652322769165
1.0,1,0.9936097860336304
1.0,0,0.049498993903398514
1.0,1,0.6670577526092529
0.0,0,0.01730165258049965
1.0,1,0.9746159315109253
1.0,1,0.48351967334747314
0.0,0,0.003281797282397747
1.0,1,0.34373730421066284
0.0,1,0.35453370213508606
0.0,0,0.015537475235760212
0.0,1,0.906441330909729
0.0,0,8.33987878756659e-10
1.0,1,0.99986732006073
1.0,1,0.9831812977790833
0.0,1,0.9929867386817932
0.0,0,6.473279790952802e-05
0.0,0,0.0015743206022307277
1.0,1,0.9973299503326416
1.0,1,0.9977116584777832
1.0,1,0.980682373046875
1.0,1,0.9987664222717285
0.0,0,0.0024799564853310585
0.0,0,0.0037397295236587524
0.0,0,0.021154960617423058
0.0,0,0.0013003932544961572
1.0,1,0.9914845824241638
0.0,1,0.9960687160491943
0.0,0,0.0020760430488735437
1.0,1,0.3383302688598633
1.0,1,0.9873669147491455
0.0,0,0.0002659958554431796
1.0,1,0.9744415879249573
0.0,1,0.4438477158546448
0.0,1,0.9968769550323486
1.0,1,0.9924747347831726
0.0,0,0.015127268619835377
0.0,0,0.0006842574221082032
1.0,1,0.9959203004837036
0.0,0,0.0017574948724359274
0.0,0,3.913729597115889e-05
1.0,0,0.12427110970020294
0.0,0,4.7133675252553076e-05
0.0,1,0.9788994193077087
0.0,0,0.011716164648532867
1.0,1,0.9991518259048462
0.0,1,0.699765145778656
1.0,1,0.9948530793190002
1.0,1,0.9999082088470459
0.0,1,0.8562135100364685
1.0,1,0.9989805817604065
1.0,1,0.9816951751708984
1.0,1,0.97801274061203
0.0,0,9.064804908121005e-05
0.0,0,0.0016836123540997505
0.0,0,0.00099000649061054
0.0,0,0.003087541088461876
0.0,0,9.739287634147331e-05
0.0,1,0.9706937074661255
0.0,0,0.1263429969549179
1.0,1,0.9978544116020203
1.0,1,0.9936291575431824
0.0,0,0.009295686148107052
0.0,0,0.0006252674502320588
1.0,1,0.9921779036521912
0.0,0,8.246735524153337e-05
0.0,0,0.00511452741920948
0.0,0,0.0006826137541793287
0.0,1,0.6415361166000366
1.0,1,0.784559965133667
0.0,1,0.417829692363739
1.0,1,0.9999926090240479
0.0,0,0.014799311757087708
0.0,0,0.00373663567006588
1.0,1,0.9974257349967957
1.0,1,0.899689257144928
1.0,1,0.9932263493537903
0.0,0,0.0029205074533820152
1.0,1,0.9921420812606812
0.0,0,0.003633966203778982
1.0,1,0.9781100153923035
0.0,0,0.00018133041157852858
0.0,0,0.0006212510052137077
1.0,1,0.999854564666748
0.0,1,0.30039888620376587
1.0,1,0.43985405564308167
1.0,1,0.9859439134597778
0.0,0,0.010936254635453224
1.0,0,0.009979791007936
0.0,0,0.0018936187261715531
0.0,0,1.77133952092845e-05
0.0,0,0.01854761876165867
0.0,0,0.007814202457666397
1.0,1,0.9999898672103882
1.0,1,0.9961129426956177
0.0,0,0.0001245493913302198
0.0,0,0.0017698227893561125
0.0,0,0.012910168617963791
1.0,1,0.9978260397911072
0.0,0,0.0022586057893931866
1.0,1,0.9988842606544495
1.0,1,0.6432911157608032
0.0,1,0.39474034309387207
1.0,1,0.8061490654945374
1.0,1,0.9996192455291748
1.0,1,0.6455767750740051
0.0,0,0.005362669937312603
1.0,1,0.9987488985061646
1.0,1,0.9992738366127014
0.0,0,1.9062084902543575e-05
0.0,0,0.0002805900585372001
1.0,1,0.9570798873901367
1.0,0,0.00916908960789442
1.0,1,0.999549925327301
0.0,0,0.0018464581808075309
0.0,0,0.003339954884722829
1.0,1,0.9954173564910889
1.0,1,0.9459541440010071
1.0,1,0.9930115342140198
0.0,0,0.17601048946380615
0.0,0,0.01465041097253561
1.0,1,0.9999170303344727
0.0,0,1.2648988558794372e-05
1.0,1,0.9845284819602966
1.0,1,0.9999756813049316
1.0,1,0.994909942150116
1.0,0,0.018064450472593307
1.0,1,0.9999922513961792
0.0,0,8.80845618667081e-06
1.0,1,0.9999247789382935
1.0,1,0.9533215165138245
0.0,1,0.5269511938095093
0.0,0,0.010235256515443325
0.0,0,0.004075338132679462
0.0,0,0.00011149966303491965
0.0,0,0.002662148093804717
0.0,1,0.9967979788780212
0.0,0,0.005083525087684393
1.0,1,0.38615965843200684
0.0,0,0.01202585082501173
1.0,1,0.3870793581008911
0.0,0,0.007355649024248123
1.0,1,0.9994820952415466
0.0,0,0.2153843343257904
1.0,1,0.9962440729141235
1.0,1,0.7438551783561707
1.0,1,0.44168850779533386
0.0,0,0.013728361576795578
0.0,0,0.03922959789633751
0.0,0,0.0009275718475691974
1.0,1,0.9999979734420776
1.0,1,0.6879504919052124
0.0,0,0.25871697068214417
0.0,0,0.1043485477566719
1.0,1,0.995088517665863
1.0,1,0.9978541731834412
1.0,1,0.7426028251647949
0.0,0,0.003031630301848054
0.0,0,0.022548368200659752
0.0,0,0.00013816011778544635
1.0,1,0.8774866461753845
0.0,0,0.16040055453777313
1.0,1,0.9999761581420898
0.0,0,0.0009119787719100714
1.0,1,0.9974657297134399
1.0,1,0.9686097502708435
0.0,0,0.007851994596421719
1.0,1,0.9999727010726929
0.0,0,0.006011970341205597
0.0,0,0.006127640604972839
1.0,0,0.009536225348711014
1.0,1,0.4952313005924225
1.0,1,0.9999707937240601
0.0,0,9.118532034335658e-05
1.0,1,0.9997974038124084
0.0,0,0.11574859172105789
1.0,0,0.2379665970802307
1.0,1,0.9990586638450623
1.0,1,0.9968441724777222
0.0,0,0.00441588694229722
1.0,1,0.9949504137039185
0.0,0,0.0017503916751593351
0.0,0,0.20369242131710052
1.0,1,0.9988478422164917
0.0,1,0.7107936143875122
1.0,1,0.9990511536598206
0.0,0,0.02696399949491024
0.0,0,0.008720600046217442
0.0,0,0.036505237221717834
1.0,1,0.9727262258529663
0.0,0,9.097789734369144e-05
1.0,1,0.9992960691452026
0.0,0,4.126088606426492e-05
0.0,0,0.0018094426486641169
1.0,1,0.9974815249443054
1.0,1,0.9998935461044312
1.0,1,0.9123803377151489
1.0,1,0.9923880100250244
0.0,0,1.1315422625557403e-06
0.0,0,0.0021572012919932604
0.0,0,0.00393756665289402
0.0,0,4.407127562444657e-06
0.0,0,0.0008209645166061819
0.0,0,0.09722471982240677
0.0,0,0.004402749706059694
0.0,0,0.0021888138726353645
0.0,0,7.908017869340256e-05
1.0,1,0.9993981122970581
0.0,0,0.1538752019405365
0.0,0,0.19443295896053314
0.0,0,0.009762865491211414
0.0,0,0.006168962921947241
0.0,0,0.011274931021034718
1.0,1,0.7913295030593872
0.0,0,0.0003629867569543421
1.0,1,0.9993187189102173
0.0,0,0.018072204664349556
0.0,0,0.00035111981560476124
1.0,1,0.6936163902282715
1.0,1,0.9999382495880127
1.0,1,0.9999138116836548
1.0,1,0.9998782873153687
1.0,1,0.6287664175033569
0.0,0,0.0003688597644213587
0.0,0,0.0027977176941931248
0.0,0,9.572137059876695e-06
0.0,0,5.820424576086225e-06
1.0,1,0.9897071123123169
0.0,0,0.000641019782051444
0.0,0,0.013262862339615822
0.0,0,0.0021620059851557016
0.0,0,0.010552086867392063
0.0,0,0.009092208929359913
1.0,1,0.9990848302841187
1.0,1,0.9827114939689636
1.0,1,0.9999628067016602
0.0,0,7.35973080736585e-05
1.0,1,0.9936580061912537
1.0,1,0.9644695520401001
0.0,0,0.2569102942943573
1.0,1,0.9992542862892151
1.0,1,0.9983335137367249
1.0,1,0.9521307349205017
0.0,1,0.7449406981468201
0.0,0,0.00267594656907022
1.0,1,0.9903035759925842
0.0,1,0.36813071370124817
0.0,1,0.8137463331222534
0.0,0,0.001210796064697206
0.0,0,0.0014820639044046402
1.0,0,0.058521125465631485
1.0,1,0.9683942794799805
1.0,1,0.999920129776001
0.0,0,0.0003457469283603132
0.0,0,0.003189024981111288
0.0,0,0.0014697766164317727
1.0,1,0.9998170733451843
0.0,0,0.26390340924263
0.0,1,0.2995663285255432
0.0,0,0.04414379969239235
0.0,0,5.489659815793857e-05
0.0,0,0.16372966766357422
1.0,1,0.6939294934272766
1.0,0,0.2800658941268921
1.0,1,0.9895836710929871
0.0,0,0.00015980539319571108
0.0,0,0.00023268639051821083
1.0,1,0.8987395763397217
0.0,0,7.185109552665381e-06
0.0,0,0.028395941480994225
1.0,0,0.0685739517211914
0.0,0,3.1598763598594815e-05
1.0,1,0.9959995746612549
0.0,1,0.9682743549346924
0.0,0,0.28949248790740967
0.0,0,0.00020040709932800382
0.0,1,0.99996018409729
0.0,0,0.10016855597496033
0.0,0,0.08262833207845688
1.0,1,0.9989853501319885
0.0,0,6.770010077161714e-05
1.0,0,0.053546126931905746
0.0,1,0.8525975346565247
0.0,0,0.04894206300377846
0.0,0,0.04863237589597702
1.0,1,0.7596568465232849
0.0,1,0.3336757719516754
0.0,0,0.00032438759808428586
0.0,0,0.000457591115264222
1.0,1,0.9713011980056763
0.0,0,8.206844768210431e-07
0.0,0,8.16277606645599e-05
0.0,0,0.012440340593457222
1.0,1,0.9988263249397278
1.0,1,0.9751110076904297
0.0,0,0.11148679256439209
0.0,0,0.018544910475611687
0.0,0,0.07590122520923615
0.0,1,0.9991801381111145
0.0,0,0.00047179526882246137
0.0,0,2.9775186703773215e-05
0.0,0,0.004612607881426811
1.0,1,0.5225140452384949
0.0,0,0.009735350497066975
1.0,1,0.9929431080818176
0.0,0,0.003549672896042466
1.0,1,0.5427960753440857
0.0,0,3.4955719456775114e-05
0.0,0,0.0018793422495946288
1.0,1,0.9760853052139282
1.0,1,0.9756925106048584
0.0,1,0.31123271584510803
1.0,1,0.9975066781044006
1.0,1,0.9997853636741638
0.0,0,0.030662396922707558
0.0,0,0.0006536722066812217
0.0,0,0.0004468155384529382
1.0,1,0.9999291896820068
1.0,1,0.34635767340660095
1.0,1,0.999769389629364
1.0,1,0.7525163888931274
0.0,1,0.8557896018028259
0.0,0,7.163298141676933e-05
0.0,0,0.00037319245166145265
1.0,1,0.999373733997345
0.0,0,0.0056092943996191025
0.0,0,1.8448503396939486e-05
0.0,0,0.07068490982055664
1.0,1,0.9678418040275574
0.0,0,0.0003184807428624481
1.0,1,0.9842575788497925
0.0,0,0.0004857159801758826
1.0,0,0.12161996960639954
0.0,0,0.01819424517452717
1.0,1,0.9858055710792542
1.0,1,0.980143129825592
0.0,0,0.0002633055846672505
0.0,0,0.01885089837014675
1.0,1,0.9999947547912598
1.0,1,0.9988210797309875
0.0,0,8.51941222208552e-05
0.0,0,0.0033985998015850782
0.0,0,0.05412333831191063
0.0,1,0.9758575558662415
1.0,1,0.9999772310256958
1.0,1,0.5456419587135315
1.0,1,0.9999990463256836
1.0,1,0.9975759387016296
0.0,0,0.00017361663049086928
1.0,1,0.9950202703475952
0.0,0,0.000208054028917104
0.0,0,0.0006985545041970909
0.0,0,7.803249172866344e-05
1.0,1,0.9999721050262451
0.0,1,0.972221851348877
1.0,1,0.8496602177619934
1.0,1,0.9853736162185669
0.0,0,0.02653183415532112
0.0,0,1.1184030881850049e-05
1.0,1,0.9983686804771423
0.0,0,0.0004977659555152059
1.0,1,0.9985975623130798
0.0,0,0.0005681105540134013
1.0,1,0.7627975344657898
0.0,0,0.022949500009417534
1.0,1,0.9951832890510559
1.0,1,0.845628559589386
0.0,0,0.0005363640375435352
0.0,0,0.0024456775281578302
0.0,0,0.000763803836889565
0.0,0,0.0002200607705162838
0.0,0,0.06751037389039993
1.0,1,0.9992672801017761
0.0,0,0.004308376926928759
0.0,0,0.000531118712387979
1.0,1,0.9980558156967163
0.0,0,2.7193136702408083e-06
0.0,0,0.00012819764378946275
1.0,1,0.7809589505195618
1.0,1,0.9840880632400513
1.0,1,0.98466956615448
0.0,0,0.0022010691463947296
0.0,0,9.087404032470658e-05
1.0,1,0.9995725750923157
0.0,0,0.0046517327427864075
1.0,1,0.9891762137413025
1.0,1,0.8844637274742126
1.0,1,0.9997301697731018
0.0,0,0.13392820954322815
1.0,1,0.9727247357368469
1.0,1,0.8403663039207458
0.0,0,0.00020401475194375962
1.0,1,0.9952237010002136
0.0,0,0.010995220392942429
1.0,1,0.6959894895553589
1.0,1,0.9998713731765747
0.0,0,0.0017170601058751345
0.0,0,0.012615970335900784
0.0,1,0.5056993961334229
0.0,0,0.00010011688573285937
0.0,0,0.024721713736653328
1.0,1,0.9740449786186218
0.0,1,0.9274239540100098
0.0,0,0.05060982331633568
1.0,0,1.822317972255405e-05
1.0,1,0.9843117594718933
0.0,0,0.0004988869186490774
0.0,0,5.055860086145003e-08
1.0,1,0.961036741733551
1.0,1,0.9767216444015503
0.0,0,0.12067330628633499
1.0,1,0.8235244750976562
0.0,0,0.006063835695385933
0.0,0,0.028894051909446716
0.0,1,0.9988380074501038
0.0,0,0.027897153049707413
0.0,0,0.07963363826274872
1.0,1,0.6249101161956787
0.0,1,0.4293649196624756
0.0,0,0.005833751987665892
1.0,1,0.9995967745780945
1.0,1,0.9999089241027832
0.0,0,0.0016351108206436038
0.0,0,0.0005409012082964182
0.0,0,0.005895037669688463
0.0,0,0.0003048428043257445
0.0,0,0.0049454509280622005
0.0,1,0.7550787925720215
0.0,1,0.5796421766281128
0.0,1,0.7855563759803772
1.0,1,0.9521673917770386
1.0,1,0.9992117881774902
0.0,0,0.0031027221120893955
0.0,0,0.0005059788236394525
0.0,0,0.00842769630253315
0.0,0,0.0006376939127221704
0.0,0,0.015646887943148613
1.0,1,0.9992594122886658
0.0,0,0.0014584596501663327
1.0,1,0.9924798011779785
0.0,0,0.031577032059431076
0.0,0,3.5286793718114495e-05
1.0,1,0.9000377058982849
1.0,1,0.941868245601654
0.0,0,3.9065853343345225e-05
0.0,1,0.6866446733474731
0.0,1,0.9628134965896606
0.0,0,0.001894875313155353
0.0,0,0.0002686187799554318
1.0,1,0.9991826415061951
0.0,0,0.0024603898636996746
1.0,1,0.9916033148765564
1.0,1,0.9962044358253479
0.0,0,6.981784395065915e-07
0.0,0,0.06121718883514404
0.0,0,0.0042603397741913795
1.0,1,0.9992257356643677
1.0,1,0.9937013387680054
1.0,1,0.9961068034172058
0.0,0,0.000163926713867113
0.0,0,9.135965228779241e-08
1.0,1,0.997528612613678
1.0,1,0.9542974829673767
1.0,1,0.9678370952606201
1.0,1,0.9999961853027344
0.0,0,0.23093777894973755
1.0,1,0.9986158609390259
1.0,1,0.9961602687835693
1.0,1,0.9981912970542908
0.0,0,0.00132868648506701
0.0,0,0.039371661841869354
1.0,1,0.9897789359092712
0.0,0,0.00011934350914089009
0.0,0,5.122906077303924e-05
0.0,0,0.1264365315437317
1.0,0,0.0542309433221817
0.0,0,0.00027226333622820675
1.0,1,0.9939768314361572
0.0,0,0.25483307242393494
1.0,1,0.9981649518013
1.0,1,0.9998151659965515
1.0,1,0.9995748400688171
0.0,1,0.32255861163139343
1.0,1,0.995020866394043
0.0,0,0.006484103389084339
1.0,1,0.30525273084640503
0.0,0,0.0005739962216466665
1.0,1,0.9973365664482117
0.0,1,0.7456036806106567
1.0,1,0.9999116659164429
1.0,0,5.5361651902785525e-05
0.0,0,1.9612853066064417e-06
0.0,0,2.022492299147416e-05
1.0,1,0.8326157927513123
1.0,1,0.9997463822364807
0.0,1,0.4059261679649353
0.0,0,0.0001043937518261373
0.0,0,0.0001597139926161617
1.0,1,0.9996852874755859
1.0,1,0.9748978614807129
0.0,0,0.001117388135753572
0.0,0,0.21651755273342133
0.0,0,0.00027685228269547224
1.0,1,0.9614739418029785
0.0,0,0.0009670909494161606
1.0,1,0.9990442395210266
0.0,0,0.0001698204141575843
1.0,1,0.9998737573623657
0.0,0,0.02776254527270794
1.0,1,0.9809668064117432
1.0,1,0.9998564720153809
0.0,0,0.0013644418213516474
1.0,1,0.9990760087966919
1.0,1,0.9999061822891235
1.0,1,0.999114453792572
1.0,1,0.9999409914016724
1.0,0,0.0005300197517499328
0.0,0,6.760765245417133e-05
1.0,1,0.9998112320899963
1.0,1,0.996829092502594
0.0,0,0.021175676956772804
1.0,1,0.9516697525978088
0.0,0,5.642653559334576e-05
0.0,0,0.12022285163402557
1.0,1,0.9764000177383423
1.0,1,0.8550705313682556
0.0,0,0.003221675753593445
0.0,0,0.0004884459776803851
1.0,1,0.9983174800872803
1.0,1,0.9277212619781494
1.0,1,0.9999489784240723
0.0,1,0.6126906275749207
1.0,1,0.9993332028388977
1.0,1,0.9997403025627136
0.0,0,0.006123591214418411
1.0,1,0.9999499320983887
0.0,0,0.0018397358944639564
1.0,1,0.9969768524169922
0.0,0,3.779448525165208e-05
1.0,1,0.9699345827102661
0.0,0,0.004491651896387339
0.0,0,0.04553283378481865
0.0,0,0.0001942261151270941
1.0,1,0.9986567497253418
1.0,1,0.9706383347511292
0.0,0,0.0057945349253714085
1.0,1,0.999996542930603
0.0,0,0.004577460698783398
1.0,1,0.9998354911804199
1.0,0,0.005198984872549772
1.0,0,0.09299225360155106
1.0,1,0.9885187745094299
0.0,0,0.008398117497563362
1.0,1,0.9971657395362854
1.0,1,0.999812662601471
0.0,0,0.0009788782335817814
1.0,1,0.9777076244354248
0.0,0,0.0023894349578768015
0.0,1,0.612106442451477
1.0,1,0.9948922395706177
0.0,0,0.052224237471818924
0.0,0,0.0006751352921128273
1.0,1,0.9985049962997437
1.0,1,0.9975831508636475
0.0,0,0.002488642930984497
0.0,0,0.014607864432036877
1.0,1,0.9674004316329956
0.0,1,0.8219833374023438
1.0,0,0.15212440490722656
1.0,1,0.8545900583267212
0.0,0,0.0003462694294285029
1.0,1,0.9370232820510864
0.0,1,0.9967946410179138
1.0,0,0.07630153000354767
0.0,0,0.0002791749720927328
1.0,1,0.9964608550071716
0.0,0,0.006177830509841442
1.0,1,0.9998106360435486
1.0,1,0.9994284510612488
0.0,0,0.0033249473199248314
0.0,0,0.004892970900982618
1.0,1,0.9999868869781494
1.0,1,0.994184672832489
0.0,1,0.47686654329299927
0.0,0,0.005322427023202181
1.0,1,0.9849226474761963
0.0,1,0.9534034729003906
1.0,1,0.9932286739349365
1.0,1,0.9879204034805298
0.0,0,0.0015041657024994493
0.0,1,0.31613874435424805
0.0,0,9.952728578355163e-05
1.0,1,0.9988152980804443
0.0,0,0.004085201304405928
0.0,0,0.0013332811649888754
1.0,0,0.2441650927066803
0.0,0,0.0021423979196697474
0.0,0,0.03670162707567215
0.0,0,0.13294479250907898
1.0,1,0.8988759517669678
1.0,1,0.9996745586395264
1.0,1,0.999993085861206
0.0,0,0.0129581643268466
0.0,0,0.00394297344610095
1.0,1,0.6505038738250732
0.0,1,0.7817438840866089
0.0,0,0.2477869987487793
0.0,0,0.0004685281019192189
1.0,1,0.9039852619171143
0.0,0,9.06375043996377e-06
0.0,0,0.007767901755869389
0.0,0,0.05527028813958168
0.0,0,0.0001857588067650795
1.0,1,0.9994454979896545
0.0,0,0.0006739046075381339
1.0,1,0.9159510135650635
0.0,0,0.001729923184029758
0.0,1,0.38225746154785156
1.0,1,0.9662893414497375
1.0,1,0.9999537467956543
0.0,1,0.9990618824958801
0.0,0,0.006588638294488192
1.0,1,0.9974973797798157
1.0,1,0.9890612363815308
0.0,0,0.009815942496061325
0.0,0,0.0006484597688540816
0.0,0,0.014208913780748844
0.0,0,4.996782445232384e-05
0.0,0,3.8134043279569596e-05
0.0,1,0.9999486207962036
0.0,0,0.0018688410054892302
1.0,0,0.05770687386393547
1.0,1,0.9997599720954895
0.0,0,0.003689776873216033
1.0,1,0.9494763016700745
1.0,1,0.9784597158432007
1.0,1,0.9950637221336365
0.0,1,0.8992877006530762
0.0,0,0.1294633150100708
1.0,1,0.860369861125946
1.0,1,0.9992709755897522
0.0,0,0.00012199205957585946
1.0,1,0.4305739104747772
1.0,1,0.9525552988052368
0.0,0,0.06057962402701378
1.0,0,0.01891978457570076
1.0,1,0.9992260932922363
0.0,0,8.55213511385955e-06
0.0,0,0.013204238377511501
1.0,1,0.9963730573654175
0.0,0,0.003568775486201048
0.0,0,0.1382911205291748
1.0,1,0.9897193908691406
0.0,0,0.0002698416355997324
1.0,1,0.9386373162269592
0.0,0,0.005635061766952276
0.0,0,0.045104652643203735
0.0,0,0.0005638086004182696
0.0,0,1.3360301636566874e-05
0.0,0,0.0054898494854569435
0.0,0,0.003443928435444832
0.0,0,0.11254880577325821
0.0,0,0.0003584178339224309
1.0,1,0.9970045685768127
1.0,1,0.8865521550178528
0.0,0,3.524011845001951e-05
1.0,1,0.9896609783172607
1.0,1,0.9993985891342163
0.0,0,2.9303153496584855e-05
0.0,0,0.00013371855311561376
0.0,0,0.009946964681148529
0.0,0,0.00022554081806447357
1.0,1,0.9987949132919312
1.0,1,0.9998583793640137
1.0,1,0.8678098917007446
1.0,1,0.9224254488945007
1.0,0,0.019352924078702927
0.0,0,0.18854349851608276
1.0,1,0.9998527765274048
0.0,0,0.0008824801770970225
1.0,1,0.9990453124046326
0.0,0,0.0027796386275440454
1.0,1,0.9999524354934692
0.0,0,0.0007134012412279844
1.0,1,0.8844615817070007
0.0,0,0.011533265002071857
1.0,1,0.9999030828475952
1.0,1,0.9994814991950989
0.0,1,0.8725937008857727
0.0,0,0.005103365983814001
1.0,1,0.9976239800453186
0.0,0,5.833280010847375e-05
0.0,1,0.38940003514289856
1.0,0,0.19126617908477783
0.0,0,0.0019983553793281317
0.0,0,0.004069142509251833
1.0,1,0.998301088809967
0.0,0,0.00029992929194122553
0.0,0,0.0015899030258879066
0.0,0,0.0736057236790657
0.0,0,0.005160555709153414
1.0,1,0.999394416809082
1.0,1,0.9950089454650879
1.0,1,0.9990334510803223
0.0,0,0.0006580699700862169
1.0,1,0.9952542781829834
0.0,0,0.040950335562229156
0.0,1,0.9737450480461121
0.0,0,0.004986935295164585
1.0,1,0.9843922853469849
0.0,1,0.9995077848434448
0.0,0,8.077843631326687e-06
0.0,0,0.008156745694577694
0.0,0,0.0008015679195523262
1.0,1,0.9996125102043152
0.0,0,0.0005216323188506067
0.0,0,0.23743793368339539
1.0,1,0.9230501651763916
0.0,0,0.0014415205223485827
1.0,1,0.9437956809997559
1.0,1,0.9986326098442078
0.0,0,0.17282319068908691
0.0,0,4.432382411323488e-05
0.0,1,0.6175910830497742
0.0,0,0.0018467191839590669
1.0,1,0.9993302822113037
0.0,0,0.0056427111849188805
1.0,1,0.9999463558197021
1.0,1,0.9960632920265198
0.0,0,0.0744720995426178
0.0,0,0.001394634018652141
0.0,0,0.02047615312039852
0.0,0,0.00021384330466389656
1.0,1,0.9993104934692383
1.0,1,0.999707043170929
0.0,0,0.1589116007089615
0.0,0,0.0013249927433207631
0.0,0,8.970303315436468e-05
1.0,1,0.9999970197677612
0.0,0,0.00037233479088172317
0.0,0,0.011854696087539196
1.0,1,0.9982814788818359
1.0,1,0.9995761513710022
1.0,1,0.8037835955619812
0.0,0,0.03163816034793854
0.0,0,0.0007507899426855147
0.0,0,9.251854862668552e-06
1.0,1,0.999958872795105
0.0,0,0.014419546350836754
0.0,0,0.10219160467386246
1.0,1,0.9861926436424255
1.0,1,0.9916813969612122
0.0,0,0.009305641986429691
0.0,0,0.004366662818938494
0.0,0,0.045126475393772125
0.0,0,0.006270538084208965
1.0,1,0.9994218349456787
0.0,1,0.9956938028335571
0.0,1,0.7641952037811279
1.0,1,0.9866194128990173
0.0,0,6.385446613421664e-05
1.0,1,0.7273257970809937
0.0,1,0.7909641265869141
0.0,1,0.3666563034057617
0.0,0,0.0025500208139419556
0.0,0,0.008958391845226288
0.0,0,0.05914050340652466
1.0,1,0.8015966415405273
1.0,1,0.996697187423706
0.0,0,0.007565353065729141
0.0,0,0.00022904785873834044
0.0,0,0.0021515123080462217
0.0,1,0.6741841435432434
0.0,0,0.11533340066671371
0.0,0,0.0022261443082243204
1.0,1,0.7158642411231995
0.0,0,7.80796108301729e-05
1.0,1,0.8781695365905762
1.0,1,0.9667391180992126
0.0,0,0.00011874685878865421
0.0,0,0.0005568290362134576
0.0,0,8.840772352414206e-05
0.0,0,0.10075066238641739
1.0,1,0.9775026440620422
0.0,0,0.0006411896320059896
0.0,0,4.1704457544256e-05
1.0,1,0.9365836381912231
0.0,0,7.929402636364102e-05
0.0,1,0.7206289768218994
0.0,0,0.0010375184938311577
1.0,1,0.9912014007568359
1.0,1,0.40298762917518616
1.0,1,0.7636516690254211
1.0,1,0.9996498823165894
0.0,0,6.995236617513001e-05
0.0,0,0.05520646274089813
0.0,0,4.512094892561436e-05
0.0,0,0.0019900184124708176
1.0,1,0.7847217321395874
1.0,0,0.10212650150060654
1.0,1,0.9994562268257141
1.0,1,0.9806753993034363
1.0,1,0.9798754453659058
1.0,1,0.9998688697814941
0.0,0,0.24324089288711548
1.0,1,0.9019324779510498
0.0,0,0.0022331697400659323
1.0,1,0.9970167875289917
1.0,1,0.9685450196266174
0.0,0,0.004179125186055899
0.0,0,0.00011738025932572782
0.0,0,0.012561311013996601
1.0,1,0.9999856948852539
0.0,0,0.00010150654270546511
1.0,1,0.893473207950592
0.0,1,0.5358808040618896
1.0,1,0.8912171125411987
0.0,0,0.0001267899788217619
0.0,0,0.00010182025289395824
1.0,1,0.9857037663459778
0.0,0,0.18162508308887482
0.0,1,0.4677690863609314
0.0,0,0.013111475855112076
0.0,0,2.660025711520575e-05
1.0,1,0.9997983574867249
0.0,0,0.0005476598162204027
0.0,0,7.221479609142989e-05
1.0,1,0.997432291507721
1.0,1,0.9970477223396301
1.0,0,0.10523684322834015
0.0,0,0.0012370498152449727
1.0,1,0.9936291575431824
0.0,0,0.00011001223174389452
0.0,0,0.0011380802607163787
0.0,0,0.09041804820299149
0.0,0,2.3318343664868735e-06
1.0,1,0.9601881504058838
1.0,1,0.9978960752487183
0.0,0,5.3264604503056034e-05
0.0,0,8.620945300208405e-05
1.0,1,0.994845986366272
1.0,1,0.997134804725647
1.0,1,0.995128870010376
0.0,0,0.0006311463657766581
0.0,0,0.005453118588775396
0.0,0,7.218754035420716e-05
1.0,1,0.9982154369354248
1.0,1,0.7182663679122925
1.0,1,0.9999668598175049
0.0,0,8.935623918659985e-05
1.0,1,0.9998480081558228
1.0,1,0.869292676448822
0.0,0,0.06224768981337547
0.0,0,5.985355528537184e-05
0.0,0,0.11183448135852814
1.0,1,0.9854173064231873
0.0,0,0.002710015280172229
1.0,0,0.023124849423766136
1.0,1,0.9970388412475586
0.0,0,0.000864759786054492
1.0,1,0.9990567564964294
1.0,1,0.9986546039581299
1.0,1,0.995332658290863
0.0,0,0.0015273460885509849
0.0,0,0.27771320939064026
0.0,0,0.0002957963151857257
0.0,0,0.001350041595287621
0.0,0,0.0002917636593338102
0.0,0,0.004877509083598852
0.0,0,0.034452684223651886
0.0,0,0.0007436125306412578
0.0,0,0.002015618374571204
0.0,0,0.057988353073596954
1.0,1,0.984501302242279
0.0,0,0.010798580944538116
0.0,0,0.00217916420660913
0.0,0,0.010211738757789135
1.0,0,0.07383434474468231
0.0,1,0.9202383756637573
1.0,1,0.999982476234436
1.0,1,0.9954898953437805
1.0,1,0.9941195249557495
1.0,0,0.08050569891929626
1.0,1,0.9995090961456299
0.0,0,0.008324135094881058
0.0,0,0.0004753295797854662
1.0,1,0.9967711567878723
1.0,1,0.9963656663894653
1.0,1,0.9475911259651184
1.0,1,0.9999814033508301
0.0,0,0.0018759721424430609
0.0,0,0.0008200746960937977
0.0,0,3.597601244109683e-05
0.0,0,0.0035191921051591635
0.0,0,0.00013512618897948414
0.0,0,6.605756061617285e-05
0.0,1,0.9915110468864441
1.0,0,0.2780438959598541
0.0,0,3.1228314583131578e-06
0.0,0,0.012471280992031097
1.0,1,0.9958862662315369
1.0,1,0.8493865728378296
1.0,1,0.9938859343528748
0.0,0,4.415932562551461e-05
0.0,0,0.00018284803081769496
1.0,1,0.995692789554596
1.0,1,0.9999958276748657
0.0,0,8.577876724302769e-05
0.0,0,6.775138899683952e-05
0.0,0,0.004504283424466848
0.0,0,0.00012447744666133076
0.0,0,0.2698800265789032
0.0,0,1.879728188214358e-06
1.0,1,0.9667473435401917
0.0,1,0.3813701868057251
1.0,1,0.9984001517295837
0.0,0,0.0019310279749333858
0.0,0,0.011284898035228252
0.0,0,0.005486102309077978
0.0,0,0.016650691628456116
0.0,0,0.003279142314568162
0.0,0,0.010266897268593311
0.0,0,0.00026096528745256364
0.0,0,0.08086877316236496
0.0,0,7.026150706224144e-05
0.0,1,0.5494475364685059
1.0,1,0.9991995692253113
0.0,0,0.00019309787603560835
0.0,0,0.00013097158807795495
0.0,0,0.0026214157696813345
1.0,1,0.9979830980300903
1.0,1,0.9999850988388062
1.0,1,0.9998500347137451
1.0,0,0.06178836524486542
1.0,1,0.9947614073753357
0.0,0,0.025423811748623848
0.0,0,0.0025705366861075163
0.0,0,0.000628422771114856
1.0,1,0.7252592444419861
0.0,0,0.0004340328450780362
0.0,0,0.0015770865138620138
1.0,1,0.9251567125320435
1.0,1,0.9913772344589233
0.0,0,0.00012054925900883973
0.0,0,0.002772921696305275
0.0,0,0.005377006251364946
1.0,0,0.056124504655599594
0.0,0,2.8552012736327015e-05
0.0,0,0.11979254335165024
1.0,1,0.9984748959541321
1.0,0,0.08962961286306381
0.0,0,0.011252574622631073
1.0,1,0.9988425970077515
0.0,0,1.7129184470832115e-07
0.0,0,0.0005695557338185608
0.0,0,0.001624728087335825
1.0,1,0.9999825954437256
0.0,0,0.007948127575218678
1.0,1,0.9998123049736023
1.0,1,0.3181108832359314
1.0,1,0.9464375376701355
0.0,0,0.05023316293954849
0.0,0,0.0006548953824676573
1.0,1,0.999962329864502
1.0,1,0.999580442905426
1.0,1,0.9977256655693054
0.0,0,0.001123059424571693
1.0,1,0.9992903470993042
1.0,1,0.9933307766914368
0.0,0,0.0019201119430363178
0.0,0,0.00299524306319654
1.0,1,0.9933798313140869
0.0,0,0.013152155093848705
0.0,0,0.005261374171823263
0.0,0,0.017502643167972565
0.0,0,0.00022429830278269947
0.0,0,0.0007178775267675519
0.0,0,7.320085569517687e-05
0.0,0,8.43628185975831e-06
1.0,1,0.8586432337760925
0.0,0,0.08994704484939575
0.0,0,0.00028871570248156786
0.0,0,0.03168809041380882
0.0,1,0.9225373268127441
1.0,0,0.26766157150268555
0.0,0,0.0025691704358905554
0.0,1,0.8430371880531311
1.0,1,0.9547410607337952
0.0,0,0.00044368027010932565
1.0,1,0.9937523007392883
1.0,1,0.9955586194992065
0.0,0,0.008156487718224525
1.0,1,0.9937183856964111
0.0,0,8.454763155896217e-05
1.0,1,0.9945663213729858
1.0,1,0.999957799911499
0.0,0,0.00018928573990706354
1.0,1,0.9999872446060181
1.0,0,0.008170807734131813
0.0,0,9.71729514276376e-06
0.0,0,0.017332648858428
0.0,0,0.0008035635109990835
0.0,0,0.0006124807987362146
1.0,1,0.9999942779541016
1.0,1,0.6854641437530518
0.0,0,0.00013023035717196763
0.0,0,7.28290542610921e-05
1.0,1,0.9133575558662415
0.0,1,0.30299603939056396
0.0,0,0.000635337783023715
0.0,0,0.16745463013648987
1.0,1,0.9997420907020569
1.0,0,0.2653058171272278
0.0,0,0.0034880670718848705
0.0,0,0.0021455970127135515
0.0,0,4.816189903067425e-05
0.0,0,0.0003890378575306386
0.0,0,0.00024994616978801787
1.0,1,0.9999759197235107
1.0,1,0.9989996552467346
1.0,1,0.9999942779541016
0.0,1,0.682247519493103
0.0,0,0.0002225951902801171
0.0,0,0.0012127859517931938
1.0,1,0.9983124732971191
0.0,0,0.014864451251924038
1.0,1,0.9665387272834778
0.0,0,0.02594173140823841
0.0,0,0.0002056384546449408
0.0,0,0.00014005265256855637
0.0,0,2.7370308089302853e-05
0.0,0,0.00047062785597518086
1.0,1,0.6132982969284058
0.0,0,0.08461837470531464
1.0,1,0.9933958649635315
0.0,0,8.130164496833459e-05
1.0,1,0.9998351335525513
0.0,0,0.11153359711170197
0.0,0,0.1018841490149498
1.0,1,0.9988213181495667
0.0,1,0.798285722732544
1.0,1,0.9960309863090515
1.0,0,0.2540508508682251
1.0,1,0.9972186088562012
0.0,0,3.857473984680837e-06
1.0,1,0.9998670816421509
0.0,0,5.540850179386325e-05
1.0,1,0.9998561143875122
0.0,0,0.08491678535938263
1.0,1,0.812951922416687
1.0,1,0.9895560145378113
0.0,0,0.00032988906605169177
1.0,1,0.9996076226234436
1.0,1,0.8643360733985901
1.0,1,0.999985933303833
0.0,0,0.09199463576078415
1.0,1,0.7724975347518921
0.0,0,0.02312294766306877
0.0,0,0.0008674791315570474
1.0,1,0.9801082015037537
1.0,1,0.42891553044319153
1.0,0,0.0003100253234151751
1.0,1,0.9996028542518616
0.0,0,0.0032281610183417797
1.0,1,0.9309107661247253
0.0,1,0.8513032793998718
0.0,0,0.00885214377194643
0.0,1,0.6453343033790588
1.0,1,0.999386191368103
0.0,0,0.00024258042685687542
0.0,0,0.004320964682847261
0.0,0,0.014119709841907024
0.0,0,0.002933504991233349
1.0,1,0.9999279975891113
0.0,0,3.794258373090997e-05
0.0,1,0.858302652835846
0.0,1,0.4721406400203705
0.0,0,0.2827003598213196
0.0,0,0.0009925413178279996
1.0,1,0.9538161754608154
1.0,1,0.9959180951118469
0.0,0,2.630817107274197e-05
1.0,0,0.006684242747724056
1.0,1,0.9988172650337219
0.0,0,0.004609508905559778
0.0,0,0.014859802089631557
0.0,0,0.00031624932307749987
0.0,0,0.0014555437956005335
0.0,0,0.002780735958367586
1.0,0,0.00030138774309307337
0.0,0,8.522596908733249e-05
0.0,0,0.0012661759974434972
0.0,0,0.008395068347454071
0.0,1,0.5679742097854614
0.0,0,0.003181025618687272
0.0,0,0.04600251466035843
1.0,1,0.9977422952651978
0.0,0,0.032264649868011475
0.0,0,0.0014221030287444592
0.0,0,0.022635437548160553
0.0,0,0.015045532956719398
0.0,0,0.10120261460542679
1.0,1,0.999561607837677
0.0,0,1.9499982954584993e-05
1.0,1,0.9934794902801514
0.0,0,0.0001012874417938292
0.0,0,0.10840171575546265
0.0,0,0.01948287896811962
1.0,1,0.9703590273857117
1.0,1,0.9975946545600891
0.0,1,0.47699838876724243
1.0,1,0.976385235786438
1.0,0,0.11453315615653992
0.0,0,0.00033397594233974814
1.0,0,0.03242603689432144
0.0,0,4.698634074884467e-05
1.0,1,0.9814783334732056
1.0,1,0.965461015701294
0.0,0,0.036777935922145844
0.0,0,0.00469715241342783
0.0,0,2.7496314487507334e-06
0.0,0,0.013475468382239342
0.0,1,0.9986854195594788
1.0,1,0.999868631362915
0.0,0,0.04637947306036949
0.0,0,0.029009271413087845
0.0,0,0.00016571975720580667
0.0,0,0.00025291318888776004
0.0,0,0.051547128707170486
1.0,1,0.9976814985275269
1.0,1,0.7539082169532776
0.0,0,0.0003912711690645665
1.0,1,0.9978665709495544
0.0,0,0.009820332750678062
0.0,0,5.2838735427940264e-05
0.0,0,0.007144899107515812
0.0,0,0.0789990946650505
0.0,1,0.9652349352836609
1.0,1,0.9547961354255676
0.0,0,0.005001946818083525
0.0,0,0.011649695225059986
1.0,1,0.9961506128311157
0.0,0,0.02310648374259472
1.0,1,0.7588512897491455
0.0,0,0.19745834171772003
0.0,0,0.0011815745383501053
0.0,0,0.0002948612382169813
1.0,1,0.9935280680656433
1.0,1,0.9593064188957214
1.0,1,0.990365207195282
1.0,1,0.9998291730880737
0.0,0,1.6401963875978254e-05
0.0,0,0.050370953977108
0.0,0,0.2806819975376129
0.0,0,0.009574617259204388
1.0,0,0.012201492674648762
0.0,0,0.0015103170881047845
0.0,0,0.0004739238938782364
0.0,0,2.825907176884357e-05
1.0,1,0.38232964277267456
1.0,1,0.8620101809501648
1.0,1,0.9994718432426453
0.0,0,0.19534724950790405
0.0,0,0.0025168040301650763
0.0,0,0.19867239892482758
1.0,1,0.9959943294525146
1.0,1,0.9780962467193604
0.0,1,0.8078257441520691
1.0,1,0.9801133871078491
0.0,1,0.6118017435073853
0.0,0,0.00021179989562369883
0.0,0,0.0005038115195930004
1.0,1,0.9878532886505127
0.0,0,7.849842222640291e-05
1.0,1,0.9928953051567078
0.0,0,0.0171189121901989
1.0,1,0.9996426105499268
1.0,0,0.004017420578747988
0.0,0,0.009567691944539547
1.0,1,0.9981728792190552
1.0,1,0.9998892545700073
0.0,0,0.00018779795209411532
1.0,0,0.06218087673187256
1.0,1,0.9994105100631714
0.0,0,0.037859879434108734
0.0,0,0.013959825970232487
0.0,1,0.7588722109794617
1.0,1,0.7370058298110962
0.0,0,0.11552471667528152
0.0,0,4.262079528416507e-05
0.0,0,0.0006463920581154525
1.0,1,0.9920070171356201
1.0,1,0.5996412634849548
0.0,0,0.0027773806359618902
0.0,0,0.009863818064332008
1.0,0,0.2702767252922058
0.0,0,3.572970672394149e-05
0.0,0,0.0017297264421358705
0.0,0,0.0001342216128250584
1.0,1,0.9974695444107056
0.0,0,5.248105026112171e-07
0.0,0,0.00020828188280574977
1.0,0,0.20641198754310608
0.0,0,0.0006095956778153777
1.0,1,0.9417604804039001
0.0,0,0.0006252045859582722
1.0,1,0.9909639358520508
1.0,1,0.9999873638153076
0.0,0,5.4320851631928235e-05
0.0,0,0.0018269375432282686
0.0,0,0.010169455781579018
0.0,1,0.6708256602287292
0.0,0,0.0013601045357063413
0.0,0,0.0022009946405887604
1.0,1,0.9999847412109375
1.0,1,0.858811616897583
1.0,1,0.9994664788246155
0.0,0,0.00025643588742241263
0.0,0,0.003070347709581256
1.0,1,0.9999699592590332
0.0,0,0.0002776365145109594
0.0,0,0.005602287128567696
1.0,0,2.510391641408205e-05
1.0,1,0.9998366832733154
0.0,0,0.019930381327867508
0.0,0,0.01070569921284914
1.0,1,0.999441921710968
1.0,0,0.22033381462097168
0.0,0,0.0019376303534954786
0.0,0,0.004317851737141609
0.0,0,0.0026197582483291626
0.0,0,0.013655544258654118
1.0,1,0.612719714641571
0.0,0,0.02868095599114895
0.0,0,0.0036048050969839096
0.0,1,0.5395789742469788
1.0,1,0.9953900575637817
0.0,1,0.8000329732894897
1.0,1,0.9787433743476868
0.0,0,0.0002816737105604261
1.0,1,0.8163903951644897
1.0,1,0.9983761310577393
0.0,0,0.0005258225719444454
0.0,0,4.064259883307386e-06
1.0,0,0.0006733547779731452
0.0,0,0.03882863000035286
0.0,0,0.0014095227234065533
0.0,0,0.09219907224178314
0.0,0,0.0003065717173740268
0.0,0,0.05465766414999962
0.0,0,0.0007011155830696225
0.0,1,0.9029457569122314
0.0,0,0.05341285094618797
1.0,0,0.117827869951725
0.0,0,0.006124638486653566
1.0,1,0.9995163679122925
1.0,1,0.9990978240966797
1.0,1,0.997015118598938
0.0,1,0.9602222442626953
1.0,1,0.8843628764152527
1.0,1,0.9654689431190491
0.0,0,0.00021010253112763166
0.0,0,0.0002813352912198752
0.0,0,0.00012424135638866574
1.0,1,0.9992716908454895
0.0,0,0.0015215143794193864
0.0,0,0.005771951284259558
1.0,1,0.9310365915298462
0.0,0,0.0006811980274505913
0.0,1,0.49411720037460327
1.0,0,0.23618243634700775
0.0,0,0.004926606547087431
1.0,0,0.2526610493659973
0.0,0,0.0005384190590120852
1.0,1,0.9969320297241211
0.0,0,0.0002352358278585598
0.0,0,0.005384896881878376
0.0,0,0.030885450541973114
1.0,1,0.9463856220245361
1.0,1,0.989775538444519
0.0,0,0.016497433185577393
0.0,0,0.0009727320284582675
1.0,1,0.9894583225250244
1.0,1,0.7545971274375916
1.0,1,0.9999868869781494
0.0,1,0.3305686414241791
1.0,1,0.9994899034500122
0.0,0,0.0003665170515887439
0.0,0,0.009996209293603897
1.0,1,0.9999401569366455
1.0,1,0.9987483024597168
0.0,0,0.04746481403708458
1.0,1,0.5141604542732239
0.0,0,0.0078061665408313274
1.0,1,0.9957798719406128
0.0,1,0.5207995176315308
1.0,1,0.761179506778717
0.0,1,0.41672787070274353
1.0,1,0.9941856265068054
0.0,0,6.465361366281286e-06
0.0,0,0.0038622389547526836
0.0,0,0.0030348675791174173
0.0,1,0.52292799949646
0.0,0,2.1840351109858602e-05
0.0,1,0.40532049536705017
0.0,0,0.18155482411384583
1.0,1,0.9678833484649658
0.0,0,0.0023609171621501446
1.0,1,0.993902325630188
1.0,1,0.9992979764938354
1.0,0,0.022810591384768486
0.0,1,0.9839914441108704
0.0,0,0.10998199880123138
1.0,1,0.9744205474853516
1.0,0,0.07830732315778732
0.0,0,0.0009355404181405902
1.0,1,0.9998947381973267
0.0,0,0.16271719336509705
0.0,0,0.1460590809583664
0.0,0,0.005757499486207962
0.0,0,0.0037587012629956007
1.0,1,0.9998959302902222
0.0,0,0.002743388060480356
1.0,1,0.9964643716812134
1.0,1,0.9820004105567932
0.0,1,0.7439670562744141
1.0,1,0.9997259974479675
1.0,1,0.925889790058136
0.0,1,0.885193407535553
0.0,0,2.965526255138684e-05
1.0,1,0.9999978542327881
0.0,0,0.0003354051150381565
0.0,0,2.9715136406593956e-05
0.0,0,0.0029485251288861036
1.0,1,0.9991010427474976
0.0,0,0.010999036952853203
1.0,1,0.9768248200416565
1.0,1,0.9999370574951172
0.0,1,0.9898625612258911
1.0,1,0.4233904480934143
1.0,1,0.9996777772903442
0.0,0,0.00079783343244344
1.0,1,0.9995830655097961
0.0,0,0.0035563241690397263
0.0,0,8.717182936379686e-06
0.0,0,3.3363270631525666e-05
0.0,1,0.4728792905807495
0.0,0,0.00022196848294697702
0.0,1,0.3666306734085083
1.0,1,0.7538179159164429
1.0,1,0.9557053446769714
0.0,0,0.00014201227168086916
0.0,0,0.0001339260343229398
1.0,1,0.9994433522224426
0.0,0,0.0008243368356488645
1.0,1,0.9999802112579346
1.0,1,0.9987958669662476
1.0,1,0.9996917247772217
1.0,1,0.9999263286590576
1.0,1,0.9999809265136719
0.0,1,0.4113379716873169
0.0,0,4.3940301111433655e-05
0.0,0,0.002326143905520439
0.0,0,0.004415472038090229
0.0,1,0.6731211543083191
1.0,1,0.9853444695472717
0.0,1,0.7677742838859558
1.0,1,0.9998792409896851
0.0,0,0.0036473709624260664
1.0,1,0.5869976282119751
0.0,0,0.000351612368831411
0.0,0,0.015237283892929554
1.0,1,0.9999042749404907
0.0,0,0.00239282357506454
0.0,0,0.00019384351617190987
0.0,0,0.004584690555930138
0.0,0,0.00024795025819912553
0.0,0,0.007375821005553007
0.0,1,0.9128209352493286
1.0,0,0.14889965951442719
0.0,0,2.9380635169218294e-05
0.0,0,0.002468040445819497
0.0,0,0.00023823011724743992
1.0,1,0.7138134241104126
1.0,1,0.8372749090194702
0.0,0,0.15080653131008148
0.0,1,0.7171372771263123
1.0,1,0.9992316961288452
1.0,1,0.9994922876358032
1.0,1,0.9752207398414612
0.0,0,0.2377241998910904
0.0,0,0.0008932527853175998
0.0,0,0.02970595471560955
0.0,0,0.0033387995790690184
0.0,0,0.006489690393209457
0.0,0,0.0004998191725462675
0.0,0,4.527102646534331e-05
1.0,1,0.9524972438812256
1.0,1,0.8604264259338379
0.0,0,0.006726935040205717
0.0,1,0.40523019433021545
1.0,1,0.9823281764984131
1.0,1,0.9967795014381409
0.0,0,0.06653235107660294
0.0,0,0.019885806366801262
1.0,1,0.9988009929656982
1.0,1,0.9681270718574524
0.0,0,0.0024511595256626606
1.0,1,0.9994358420372009
1.0,1,0.9890457987785339
1.0,1,0.9999920129776001
0.0,1,0.7389286756515503
0.0,0,9.116735782299656e-06
1.0,1,0.999481737613678
1.0,1,0.9913794994354248
0.0,0,0.061451178044080734
1.0,1,0.8155776262283325
0.0,0,9.30059832171537e-06
0.0,0,9.273824252886698e-05
0.0,0,3.7765955767099513e-06
0.0,0,4.948074638377875e-05
1.0,1,0.9999929666519165
0.0,0,3.147050301777199e-05
1.0,1,0.9999836683273315
1.0,1,0.9999774694442749
1.0,1,0.9910717606544495
1.0,1,0.9872820973396301
0.0,0,0.011107767932116985
1.0,1,0.9171904921531677
1.0,1,0.9996126294136047
1.0,0,0.12730714678764343
1.0,1,0.9984966516494751
0.0,0,0.0001760417508194223
1.0,1,0.9735584259033203
0.0,0,0.0017957687377929688
0.0,0,0.018317483365535736
1.0,1,0.9999809265136719
0.0,0,0.00013111303269397467
0.0,0,0.0037654764018952847
1.0,1,0.9281535148620605
1.0,1,0.9998989105224609
0.0,0,0.005179958418011665
0.0,0,1.1769404295591812e-07
0.0,0,0.2747977674007416
0.0,0,0.007777433842420578
1.0,1,0.9985179305076599
0.0,0,0.0021021373104304075
1.0,1,0.9900814890861511
0.0,0,3.504687629174441e-05
0.0,0,0.002430749824270606
0.0,0,0.0010104761458933353
1.0,1,0.8168120980262756
1.0,1,0.9999496936798096
0.0,0,0.2905036509037018
1.0,0,0.19978080689907074
0.0,1,0.35312986373901367
0.0,0,0.00130290980450809
0.0,0,0.007466941140592098
0.0,0,6.483311881311238e-05
1.0,1,0.9995220899581909
1.0,1,0.9995276927947998
1.0,1,0.9532971382141113
0.0,0,0.0694408267736435
0.0,0,0.0034376676194369793
0.0,0,0.005217840429395437
0.0,0,0.19364172220230103
0.0,0,0.0012865235330536962
0.0,0,0.2510817348957062
0.0,0,0.0011474813800305128
0.0,0,0.0006388838519342244
1.0,1,0.9837597608566284
0.0,0,0.023076672106981277
0.0,0,0.06510615348815918
0.0,0,0.002630698960274458
1.0,1,0.986514151096344
0.0,1,0.9941205382347107
1.0,1,0.6797166466712952
1.0,1,0.998330295085907
0.0,0,0.0044339061714708805
1.0,1,0.9544440507888794
0.0,0,0.02902110107243061
0.0,1,0.3471630811691284
1.0,1,0.9966464638710022
0.0,0,7.724666647845879e-05
0.0,0,0.05169110745191574
0.0,0,0.001198283047415316
0.0,0,4.9508496886119246e-05
0.0,0,0.0024444549344480038
0.0,0,9.828827023738995e-05
0.0,0,0.0022107362747192383
0.0,0,0.25361204147338867
0.0,0,0.08773434907197952
1.0,1,0.9961786270141602
0.0,0,0.00023959639656823128
0.0,0,0.0032554345671087503
1.0,1,0.9994872808456421
1.0,1,0.9999772310256958
0.0,0,1.7555685190018266e-06
1.0,1,0.9967691898345947
0.0,0,0.02962988056242466
1.0,1,0.9989795088768005
0.0,0,0.0005229261587373912
1.0,1,0.9988370537757874
0.0,1,0.6966989636421204
0.0,0,0.00014691210526507348
0.0,0,0.009759030304849148
0.0,0,1.585592508490663e-05
0.0,1,0.3973219394683838
1.0,1,0.9992082715034485
0.0,1,0.7022199034690857
1.0,1,0.8477457761764526
0.0,1,0.7142819762229919
1.0,1,0.9440582394599915
0.0,0,0.0013864005450159311
0.0,0,0.005222391802817583
0.0,0,0.0029522799886763096
0.0,0,0.01258836779743433
0.0,0,0.018201809376478195
0.0,0,0.0005463314009830356
0.0,0,0.0002924030413851142
0.0,0,0.001871424145065248
0.0,0,0.004183731973171234
1.0,1,0.9996768236160278
1.0,1,0.9994444251060486
1.0,1,0.999840497970581
0.0,0,0.00547857815399766
1.0,1,0.9994803071022034
1.0,1,0.9979984164237976
0.0,0,0.00043729436583817005
0.0,0,0.006343172863125801
0.0,0,0.10138818621635437
1.0,1,0.9988021850585938
0.0,0,0.0005524470470845699
1.0,1,0.9948520064353943
0.0,0,0.023581814020872116
1.0,0,0.26547929644584656
0.0,0,0.000559639185667038
1.0,1,0.9996410608291626
0.0,0,1.3168572877475526e-05
1.0,0,0.0005200153682380915
0.0,0,0.0026951353065669537
0.0,1,0.9192078113555908
0.0,0,0.04634730890393257
0.0,0,2.2335018002195284e-05
1.0,1,0.9774767756462097
0.0,0,0.06547665596008301
0.0,0,0.18285705149173737
0.0,0,0.012233476154506207
0.0,0,0.0016466844826936722
1.0,0,7.880196062615141e-05
1.0,1,0.9460498690605164
0.0,1,0.9709222316741943
0.0,0,0.004462700802832842
1.0,1,0.7916576862335205
0.0,0,0.17630980908870697
1.0,1,0.9999622106552124
1.0,1,0.9999997615814209
0.0,0,1.57027825480327e-05
1.0,1,0.999687671661377
1.0,0,0.14751894772052765
1.0,1,0.978752076625824
1.0,1,0.9998037219047546
0.0,0,9.821285493671894e-05
0.0,0,0.002674936316907406
1.0,1,0.9992831349372864
0.0,0,0.00040925797657109797
1.0,1,0.9433454871177673
1.0,1,0.9997380375862122
1.0,1,0.9763842225074768
0.0,0,4.25575599365402e-05
0.0,0,0.004794470500200987
0.0,0,8.182056626537815e-05
1.0,1,0.9998766183853149
0.0,0,0.1132928654551506
0.0,1,0.8088411688804626
0.0,0,0.00018169384566135705
1.0,1,0.9994718432426453
1.0,1,0.9999161958694458
1.0,1,0.921941339969635
0.0,0,0.020631657913327217
1.0,1,0.9997662901878357
0.0,0,0.004317304585129023
0.0,0,0.0004678858967963606
1.0,1,0.9359737038612366
1.0,1,0.8358718752861023
0.0,0,0.020216776058077812
0.0,0,1.9283793335489463e-06
1.0,1,0.9972833395004272
0.0,0,0.002012401819229126
1.0,1,0.9999992847442627
0.0,0,0.029373597353696823
1.0,0,0.001345253549516201
0.0,0,0.0022037483286112547
0.0,0,4.425784936756827e-05
1.0,0,0.21834756433963776
0.0,0,0.0022230567410588264
1.0,1,0.36292001605033875
0.0,0,0.0071595944464206696
1.0,1,0.6283596754074097
0.0,0,0.020172642543911934
0.0,0,3.9031590858940035e-05
0.0,0,7.435855513904244e-05
1.0,1,0.9998805522918701
1.0,1,0.9997612833976746
0.0,1,0.8600318431854248
1.0,1,0.8648987412452698
1.0,1,0.9502495527267456
0.0,0,4.0704318962525576e-05
0.0,0,0.07638801634311676
1.0,1,0.9990373849868774
1.0,1,0.9972379207611084
1.0,1,0.976764976978302
1.0,1,0.9997894167900085
0.0,1,0.9967952370643616
1.0,1,0.8931878805160522
0.0,1,0.9584303498268127
0.0,0,0.2115917205810547
0.0,0,0.0008959873812273145
1.0,1,0.9899705052375793
0.0,0,8.012718899408355e-05
1.0,1,0.5180357098579407
0.0,0,0.11788901686668396
1.0,1,0.9718125462532043
0.0,0,9.448026685277e-05
0.0,0,0.06547712534666061
1.0,1,0.9733060002326965
1.0,1,0.9846289157867432
1.0,1,0.5127511024475098
0.0,0,0.0014160965802147985
1.0,0,0.20137576758861542
1.0,1,0.9935000538825989
0.0,1,0.8796003460884094
1.0,1,0.9999791383743286
1.0,1,0.9999966621398926
1.0,1,0.9983612895011902
0.0,0,0.003034092951565981
1.0,1,0.9970171451568604
0.0,0,0.0055585638619959354
0.0,0,0.031257499009370804
0.0,0,0.0011252252152189612
0.0,0,0.13600532710552216
0.0,0,3.315780122647993e-05
1.0,1,0.838036835193634
0.0,0,0.008424341678619385
1.0,1,0.9964088797569275
0.0,0,2.7504759145813296e-06
1.0,1,0.9999432563781738
0.0,1,0.6370195150375366
0.0,0,0.0029121297411620617
0.0,0,0.00022439156600739807
1.0,1,0.9984190464019775
1.0,1,0.9999996423721313
1.0,1,0.9963640570640564
0.0,0,0.07857387512922287
0.0,0,0.001199260470457375
1.0,1,0.9927908182144165
0.0,0,6.978227611398324e-05
1.0,1,0.9999778270721436
1.0,1,0.9876013398170471
1.0,1,0.998427152633667
1.0,1,0.9945762157440186
1.0,1,0.9905551075935364
1.0,1,0.9962588548660278
1.0,1,0.9266190528869629
1.0,1,0.9576423764228821
0.0,1,0.9984173774719238
0.0,0,7.662304597033653e-06
0.0,1,0.9736115336418152
0.0,0,0.0008384474203921854
0.0,0,0.0026450997684150934
0.0,0,0.036192458122968674
0.0,1,0.9114239811897278
0.0,0,0.0052622524090111256
0.0,0,0.0005042780539952219
1.0,0,0.1980925351381302
0.0,0,0.0004987340653315187
1.0,1,0.9987620115280151
0.0,0,8.853774488670751e-06
1.0,1,0.8708962202072144
0.0,0,9.372344720759429e-06
1.0,1,0.9997318387031555
0.0,0,0.001962778391316533
1.0,1,0.9999457597732544
0.0,1,0.910174548625946
0.0,0,9.596231393516064e-06
1.0,1,0.9999068975448608
1.0,1,0.9978454113006592
1.0,1,0.9997062087059021
1.0,1,0.8138300180435181
0.0,1,0.377524197101593
0.0,0,0.0005534558440558612
1.0,1,0.954596996307373
1.0,1,0.9997760653495789
0.0,0,0.00038790004327893257
1.0,1,0.9993769526481628
1.0,1,0.9999649524688721
0.0,0,0.02069202810525894
0.0,0,0.003992049023509026
0.0,0,0.00023791368585079908
0.0,1,0.7349268794059753
0.0,0,0.00011463893315522
0.0,0,0.00018460949650034308
1.0,1,0.9948632121086121
0.0,0,0.029681017622351646
0.0,0,0.0018786938162520528
0.0,0,0.029578471556305885
0.0,0,0.00449468893930316
1.0,1,0.9711059927940369
0.0,1,0.7238106727600098
1.0,1,0.9875264763832092
0.0,1,0.3037313222885132
0.0,0,0.1701388657093048
1.0,1,0.9998546838760376
0.0,1,0.9698951840400696
0.0,0,0.0011910689063370228
1.0,1,0.338027685880661
1.0,1,0.9991083741188049
1.0,0,0.1594267040491104
1.0,1,0.8333240151405334
1.0,1,0.9981738328933716
0.0,0,2.4123380626406288e-06
1.0,1,0.9721346497535706
1.0,1,0.9999809265136719
1.0,1,0.9994266033172607
0.0,0,0.048409368842840195
0.0,0,0.08674973249435425
1.0,1,0.9979078769683838
0.0,0,0.00037324795266613364
1.0,1,0.8273265361785889
1.0,1,0.9997767806053162
0.0,0,0.00040801710565574467
1.0,1,0.8239293694496155
1.0,1,0.9998970031738281
1.0,1,0.9996548891067505
0.0,0,0.004412689246237278
0.0,0,0.0002906076842918992
1.0,1,0.9990216493606567
1.0,1,0.9998999834060669
0.0,0,0.015562565065920353
0.0,0,0.04533360153436661
0.0,0,2.935512202384416e-05
0.0,0,0.0033264930825680494
0.0,0,0.0009207354742102325
1.0,1,0.9999979734420776
1.0,1,0.9990468621253967
0.0,0,0.00010026765085058287
0.0,1,0.7855377793312073
0.0,1,0.9999539852142334
0.0,0,0.0022017844021320343
0.0,0,0.002037540776655078
1.0,1,0.8395594954490662
1.0,1,0.9097101092338562
1.0,1,0.3231904208660126
1.0,1,0.9997561573982239
0.0,0,0.003793172538280487
1.0,1,0.9675291180610657
0.0,0,0.001234212308190763
0.0,0,0.0059875487349927425
1.0,1,0.9999358654022217
0.0,0,0.00011691210238495842
0.0,0,0.00010632955672917888
0.0,0,0.0008363815140910447
0.0,0,0.0011800273787230253
1.0,1,0.7105869650840759
0.0,0,0.0001859982730820775
1.0,0,0.1361246109008789
0.0,0,4.3625468606478535e-06
0.0,0,0.06071794033050537
1.0,1,0.9983780384063721
0.0,0,0.0011295258300378919
1.0,1,0.9977177381515503
1.0,1,0.8226861357688904
0.0,0,0.06635923683643341
1.0,1,0.9993487000465393
1.0,0,0.0004603332781698555
0.0,0,2.550354111008346e-05
0.0,0,1.3991817468195222e-05
1.0,1,0.9999603033065796
0.0,0,0.009323514997959137
0.0,0,0.08423590660095215
1.0,1,0.9985389709472656
0.0,0,0.06437978148460388
1.0,1,0.9674649238586426
0.0,0,0.00012337410589680076
1.0,1,0.6553381085395813
0.0,0,0.03879125788807869
0.0,0,0.11259741336107254
0.0,0,0.0006249076104722917
0.0,0,0.042684994637966156
0.0,0,0.0020781145431101322
1.0,1,0.9184083938598633
1.0,1,0.9837793707847595
1.0,1,0.994330644607544
0.0,0,1.531398083898239e-05
0.0,0,0.12378855794668198
1.0,1,0.9564180374145508
1.0,1,0.8663257360458374
1.0,0,0.006642110180109739
0.0,0,9.76811206783168e-05
0.0,0,9.814975783228874e-06
0.0,0,0.0002634190605022013
1.0,1,0.9979204535484314
1.0,0,1.4676284990855493e-05
1.0,1,0.9972948431968689
1.0,1,0.9999799728393555
1.0,1,0.999560534954071
1.0,1,0.998134434223175
1.0,1,0.9969233870506287
0.0,0,0.000379419099772349
1.0,1,0.9992011189460754
1.0,1,0.9942482709884644
0.0,0,0.0044075557962059975
1.0,1,0.9997345805168152
1.0,1,0.8401469588279724
0.0,0,0.0012596852611750364
1.0,1,0.9880335330963135
1.0,1,0.9968501925468445
1.0,1,0.9918505549430847
1.0,1,0.4740264415740967
1.0,1,0.9998559951782227
1.0,1,0.9992757439613342
0.0,0,3.0915487059246516e-06
0.0,0,0.0013038291363045573
1.0,1,0.9965272545814514
0.0,1,0.8750581741333008
0.0,0,2.1977453798172064e-05
1.0,0,0.24706919491291046
1.0,0,0.00013237466919235885
0.0,0,0.12996965646743774
0.0,1,0.8984216451644897
0.0,0,0.14755626022815704
1.0,1,0.9999468326568604
0.0,0,3.550546171027236e-05
1.0,1,0.9975365400314331
0.0,0,0.0010548733407631516
0.0,0,0.0024491362273693085
0.0,0,0.0007622030680067837
1.0,1,0.9982536435127258
0.0,0,0.00047808344243094325
1.0,1,0.9805431962013245
1.0,1,0.8349459767341614
0.0,1,0.5199384093284607
1.0,1,0.9820074439048767
1.0,1,0.9992491602897644
0.0,1,0.9426109790802002
0.0,0,0.017730411142110825
1.0,1,0.9989560842514038
1.0,1,0.999954104423523
1.0,1,0.9996961355209351
1.0,1,0.9587247967720032
0.0,0,0.07923870533704758
0.0,0,0.017973877489566803
0.0,0,0.0016789705259725451
0.0,0,5.824798427056521e-05
0.0,0,0.00017909848247654736
0.0,0,0.0036942586302757263
0.0,1,0.9145419001579285
0.0,1,0.7305687665939331
0.0,0,0.04293568804860115
0.0,1,0.7607924342155457
0.0,0,0.09630047529935837
1.0,1,0.9980725049972534
1.0,1,0.9984899759292603
1.0,1,0.8437336087226868
1.0,1,0.993965208530426
1.0,1,0.999667763710022
0.0,0,0.0013526554685086012
0.0,0,2.7686885005095974e-05
0.0,0,0.1897660493850708
0.0,0,0.2737525403499603
0.0,0,0.04404349625110626
0.0,0,0.02344175986945629
1.0,1,0.99980229139328
1.0,1,0.9927089214324951
0.0,0,0.016746006906032562
0.0,0,0.08871832489967346
0.0,0,0.02601800300180912
1.0,1,0.88095623254776
1.0,1,0.9976498484611511
0.0,0,0.014736871235072613
0.0,0,0.00730514619499445
1.0,1,0.9996663331985474
1.0,1,0.998848557472229
0.0,0,0.0010883189970627427
1.0,1,0.9547730088233948
1.0,1,0.9992372989654541
1.0,1,0.9779821634292603
1.0,0,0.04846632108092308
1.0,1,0.9999635219573975
0.0,0,0.0006124646752141416
1.0,1,0.9528768062591553
1.0,1,0.9957309365272522
0.0,0,0.09062663465738297
0.0,0,0.0007224400178529322
0.0,0,0.006046266760677099
0.0,0,0.00042408137232996523
0.0,0,0.010030664503574371
1.0,1,0.9999867677688599
0.0,0,0.0035422241780906916
0.0,0,0.19172312319278717
1.0,1,0.9995243549346924
1.0,1,0.9999089241027832
1.0,1,0.9993471503257751
0.0,0,0.00033888895995914936
0.0,0,0.01990414597094059
0.0,0,0.009499131701886654
0.0,1,0.8765845894813538
1.0,1,0.9987258315086365
0.0,0,0.024884723126888275
0.0,0,0.0016553141176700592
1.0,1,0.9962399005889893
0.0,0,0.00013234803918749094
1.0,1,0.999319314956665
0.0,0,5.8496410929365084e-05
0.0,0,0.027095278725028038
1.0,1,0.6413395404815674
0.0,0,0.0003281403623986989
0.0,0,0.0002854768536053598
1.0,1,0.9996898174285889
1.0,1,0.5334823727607727
1.0,1,0.9998812675476074
1.0,1,0.9994416832923889
1.0,1,0.9998468160629272
0.0,0,0.0002590693184174597
1.0,1,0.9998711347579956
0.0,0,0.04085633531212807
1.0,1,0.9940844178199768
0.0,1,0.8423956632614136
0.0,0,2.4464151238134946e-07
1.0,1,0.9999874830245972
1.0,0,0.045237425714731216
0.0,1,0.7909970879554749
0.0,1,0.5181962847709656
0.0,0,0.0013801640598103404
0.0,0,0.0167730450630188
1.0,1,0.5204886198043823
1.0,1,0.9948722720146179
1.0,1,0.9947645664215088
0.0,0,0.005139125976711512
0.0,0,9.292343020206317e-05
1.0,1,0.9945592284202576
1.0,1,0.9983415603637695
0.0,0,0.10572183132171631
1.0,1,0.9995231628417969
0.0,1,0.497969388961792
1.0,1,0.7343218326568604
0.0,0,0.036453623324632645
0.0,0,0.003666621632874012
0.0,0,0.005796865560114384
1.0,1,0.9976992011070251
0.0,0,0.00585183035582304
0.0,0,0.013049131259322166
0.0,0,0.020229138433933258
0.0,0,0.0029074137564748526
0.0,0,0.00029885320691391826
1.0,1,0.9991104006767273
0.0,0,0.05346684902906418
0.0,1,0.6827995181083679
0.0,0,0.19484972953796387
0.0,1,0.9888534545898438
0.0,0,0.00228579412214458
1.0,1,0.7964266538619995
0.0,0,0.046058543026447296
1.0,1,0.9920473098754883
1.0,1,0.8560799956321716
1.0,1,0.9878646731376648
1.0,1,0.9993841648101807
1.0,1,0.9137828350067139
0.0,0,6.38681171949429e-07
1.0,1,0.999915361404419
0.0,0,0.0014122312422841787
1.0,1,0.9849503040313721
0.0,0,0.18222351372241974
1.0,1,0.9921526312828064
1.0,1,0.9978747367858887
0.0,1,0.7864948511123657
1.0,1,0.8625043034553528
0.0,0,0.029843464493751526
0.0,0,0.008284962736070156
0.0,0,0.0005016541690565646
1.0,1,0.8218069076538086
1.0,1,0.999811589717865
1.0,1,0.9993321299552917
1.0,1,0.8653637170791626
0.0,0,0.0045357332564890385
1.0,1,0.9999979734420776
0.0,1,0.405145525932312
1.0,1,0.9161500334739685
0.0,0,0.17034028470516205
1.0,1,0.997488260269165
1.0,1,0.9760499000549316
1.0,1,0.9999563694000244
0.0,0,0.04670453071594238
0.0,0,0.002606722293421626
0.0,0,0.0004235024389345199
1.0,1,0.999921441078186
1.0,1,0.9398482441902161
0.0,1,0.999293327331543
1.0,0,0.19274824857711792
0.0,0,0.09272577613592148
0.0,0,0.021650994196534157
0.0,0,0.00860999058932066
0.0,0,0.0030121756717562675
0.0,0,0.00021697310148738325
0.0,0,0.024191493168473244
0.0,1,0.9669417142868042
0.0,0,0.002452376764267683
1.0,1,0.9998513460159302
0.0,0,0.00016287907783407718
0.0,0,0.0001379327877657488
0.0,0,0.0064469692297279835
0.0,1,0.9538550972938538
0.0,0,0.006193782668560743
0.0,0,0.023575875908136368
0.0,0,3.7704453461628873e-06
0.0,0,0.0030627951491624117
1.0,1,0.9818203449249268
1.0,1,0.9985501170158386
0.0,0,0.0001231125061167404
1.0,1,0.9998661279678345
0.0,1,0.8009694218635559
1.0,1,0.998320996761322
0.0,0,0.0025275996886193752
0.0,0,0.00022789421200286597
0.0,0,0.06516579538583755
0.0,0,0.012958639301359653
0.0,0,0.00018243321392219514
0.0,0,1.2209035048726946e-05
0.0,0,4.17079972976353e-05
0.0,1,0.9952707886695862
0.0,0,0.0007961706141941249
1.0,1,0.9780378341674805
1.0,1,0.9937195777893066
1.0,1,0.9962226152420044
1.0,1,0.9551630616188049
1.0,1,0.9959914088249207
1.0,1,0.9966235160827637
0.0,0,0.0038890582509338856
0.0,0,0.0015240228967741132
1.0,1,0.9931193590164185
0.0,1,0.9337464570999146
0.0,0,0.005383819341659546
0.0,0,0.00028817556449212134
0.0,1,0.46551477909088135
1.0,1,0.9999967813491821
0.0,0,0.018685972318053246
0.0,0,0.005085711367428303
0.0,0,0.0006847818731330335
0.0,0,0.14140641689300537
0.0,0,0.09356705844402313
0.0,0,3.934224514523521e-05
0.0,0,0.0020717009902000427
0.0,0,0.0016597172943875194
0.0,0,0.0011230262462049723
0.0,0,0.0003789227921515703
1.0,1,0.9978117346763611
1.0,1,0.9939515590667725
0.0,0,0.1192348524928093
1.0,1,0.6017429232597351
0.0,0,0.006822086405009031
1.0,1,0.9998620748519897
0.0,0,0.016014473512768745
0.0,0,0.006506679579615593
0.0,0,1.9733111003006343e-06
1.0,1,0.9999542236328125
1.0,1,0.9990077614784241
0.0,0,0.00016654237697366625
0.0,0,0.023009387776255608
1.0,1,0.9998182654380798
1.0,0,0.22312435507774353
1.0,1,0.7121221423149109
1.0,1,0.9999192953109741
0.0,0,0.048975586891174316
0.0,0,0.00036703035584650934
0.0,0,0.0040526725351810455
1.0,1,0.9962473511695862
0.0,0,0.06075854226946831
0.0,0,0.018003931269049644
0.0,0,0.02193175069987774
0.0,1,0.952003002166748
0.0,1,0.45987290143966675
0.0,0,0.0037685043644160032
0.0,0,8.469110616715625e-05
1.0,1,0.9987106323242188
0.0,0,0.0041168755851686
0.0,1,0.9348406195640564
1.0,0,0.03696341812610626
0.0,0,0.0018929140642285347
1.0,0,0.006732896436005831
0.0,0,0.0005462962435558438
0.0,0,0.12459759414196014
0.0,0,0.0009090559906326234
0.0,0,0.0032428086269646883
0.0,0,0.00022188955335877836
0.0,0,0.0008876632200554013
0.0,0,0.0036084961611777544
0.0,0,0.003680021036416292
0.0,0,0.0008345664828084409
0.0,0,0.029795974493026733
1.0,1,0.7182019352912903
0.0,0,0.00022984000679571182
0.0,1,0.9991575479507446
0.0,0,0.0015920071164146066
0.0,0,0.0008497057715430856
1.0,1,0.9996954202651978
0.0,0,0.0006436782423406839
1.0,1,0.999651312828064
0.0,0,7.572747563244775e-06
0.0,0,0.0156425628811121
1.0,1,0.8895101547241211
1.0,1,0.9995446801185608
0.0,0,0.0014630542136728764
1.0,1,0.9918959736824036
0.0,0,0.000747790967579931
1.0,1,0.9954817295074463
0.0,0,2.7168355245521525e-06
1.0,1,0.9995951056480408
0.0,0,0.00012881621660199016
0.0,1,0.335081547498703
0.0,0,0.009135114960372448
0.0,0,7.2726201324258e-05
0.0,1,0.693816065788269
1.0,1,0.9410626292228699
1.0,1,0.9999978542327881
0.0,0,0.05630197003483772
0.0,0,0.00016738040721975267
0.0,0,0.006838179659098387
1.0,1,0.9085128307342529
0.0,0,0.0010943952947854996
0.0,0,0.000946575019042939
1.0,1,0.3526688814163208
1.0,1,0.8123061656951904
0.0,0,0.0001275337563129142
1.0,1,0.9984525442123413
0.0,0,0.00485204067081213
0.0,0,0.01022281963378191
0.0,1,0.3529570698738098
0.0,0,0.0032949333544820547
0.0,0,0.0050527798011898994
0.0,0,0.07868313789367676
0.0,0,4.535214429779444e-06
0.0,1,0.973944365978241
0.0,0,0.0002933898940682411
0.0,0,0.0020870494190603495
1.0,1,0.9329738020896912
0.0,0,0.00022604329569730908
0.0,1,0.7369624972343445
0.0,0,0.0005641939933411777
1.0,0,0.1715461015701294
0.0,0,5.7197736168745905e-05
0.0,0,0.08119905740022659
1.0,0,0.008323020301759243
1.0,1,0.9722887873649597
0.0,0,3.203234655302367e-06
1.0,1,0.9989861845970154
0.0,0,0.09142180532217026
0.0,0,0.0003251229354646057
0.0,0,0.007478485349565744
0.0,1,0.32138025760650635
0.0,0,0.018817991018295288
0.0,0,0.1839318871498108
0.0,1,0.856143593788147
1.0,1,0.752515435218811
1.0,1,0.9963403940200806
0.0,0,0.093999944627285
0.0,0,0.017210299149155617
1.0,1,0.9987984895706177
0.0,0,0.01034093089401722
0.0,0,0.0007067079422995448
1.0,1,0.999184787273407
0.0,0,5.217523721512407e-05
1.0,1,0.9999513626098633
1.0,1,0.9994636178016663
1.0,1,0.6109369993209839
1.0,1,0.9994710087776184
1.0,1,0.8374996781349182
1.0,1,0.999886155128479
0.0,0,0.06913511455059052
0.0,0,0.001138917519710958
0.0,1,0.627350389957428
0.0,1,0.33175891637802124
0.0,0,0.00044204271398484707
0.0,0,2.6503528715693392e-05
0.0,1,0.9964302182197571
1.0,1,0.9973641037940979
1.0,1,0.9850268959999084
0.0,0,0.0018123049521818757
0.0,0,0.005734366364777088
0.0,0,0.004875940270721912
0.0,0,0.07839424908161163
1.0,1,0.9963064193725586
1.0,1,0.9987393021583557
0.0,0,0.00043002693564631045
1.0,1,0.9820000529289246
1.0,1,0.9941303133964539
0.0,0,0.023322876542806625
1.0,1,0.999950647354126
0.0,0,0.0014786249957978725
0.0,1,0.9998477697372437
0.0,0,0.002274485072121024
1.0,1,0.9990034699440002
0.0,0,5.6110591685865074e-05
0.0,0,0.0002979854471050203
0.0,0,0.0001641195558477193
0.0,0,0.08686520159244537
1.0,1,0.9998703002929688
0.0,0,5.089412297820672e-06
1.0,1,0.9995606541633606
0.0,0,0.01252861600369215
0.0,0,0.002047712914645672
0.0,0,2.1943715182715096e-05
0.0,0,0.008144611492753029
0.0,0,0.01458664145320654
0.0,0,0.21149708330631256
0.0,0,0.053637564182281494
1.0,1,0.9999305009841919
1.0,1,0.47506260871887207
1.0,1,0.9861453771591187
0.0,0,0.0015175215667113662
0.0,0,0.01812639646232128
0.0,0,0.017027998343110085
0.0,0,0.0011810518335551023
0.0,1,0.34301239252090454
0.0,0,0.05618874728679657
1.0,1,0.7360336184501648
0.0,0,5.739470725529827e-05
1.0,1,0.9231812357902527
0.0,1,0.9035812616348267
1.0,1,0.9863541722297668
1.0,1,0.9994097948074341
0.0,0,0.15473973751068115
1.0,0,0.16758722066879272
1.0,1,0.9381260871887207
0.0,0,0.26360809803009033
1.0,1,0.9995404481887817
1.0,1,0.9645580649375916
1.0,1,0.9558375477790833
0.0,1,0.9989346861839294
0.0,0,0.0008057039231061935
0.0,0,0.260390967130661
1.0,1,0.995870053768158
0.0,1,0.46229350566864014
0.0,0,0.005131748970597982
0.0,0,0.0014841958181932569
1.0,1,0.9978294968605042
0.0,1,0.8615776896476746
1.0,1,0.7583069205284119
0.0,0,0.06867370754480362
0.0,0,8.815182081889361e-05
1.0,1,0.9852610230445862
1.0,1,0.9993016719818115
0.0,0,0.0010331756202504039
1.0,1,0.9934158325195312
0.0,0,0.003089260309934616
0.0,0,0.00024564171326346695
1.0,1,0.9961246848106384
0.0,0,0.014734453521668911
0.0,0,0.0033349855802953243
1.0,1,0.973926842212677
0.0,0,0.0003719995147548616
0.0,0,0.00034195714397355914
1.0,1,0.994891881942749
1.0,1,0.9996579885482788
0.0,0,0.24575266242027283
0.0,0,0.007979070767760277
1.0,1,0.9857613444328308
1.0,1,0.9898673295974731
0.0,0,2.4239971025963314e-05
1.0,1,0.9991732239723206
0.0,0,0.11111751943826675
0.0,0,0.29067620635032654
1.0,1,0.999994158744812
1.0,1,0.9996073842048645
0.0,0,0.00020784286607522517
1.0,1,0.9964612126350403
1.0,1,0.9964609742164612
1.0,0,0.06764961034059525
1.0,1,0.9997053742408752
1.0,1,0.9999932050704956
1.0,0,0.0017892606556415558
0.0,0,0.0008545185555703938
1.0,1,0.9936742782592773
0.0,1,0.8629477620124817
0.0,1,0.9990288019180298
0.0,0,2.9243026347103296e-06
0.0,0,0.0014428781578317285
0.0,0,0.003519957885146141
0.0,0,0.00025220090174116194
0.0,0,0.0022983283270150423
0.0,0,9.473804993831436e-07
0.0,0,0.10956995189189911
0.0,0,0.0002170390944229439
0.0,0,0.007021941710263491
1.0,1,0.9639764428138733
0.0,1,0.5548473596572876
0.0,0,0.006650502327829599
0.0,0,0.1498522311449051
1.0,1,0.5900137424468994
0.0,0,0.0023885658010840416
0.0,0,0.04547169432044029
1.0,1,0.9926693439483643
1.0,1,0.9998605251312256
1.0,0,0.04795803502202034
0.0,0,0.05365750938653946
0.0,0,0.00024239454069174826
0.0,0,0.006579035893082619
0.0,0,0.03431166335940361
1.0,1,0.9971933960914612
0.0,0,5.38529857294634e-05
0.0,0,0.004490735474973917
0.0,0,0.00376437627710402
1.0,1,0.994586706161499
0.0,0,0.0002757585025392473
0.0,0,0.008944288827478886
0.0,0,0.002376477001234889
1.0,1,0.8192163109779358
0.0,0,0.0014938375679776073
1.0,1,0.9970436692237854
0.0,0,2.1901708180394053e-07
1.0,1,0.6746566295623779
1.0,1,0.33562955260276794
1.0,1,0.999555766582489
1.0,1,0.9998977184295654
0.0,0,0.0008056287188082933
0.0,0,0.0035175736993551254
1.0,1,0.9995627999305725
1.0,1,0.9959309697151184
0.0,1,0.3329804837703705
0.0,0,2.4712128379178466e-06
0.0,0,0.02588336542248726
0.0,0,0.03782479465007782
1.0,1,0.9133503437042236
0.0,0,0.012597214430570602
1.0,1,0.9986751675605774
1.0,1,0.2996029853820801
0.0,0,0.0320853516459465
1.0,1,0.9990441203117371
0.0,0,0.13612383604049683
0.0,0,0.005992227233946323
0.0,0,0.2078830450773239
0.0,0,0.007768168579787016
1.0,1,0.9998990297317505
1.0,0,0.0005777508486062288
1.0,1,0.5419386625289917
1.0,1,0.6341629028320312
1.0,1,0.9989851117134094
0.0,0,0.011646614409983158
1.0,1,0.9999725818634033
1.0,1,0.7087125182151794
0.0,1,0.41056910157203674
1.0,1,0.8198738098144531
0.0,0,1.5244664609781466e-05
1.0,1,0.9873139262199402
1.0,0,0.09534920006990433
0.0,0,0.0006927964277565479
0.0,0,0.03742004558444023
0.0,0,0.0018682006048038602
0.0,0,0.0023847271222621202
1.0,1,0.9989413619041443
0.0,0,0.00014934003411326557
0.0,0,0.0025937894824892282
0.0,0,0.00041913296445272863
0.0,0,0.004089908674359322
1.0,1,0.9910264611244202
1.0,1,0.9999973773956299
0.0,0,3.8434111047536135e-05
1.0,1,0.9992092847824097
0.0,1,0.9905508756637573
1.0,1,0.9877113699913025
1.0,1,0.9998660087585449
0.0,0,0.008351362310349941
1.0,1,0.9961724877357483
0.0,0,0.00019070111738983542
1.0,1,0.9998451471328735
0.0,0,0.0007003085920587182
0.0,0,0.12876936793327332
0.0,0,0.00030223396606743336
0.0,0,0.233549565076828
0.0,0,0.15964405238628387
0.0,0,0.006879547610878944
1.0,1,0.9980278611183167
0.0,0,0.0006842669099569321
0.0,0,0.0006514681153930724
0.0,0,0.0002966859901789576
1.0,1,0.9993022680282593
1.0,1,0.7798082828521729
1.0,1,0.9921923279762268
1.0,1,0.94959956407547
0.0,0,0.01567532867193222
1.0,0,0.10599895566701889
0.0,0,0.03674842044711113
0.0,0,0.0006248194840736687
0.0,0,0.0025191993918269873
1.0,0,0.02784830704331398
0.0,0,0.23235678672790527
0.0,0,0.0011069630272686481
1.0,0,0.003282589837908745
0.0,0,0.00026565243024379015
0.0,0,0.005058512091636658
0.0,0,3.4546312235761434e-05
1.0,1,0.9875730276107788
0.0,0,4.195144720142707e-05
1.0,1,0.9899123311042786
0.0,0,0.0023105961736291647
1.0,1,0.9997573494911194
0.0,0,0.00027612762642093003
0.0,1,0.9643890261650085
0.0,0,0.013776913285255432
0.0,0,3.5424291127128527e-05
1.0,1,0.9992548823356628
1.0,1,0.9999887943267822
0.0,0,0.0010352100944146514
0.0,0,0.23230767250061035
1.0,0,0.007126193959265947
0.0,1,0.9430493712425232
1.0,1,0.5953871011734009
1.0,1,0.9998656511306763
0.0,0,0.13552865386009216
0.0,0,0.025615336373448372
1.0,1,0.9961385130882263
0.0,0,0.013787667267024517
0.0,0,0.24332799017429352
1.0,1,0.998781144618988
1.0,1,0.9994612336158752
0.0,1,0.40424415469169617
1.0,1,0.9849694967269897
0.0,0,0.003340700874105096
0.0,0,0.027756832540035248
1.0,1,0.9840860366821289
0.0,0,0.004148323088884354
0.0,0,6.701583333779126e-05
0.0,1,0.5174975395202637
0.0,1,0.9991028308868408
0.0,0,0.18748582899570465
0.0,0,0.0012951232492923737
0.0,0,5.957820121693658e-06
0.0,0,0.1885581761598587
1.0,1,0.9997584223747253
0.0,0,0.00010170361201744527
0.0,1,0.3954631984233856
0.0,0,2.997000819959794e-06
1.0,1,0.9980339407920837
1.0,1,0.9990108013153076
0.0,0,2.1117799406056292e-05
1.0,1,0.999866247177124
0.0,0,1.2956528735230677e-05
1.0,1,0.9419660568237305
1.0,1,0.980508029460907
0.0,0,0.003418071661144495
1.0,1,0.7980972528457642
0.0,0,0.0007304357714019716
0.0,0,0.0009436296531930566
0.0,0,0.013772761449217796
1.0,1,0.9975413084030151
1.0,1,0.9654791355133057
1.0,1,0.3281414806842804
0.0,0,0.0050230491906404495
0.0,0,0.0020150719210505486
1.0,1,0.9628851413726807
0.0,0,0.002646731911227107
1.0,1,0.9998952150344849
0.0,0,0.00022557975898962468
1.0,1,0.4788653552532196
0.0,0,0.014297045767307281
1.0,1,0.9983831644058228
1.0,1,0.9967999458312988
0.0,0,0.20565913617610931
1.0,1,0.9998674392700195
0.0,0,0.00011049037129851058
0.0,0,0.001728001399897039
0.0,0,0.0035779711324721575
0.0,0,0.01123642548918724
0.0,0,0.01411878876388073
1.0,1,0.9998942613601685
0.0,0,0.006007350515574217
1.0,1,0.9582614302635193
0.0,1,0.5052379369735718
0.0,0,3.772387208300643e-05
1.0,1,0.9967907071113586
1.0,1,0.9635177254676819
0.0,0,0.012449394911527634
1.0,1,0.9997493624687195
0.0,0,4.631821138900705e-05
1.0,1,0.9959425330162048
0.0,0,0.002766891848295927
1.0,1,0.9975786805152893
0.0,0,0.00013570104783866554
0.0,0,6.559229950653389e-05
1.0,1,0.9998941421508789
0.0,1,0.5178889632225037
1.0,1,0.9986488223075867
1.0,1,0.9270609021186829
0.0,0,9.826672794588376e-06
1.0,1,0.9980545043945312
0.0,0,1.2600383342942223e-05
0.0,0,0.22435937821865082
0.0,0,0.00021814927458763123
0.0,0,5.54041143914219e-05
0.0,0,0.0007810295792296529
0.0,0,0.17049400508403778
0.0,0,0.06257148832082748
0.0,0,0.00010747001942945644
1.0,1,0.9154589176177979
1.0,1,0.9901555776596069
0.0,0,0.0027765154372900724
1.0,1,0.9992896318435669
0.0,0,0.01893026754260063
0.0,1,0.9998338222503662
1.0,1,0.9985470175743103
1.0,1,0.9710853099822998
0.0,0,0.005556028801947832
0.0,0,0.002675251802429557
1.0,1,0.3052864968776703
1.0,1,0.9972023963928223
1.0,1,0.9999322891235352
0.0,0,1.9868219169438817e-05
1.0,0,0.07878660410642624
0.0,1,0.9781147837638855
1.0,1,0.9908359050750732
1.0,1,0.9998503923416138
0.0,0,0.00026716728461906314
1.0,1,0.7037302255630493
1.0,1,0.9868888854980469
0.0,0,4.8086774768307805e-05
0.0,0,0.16781938076019287
0.0,0,0.0008337044855579734
0.0,0,0.0003299132804386318
1.0,0,0.16570186614990234
0.0,0,0.0016233904752880335
0.0,0,0.018898241221904755
1.0,1,0.9974687099456787
1.0,1,0.9915361404418945
1.0,1,0.9999797344207764
0.0,1,0.31813809275627136
0.0,0,0.0008183510508388281
0.0,1,0.44910117983818054
0.0,0,0.00017584212764631957
1.0,1,0.9997598528862
1.0,1,0.9969967603683472
0.0,1,0.8159149885177612
1.0,1,0.999980092048645
1.0,1,0.9994164705276489
0.0,0,0.033736031502485275
0.0,0,8.351395081263036e-05
1.0,1,0.7948417663574219
0.0,0,0.0009510203381069005
0.0,1,0.5863054990768433
0.0,0,0.009448572061955929
1.0,1,0.9998947381973267
1.0,1,0.9994105100631714
0.0,0,0.00038828313699923456
0.0,0,0.0006778906099498272
0.0,0,0.000204554307856597
0.0,0,5.5526870710309595e-06
0.0,0,0.00035024239332415164
0.0,0,0.0009222368244081736
0.0,0,1.3179515917727258e-05
0.0,0,0.000351654423866421
1.0,1,0.9980664849281311
0.0,0,0.0007569826557300985
0.0,0,0.08891459554433823
0.0,0,0.013056515716016293
0.0,1,0.9771221280097961
1.0,0,0.04298296570777893
0.0,1,0.708633303642273
0.0,0,0.0006679376820102334
1.0,0,0.0557725615799427
0.0,0,0.005288425367325544
0.0,1,0.9869595170021057
0.0,0,5.341659289115341e-06
1.0,1,0.995836615562439
1.0,1,0.9927502870559692
1.0,1,0.9999998807907104
0.0,1,0.6766151189804077
1.0,1,0.9568539261817932
0.0,0,4.209816688671708e-05
0.0,0,0.009068100713193417
1.0,1,0.9743471741676331
0.0,0,0.004101812373846769
0.0,0,0.0012810102198272943
0.0,0,0.002571495482698083
1.0,0,0.21235300600528717
0.0,0,0.0018446247559040785
1.0,1,0.9992730021476746
0.0,1,0.8193252086639404
0.0,0,6.08489426667802e-06
0.0,0,0.0004655102966353297
1.0,1,0.9992121458053589
1.0,1,0.9768698215484619
0.0,0,0.012461753562092781
0.0,0,0.00017616031982470304
1.0,1,0.9999717473983765
1.0,1,0.8895024061203003
0.0,1,0.9523752927780151
0.0,0,0.004593392834067345
1.0,1,0.9953309893608093
0.0,0,0.005722704343497753
0.0,1,0.5669333934783936
1.0,1,0.99860018491745
0.0,1,0.9927238821983337
0.0,0,0.0025920553598552942
1.0,1,0.9913473725318909
0.0,0,0.0006983535131439567
1.0,1,0.9684848189353943
1.0,1,0.9999504089355469
0.0,0,0.07513727247714996
1.0,1,0.9999654293060303
1.0,1,0.8465593457221985
1.0,1,0.9575029015541077
1.0,1,0.9998997449874878
0.0,0,0.0005450778407976031
0.0,0,0.002138619078323245
0.0,0,0.001078050467185676
1.0,0,0.004432369954884052
1.0,1,0.9242046475410461
0.0,1,0.7009779214859009
1.0,1,0.9999967813491821
1.0,1,0.9822814464569092
1.0,0,0.030112357810139656
0.0,0,0.004602786153554916
0.0,0,0.019777582958340645
0.0,0,0.004149097483605146
0.0,0,0.004262203350663185
1.0,0,0.04324524104595184
1.0,0,0.0206949133425951
0.0,0,0.004137964453548193
1.0,1,0.9700270891189575
0.0,0,0.07040829956531525
0.0,0,0.026584111154079437
0.0,0,0.009979112073779106
0.0,0,0.001839701784774661
0.0,0,0.0015473534585908055
0.0,0,0.00031677799415774643
0.0,0,0.00893703754991293
0.0,0,0.001007882528938353
1.0,1,0.9997144341468811
1.0,1,0.9999805688858032
0.0,0,0.0003027106577064842
0.0,0,0.03160832077264786
1.0,1,0.7349497079849243
0.0,0,0.004367148037999868
0.0,0,0.044693827629089355
1.0,0,0.27950024604797363
0.0,0,0.19005757570266724
0.0,0,0.0003298302472103387
0.0,0,0.18653522431850433
0.0,0,0.0013212362537160516
0.0,0,0.0011508431052789092
0.0,0,0.002811016282066703
1.0,1,0.8727537393569946
1.0,1,0.9759195446968079
0.0,0,0.1702979952096939
0.0,0,1.597868322278373e-05
0.0,0,0.00012528469960670918
1.0,1,0.9999816417694092
0.0,1,0.9365521669387817
1.0,1,0.9836463928222656
1.0,1,0.6676046252250671
1.0,1,0.9808238744735718
0.0,0,0.0008610069053247571
1.0,1,0.9999822378158569
0.0,0,0.00010721207218011841
0.0,0,0.0004976874333806336
0.0,0,0.00017434422625228763
1.0,1,0.9962155222892761
1.0,1,0.9982408285140991
1.0,1,0.9999915361404419
0.0,0,0.004544635768979788
0.0,0,0.0007992918835952878
0.0,0,0.006645880173891783
0.0,0,0.004087015520781279
0.0,0,0.012542570009827614
1.0,1,0.9669371247291565
1.0,1,0.9992585778236389
1.0,1,0.9999305009841919
0.0,1,0.664398729801178
0.0,1,0.833530604839325
0.0,0,0.00018254804308526218
0.0,0,3.778980271818e-06
0.0,0,5.027807674196083e-06
0.0,0,0.00985388457775116
0.0,0,0.0001580350217409432
0.0,0,0.0067135924473404884
0.0,0,8.328888361575082e-05
0.0,0,0.00014806276885792613
1.0,1,0.6112270951271057
0.0,1,0.9725300073623657
0.0,0,0.00026732016704045236
0.0,0,8.521677955286577e-06
0.0,0,0.004379776306450367
0.0,0,0.00011831249867100269
0.0,0,0.008824124000966549
1.0,0,0.017645521089434624
1.0,1,0.999884843826294
0.0,0,0.014786748215556145
0.0,0,0.014887548051774502
0.0,0,0.06338416785001755
0.0,0,0.011743427254259586
0.0,0,6.284973551373696e-06
1.0,1,0.9996592998504639
0.0,0,3.7010522646596655e-05
0.0,0,4.534300387604162e-05
0.0,1,0.9999876022338867
1.0,1,0.7379308938980103
1.0,1,0.6775916814804077
1.0,1,0.9959644079208374
0.0,0,0.0002592771197669208
1.0,1,0.9960705041885376
0.0,0,0.0042778183706104755
1.0,1,0.999737560749054
0.0,0,0.0015013903612270951
0.0,0,0.026252087205648422
0.0,0,0.02310251258313656
0.0,1,0.7390769720077515
1.0,1,0.9927977919578552
0.0,0,0.0077326325699687
1.0,1,0.999723494052887
1.0,1,0.9998488426208496
0.0,0,0.0017129698535427451
1.0,1,0.9992683529853821
1.0,0,1.6359910659957677e-05
1.0,1,0.9992935657501221
0.0,0,0.003331253305077553
0.0,0,0.0010529010323807597
0.0,0,0.001859426498413086
0.0,0,0.0004840684123337269
1.0,1,0.9974560141563416
0.0,0,0.21038953959941864
0.0,1,0.9781934022903442
1.0,1,0.999980092048645
0.0,0,4.3053060494457895e-07
0.0,1,0.44793590903282166
0.0,0,0.1958545297384262
1.0,1,0.9949317574501038
0.0,0,1.0627879873936763e-06
1.0,1,0.9687606692314148
1.0,0,0.2689184844493866
0.0,0,0.002086708787828684
1.0,1,0.8226674795150757
0.0,0,0.09830912947654724
0.0,0,0.004979098215699196
1.0,1,0.39330291748046875
0.0,0,0.004160603974014521
0.0,0,0.0003079341258853674
0.0,0,0.0010102791711688042
0.0,0,0.0083157978951931
1.0,1,0.9999454021453857
0.0,0,0.001653954735957086
1.0,1,0.9823801517486572
1.0,1,0.9380770921707153
0.0,0,0.0016852144617587328
0.0,1,0.9735478162765503
1.0,1,0.9999780654907227
1.0,1,0.9244821071624756
0.0,0,4.404224091558717e-05
0.0,0,0.0019093132577836514
0.0,1,0.5237374305725098
0.0,0,0.003831409616395831
1.0,1,0.9992868304252625
1.0,1,0.9999746084213257
1.0,1,0.9997022747993469
1.0,1,0.607500433921814
0.0,0,0.00011443731636973098
0.0,0,0.0062906560488045216
1.0,1,0.9994439482688904
0.0,0,6.446045881602913e-05
1.0,1,0.7321100831031799
0.0,0,0.0008723276550881565
0.0,0,0.0022534343879669905
1.0,1,0.9996964931488037
0.0,0,0.00021943847241345793
0.0,0,0.0010231389896944165
0.0,0,0.00017740073963068426
1.0,1,0.8810744881629944
0.0,1,0.9995067119598389
0.0,0,0.0018506593769416213
0.0,0,0.00011885334242833778
0.0,0,0.06077525392174721
0.0,1,0.5206702351570129
0.0,0,0.002354463329538703
0.0,0,0.09504882991313934
0.0,0,4.256226384313777e-05
1.0,1,0.8107495903968811
0.0,1,0.9787648916244507
1.0,1,0.9994038343429565
0.0,0,0.0009481401648372412
0.0,0,0.008940687403082848
0.0,0,0.004264510702341795
1.0,1,0.9964459538459778
1.0,0,0.2785815894603729
0.0,1,0.3311176300048828
0.0,0,0.020177271217107773
0.0,0,0.00087266432819888
1.0,1,0.9673349857330322
1.0,1,0.39050430059432983
1.0,1,0.9308351278305054
1.0,0,0.13493293523788452
0.0,0,0.0008119301637634635
1.0,1,0.9999067783355713
1.0,1,0.9942076206207275
1.0,1,0.999203622341156
0.0,0,0.12716181576251984
1.0,1,0.9646074175834656
1.0,1,0.9998645782470703
0.0,0,0.002990647219121456
1.0,1,0.9978737831115723
0.0,0,0.020300250500440598
0.0,0,0.08021847158670425
0.0,0,0.018623793497681618
0.0,0,0.026815030723810196
1.0,1,0.9936463832855225
0.0,0,0.0017430742736905813
1.0,1,0.999679684638977
1.0,1,0.9931406378746033
0.0,0,0.012815126217901707
1.0,1,0.9999456405639648
0.0,0,0.0012962444452568889
0.0,0,0.0002608267532195896
0.0,0,7.366330919467146e-06
1.0,1,0.6827081441879272
0.0,0,0.05920635908842087
0.0,0,0.0011209170334041119
0.0,0,0.0007104332908056676
0.0,0,0.03391018137335777
1.0,1,0.6721177101135254
0.0,0,0.0043150135315954685
0.0,1,0.7628173828125
0.0,0,0.0005696526495739818
1.0,1,0.9984915256500244
0.0,1,0.9870470762252808
0.0,0,0.0005125429015606642
0.0,1,0.7338081002235413
0.0,0,0.001512036076746881
1.0,1,0.6200425028800964
0.0,0,3.666205157060176e-05
0.0,0,3.164469308103435e-05
0.0,0,0.00018662303045857698
1.0,1,0.9572840929031372
0.0,0,0.003606456331908703
0.0,0,0.10242055356502533
0.0,1,0.9871496558189392
1.0,1,0.992000937461853
1.0,1,0.9924303889274597
1.0,1,0.9978177547454834
1.0,0,7.7291197158047e-06
0.0,1,0.9997050166130066
0.0,1,0.6996085047721863
0.0,0,5.347589535631414e-07
0.0,1,0.42878472805023193
1.0,1,0.9957030415534973
0.0,0,0.0001568423176649958
0.0,0,0.06281378120183945
1.0,1,0.9997900128364563
0.0,0,0.0025067483074963093
0.0,0,0.002231437712907791
1.0,1,0.9453614354133606
1.0,1,0.9803628325462341
0.0,0,0.06124432012438774
0.0,0,0.006600847002118826
0.0,1,0.6563434600830078
1.0,1,0.9999877214431763
0.0,0,0.06353982537984848
0.0,0,0.0003381326678209007
0.0,0,0.04347848519682884
1.0,1,0.9999136924743652
1.0,0,0.025515981018543243
0.0,0,0.00016057214816100895
1.0,1,0.9994799494743347
1.0,1,0.4180677533149719
1.0,1,0.8609279990196228
0.0,0,0.0014451484894379973
0.0,1,0.9457961916923523
1.0,0,0.013632860034704208
1.0,1,0.9923582673072815
0.0,0,5.0929058488691226e-05
0.0,0,0.06553316861391068
0.0,0,0.0009498915751464665
1.0,1,0.9906501770019531
1.0,1,0.9996108412742615
0.0,0,0.007066340651363134
1.0,1,0.9999562501907349
0.0,0,6.538745947182178e-05
0.0,0,7.83976647653617e-05
0.0,0,0.0001547763531561941
0.0,0,0.0032639538403600454
1.0,1,0.9983868598937988
0.0,1,0.4460286498069763
1.0,1,0.9948719143867493
1.0,0,0.07785430550575256
1.0,1,0.9989857077598572
1.0,1,0.30286282300949097
0.0,1,0.8657338619232178
0.0,1,0.5239488482475281
0.0,0,0.0002944131847470999
0.0,0,0.0031876566354185343
0.0,0,0.017791027203202248
0.0,0,0.007126247975975275
1.0,0,0.001917653251439333
1.0,0,0.25483009219169617
0.0,0,0.00736369239166379
0.0,0,3.692981772474013e-05
1.0,1,0.9819508790969849
1.0,1,0.7064286470413208
1.0,1,0.9891743659973145
1.0,1,0.3182275891304016
0.0,0,0.0001241937279701233
0.0,0,1.599883944436442e-05
0.0,0,0.0002234482963103801
0.0,0,5.4225569328991696e-05
1.0,1,0.9991956353187561
1.0,1,0.8842336535453796
1.0,1,0.9981162548065186
0.0,0,2.2812067982158624e-05
0.0,1,0.823093593120575
1.0,1,0.9943460822105408
1.0,1,0.5938741564750671
0.0,0,0.03165166452527046
0.0,0,0.0010720330756157637
1.0,1,0.9988614320755005
1.0,1,0.8506630063056946
0.0,0,3.279326847405173e-05
0.0,1,0.4165147840976715
1.0,1,0.9994102716445923
1.0,1,0.9296653270721436
0.0,0,0.008895793929696083
0.0,1,0.9010331630706787
1.0,1,0.9974583983421326
0.0,0,0.0031773082446306944
0.0,0,0.0061088199727237225
1.0,1,0.9998972415924072
0.0,1,0.9993515610694885
1.0,0,0.032230671495199203
0.0,0,0.0016654236242175102
0.0,0,0.00013651205517817289
1.0,1,0.9977512955665588
1.0,1,0.9987125396728516
1.0,1,0.5232118964195251
0.0,0,9.639523341320455e-06
0.0,0,7.860064215492457e-06
1.0,1,0.9550088047981262
0.0,0,0.004130575340241194
0.0,0,0.000791416154243052
0.0,0,0.07647620141506195
0.0,0,0.2792566418647766
0.0,0,0.08033193647861481
0.0,0,0.0005270771216601133
0.0,0,0.005572862457484007
0.0,0,0.008283392526209354
0.0,1,0.9410532712936401
1.0,1,0.9982483386993408
1.0,1,0.9998592138290405
0.0,0,0.0006370479241013527
0.0,0,0.0022366680204868317
0.0,0,0.0012113959528505802
0.0,0,0.2532859444618225
1.0,1,0.9988589286804199
1.0,0,0.15503227710723877
1.0,1,0.8911798000335693
0.0,1,0.9998410940170288
0.0,1,0.7414376139640808
0.0,0,0.0005353139713406563
0.0,1,0.9743310213088989
1.0,1,0.9908326268196106
0.0,1,0.41271713376045227
1.0,1,0.7053880095481873
1.0,1,0.9501609206199646
1.0,1,0.8311149477958679
1.0,1,0.9993013143539429
0.0,0,1.819286262616515e-05
0.0,0,0.00036253855796530843
1.0,1,0.9975647926330566
0.0,0,0.2557307481765747
0.0,0,0.000590919575188309
1.0,1,0.6256982088088989
1.0,1,0.9993981122970581
0.0,0,0.004893316887319088
0.0,0,2.1045930225227494e-06
0.0,0,0.0020693521946668625
1.0,1,0.795931875705719
0.0,0,0.019798319786787033
0.0,0,1.234519004356116e-06
1.0,1,0.8630295395851135
1.0,1,0.9726596474647522
0.0,0,0.013200659304857254
0.0,0,0.002928587142378092
0.0,1,0.37124601006507874
0.0,0,0.11894957721233368
0.0,0,0.0018711674492806196
0.0,0,3.141798288197606e-07
0.0,0,0.0009100175811909139
1.0,0,0.06540746986865997
0.0,0,0.010479974560439587
1.0,1,0.9999048709869385
1.0,1,0.9999428987503052
0.0,0,0.0036281284410506487
1.0,1,0.6511154174804688
1.0,1,0.9986288547515869
0.0,0,0.15365099906921387
1.0,1,0.9999750852584839
0.0,0,0.001925570541061461
0.0,0,0.0002653228584676981
0.0,0,0.004854483995586634
1.0,1,0.973640501499176
0.0,0,0.0037210455629974604
0.0,0,0.0027831951156258583
1.0,1,0.6151241660118103
0.0,0,0.0001530309091322124
0.0,0,0.00012454655370675027
0.0,0,0.0018476221011951566
0.0,1,0.6662089824676514
1.0,1,0.9707791209220886
1.0,1,0.9996277093887329
1.0,1,0.9999895095825195
1.0,1,0.9937361478805542
0.0,1,0.6825201511383057
0.0,0,0.001366616110317409
1.0,1,0.9999651908874512
0.0,1,0.9592646360397339
0.0,0,1.4698276572744362e-05
0.0,0,0.05546145513653755
0.0,0,0.00014594619278796017
0.0,0,2.8063805075362325e-05
0.0,1,0.9976567029953003
0.0,1,0.9998414516448975
0.0,0,0.01635490357875824
0.0,0,0.004098692908883095
1.0,1,0.8979275226593018
0.0,0,0.015172695741057396
0.0,0,9.340245014755055e-05
1.0,1,0.9999985694885254
0.0,0,0.07702773064374924
1.0,1,0.40407562255859375
0.0,0,0.004333309829235077
1.0,1,0.9986554384231567
0.0,0,0.029279902577400208
0.0,0,0.19012460112571716
0.0,0,0.001228674198500812
0.0,0,6.951853265491081e-06
0.0,0,8.20512832433451e-06
0.0,0,0.001003909856081009
1.0,1,0.9998534917831421
0.0,0,0.0010077629704028368
0.0,0,0.12179990857839584
1.0,1,0.9999995231628418
1.0,1,0.999085545539856
1.0,1,0.8834640979766846
0.0,0,0.045462220907211304
0.0,0,0.000909091904759407
0.0,0,0.10952302068471909
1.0,1,0.9973697662353516
0.0,0,0.2436530739068985
1.0,1,0.3655630648136139
1.0,0,0.0016626400174573064
1.0,1,0.9995013475418091
0.0,0,0.0001571101020090282
0.0,0,0.00047495323815383017
0.0,0,0.000916105869691819
0.0,0,0.007016056217253208
1.0,1,0.9985546469688416
0.0,0,0.002616275567561388
0.0,0,0.0022463088389486074
0.0,0,0.04476970434188843
0.0,0,0.00037040564347989857
0.0,1,0.9999788999557495
1.0,1,0.9994354844093323
0.0,0,0.004073124844580889
1.0,1,0.9999748468399048
0.0,0,0.0003552673733793199
0.0,1,0.7158626914024353
1.0,1,0.8724339604377747
0.0,0,0.011883418075740337
1.0,1,0.9991146922111511
0.0,0,0.0043761348351836205
1.0,1,0.9205071330070496
0.0,0,0.00017185659089591354
0.0,1,0.7200002074241638
1.0,1,0.9999840259552002
1.0,1,0.8873604536056519
0.0,0,0.00021110213128849864
0.0,0,7.339298917941051e-06
0.0,0,0.0018785373540595174
0.0,0,0.00048592756502330303
1.0,1,0.9989583492279053
0.0,0,0.0003814178635366261
1.0,1,0.999797523021698
0.0,0,0.0004781345196533948
1.0,1,0.9645257592201233
1.0,1,0.9997500777244568
1.0,1,0.9999961853027344
1.0,1,0.9999986886978149
1.0,1,0.9108835458755493
1.0,1,0.9999947547912598
0.0,0,0.001825761515647173
1.0,1,0.9969661831855774
0.0,0,2.138403033313807e-05
1.0,1,0.9999517202377319
0.0,0,0.0002310962590854615
1.0,1,0.9999383687973022
1.0,1,0.9966158270835876
0.0,0,0.0003483864711597562
0.0,0,0.0010699909180402756
0.0,0,0.0009451686637476087
0.0,0,0.0012611816637217999
1.0,1,0.996843695640564
1.0,1,0.9986422657966614
0.0,0,0.00035382728674449027
1.0,1,0.999930739402771
0.0,0,0.0001287302584387362
0.0,0,0.008342367596924305
1.0,1,0.9795470833778381
0.0,0,0.007140303961932659
0.0,0,0.0013257639948278666
1.0,1,0.9774202704429626
0.0,0,0.1877414882183075
0.0,0,2.366044071777651e-07
0.0,0,4.3835836549988016e-05
0.0,0,0.012034238316118717
1.0,1,0.8876146078109741
1.0,1,0.9891592860221863
1.0,1,0.9982444047927856
0.0,0,0.002428881824016571
0.0,0,0.04313046485185623
0.0,0,0.0005968510522507131
1.0,0,0.00013318638957571238
0.0,0,0.2566925883293152
1.0,1,0.9726344347000122
0.0,1,0.7150331735610962
0.0,0,0.05642933025956154
0.0,1,0.9464601874351501
1.0,1,0.9619864225387573
0.0,0,0.034199487417936325
1.0,1,0.9997057318687439
0.0,0,0.007642766926437616
1.0,1,0.5890746712684631
0.0,0,0.0003386514144949615
1.0,1,0.9973461627960205
1.0,0,0.25214850902557373
0.0,0,0.0006169936386868358
1.0,1,0.2991902530193329
1.0,0,0.014629252254962921
1.0,1,0.986302375793457
1.0,1,0.9962109327316284
1.0,1,0.9997517466545105
0.0,0,0.005951430182904005
0.0,1,0.9741649031639099
0.0,0,0.00814093742519617
0.0,0,0.001888848259113729
1.0,1,0.9720263481140137
1.0,0,0.0021239269990473986
1.0,1,0.9988130331039429
1.0,1,0.9964225888252258
0.0,0,0.03343397378921509
1.0,1,0.9999772310256958
0.0,0,0.0001964093098649755
0.0,0,0.0005834533367305994
0.0,0,0.023959960788488388
0.0,0,7.939484930830076e-06
0.0,0,0.020052209496498108
0.0,0,0.15766404569149017
0.0,0,0.0005768253467977047
0.0,0,0.0003828380722552538
1.0,1,0.9786450862884521
0.0,1,0.9899765849113464
0.0,0,0.03659665957093239
0.0,0,0.0006862665759399533
1.0,1,0.9754219055175781
0.0,0,2.1997708245180547e-05
0.0,0,0.06003071740269661
0.0,0,0.0061678048223257065
1.0,1,0.9982929825782776
1.0,1,0.9990053772926331
0.0,0,9.360601688968018e-05
0.0,0,0.0008954739896580577
0.0,0,0.029176030308008194
1.0,1,0.998894989490509
0.0,1,0.9707927107810974
0.0,0,0.001877146540209651
1.0,1,0.9996908903121948
0.0,0,0.00042872841004282236
0.0,0,0.00020612291700672358
0.0,0,0.012611135840415955
0.0,0,0.06714245676994324
1.0,1,0.9526452422142029
0.0,0,0.23878030478954315
0.0,0,0.0032924627885222435
1.0,0,0.09728576242923737
0.0,0,0.0008378500351682305
1.0,1,0.9999239444732666
1.0,0,0.09768044948577881
0.0,0,0.0034161813091486692
0.0,0,1.1893755072378553e-05
0.0,0,4.3690059101209044e-05
0.0,0,0.00042834359919652343
0.0,0,0.047834694385528564
0.0,0,0.02945534512400627
1.0,1,0.42592161893844604
0.0,0,0.00036058094701729715
1.0,1,0.9898287653923035
0.0,0,4.965488551533781e-05
0.0,0,0.006282726302742958
0.0,0,8.90584196895361e-05
1.0,1,0.9922335147857666
1.0,1,0.999991774559021
0.0,0,0.0013113704044371843
0.0,0,0.06336389482021332
0.0,0,0.0016557981725782156
0.0,0,0.0003259481454733759
0.0,0,0.00020474941993597895
0.0,0,0.0424153134226799
1.0,1,0.9436776041984558
0.0,0,0.005856245290488005
0.0,0,0.0032435914035886526
0.0,0,0.002145033795386553
0.0,0,0.02378843165934086
1.0,1,0.9984468817710876
1.0,1,0.9998524188995361
0.0,0,0.25610920786857605
0.0,0,0.0008926853188313544
0.0,0,0.00037930841790512204
1.0,1,0.9999697208404541
1.0,1,0.9999592304229736
1.0,1,0.9762234687805176
0.0,0,0.003239658195525408
1.0,1,0.9998076558113098
1.0,1,0.9389813542366028
0.0,0,0.024510372430086136
0.0,0,0.008555207401514053
0.0,0,5.275298826745711e-05
1.0,1,0.995995044708252
1.0,1,0.9977872371673584
0.0,0,0.00012683930981438607
0.0,0,0.00010256318637402728
0.0,1,0.5809842944145203
0.0,0,0.014571024104952812
1.0,1,0.9985595345497131
1.0,1,0.9921707510948181
0.0,0,0.08010727912187576
1.0,0,0.0004795552231371403
0.0,0,3.098308661719784e-05
1.0,1,0.9998513460159302
0.0,0,7.736092084087431e-05
1.0,1,0.9954350590705872
1.0,0,0.1127811148762703
0.0,0,0.0004712958761956543
0.0,0,4.8466121370438486e-05
0.0,0,0.003498082049190998
0.0,1,0.9404425024986267
1.0,1,0.9992045760154724
0.0,0,0.0022596644703298807
0.0,0,0.0004300312721170485
1.0,1,0.9991160035133362
1.0,1,0.9971480965614319
0.0,0,0.002335428260266781
0.0,0,0.0003617184702306986
1.0,1,0.5844174027442932
1.0,1,0.4481636583805084
0.0,0,0.0010179906385019422
0.0,0,0.2586352229118347
1.0,1,0.5389166474342346
1.0,0,0.07200945913791656
1.0,0,0.20973634719848633
1.0,1,0.99991774559021
0.0,0,0.0010564961703494191
0.0,0,0.0004302856686990708
1.0,0,0.018880730494856834
0.0,0,0.02444997988641262
0.0,0,0.0031480707693845034
1.0,1,0.9628927707672119
0.0,0,0.0008194451220333576
0.0,1,0.9945623278617859
1.0,1,0.9973577857017517
1.0,0,0.05101586505770683
1.0,1,0.9980529546737671
0.0,1,0.9183990955352783
1.0,1,0.47843119502067566
0.0,0,0.0005083972937427461
0.0,0,0.02361609973013401
0.0,0,8.734643779462203e-05
1.0,1,0.9999666213989258
0.0,0,0.0019159847870469093
1.0,1,0.9961567521095276
0.0,0,0.00794901978224516
1.0,1,0.8171014785766602
0.0,0,0.021653015166521072
1.0,1,0.8965422511100769
1.0,1,0.9546979069709778
1.0,1,0.9999760389328003
1.0,1,0.8345719575881958
0.0,0,0.009550577029585838
0.0,0,0.023986656218767166
1.0,1,0.9990195035934448
0.0,0,0.0013109290739521384
0.0,1,0.8165980577468872
0.0,0,2.4005787508940557e-06
0.0,0,0.09301002323627472
1.0,1,0.6783240437507629
1.0,1,0.3818092346191406
1.0,1,0.6092119216918945
0.0,0,0.003421609755605459
0.0,0,0.1907038539648056
0.0,1,0.9577270746231079
0.0,0,0.07591002434492111
0.0,0,0.000545141811016947
0.0,1,0.3243243992328644
0.0,0,0.0021209032274782658
0.0,0,0.0005485560977831483
0.0,0,0.09428465366363525
0.0,0,0.00012795973452739418
0.0,0,0.011551227420568466
1.0,1,0.986343264579773
0.0,0,3.4784395097631204e-07
1.0,1,0.9998171925544739
1.0,1,0.976758599281311
0.0,0,0.006620957050472498
1.0,1,0.9982119798660278
0.0,0,0.023953836411237717
0.0,0,0.0040877084247767925
1.0,1,0.9984752535820007
0.0,0,0.0017074578208848834
1.0,1,0.9978305697441101
1.0,1,0.9739177823066711
1.0,1,0.9999992847442627
1.0,1,0.9949926733970642
0.0,0,0.0007660989067517221
0.0,0,0.056779127568006516
1.0,1,0.9998162388801575
0.0,0,0.0001832002162700519
1.0,1,0.6815446019172668
0.0,1,0.5093699097633362
0.0,0,0.0010914207668974996
1.0,1,0.839993953704834
0.0,0,0.0012928876094520092
0.0,0,0.2670242190361023
0.0,0,0.004275735467672348
0.0,0,0.010693232528865337
0.0,1,0.37953442335128784
0.0,0,0.00044706606422550976
1.0,1,0.9997705817222595
0.0,0,0.028936205431818962
0.0,0,0.006264165043830872
1.0,1,0.9999251365661621
0.0,0,0.01471354253590107
1.0,1,0.3927733302116394
1.0,1,0.9993084669113159
1.0,1,0.9937937259674072
0.0,0,0.007462670560926199
0.0,0,0.08554226905107498
0.0,0,0.00011177388660144061
0.0,0,0.005712558049708605
0.0,0,0.18108324706554413
1.0,1,0.9988687634468079
0.0,0,3.964701136283111e-06
1.0,1,0.8627278208732605
0.0,0,0.00670010456815362
1.0,1,0.4362318813800812
1.0,1,0.9999289512634277
0.0,1,0.7166532874107361
0.0,0,0.006654794793576002
0.0,0,0.0011371169239282608
0.0,0,0.24773457646369934
0.0,0,0.000729551597032696
0.0,0,0.0016492923023179173
0.0,0,3.760229446925223e-05
0.0,1,0.8393635153770447
1.0,1,0.9993671774864197
1.0,1,0.9993213415145874
1.0,1,0.9931620359420776
0.0,0,6.0829865105915815e-05
0.0,0,0.00031770861824043095
1.0,1,0.9936732053756714
0.0,0,0.0028557204641401768
1.0,0,0.0196069348603487
1.0,1,0.9761768579483032
0.0,0,0.00363924284465611
0.0,0,0.0027203059289604425
1.0,1,0.943157434463501
0.0,0,0.0004873421275988221
1.0,1,0.9592460989952087
1.0,1,0.9979903697967529
1.0,1,0.9880805015563965
1.0,1,0.9961101412773132
0.0,0,0.02329106256365776
1.0,1,0.9998243451118469
0.0,0,0.0010069927666336298
0.0,0,0.0033354596234858036
0.0,1,0.473579466342926
0.0,0,0.02653101645410061
0.0,0,0.04668359085917473
0.0,0,0.005743582267314196
1.0,0,0.0011858366196975112
0.0,0,0.0014623154420405626
1.0,1,0.9856221079826355
1.0,1,0.999943733215332
1.0,1,0.34761565923690796
0.0,0,0.0008266234071925282
1.0,1,0.9986514449119568
1.0,1,0.9991787075996399
0.0,0,0.020159663632512093
0.0,0,0.0016063123475760221
0.0,0,0.002723247744143009
1.0,1,0.8654553890228271
0.0,0,0.0023252489045262337
0.0,1,0.9088081121444702
0.0,0,0.0002547621843405068
0.0,0,0.06934978812932968
1.0,1,0.9994890689849854
1.0,1,0.9092518091201782
0.0,0,0.044090110808610916
0.0,0,0.18655726313591003
1.0,1,0.978371262550354
0.0,0,0.0002216785360360518
0.0,1,0.9888556599617004
0.0,0,0.0030692501459270716
0.0,0,0.00032411402207799256
0.0,0,0.001019597053527832
1.0,1,0.9877222776412964
0.0,0,5.004922786611132e-05
0.0,0,0.0003044684126507491
0.0,0,6.44637257209979e-05
0.0,0,4.490024002734572e-05
1.0,1,0.9993129968643188
0.0,0,0.013966783881187439
1.0,1,0.9999486207962036
0.0,0,0.005653758067637682
1.0,1,0.8613588809967041
0.0,0,0.002173109445720911
0.0,0,0.0001620145922061056
0.0,0,0.00014443852705881
0.0,0,0.0006562067428603768
0.0,0,0.07765840739011765
0.0,0,0.19980435073375702
0.0,0,0.00042074520024470985
0.0,0,0.01599784567952156
0.0,0,0.0008557175751775503
0.0,0,0.051886186003685
1.0,1,0.9220462441444397
1.0,1,0.8399115204811096
0.0,0,0.24028410017490387
0.0,1,0.5442177057266235
0.0,0,0.011194966733455658
0.0,0,0.00011277027806499973
1.0,1,0.9799458384513855
0.0,0,0.0001084034374798648
1.0,1,0.9894258975982666
0.0,0,0.012162852101027966
1.0,1,0.9999819993972778
1.0,1,0.9819440841674805
0.0,0,0.06213660538196564
0.0,0,0.13494789600372314
0.0,0,8.690775575814769e-05
1.0,1,0.9994933605194092
1.0,1,0.3442380428314209
0.0,0,0.0044446177780628204
1.0,1,0.9970301389694214
1.0,0,0.08487999439239502
0.0,0,0.0022156548220664263
0.0,0,0.0048158299177885056
1.0,1,0.9996751546859741
0.0,1,0.7531505823135376
0.0,1,0.7067252993583679
0.0,0,0.0008110760827548802
0.0,0,0.009529278613626957
1.0,1,0.9866342544555664
0.0,0,0.008629084564745426
0.0,0,0.001603604294359684
1.0,1,0.9947915077209473
0.0,0,0.000631213653832674
0.0,0,0.0032497765496373177
1.0,1,0.973280131816864
0.0,0,0.17123016715049744
0.0,1,0.9367097020149231
1.0,1,0.9995224475860596
0.0,0,0.029307108372449875
1.0,1,0.9667778611183167
1.0,1,0.9940882921218872
0.0,0,0.0026027050334960222
1.0,1,0.9996961355209351
0.0,0,0.025029262527823448
0.0,0,0.0008623715257272124
1.0,1,0.74634850025177
0.0,0,0.0004511299775913358
1.0,1,0.6464768052101135
0.0,0,0.0005210390081629157
1.0,1,0.9227525591850281
0.0,0,0.0018803735729306936
1.0,1,0.9999066591262817
0.0,0,0.00028970916173420846
0.0,1,0.997330904006958
1.0,1,0.9999603033065796
0.0,0,7.887908577686176e-05
0.0,1,0.48827895522117615
1.0,1,0.9680680632591248
1.0,1,0.9974128603935242
0.0,0,0.0011919355019927025
0.0,0,0.0005011138855479658
0.0,0,0.1998671442270279
0.0,0,0.00029458251083269715
0.0,0,0.1988549530506134
1.0,1,0.998629093170166
0.0,0,0.00395940151065588
0.0,1,0.5420739054679871
0.0,0,0.029811479151248932
1.0,1,0.9996517896652222
0.0,0,4.010765042039566e-05
1.0,0,0.2446860820055008
0.0,0,0.0020342059433460236
0.0,0,0.0002479122194927186
1.0,1,0.9538528323173523
1.0,1,0.9198068380355835
0.0,1,0.9637486338615417
0.0,0,0.0005900523392483592
0.0,0,0.08908253163099289
0.0,0,0.0007558661163784564
1.0,1,0.9993336796760559
1.0,1,0.9999872446060181
0.0,0,0.0023328254465013742
1.0,1,0.9978154897689819
1.0,1,0.9682226181030273
0.0,0,0.0022520669735968113
1.0,0,0.06463435292243958
1.0,1,0.9779842495918274
0.0,0,0.00019050593255087733
0.0,0,0.0028178775683045387
1.0,1,0.9997838139533997
1.0,1,0.9914901852607727
0.0,0,0.0012132723350077868
0.0,1,0.9718634486198425
0.0,1,0.4809839427471161
0.0,0,6.367908645188436e-05
0.0,0,0.0028452600818127394
0.0,0,3.704343180288561e-05
0.0,0,5.746271199313924e-06
1.0,1,0.9209102392196655
0.0,0,0.00026303360937163234
0.0,0,0.03533435985445976
1.0,1,0.9873473644256592
0.0,0,0.007096306886523962
0.0,0,0.00018004706362262368
0.0,0,0.004228705074638128
0.0,0,0.027575435116887093
1.0,1,0.9977275729179382
0.0,0,0.005187224596738815
0.0,0,8.17050107571049e-08
0.0,0,0.0001759951119311154
0.0,1,0.9991586208343506
0.0,0,0.0035586385056376457
1.0,0,0.014131519012153149
1.0,0,0.0009375222725793719
0.0,0,0.0024123447947204113
0.0,0,3.8530404708581045e-05
0.0,0,0.00033554871333763003
0.0,0,0.0002077970711980015
0.0,0,0.0019138085190206766
1.0,1,0.9999756813049316
1.0,1,0.9975324869155884
0.0,0,0.0025476785376667976
1.0,1,0.9998196959495544
0.0,0,0.005134057719260454
0.0,0,0.057179152965545654
0.0,0,0.0003342432319186628
0.0,0,0.0003413646772969514
1.0,1,0.9996803998947144
1.0,1,0.4263452887535095
1.0,1,0.9987836480140686
1.0,1,0.9998307228088379
0.0,0,2.055650475085713e-05
0.0,0,2.461741132719908e-05
0.0,0,0.011975854635238647
0.0,0,9.36927244765684e-05
1.0,1,0.41367754340171814
1.0,0,0.1612917184829712
1.0,1,0.940204381942749
0.0,0,8.431993774138391e-05
0.0,0,0.010109136812388897
0.0,0,0.0453764833509922
0.0,1,0.9773377180099487
1.0,1,0.9992146492004395
1.0,1,0.9912827014923096
1.0,1,0.9999589920043945
1.0,1,0.9999959468841553
0.0,0,0.08192507922649384
1.0,1,0.9818964004516602
0.0,0,0.0016951478319242597
1.0,1,0.9999850988388062
1.0,1,0.9806889295578003
0.0,1,0.9979215264320374
0.0,1,0.9876177906990051
0.0,0,0.00028365367325022817
0.0,0,0.03393297269940376
0.0,0,0.12871435284614563
1.0,1,0.9978833794593811
0.0,0,0.00010742677841335535
0.0,0,0.0023370797280222178
0.0,1,0.9140924215316772
1.0,0,0.0018723942339420319
1.0,1,0.9565218687057495
0.0,0,6.82878089719452e-05
1.0,1,0.9959046244621277
0.0,0,0.002616387791931629
1.0,1,0.996752917766571
0.0,0,0.00012921284360345453
1.0,1,0.8998504877090454
1.0,1,0.9839380383491516
0.0,0,0.0021902909502387047
0.0,0,0.04972338676452637
1.0,1,0.9994863271713257
0.0,0,2.1834248400409706e-05
1.0,1,0.9086822271347046
0.0,0,0.019764939323067665
1.0,1,0.9789502620697021
1.0,1,0.9999957084655762
0.0,0,0.07402892410755157
1.0,1,0.9993081092834473
1.0,0,0.0006229470018297434
1.0,1,0.7379382848739624
1.0,1,0.9980862140655518
1.0,1,0.9852235317230225
0.0,0,0.2715170085430145
0.0,0,0.0002455033245496452
0.0,1,0.9969384670257568
0.0,0,0.00021154459682293236
1.0,1,0.999834418296814
1.0,1,0.9993570446968079
1.0,1,0.45879852771759033
1.0,1,0.4281047582626343
0.0,0,0.0008337521576322615
0.0,0,0.0007291887886822224
1.0,1,0.9998993873596191
0.0,0,0.002314263954758644
0.0,0,0.08344639092683792
0.0,1,0.37430739402770996
0.0,0,0.0004779855371452868
0.0,0,0.05970153957605362
1.0,1,0.9949182868003845
1.0,1,0.997929573059082
0.0,0,0.04316767305135727
0.0,0,0.0013790111988782883
1.0,1,0.8002509474754333
0.0,0,4.64510012534447e-05
0.0,0,0.004216606728732586
0.0,0,0.00011657502182060853
1.0,1,0.9992910623550415
1.0,0,0.029962429776787758
0.0,0,0.07759896665811539
1.0,1,0.9987183809280396
1.0,0,0.20410722494125366
1.0,0,0.28690963983535767
1.0,1,0.9883145093917847
0.0,0,0.057104773819446564
0.0,0,0.003087613033130765
0.0,0,0.0006454188260249794
0.0,0,0.0013097035698592663
1.0,1,0.692111611366272
0.0,0,0.00047610612818971276
1.0,1,0.9998522996902466
1.0,1,0.9972559809684753
0.0,0,0.00018016107787843794
0.0,0,0.0012143428903073072
1.0,0,0.0048765516839921474
1.0,1,0.9751685857772827
0.0,1,0.49278464913368225
1.0,0,0.27755987644195557
1.0,1,0.8859677314758301
0.0,0,8.736559539102018e-05
0.0,0,0.0034795827232301235
0.0,0,0.21421872079372406
0.0,0,0.06072071194648743
0.0,0,0.0036148331128060818
0.0,0,6.929778464837e-05
0.0,1,0.9975679516792297
0.0,0,0.003003284800797701
1.0,1,0.997785210609436
0.0,0,0.0035137550439685583
0.0,0,0.2855945825576782
1.0,1,0.9860418438911438
0.0,0,0.0024492142256349325
0.0,0,0.006479643750935793
1.0,1,0.9997403025627136
0.0,0,0.007010012865066528
0.0,0,0.0008339686901308596
1.0,1,0.9999091625213623
1.0,1,0.7700820565223694
0.0,0,0.00014941238623578101
1.0,1,0.9987899661064148
1.0,1,0.9989646673202515
0.0,0,0.04190634563565254
1.0,1,0.9999994039535522
1.0,1,0.802496612071991
0.0,0,2.543412301747594e-05
0.0,0,0.011815263889729977
0.0,0,0.00032199168344959617
0.0,0,0.003068784950301051
0.0,0,0.0025617394130676985
0.0,0,0.0014269420644268394
0.0,0,0.16344989836215973
0.0,0,0.004210612736642361
1.0,1,0.9981789588928223
0.0,0,0.00010697922698454931
0.0,0,1.6056679669418372e-05
1.0,1,0.9984275102615356
1.0,1,0.9988303780555725
1.0,1,0.9996851682662964
0.0,0,2.4873976144590415e-05
0.0,0,0.0009399882983416319
1.0,1,0.9999791383743286
0.0,0,0.19757351279258728
0.0,0,0.0030279774218797684
0.0,0,0.0029723874758929014
0.0,0,0.0007298099808394909
0.0,0,0.018135525286197662
0.0,0,0.00015678638010285795
1.0,1,0.9978213310241699
0.0,0,0.013878369703888893
1.0,1,0.999126136302948
0.0,0,0.028097091242671013
1.0,1,0.9998524188995361
0.0,0,0.0001542336103739217
0.0,0,0.03858266398310661
0.0,0,0.0007833887939341366
0.0,0,0.003623965661972761
0.0,0,0.0010234976653009653
0.0,1,0.9206377267837524
0.0,0,0.003082798095420003
0.0,1,0.9898818135261536
1.0,1,0.9988388419151306
1.0,1,0.6301071047782898
0.0,0,0.0005863206461071968
0.0,0,0.000335872609866783
1.0,1,0.9952545166015625
0.0,0,0.013859418220818043
0.0,0,0.00199111714027822
1.0,1,0.9993401169776917
0.0,0,0.13353168964385986
0.0,0,0.006289449520409107
0.0,0,0.0004667005850933492
0.0,0,0.14187251031398773
1.0,1,0.9445647597312927
1.0,1,0.997092604637146
0.0,1,0.8268478512763977
1.0,1,0.9997929930686951
0.0,0,0.0024378630332648754
0.0,0,0.03300435096025467
1.0,1,0.9735060334205627
0.0,0,0.00098274031188339
0.0,0,0.007889121770858765
1.0,0,0.07198046147823334
0.0,0,2.0608441175795633e-08
0.0,0,0.0010599095840007067
0.0,0,0.007384424563497305
0.0,0,0.00020710675744339824
0.0,0,4.314217949286103e-05
0.0,0,0.00011755657033063471
0.0,0,0.0009874306851997972
1.0,1,0.9998462200164795
1.0,0,0.008200213313102722
0.0,0,0.0007808097871020436
1.0,1,0.9905737042427063
0.0,0,0.004663736559450626
0.0,0,0.006527658551931381
1.0,1,0.9995915293693542
0.0,0,0.000686412793584168
0.0,1,0.4487921893596649
0.0,0,0.11358930915594101
0.0,0,0.0004887338145636022
0.0,0,0.0031642699614167213
0.0,0,2.9837747206329368e-05
1.0,1,0.9962233304977417
1.0,1,0.9987024068832397
1.0,1,0.9999924898147583
1.0,1,0.9998190999031067
1.0,1,0.9991275668144226
1.0,1,0.9991927742958069
0.0,0,0.011818776838481426
0.0,0,4.605922003975138e-05
1.0,1,0.7898606061935425
0.0,0,0.005741850472986698
0.0,0,0.0003496329009067267
1.0,1,0.9997618794441223
1.0,1,0.9995177984237671
0.0,0,4.5521464926423505e-05
0.0,1,0.9264870882034302
1.0,1,0.9999243021011353
0.0,0,0.2794712781906128
0.0,0,0.000341641076374799
1.0,1,0.9895150661468506
1.0,1,0.5473218560218811
0.0,0,0.0011499467073008418
1.0,1,0.999970555305481
1.0,1,0.9332490563392639
1.0,0,3.3007563615683466e-05
1.0,1,0.9936119914054871
1.0,1,0.7895819544792175
0.0,0,0.13736964762210846
1.0,1,0.9808597564697266
0.0,1,0.4704311490058899
0.0,0,0.19973745942115784
0.0,0,0.03989272564649582
0.0,0,0.0004112017631996423
1.0,1,0.9082008600234985
0.0,0,0.04234318807721138
0.0,0,2.7590811441768892e-05
0.0,0,0.0655302107334137
0.0,0,9.465702896704897e-05
1.0,1,0.9991497993469238
1.0,1,0.988303542137146
1.0,1,0.6787857413291931
1.0,1,0.9998031258583069
1.0,1,0.9987706542015076
1.0,1,0.9556848406791687
1.0,1,0.9675556421279907
1.0,1,0.9999592304229736
1.0,1,0.9998908042907715
1.0,1,0.9999154806137085
1.0,1,0.9999097585678101
0.0,0,0.0007113082683645189
0.0,0,0.007070269901305437
1.0,1,0.9976999163627625
0.0,0,0.00020286931248847395
1.0,1,0.9566380381584167
0.0,0,0.009033733047544956
1.0,1,0.8743478059768677
1.0,1,0.9718295335769653
0.0,0,0.0036081806756556034
0.0,0,0.0006369962939061224
1.0,0,0.00927754957228899
0.0,0,0.0020802845247089863
0.0,0,0.01792357861995697
1.0,1,0.9993059635162354
0.0,1,0.9381195902824402
1.0,1,0.985567569732666
0.0,0,0.021861018612980843
0.0,0,0.00026364094810560346
0.0,1,0.36454400420188904
1.0,1,0.9999079704284668
1.0,0,0.10610736161470413
0.0,0,0.0021300367079675198
0.0,0,0.05131301283836365
0.0,1,0.9469548463821411
1.0,1,0.9995706677436829
0.0,1,0.5490351915359497
1.0,1,0.9789911508560181
1.0,1,0.9992650151252747
0.0,1,0.9670240879058838
1.0,1,0.999769389629364
0.0,0,0.010432275012135506
0.0,0,0.00012669510033447295
0.0,0,0.0037170774303376675
1.0,1,0.9997912049293518
0.0,0,0.004943691194057465
1.0,1,0.9993428587913513
0.0,0,0.0003060507297050208
0.0,0,1.1218823601666372e-05
0.0,0,0.0025174682959914207
0.0,0,0.017640165984630585
0.0,0,0.0017113856738433242
0.0,0,0.004269186872988939
0.0,0,0.00010424434003653005
0.0,1,0.9457659125328064
0.0,0,0.01656067743897438
1.0,0,0.17884020507335663
1.0,1,0.9723898768424988
1.0,1,0.9743503332138062
1.0,1,0.8839442729949951
1.0,1,0.9990032315254211
1.0,1,0.6066992282867432
1.0,1,0.9932481050491333
1.0,0,0.17651081085205078
0.0,1,0.9755153656005859
0.0,0,0.0006027998169884086
1.0,1,0.9998810291290283
1.0,1,0.9962477087974548
0.0,0,0.00014758268662262708
0.0,0,1.3084076272207312e-05
1.0,1,0.944257378578186
0.0,0,0.0016134537290781736
0.0,0,0.0001804101630114019
1.0,1,0.7045360207557678
1.0,1,0.9999557733535767
1.0,1,0.9988960027694702
0.0,0,0.0019378886790946126
0.0,0,0.00023373700969386846
1.0,1,0.9928184747695923
0.0,0,0.00469645019620657
1.0,1,0.7859976887702942
1.0,1,0.678641140460968
1.0,1,0.8632060885429382
0.0,0,0.0005279313772916794
1.0,1,0.9388955235481262
0.0,0,0.10320728272199631
1.0,1,0.999657154083252
1.0,0,3.107834345428273e-05
1.0,1,0.9757871627807617
1.0,1,0.9990721940994263
1.0,1,0.9790376424789429
1.0,1,0.9997571110725403
0.0,0,0.00018413398356642574
1.0,1,0.9993582367897034
1.0,1,0.9993312358856201
1.0,1,0.9999997615814209
1.0,1,0.9477941989898682
0.0,0,0.06204371526837349
0.0,0,0.012439362704753876
1.0,1,0.8099610805511475
0.0,0,0.0023751899134367704
1.0,1,0.6534070372581482
0.0,0,0.05915766581892967
0.0,0,0.000259878026554361
0.0,0,2.710533772187773e-05
0.0,0,0.0009107882506214082
0.0,1,0.3561507761478424
1.0,1,0.921320378780365
0.0,0,0.12598399817943573
0.0,0,0.0008244502823799849
1.0,1,0.9986112117767334
0.0,1,0.33947813510894775
1.0,0,0.19778260588645935
0.0,0,0.046045396476984024
1.0,1,0.9981794357299805
0.0,0,0.001044376054778695
1.0,1,0.9970634579658508
0.0,1,0.616648256778717
0.0,0,0.0032226606272161007
0.0,0,0.007103924639523029
0.0,0,0.005324565339833498
0.0,0,0.10051635652780533
0.0,0,1.105076171370456e-05
0.0,0,1.3886363376514055e-05
1.0,1,0.9999808073043823
0.0,0,0.0038121917750686407
0.0,0,0.016991617158055305
0.0,0,0.1463424563407898
1.0,1,0.9870360493659973
1.0,1,0.9989956021308899
1.0,1,0.8240898847579956
0.0,0,4.267561962478794e-05
0.0,0,0.003387175966054201
0.0,0,0.0018971818499267101
0.0,0,0.008597226813435555
0.0,0,0.007377471774816513
0.0,0,9.193357072945219e-06
1.0,1,0.9995088577270508
0.0,0,0.0011024326086044312
0.0,0,0.0025985899847000837
0.0,0,3.592109351302497e-05
0.0,0,0.03492466360330582
1.0,1,0.9999052286148071
1.0,1,0.9852761030197144
0.0,0,1.4295138726083678e-06
1.0,1,0.9996950626373291
0.0,0,0.0009281173697672784
1.0,1,0.9617498517036438
0.0,0,0.000304431829135865
0.0,0,0.0007716608233749866
1.0,1,0.9765309691429138
1.0,0,0.07604706287384033
1.0,1,0.6629064083099365
0.0,1,0.32269570231437683
1.0,1,0.9141523838043213
1.0,1,0.9749923348426819
1.0,1,0.652716875076294
0.0,0,0.00011102774442406371
0.0,1,0.9395434260368347
0.0,0,0.001153679913841188
1.0,1,0.4938690662384033
1.0,1,0.9913551211357117
0.0,0,0.015493068844079971
0.0,1,0.9998418092727661
0.0,0,0.02672760561108589
1.0,1,0.9640752673149109
0.0,0,7.999587978702039e-05
0.0,0,6.842926154604356e-07
0.0,0,0.0011576407123357058
0.0,0,0.15517066419124603
1.0,1,0.6245232820510864
1.0,1,0.9999127388000488
1.0,1,0.997465968132019
1.0,1,0.9995591044425964
0.0,1,0.7059799432754517
0.0,0,0.003912284504622221
0.0,0,0.0044103143736720085
0.0,0,0.0011446516728028655
1.0,1,0.9970157146453857
1.0,1,0.9831559658050537
1.0,1,0.9991014003753662
1.0,1,0.9946797490119934
1.0,1,0.9901047348976135
0.0,0,0.21071693301200867
1.0,1,0.9956230521202087
0.0,0,7.131652091629803e-05
0.0,0,0.07842755317687988
0.0,0,0.0008004095871001482
0.0,0,2.243858398287557e-05
1.0,1,0.9923542737960815
0.0,0,0.009044209495186806
0.0,0,0.24171864986419678
0.0,0,0.00011372110748197883
1.0,0,0.09562760591506958
1.0,1,0.9555745720863342
1.0,1,0.8899500966072083
0.0,0,0.09613122045993805
1.0,1,0.9508795738220215
1.0,0,0.1781398206949234
1.0,1,0.8298238515853882
0.0,0,0.007360224612057209
0.0,0,0.0012506977654993534
1.0,1,0.9980428218841553
1.0,0,0.06290507316589355
1.0,1,0.6088594794273376
1.0,1,0.9997451901435852
0.0,0,0.07154200226068497
1.0,1,0.9749064445495605
1.0,1,0.9542990326881409
0.0,0,0.0005163102177903056
1.0,1,0.9973810315132141
1.0,1,0.5872601866722107
1.0,1,0.9956691265106201
1.0,1,0.9966583251953125
1.0,1,0.9999662637710571
1.0,1,0.9980841875076294
1.0,1,0.6956840753555298
0.0,0,0.0017311018891632557
0.0,0,2.898472757806303e-06
0.0,0,0.0017402073135599494
1.0,1,0.9117165207862854
0.0,1,0.32628849148750305
1.0,1,0.9983781576156616
0.0,1,0.7851473093032837
1.0,1,0.9750038981437683
1.0,1,0.999970555305481
0.0,0,0.0005695310537703335
0.0,0,0.008835311979055405
1.0,1,0.9927822351455688
1.0,1,0.9958440661430359
1.0,1,0.9937521815299988
0.0,0,0.046813543885946274
0.0,0,0.0016424505738541484
0.0,0,0.0005588915664702654
1.0,1,0.9913159608840942
1.0,1,0.9969514608383179
0.0,0,0.011091431602835655
1.0,1,0.9995768666267395
1.0,1,0.8889539837837219
0.0,0,1.955456355062779e-05
0.0,0,0.0200952161103487
1.0,1,0.997538685798645
0.0,0,0.006896374747157097
1.0,1,0.9992899894714355
1.0,1,0.9996107220649719
0.0,0,2.2349653590936214e-05
1.0,1,0.4602476954460144
1.0,0,0.05144704505801201
0.0,1,0.4760747253894806
0.0,0,0.023309161886572838
0.0,0,0.06306572258472443
1.0,0,0.007822321727871895
0.0,0,2.9426234959828435e-06
0.0,0,1.0256732821289916e-05
0.0,0,5.967851393506862e-06
1.0,1,0.8579177260398865
0.0,0,0.00011190483928658068
0.0,0,0.03732099384069443
0.0,0,0.11675852537155151
1.0,1,0.9133184552192688
0.0,0,0.04128539189696312
1.0,0,0.0008260600152425468
1.0,1,0.9999107122421265
1.0,1,0.9989873766899109
1.0,0,0.1341349184513092
1.0,1,0.7150527834892273
1.0,0,0.06886779516935349
1.0,1,0.9999586343765259
1.0,1,0.9994876384735107
0.0,0,0.0007192724151536822
0.0,0,5.4987820476526394e-05
1.0,1,0.9851963520050049
0.0,0,0.001766099827364087
0.0,0,0.20321838557720184
0.0,0,0.000514953164383769
1.0,1,0.7980048656463623
0.0,0,0.01002198364585638
0.0,0,0.00016529476852156222
1.0,1,0.5921893119812012
1.0,1,0.9857239127159119
1.0,1,0.9967387318611145
1.0,1,0.9897751808166504
0.0,0,8.37823681649752e-05
0.0,1,0.9855491518974304
0.0,0,0.011829765513539314
1.0,1,0.999072790145874
0.0,0,0.0024706232361495495
1.0,1,0.9988051652908325
0.0,0,0.0010120687074959278
0.0,0,0.1736481487751007
1.0,1,0.9905903339385986
1.0,1,0.9999197721481323
0.0,0,0.0006931488169357181
0.0,0,0.015954801812767982
0.0,0,0.00302103697322309
0.0,0,0.09586724638938904
1.0,1,0.9995005130767822
0.0,0,0.0005146649200469255
0.0,0,7.145185372792184e-05
0.0,0,0.007119470275938511
1.0,1,0.9984503984451294
1.0,1,0.5677825808525085
1.0,1,0.9628578424453735
0.0,0,0.00010998767538694665
0.0,0,0.0025802694726735353
1.0,1,0.9999644756317139
0.0,0,0.18507841229438782
0.0,0,6.636783655267209e-05
0.0,0,0.005191283766180277
0.0,0,0.018052861094474792
0.0,0,0.265380859375
0.0,0,0.001367061398923397
0.0,0,0.009869319386780262
0.0,0,0.00015845283633098006
0.0,0,0.21672643721103668
1.0,1,0.9985892176628113
1.0,1,0.9998788833618164
1.0,1,0.9934582114219666
1.0,1,0.9862390160560608
0.0,0,0.00025795967667363584
0.0,0,0.007267368957400322
0.0,0,0.00428515300154686
0.0,0,0.005463516339659691
0.0,1,0.33889517188072205
0.0,0,0.07221035659313202
0.0,1,0.9925923943519592
0.0,1,0.756945788860321
0.0,0,0.0004112099704798311
0.0,0,0.19761791825294495
0.0,0,3.657677007140592e-05
0.0,1,0.5500305891036987
0.0,1,0.9647266864776611
1.0,1,0.9988377690315247
1.0,1,0.9410948753356934
1.0,1,0.5399714112281799
0.0,0,0.0012897821143269539
1.0,1,0.9998606443405151
0.0,0,0.00042727080290205777
0.0,0,0.12145810574293137
0.0,0,0.02732912451028824
1.0,1,0.999542236328125
0.0,0,0.0010806785430759192
0.0,0,0.005494626704603434
1.0,1,0.9967160224914551
1.0,1,0.995465099811554
1.0,1,0.9988316893577576
0.0,0,0.007272392977029085
1.0,1,0.9995772242546082
0.0,0,0.003123810514807701
1.0,1,0.9992899894714355
1.0,1,0.9129642844200134
0.0,0,0.026761135086417198
1.0,1,0.9926922917366028
0.0,0,0.0008845582487992942
1.0,1,0.9400234818458557
1.0,1,0.9998070597648621
0.0,0,0.25192323327064514
0.0,0,0.043519992381334305
1.0,1,0.8579268455505371
1.0,1,0.9987710118293762
0.0,0,0.0009040646255016327
0.0,0,0.002282214816659689
0.0,0,1.6279585906886496e-05
0.0,0,0.0016319878632202744
0.0,0,0.14826251566410065
0.0,0,0.018031159415841103
0.0,0,0.007419472560286522
1.0,1,0.9985526204109192
0.0,0,0.0009059578878805041
1.0,1,0.9963731169700623
0.0,0,0.013610422611236572
0.0,0,0.005410380661487579
0.0,0,1.0841696166608017e-05
0.0,0,0.09231823682785034
0.0,0,0.20637348294258118
0.0,1,0.33766430616378784
1.0,1,0.9982641339302063
0.0,0,0.0011155471438542008
1.0,0,0.28770187497138977
0.0,1,0.4977426528930664
0.0,0,0.00023065137793309987
0.0,0,8.970046474132687e-05
1.0,1,0.9951151609420776
0.0,0,4.1249790228903294e-05
0.0,0,0.0036901819985359907
0.0,0,0.005181217100471258
0.0,1,0.6056500673294067
0.0,0,0.00044371368130669
1.0,1,0.9989562034606934
0.0,0,0.005303496960550547
0.0,0,0.14375384151935577
0.0,0,4.148795414948836e-05
1.0,1,0.9983186721801758
0.0,0,0.00858189444988966
0.0,1,0.7034997344017029
0.0,0,0.09848515689373016
1.0,1,0.9907981157302856
1.0,1,0.9985575079917908
0.0,0,0.0010270258644595742
0.0,1,0.39656662940979004
0.0,0,0.002094568917527795
0.0,0,0.03819731995463371
0.0,0,0.00022173010802362114
1.0,1,0.9032769203186035
1.0,1,0.9990444779396057
0.0,0,1.9503588646330172e-06
1.0,1,0.9702447652816772
1.0,1,0.90080726146698
0.0,0,0.0006994048017077148
0.0,0,1.4620826732425485e-05
1.0,1,0.9999686479568481
0.0,1,0.9174260497093201
1.0,1,0.9997226595878601
1.0,1,0.9966824650764465
1.0,1,0.3221583068370819
1.0,1,0.9897124767303467
1.0,1,0.9923438429832458
1.0,1,0.9506588578224182
1.0,1,0.9983949065208435
1.0,1,0.9997491240501404
0.0,0,0.039950497448444366
1.0,1,0.9999607801437378
0.0,1,0.9892575144767761
0.0,1,0.6687607765197754
0.0,0,0.00565338833257556
1.0,1,0.9999769926071167
0.0,0,0.018019428476691246
0.0,0,0.0005049018654972315
1.0,1,0.998890221118927
1.0,1,0.999752938747406
1.0,1,0.9917069673538208
0.0,1,0.9827358722686768
0.0,0,0.0030361819081008434
0.0,0,0.07340000569820404
1.0,1,0.3291567265987396
1.0,1,0.980430543422699
0.0,0,0.00015247422561515123
0.0,1,0.8808279633522034
0.0,0,0.002813956933096051
1.0,1,0.9983034133911133
1.0,1,0.9944118857383728
0.0,0,0.0039746118709445
1.0,1,0.9714031219482422
1.0,1,0.9999725818634033
0.0,0,0.0020964692812412977
1.0,1,0.9983817338943481
0.0,0,4.1998438973678276e-05
0.0,0,0.00023680883168708533
1.0,1,0.9962430000305176
0.0,0,0.011914803646504879
1.0,1,0.9949766397476196
1.0,1,0.9998694658279419
1.0,0,0.0007753352401778102
0.0,0,0.00013267910981085151
1.0,1,0.9989681243896484
1.0,1,0.999919056892395
0.0,1,0.8518238663673401
0.0,0,0.0007650844054296613
1.0,1,0.9999696016311646
1.0,1,0.9840142130851746
1.0,1,0.9986740350723267
1.0,1,0.8084555268287659
1.0,1,0.8844526410102844
0.0,0,3.311937325634062e-05
1.0,0,0.018486903980374336
1.0,1,0.9971864819526672
1.0,1,0.9999226331710815
0.0,0,0.0005515712546184659
1.0,0,0.09861232340335846
0.0,1,0.3935825824737549
0.0,0,0.0003140440094284713
0.0,0,0.011467634700238705
0.0,0,5.062694981461391e-05
0.0,0,0.0003170021518599242
0.0,0,0.04146226495504379
0.0,0,0.00012832826178055257
1.0,1,0.6186888217926025
1.0,1,0.9986336827278137
0.0,0,0.07048192620277405
0.0,0,1.8571077816886827e-05
0.0,0,0.07997627556324005
1.0,0,0.005779298488050699
0.0,0,0.007015930023044348
0.0,1,0.8408538103103638
0.0,0,4.5560031139757484e-05
0.0,0,0.0003893571556545794
0.0,1,0.6936665177345276
1.0,1,0.9951879978179932
0.0,0,0.0001112325771828182
1.0,1,0.8767442107200623
1.0,1,0.9995043277740479
0.0,0,0.001453154138289392
0.0,0,0.0003546822408679873
0.0,0,0.15807904303073883
0.0,1,0.4328702390193939
0.0,0,0.001616254448890686
0.0,0,0.0035179464612156153
0.0,0,0.0021572874393314123
1.0,1,0.8804246783256531
0.0,0,0.004785571713000536
0.0,0,0.07402117550373077
0.0,0,0.0005576251423917711
0.0,0,0.06462540477514267
1.0,1,0.9968773126602173
0.0,0,0.00022187856666278094
0.0,0,0.0010251308558508754
0.0,0,0.10959876328706741
1.0,1,0.8009951710700989
0.0,0,0.05448048189282417
0.0,0,0.00038485482218675315
0.0,1,0.37202584743499756
1.0,0,0.008946351706981659
0.0,0,0.031398955732584
1.0,1,0.9671072363853455
0.0,0,0.010464419610798359
1.0,1,0.9979414343833923
1.0,1,0.9762781858444214
1.0,1,0.9966404438018799
0.0,1,0.8957829475402832
0.0,0,0.1027042344212532
0.0,0,0.06679127365350723
0.0,0,0.08664587885141373
0.0,0,0.001408850308507681
0.0,0,4.7272449592128396e-05
0.0,0,0.0014044485287740827
1.0,1,0.6038317084312439
1.0,1,0.9999657869338989
1.0,0,0.0005454731290228665
0.0,1,0.4400915503501892
1.0,0,0.0019124636892229319
1.0,0,0.0394911989569664
0.0,0,0.0028596881311386824
0.0,0,5.47198360436596e-05
0.0,0,0.0005106058088131249
1.0,1,0.9953142404556274
1.0,1,0.9503363966941833
1.0,1,0.9999562501907349
1.0,1,0.9977239966392517
1.0,0,0.08095616847276688
1.0,1,0.5163099765777588
0.0,0,8.758848707657307e-05
0.0,0,1.3203392882132903e-05
1.0,1,0.7248110771179199
1.0,1,0.8460513949394226
0.0,0,0.0013020600890740752
0.0,0,4.271014404366724e-05
1.0,1,0.9718641042709351
0.0,0,1.232496344982792e-07
0.0,1,0.6725210547447205
0.0,0,0.00316490326076746
1.0,1,0.9994495511054993
1.0,1,0.3741416037082672
0.0,0,5.9920774219790474e-05
1.0,1,0.9779812693595886
0.0,0,0.003052367363125086
0.0,0,0.004731949418783188
0.0,1,0.7849106788635254
0.0,0,0.0017850786680355668
0.0,0,0.0038440481293946505
0.0,0,9.697012865217403e-05
0.0,0,0.026845257729291916
0.0,0,0.0006028586649335921
1.0,1,0.868320107460022
1.0,1,0.8901355266571045
0.0,0,0.0006135745206847787
1.0,1,0.842054009437561
1.0,0,0.0005754689336754382
0.0,0,2.3343609427683987e-05
1.0,1,0.9015662670135498
1.0,1,0.9901087284088135
0.0,0,0.0004515675245784223
0.0,0,0.00605947757139802
1.0,1,0.999964714050293
0.0,0,0.0019423908088356256
1.0,1,0.9994243383407593
0.0,0,0.13140641152858734
0.0,0,0.017840173095464706
0.0,0,0.011683644726872444
0.0,0,0.015125791542232037
1.0,0,0.07423549890518188
0.0,1,0.2999844551086426
0.0,0,0.0005413853214122355
0.0,0,0.00010884977382374927
0.0,0,0.003825725056231022
0.0,0,0.00016399049491155893
1.0,1,0.7408508658409119
1.0,1,0.8791289329528809
1.0,1,0.999922513961792
0.0,0,0.005511486902832985
1.0,1,0.9965124726295471
1.0,1,0.9632167220115662
1.0,0,0.08746257424354553
1.0,1,0.9980244636535645
0.0,1,0.9371534585952759
1.0,0,0.0012409324990585446
0.0,1,0.8009209632873535
1.0,1,0.9964954257011414
0.0,1,0.7923633456230164
0.0,0,7.92575428931741e-06
0.0,1,0.7328188419342041
0.0,0,0.00041450868593528867
0.0,0,0.14548134803771973
1.0,1,0.9994226694107056
1.0,1,0.9981904625892639
0.0,0,0.014629699289798737
0.0,0,0.00012705805420409888
0.0,0,0.08223027735948563
0.0,0,0.00016334130486939102
1.0,0,0.03500758484005928
1.0,1,0.9997552037239075
0.0,0,0.0014327323297038674
0.0,1,0.9152845740318298
1.0,1,0.8740185499191284
0.0,0,4.603884372045286e-05
1.0,1,0.9970030188560486
1.0,0,0.15864333510398865
1.0,1,0.9999129772186279
0.0,0,0.03671134635806084
0.0,0,0.04834382236003876
0.0,0,0.0014324894873425364
0.0,0,0.005133799277245998
0.0,0,9.50713365455158e-05
0.0,0,0.2594989240169525
1.0,1,0.984951913356781
0.0,0,6.437857518903911e-05
0.0,1,0.45326077938079834
0.0,0,0.00028074043802917004
0.0,0,0.001192444353364408
0.0,0,0.0012747796718031168
0.0,0,0.053931355476379395
0.0,0,0.011958309449255466
1.0,1,0.7468171715736389
1.0,1,0.9888767600059509
1.0,1,0.6903956532478333
1.0,1,0.9077757596969604
1.0,1,0.9698535799980164
0.0,0,2.433804183965549e-05
0.0,0,0.00027126140776090324
0.0,0,0.01859026961028576
1.0,1,0.923336386680603
0.0,0,0.0023847646079957485
0.0,0,0.035341180860996246
0.0,0,0.0008728352258913219
1.0,1,0.9984115362167358
1.0,1,0.9984999895095825
0.0,0,0.00015906653425190598
1.0,1,0.998792290687561
1.0,1,0.9977328777313232
0.0,0,0.00040225242264568806
0.0,0,0.2771603465080261
0.0,0,0.00020191910152789205
0.0,0,0.11527218669652939
1.0,1,0.9965877532958984
1.0,1,0.9817042946815491
1.0,1,0.9146351218223572
0.0,0,0.000545525923371315
0.0,0,0.017169425264000893
0.0,0,0.04517403617501259
1.0,1,0.9737136363983154
0.0,0,0.0011693687411025167
1.0,1,0.9984643459320068
1.0,1,0.9984020590782166
0.0,0,0.0010804140474647284
0.0,0,0.0025149909779429436
0.0,0,0.0013139710063114762
1.0,1,0.9563121795654297
1.0,0,0.27447131276130676
0.0,0,4.287124829716049e-05
0.0,0,0.00010143919644178823
0.0,0,1.0441455742693506e-05
0.0,0,0.18995696306228638
1.0,1,0.7302711009979248
0.0,0,0.007858327589929104
0.0,0,0.262090265750885
0.0,0,0.004628445953130722
1.0,0,0.016007523983716965
1.0,1,0.998379111289978
0.0,0,0.0016504452796652913
1.0,1,0.9846912026405334
1.0,1,0.9014469981193542
0.0,0,0.0003910863888449967
0.0,0,0.003077377798035741
0.0,0,0.011429248377680779
1.0,0,0.03366928920149803
0.0,0,0.008904950693249702
0.0,0,6.859286077087745e-05
0.0,0,0.0030386236030608416
0.0,0,0.09591206908226013
0.0,0,0.05274367332458496
0.0,1,0.9961956739425659
0.0,0,0.0013243310386314988
0.0,0,0.0006305592251010239
1.0,1,0.9999836683273315
0.0,0,0.17116901278495789
0.0,0,0.01088213361799717
1.0,1,0.6121973395347595
1.0,0,0.0013073356822133064
1.0,1,0.993906557559967
0.0,0,0.04081368073821068
1.0,1,0.9907169938087463
1.0,1,0.8595479726791382
0.0,0,0.003181049833074212
0.0,0,0.0002833812031894922
1.0,1,0.9307379722595215
1.0,1,0.9994219541549683
0.0,0,0.0005456135259009898
1.0,1,0.9985671043395996
0.0,1,0.339101642370224
1.0,1,0.9996926784515381
1.0,1,0.9343051910400391
0.0,0,0.05329009145498276
1.0,0,0.07566237449645996
0.0,1,0.982149064540863
0.0,0,0.00014220710727386177
0.0,0,2.5012415790115483e-05
1.0,0,0.0006924298359081149
0.0,0,0.05110019072890282
1.0,1,0.8435876965522766
1.0,1,0.9821141362190247
0.0,0,0.0006895261467434466
0.0,0,0.00019065584638155997
0.0,0,0.02156360074877739
1.0,1,0.9953710436820984
0.0,0,0.0009913514368236065
0.0,0,0.037546489387750626
1.0,0,0.18191900849342346
0.0,0,0.003920502495020628
0.0,0,0.0002833241887856275
0.0,0,0.00681430846452713
0.0,0,1.3552638847613707e-05
0.0,0,0.0006586076924577355
1.0,1,0.9999065399169922
0.0,0,0.012849169783294201
1.0,1,0.5656402111053467
0.0,0,2.9148282010282855e-07
0.0,0,2.3775444333296036e-06
0.0,0,0.007382596842944622
0.0,0,0.015117290429770947
1.0,1,0.999984622001648
1.0,1,0.9615898728370667
0.0,1,0.9767905473709106
0.0,0,7.011398702161387e-05
0.0,0,0.0007491919095627964
1.0,1,0.8719494342803955
1.0,1,0.999860405921936
0.0,1,0.9328561425209045
1.0,1,0.999397873878479
1.0,1,0.9955090284347534
0.0,0,9.691354352980852e-05
1.0,1,0.4940321743488312
0.0,0,0.0003008726635016501
0.0,0,0.0022450576070696115
0.0,0,0.0077281370759010315
0.0,0,0.004056600853800774
0.0,1,0.997373104095459
0.0,0,5.8337564041721635e-06
0.0,0,0.0018646412063390017
0.0,0,0.00037476953002624214
1.0,1,0.9808810949325562
1.0,1,0.8511892557144165
1.0,1,0.9998015761375427
1.0,1,0.9991737008094788
0.0,0,4.890813215752132e-05
1.0,1,0.8898744583129883
0.0,0,0.0009816421661525965
1.0,1,0.9438187479972839
1.0,1,0.9984163045883179
0.0,0,0.00014245712372940034
0.0,1,0.9960811734199524
1.0,1,0.5365156531333923
1.0,1,0.9999788999557495
0.0,1,0.39806151390075684
1.0,1,0.9978764057159424
1.0,1,0.8403419852256775
0.0,0,0.0004990881425328553
1.0,1,0.9998878240585327
0.0,0,0.008913034573197365
0.0,0,0.00016969673743005842
1.0,1,0.999981164932251
1.0,1,0.9717763662338257
1.0,1,0.7471609115600586
1.0,0,0.16153360903263092
0.0,0,0.002410041866824031
1.0,1,0.7696788907051086
0.0,0,0.020601622760295868
1.0,1,0.6763906478881836
0.0,0,0.010123041458427906
1.0,1,0.9785374402999878
1.0,1,0.996768593788147
1.0,1,0.42211979627609253
0.0,0,0.18106482923030853
1.0,1,0.9979571104049683
1.0,1,0.9985313415527344
0.0,0,1.3955285567135434e-06
1.0,1,0.7231203317642212
0.0,0,0.000703062629327178
1.0,1,0.9620696902275085
1.0,1,0.9703830480575562
0.0,0,0.008207984268665314
1.0,1,0.8890308737754822
0.0,1,0.9998146891593933
0.0,0,0.0012806460727006197
0.0,0,0.01926327683031559
0.0,0,2.615123776195105e-06
1.0,1,0.8884723782539368
0.0,0,2.208705154771451e-06
0.0,1,0.6667746901512146
0.0,0,0.2444046586751938
0.0,0,2.089977715513669e-05
1.0,1,0.9980711340904236
1.0,1,0.9927873015403748
1.0,1,0.9999372959136963
1.0,1,0.8603163957595825
1.0,1,0.9016394019126892
1.0,1,0.8106293082237244
0.0,1,0.492745041847229
