y_true,y_pred,y_score
0.0,0,0.17967237532138824
1.0,1,0.9499742388725281
1.0,1,0.8344482183456421
1.0,1,0.7342483401298523
1.0,1,0.9755527377128601
0.0,0,0.1950029730796814
1.0,1,0.9934129118919373
0.0,0,0.15354233980178833
1.0,1,0.9538276791572571
1.0,1,0.9559528827667236
1.0,0,0.16264528036117554
0.0,1,0.9758074879646301
0.0,1,0.9275743961334229
0.0,0,0.10472217202186584
1.0,1,0.9970557689666748
1.0,1,0.9594302773475647
0.0,1,0.5830699801445007
0.0,0,0.002818664535880089
0.0,0,0.18949295580387115
0.0,1,0.7023267149925232
0.0,0,0.21736213564872742
0.0,0,0.09052328765392303
0.0,0,0.07413453608751297
0.0,0,0.4757547080516815
1.0,1,0.9914308190345764
0.0,1,0.5990981459617615
1.0,0,0.08687605708837509
0.0,0,0.24926070868968964
1.0,0,0.17720746994018555
0.0,0,0.4037020206451416
1.0,1,0.988816499710083
1.0,1,0.9982940554618835
1.0,1,0.9982873797416687
0.0,0,0.15023711323738098
1.0,1,0.6082412004470825
1.0,1,0.9576515555381775
0.0,0,0.03395345062017441
1.0,1,0.9926338791847229
1.0,1,0.9946309328079224
1.0,1,0.84056556224823
1.0,1,0.9744008183479309
1.0,0,0.4012308418750763
0.0,0,0.02644912526011467
1.0,1,0.9774894118309021
0.0,0,0.23281651735305786
1.0,1,0.8967451453208923
0.0,0,0.0019811701495200396
1.0,1,0.9864200949668884
0.0,0,0.3402530550956726
0.0,0,0.5115761756896973
0.0,0,0.06736934930086136
0.0,0,0.052465904504060745
0.0,0,0.13043321669101715
1.0,1,0.9997770190238953
1.0,0,0.5265191197395325
1.0,1,0.9692692756652832
0.0,0,0.015656432136893272
0.0,0,0.3184366524219513
0.0,0,0.30960753560066223
1.0,1,0.9747911095619202
0.0,0,0.00013387227954808623
1.0,1,0.9162894487380981
1.0,1,0.7920132279396057
0.0,0,0.01808197610080242
0.0,0,0.0568322092294693
1.0,1,0.9743555784225464
1.0,1,0.997062623500824
1.0,1,0.9939377307891846
0.0,0,0.35100817680358887
0.0,0,0.07235319167375565
0.0,1,0.8121081590652466
0.0,1,0.6699392199516296
1.0,1,0.9421564936637878
0.0,0,0.06361493468284607
0.0,0,0.03549058362841606
1.0,1,0.9954490065574646
1.0,0,0.12213174253702164
1.0,1,0.9816802740097046
0.0,0,0.42375829815864563
1.0,1,0.5716990232467651
1.0,1,0.9297370910644531
1.0,1,0.5895693898200989
1.0,1,0.979390025138855
0.0,1,0.8800332546234131
0.0,1,0.8349801301956177
0.0,0,0.3077586889266968
1.0,1,0.7044199109077454
0.0,0,0.4348745346069336
1.0,1,0.942149817943573
0.0,1,0.8415687084197998
0.0,1,0.5688886046409607
0.0,0,0.028443610295653343
0.0,0,0.4949038326740265
1.0,0,0.03324473276734352
1.0,1,0.9708070755004883
1.0,1,0.9997761845588684
0.0,0,0.02550513483583927
1.0,1,0.996492326259613
0.0,0,0.16938120126724243
0.0,0,0.24531634151935577
0.0,0,0.3054230809211731
0.0,0,0.19347429275512695
0.0,0,0.017882397398352623
1.0,1,0.7955669164657593
0.0,0,0.020916586741805077
1.0,1,0.9954304695129395
0.0,0,0.004795949440449476
1.0,0,0.11005950719118118
0.0,0,0.08842892944812775
0.0,0,0.16876515746116638
0.0,0,0.048266518861055374
0.0,0,0.05884663760662079
0.0,0,0.04695121571421623
1.0,1,0.9457942843437195
0.0,0,0.17815157771110535
0.0,0,0.08553227037191391
0.0,0,0.04436716437339783
1.0,1,0.9934003353118896
1.0,1,0.9519149661064148
1.0,1,0.986754834651947
0.0,1,0.9253093004226685
0.0,0,0.23544061183929443
0.0,0,0.17906023561954498
1.0,0,0.3432198166847229
0.0,0,0.07572095841169357
0.0,0,0.029306810349225998
1.0,1,0.9830564856529236
1.0,1,0.9902461767196655
0.0,0,0.21444158256053925
1.0,1,0.9539158344268799
1.0,1,0.8906046748161316
1.0,1,0.8789699673652649
1.0,0,0.1919700801372528
0.0,1,0.5485313534736633
1.0,1,0.9872127175331116
1.0,1,0.9789032936096191
1.0,1,0.9868988990783691
1.0,0,0.4887472689151764
0.0,0,0.0816490426659584
0.0,0,0.052110861986875534
1.0,0,0.20249629020690918
0.0,0,0.002679576864466071
1.0,1,0.6982198357582092
1.0,1,0.9924758076667786
1.0,1,0.9776709079742432
1.0,0,0.4490681290626526
0.0,0,0.41984620690345764
1.0,1,0.7414792776107788
0.0,0,0.026234101504087448
0.0,0,0.2564997375011444
0.0,0,0.5131889581680298
0.0,0,0.012169722467660904
0.0,0,0.01112997718155384
0.0,0,0.017512289807200432
0.0,0,0.00903481338173151
0.0,0,0.10926596820354462
0.0,0,0.3197157084941864
0.0,1,0.6329633593559265
0.0,0,0.31790560483932495
1.0,1,0.8316107392311096
1.0,1,0.9818999767303467
1.0,1,0.9306095838546753
0.0,1,0.5785000920295715
0.0,0,0.3656366765499115
0.0,0,0.028071973472833633
0.0,0,0.2715161144733429
0.0,1,0.9729588627815247
0.0,0,0.4857231676578522
1.0,1,0.9941535592079163
0.0,0,0.08176524937152863
0.0,0,0.2692578136920929
0.0,0,0.24184975028038025
0.0,0,0.07946555316448212
1.0,0,0.0860416367650032
0.0,0,0.036736760288476944
0.0,1,0.6302387118339539
1.0,0,0.4578692615032196
1.0,1,0.6706290245056152
1.0,1,0.87176114320755
1.0,1,0.6313776969909668
1.0,0,0.34676888585090637
0.0,1,0.8409037590026855
0.0,0,0.07734738290309906
1.0,1,0.7475312948226929
1.0,1,0.9005217552185059
0.0,1,0.669869065284729
0.0,1,0.8605379462242126
0.0,0,0.0022133442107588053
0.0,0,0.41816020011901855
0.0,0,0.008783122524619102
0.0,0,0.0708090141415596
0.0,0,0.4040498435497284
1.0,1,0.8924068212509155
1.0,1,0.9937295913696289
1.0,1,0.8812764883041382
1.0,1,0.8752253651618958
0.0,0,0.03159210458397865
0.0,0,0.3188295364379883
0.0,1,0.776352047920227
0.0,0,0.38357195258140564
1.0,1,0.9790899753570557
0.0,1,0.812742292881012
0.0,1,0.7022405862808228
1.0,0,0.4367697238922119
1.0,1,0.992980420589447
0.0,0,0.08781196177005768
1.0,1,0.9146190881729126
1.0,1,0.9961411356925964
0.0,0,0.4516707956790924
0.0,0,0.2997724413871765
0.0,0,0.005473615601658821
1.0,1,0.9434483647346497
0.0,0,0.35624659061431885
1.0,1,0.9772222638130188
0.0,0,0.010989104397594929
0.0,0,0.048658326268196106
0.0,0,0.036848559975624084
1.0,1,0.9985257983207703
1.0,1,0.6422550678253174
0.0,0,0.22954057157039642
0.0,0,0.18023867905139923
0.0,0,0.01613674685359001
1.0,1,0.9809247851371765
0.0,1,0.8059359788894653
1.0,1,0.9964806437492371
0.0,0,0.00911749992519617
0.0,1,0.7443621158599854
0.0,0,0.03916628658771515
0.0,0,0.10409175604581833
0.0,0,0.484355092048645
0.0,0,0.07147394120693207
1.0,0,0.14498992264270782
0.0,0,0.38593897223472595
1.0,1,0.877158522605896
0.0,1,0.9896748661994934
0.0,0,0.04984910786151886
0.0,0,0.4881897270679474
0.0,0,0.5039131045341492
1.0,1,0.8317297101020813
0.0,0,0.32934847474098206
1.0,1,0.9980467557907104
0.0,1,0.9370197057723999
0.0,0,0.21673205494880676
0.0,0,0.0010186368599534035
1.0,1,0.9031611084938049
1.0,1,0.9986091256141663
0.0,0,0.29897522926330566
0.0,0,0.257611483335495
1.0,1,0.9715855121612549
1.0,1,0.9819356203079224
0.0,1,0.8906956315040588
1.0,1,0.9857231974601746
1.0,1,0.9927991628646851
0.0,0,0.006900160573422909
1.0,1,0.9982264637947083
0.0,1,0.6440860629081726
0.0,0,0.006388408597558737
0.0,0,0.274135947227478
0.0,0,0.028310192748904228
1.0,1,0.9943132400512695
1.0,1,0.5464881658554077
1.0,1,0.9922968745231628
0.0,0,0.4308173358440399
1.0,1,0.652616560459137
1.0,1,0.7246778011322021
1.0,0,0.35239630937576294
0.0,0,0.012241898104548454
1.0,0,0.2894662916660309
0.0,0,0.1779223084449768
1.0,1,0.9893984794616699
1.0,1,0.9507448077201843
0.0,0,0.007793773431330919
1.0,1,0.9981862902641296
0.0,0,0.09669502079486847
1.0,1,0.8261727690696716
1.0,1,0.9925013780593872
0.0,0,0.46846339106559753
0.0,1,0.6933792233467102
1.0,1,0.9888119697570801
1.0,1,0.9870654344558716
0.0,0,0.2677590250968933
0.0,0,0.010266897268593311
1.0,1,0.9948780536651611
1.0,1,0.855785071849823
0.0,0,0.5055860877037048
0.0,1,0.6335951685905457
0.0,0,0.02278054691851139
0.0,0,0.08236514776945114
0.0,1,0.8633698225021362
1.0,1,0.8412966132164001
1.0,1,0.9226934909820557
1.0,0,0.18175654113292694
0.0,0,0.006312298122793436
1.0,1,0.8874818682670593
0.0,0,0.39845964312553406
1.0,0,0.059263333678245544
1.0,1,0.9874749779701233
1.0,1,0.9557638168334961
1.0,1,0.970321536064148
1.0,0,0.21758562326431274
1.0,1,0.9988152980804443
0.0,0,0.009776575490832329
1.0,1,0.9800164103507996
1.0,1,0.7871325612068176
0.0,0,0.0037189973518252373
1.0,1,0.8472763895988464
0.0,0,0.2846764028072357
1.0,1,0.8336905241012573
1.0,1,0.9404405355453491
0.0,0,0.1256888210773468
0.0,0,0.2605990767478943
1.0,1,0.808892548084259
1.0,1,0.87196284532547
0.0,1,0.843097448348999
0.0,1,0.5565316677093506
0.0,0,0.14134639501571655
1.0,1,0.991280734539032
1.0,1,0.90265953540802
0.0,0,0.25567522644996643
1.0,1,0.9847059845924377
1.0,0,0.29790613055229187
1.0,1,0.625466525554657
1.0,0,0.12906205654144287
0.0,0,0.04798147827386856
1.0,1,0.7982161045074463
0.0,0,0.026745496317744255
0.0,1,0.5902406573295593
0.0,0,0.05134184658527374
1.0,1,0.8133588433265686
0.0,0,0.0752878338098526
1.0,1,0.9536553621292114
1.0,1,0.9993829727172852
1.0,1,0.9601097106933594
0.0,1,0.6929461359977722
1.0,1,0.8013089299201965
1.0,1,0.9221333861351013
0.0,0,0.07679381221532822
1.0,1,0.926206648349762
0.0,0,0.021225016564130783
1.0,0,0.012673682533204556
1.0,1,0.9939613342285156
1.0,1,0.9879781007766724
1.0,0,0.10726103186607361
0.0,0,0.04316207766532898
0.0,1,0.632832407951355
1.0,1,0.8355021476745605
1.0,0,0.29628220200538635
1.0,1,0.8831532597541809
0.0,1,0.8114569187164307
0.0,0,0.006148832384496927
1.0,0,0.345266193151474
0.0,0,0.3279924988746643
0.0,1,0.7532915472984314
1.0,1,0.971152126789093
0.0,0,0.10902075469493866
1.0,1,0.9987732768058777
1.0,1,0.993134617805481
0.0,0,0.030548712238669395
0.0,0,0.1614762842655182
1.0,1,0.8249394297599792
1.0,0,0.2267586588859558
0.0,1,0.6702684164047241
1.0,1,0.9955315589904785
0.0,0,0.2991142272949219
0.0,1,0.9852977395057678
1.0,1,0.9994127750396729
0.0,0,0.116599440574646
0.0,0,0.06025822460651398
1.0,1,0.8656034469604492
1.0,1,0.9844792485237122
1.0,1,0.9259472489356995
0.0,0,0.23569591343402863
0.0,0,0.12443695962429047
0.0,0,0.4594528377056122
1.0,1,0.9272854328155518
0.0,0,0.015070241875946522
1.0,1,0.9880452752113342
0.0,0,0.02020920254290104
0.0,0,0.03204002603888512
1.0,0,0.06418010592460632
0.0,0,0.08861660957336426
1.0,1,0.9582030773162842
1.0,1,0.9332289099693298
0.0,0,0.33351755142211914
1.0,1,0.9920027256011963
0.0,0,0.30417758226394653
1.0,0,0.12457261234521866
0.0,0,0.42467501759529114
0.0,0,0.08590591698884964
0.0,0,0.1927637904882431
1.0,0,0.02180875651538372
1.0,0,0.46150538325309753
1.0,1,0.9280595779418945
0.0,0,0.13669483363628387
1.0,1,0.9643110036849976
0.0,1,0.696511447429657
1.0,1,0.9694591760635376
1.0,1,0.8725773692131042
1.0,1,0.9889367818832397
0.0,0,0.4933331310749054
1.0,1,0.9802263975143433
1.0,1,0.7556504011154175
0.0,1,0.6526220440864563
1.0,1,0.9990336894989014
0.0,0,0.21996323764324188
0.0,0,0.2465074211359024
0.0,0,0.1847357600927353
0.0,1,0.6738783717155457
1.0,1,0.9972057938575745
1.0,1,0.985800564289093
0.0,0,0.005478440783917904
1.0,1,0.9968506693840027
1.0,1,0.9991727471351624
1.0,0,0.2755379378795624
0.0,0,0.475503534078598
0.0,0,0.41300490498542786
0.0,0,0.09891489893198013
1.0,0,0.5291329622268677
1.0,1,0.9856480360031128
1.0,1,0.6329237222671509
1.0,0,0.4159512221813202
1.0,1,0.9996844530105591
1.0,1,0.9738445281982422
0.0,0,0.04918079078197479
1.0,1,0.9826256036758423
0.0,1,0.7280399799346924
1.0,1,0.9884983897209167
1.0,1,0.9993911981582642
0.0,1,0.7413076162338257
1.0,1,0.9760611057281494
0.0,0,0.0008475871291011572
1.0,1,0.9831402897834778
1.0,1,0.9829632043838501
0.0,1,0.7176458835601807
0.0,0,0.24578896164894104
1.0,1,0.7924965620040894
1.0,1,0.9916717410087585
0.0,0,0.03976281359791756
0.0,0,0.2687562108039856
0.0,0,0.17759665846824646
0.0,0,0.08945928514003754
0.0,0,0.07265316694974899
0.0,0,0.19654956459999084
0.0,1,0.9314712285995483
1.0,1,0.6022042036056519
1.0,1,0.9897060394287109
0.0,0,0.0524357371032238
1.0,1,0.9899641871452332
0.0,0,0.4569850265979767
1.0,1,0.8501723408699036
1.0,0,0.08919031918048859
1.0,1,0.9674087166786194
0.0,1,0.5590616464614868
1.0,1,0.9807583093643188
1.0,1,0.9975625276565552
0.0,0,0.035428959876298904
0.0,0,0.12936435639858246
1.0,1,0.9913861751556396
0.0,0,0.007369120605289936
1.0,1,0.96653151512146
0.0,0,0.32166898250579834
1.0,0,0.11839841306209564
1.0,0,0.15412035584449768
1.0,1,0.9912474751472473
1.0,1,0.997387707233429
0.0,0,0.3510110080242157
0.0,0,0.08778687566518784
1.0,1,0.9020049571990967
1.0,1,0.9986881613731384
1.0,1,0.9822516441345215
1.0,0,0.31170380115509033
1.0,1,0.997153639793396
1.0,0,0.11307325214147568
1.0,0,0.030726950615644455
0.0,0,0.04599171504378319
0.0,1,0.5637336373329163
1.0,1,0.980912983417511
0.0,0,0.39760875701904297
1.0,1,0.9925469756126404
0.0,0,0.017645562067627907
1.0,1,0.8563239574432373
0.0,0,0.38740357756614685
1.0,1,0.8232135772705078
0.0,0,0.457424134016037
0.0,0,0.039339594542980194
0.0,0,0.01556776650249958
0.0,1,0.6763454079627991
1.0,1,0.8766465187072754
0.0,0,0.018224414438009262
1.0,1,0.9314240217208862
0.0,1,0.7371577024459839
1.0,0,0.415041983127594
0.0,0,0.39072588086128235
1.0,0,0.40626615285873413
1.0,1,0.8384995460510254
1.0,1,0.6848492622375488
1.0,0,0.047410495579242706
1.0,1,0.9963858127593994
1.0,0,0.35053664445877075
0.0,0,0.01830698736011982
1.0,0,0.2264004647731781
1.0,1,0.9992307424545288
0.0,0,0.0038064266555011272
1.0,1,0.9761441349983215
0.0,0,0.3070504367351532
0.0,0,0.2516024708747864
0.0,0,0.07083968818187714
0.0,0,0.029016487300395966
1.0,1,0.7842255234718323
0.0,0,0.15742309391498566
0.0,0,0.31955334544181824
0.0,1,0.6512303352355957
1.0,1,0.6344438791275024
0.0,1,0.8340792059898376
0.0,0,0.0408424474298954
0.0,0,0.03433942422270775
1.0,1,0.9518186450004578
0.0,0,0.18766535818576813
1.0,1,0.9873954653739929
0.0,0,0.017343981191515923
0.0,1,0.8864341974258423
0.0,1,0.8446787595748901
0.0,0,0.2349461168050766
0.0,0,0.4044182300567627
1.0,1,0.9706215262413025
1.0,1,0.9486876130104065
1.0,1,0.9869197607040405
0.0,0,0.1586284190416336
0.0,0,0.11746253073215485
1.0,1,0.9773949980735779
1.0,1,0.9500815272331238
1.0,1,0.8624796271324158
1.0,1,0.844700813293457
1.0,0,0.5336905121803284
1.0,1,0.9926072359085083
0.0,0,0.1800728589296341
0.0,1,0.6097842454910278
1.0,1,0.9074307084083557
0.0,0,0.01448732614517212
0.0,1,0.9349347949028015
0.0,0,0.020929228514432907
0.0,0,0.0029554020147770643
1.0,1,0.9625821709632874
0.0,1,0.6433712840080261
1.0,1,0.8871465921401978
0.0,0,0.17486682534217834
0.0,1,0.948599100112915
1.0,1,0.908379077911377
1.0,1,0.9103653430938721
1.0,1,0.9423972964286804
0.0,0,0.09546059370040894
0.0,1,0.645584225654602
1.0,1,0.6592790484428406
1.0,1,0.9919722080230713
1.0,1,0.6247376799583435
0.0,0,0.001991736004129052
1.0,1,0.9958686828613281
1.0,1,0.9852260947227478
1.0,1,0.9796109199523926
0.0,0,0.031709540635347366
0.0,0,0.320137083530426
0.0,0,0.1135406419634819
1.0,1,0.7727271318435669
1.0,1,0.9851821064949036
0.0,1,0.7317744493484497
0.0,0,0.4802636206150055
0.0,0,0.31747204065322876
0.0,0,0.014245742931962013
1.0,1,0.9626525044441223
0.0,0,0.04870802164077759
0.0,0,0.3057731091976166
1.0,1,0.6176010370254517
1.0,1,0.8994871377944946
0.0,0,0.0032208473421633244
1.0,1,0.8527396321296692
0.0,0,0.34063830971717834
0.0,1,0.7595105767250061
0.0,1,0.897836446762085
1.0,1,0.992371678352356
0.0,0,0.32994961738586426
1.0,1,0.9746618866920471
0.0,0,0.020640965551137924
0.0,0,0.03995819017291069
1.0,1,0.9965460896492004
1.0,1,0.9418917894363403
0.0,1,0.5797725915908813
1.0,1,0.8890294432640076
0.0,0,0.2954171597957611
1.0,1,0.884811282157898
0.0,0,0.2710719108581543
0.0,0,0.0345650389790535
1.0,1,0.7805284857749939
0.0,0,0.0026680543087422848
0.0,0,0.3738306164741516
1.0,1,0.928199052810669
0.0,1,0.5915951728820801
0.0,0,0.02586016245186329
0.0,0,0.04212336614727974
1.0,0,0.3036400377750397
0.0,0,0.04389633983373642
0.0,0,0.16222918033599854
0.0,0,0.059897277504205704
1.0,1,0.9960591793060303
0.0,0,0.0910286083817482
1.0,1,0.9424506425857544
1.0,1,0.9901790618896484
0.0,0,0.007617626339197159
1.0,0,0.38753238320350647
0.0,1,0.6078256368637085
0.0,0,0.08068430423736572
1.0,1,0.9879422783851624
0.0,0,0.4885777235031128
1.0,1,0.8207764029502869
0.0,1,0.9080543518066406
0.0,0,0.46281546354293823
1.0,1,0.9949871301651001
1.0,1,0.9966874718666077
0.0,0,0.025417951866984367
0.0,0,0.1944984346628189
1.0,1,0.7942603230476379
1.0,1,0.567036509513855
1.0,1,0.9789044260978699
1.0,1,0.9341009855270386
0.0,1,0.7214857935905457
0.0,0,0.27071571350097656
0.0,0,0.3638196885585785
1.0,1,0.9631437063217163
0.0,0,0.0009698784560896456
0.0,0,0.3142087757587433
0.0,0,0.017080945894122124
0.0,1,0.5647980570793152
0.0,0,0.026439201086759567
1.0,1,0.9896485209465027
0.0,1,0.9790416359901428
1.0,1,0.9985923171043396
0.0,0,0.23677882552146912
1.0,0,0.19319337606430054
0.0,0,0.202305868268013
0.0,0,0.02883700095117092
0.0,0,0.0013631513575091958
1.0,1,0.9895893931388855
1.0,1,0.7454462647438049
1.0,1,0.9903373718261719
0.0,0,0.0046328348107635975
0.0,0,0.001578724943101406
1.0,1,0.7138298749923706
1.0,1,0.8104293942451477
0.0,0,0.3631855845451355
1.0,1,0.976211428642273
1.0,1,0.9989389777183533
1.0,1,0.9988998174667358
0.0,1,0.7397945523262024
0.0,1,0.5889907479286194
0.0,0,0.4065887928009033
1.0,1,0.8363601565361023
1.0,1,0.6486624479293823
0.0,1,0.7150421738624573
1.0,1,0.9707728028297424
1.0,1,0.9725623726844788
0.0,0,0.07204126566648483
0.0,0,0.1993214190006256
1.0,1,0.9945542812347412
0.0,0,0.04538819566369057
0.0,0,0.1543353945016861
0.0,0,0.19449791312217712
1.0,1,0.8688885569572449
1.0,1,0.9959174990653992
0.0,0,0.0027012198697775602
1.0,1,0.9669626355171204
1.0,1,0.9536854028701782
0.0,0,0.31067049503326416
0.0,0,0.03383581340312958
1.0,1,0.8121655583381653
1.0,0,0.1298365741968155
1.0,0,0.20658567547798157
0.0,0,0.28700727224349976
0.0,0,0.26986321806907654
1.0,1,0.9815265536308289
1.0,1,0.9511131644248962
1.0,1,0.9983288645744324
0.0,0,0.006997907534241676
0.0,0,0.373778373003006
1.0,1,0.9905304312705994
1.0,1,0.9942120909690857
1.0,0,0.3779247999191284
1.0,1,0.9930505752563477
1.0,1,0.9515944719314575
1.0,1,0.9707980751991272
0.0,0,0.08240707218647003
0.0,0,0.06831301003694534
1.0,1,0.9922053217887878
1.0,1,0.8010251522064209
0.0,0,0.056377168744802475
1.0,1,0.9799811244010925
0.0,0,0.006074587814509869
1.0,1,0.825942873954773
1.0,1,0.5925312042236328
0.0,1,0.7534223198890686
0.0,0,0.3571067154407501
0.0,0,0.25073859095573425
1.0,1,0.7713927626609802
1.0,1,0.9515988230705261
1.0,0,0.2025783210992813
1.0,1,0.950351893901825
0.0,0,0.13514494895935059
0.0,1,0.9266797304153442
0.0,0,0.2666705548763275
0.0,1,0.992787778377533
0.0,0,0.006889516953378916
0.0,0,0.4848167598247528
0.0,0,0.14705288410186768
1.0,1,0.9667325615882874
1.0,1,0.8380979895591736
1.0,1,0.7843177914619446
0.0,1,0.8254532814025879
1.0,1,0.9813856482505798
0.0,0,0.10556682199239731
0.0,1,0.5978409647941589
1.0,1,0.9675969481468201
0.0,0,0.0029700312297791243
0.0,0,0.002164278645068407
0.0,0,0.2395075112581253
0.0,0,0.11315859854221344
1.0,1,0.8368370532989502
1.0,1,0.9993556141853333
0.0,0,0.005166961345821619
1.0,1,0.8624905347824097
1.0,1,0.9879693984985352
0.0,0,0.29885244369506836
0.0,0,0.1818099319934845
0.0,0,0.3164796233177185
1.0,1,0.8418684601783752
0.0,1,0.6630327105522156
0.0,1,0.9979870319366455
1.0,0,0.2845010459423065
1.0,1,0.9282315969467163
0.0,1,0.7641956210136414
1.0,1,0.9402778744697571
0.0,1,0.9055763483047485
1.0,1,0.9921139478683472
1.0,1,0.9908645749092102
1.0,1,0.9839852452278137
1.0,1,0.98655766248703
1.0,1,0.9771178960800171
0.0,1,0.6124333143234253
1.0,1,0.9968258142471313
0.0,0,0.09187732636928558
1.0,1,0.8718199729919434
0.0,0,0.17237551510334015
0.0,0,0.2046164572238922
1.0,1,0.9612420797348022
0.0,1,0.6764780879020691
1.0,1,0.9969848990440369
1.0,0,0.45777082443237305
1.0,1,0.9007294774055481
1.0,0,0.052505429834127426
1.0,0,0.428528755903244
1.0,1,0.6702826619148254
0.0,0,0.45252344012260437
1.0,1,0.8137515783309937
1.0,1,0.9554600715637207
0.0,0,0.20709127187728882
0.0,0,0.014667823910713196
0.0,0,0.016025079414248466
0.0,1,0.9726620316505432
0.0,1,0.6560095548629761
0.0,0,0.023378705605864525
1.0,1,0.7446675896644592
1.0,1,0.9920523166656494
0.0,0,0.16138200461864471
0.0,0,0.2475670725107193
0.0,1,0.8683669567108154
1.0,1,0.8574752807617188
0.0,1,0.5607706308364868
0.0,0,0.072208933532238
0.0,0,0.3210926949977875
0.0,0,0.007979822345077991
1.0,0,0.11994791030883789
0.0,0,0.17515897750854492
1.0,1,0.991756796836853
0.0,0,0.09527728706598282
0.0,0,0.07790113985538483
1.0,1,0.9097530245780945
0.0,0,0.009552218951284885
1.0,1,0.9845871925354004
0.0,1,0.9354700446128845
1.0,1,0.937697172164917
0.0,0,0.22708562016487122
0.0,0,0.02471344918012619
0.0,0,0.049350105226039886
0.0,0,0.15676991641521454
1.0,1,0.9974365830421448
1.0,1,0.5666739344596863
0.0,0,0.07059786468744278
1.0,1,0.7293269038200378
1.0,1,0.974524199962616
1.0,0,0.3969362676143646
0.0,0,0.008223604410886765
0.0,0,0.1609639674425125
1.0,0,0.0716923177242279
1.0,1,0.6492998003959656
0.0,0,0.09291348606348038
1.0,0,0.32615283131599426
1.0,0,0.1202767938375473
1.0,1,0.8263196349143982
0.0,0,0.04950743168592453
1.0,1,0.9946086406707764
1.0,1,0.9870187044143677
0.0,0,0.4935002326965332
0.0,0,0.32222214341163635
1.0,1,0.9919948577880859
0.0,0,0.04355444386601448
0.0,0,0.04146917909383774
0.0,0,0.21116122603416443
0.0,0,0.07691388577222824
0.0,0,0.36256134510040283
1.0,1,0.9681873917579651
1.0,1,0.9926735758781433
0.0,0,0.023146482184529305
1.0,0,0.39053845405578613
1.0,1,0.6896153688430786
0.0,0,0.07925412058830261
1.0,1,0.5468337535858154
0.0,0,0.11693257093429565
1.0,1,0.5402919054031372
1.0,1,0.6656432747840881
1.0,0,0.3330470025539398
0.0,0,0.5136995911598206
0.0,1,0.7976562976837158
0.0,1,0.8968521356582642
0.0,0,0.539216935634613
1.0,1,0.9767419099807739
1.0,1,0.9746384620666504
0.0,0,0.15276339650154114
1.0,1,0.995073139667511
1.0,1,0.9663537740707397
0.0,0,0.05764204263687134
1.0,1,0.8668785691261292
0.0,0,0.19983842968940735
0.0,1,0.6942885518074036
0.0,0,0.12562470138072968
1.0,1,0.9520429968833923
1.0,0,0.3122905492782593
1.0,0,0.32174113392829895
0.0,1,0.876480758190155
1.0,0,0.428484171628952
1.0,1,0.9603481888771057
0.0,0,0.003982307855039835
1.0,0,0.020862935110926628
0.0,0,0.0179152712225914
0.0,0,0.012222527526319027
1.0,0,0.26235562562942505
1.0,1,0.9874981045722961
1.0,1,0.9948668479919434
1.0,1,0.9941136240959167
1.0,1,0.8177728652954102
1.0,1,0.9778941869735718
1.0,0,0.3212449550628662
0.0,0,0.04115067794919014
0.0,0,0.2548714876174927
1.0,0,0.4982842803001404
0.0,0,0.090469591319561
0.0,0,0.04319880157709122
1.0,1,0.9590420126914978
0.0,0,0.0013839046005159616
0.0,1,0.6803191900253296
0.0,1,0.9802624583244324
1.0,1,0.9096067547798157
0.0,0,0.329891562461853
0.0,1,0.6376150846481323
0.0,0,0.08231654763221741
1.0,1,0.9949970245361328
1.0,1,0.9979776740074158
1.0,1,0.9736847877502441
1.0,1,0.998386025428772
0.0,1,0.8574269413948059
1.0,0,0.1576784998178482
1.0,1,0.9437999129295349
1.0,0,0.2081104815006256
1.0,1,0.9863901138305664
0.0,0,0.08962719142436981
1.0,1,0.9669405817985535
1.0,1,0.5862499475479126
0.0,0,0.07994943112134933
0.0,0,0.20132127404212952
1.0,1,0.7810567617416382
0.0,0,0.17318576574325562
0.0,0,0.021210364997386932
0.0,0,0.5012874603271484
0.0,1,0.8193080425262451
1.0,1,0.7153894305229187
1.0,1,0.9624673128128052
0.0,0,0.015032903291285038
1.0,1,0.9925402998924255
1.0,0,0.46470481157302856
0.0,1,0.6934390068054199
1.0,1,0.9250356554985046
0.0,0,0.018499981611967087
1.0,1,0.9977341890335083
0.0,0,0.0683307945728302
1.0,1,0.9994200468063354
1.0,1,0.9414206743240356
1.0,1,0.9839773774147034
1.0,1,0.982994556427002
1.0,1,0.9347323775291443
1.0,1,0.619701087474823
1.0,1,0.9876452088356018
0.0,0,0.04358826205134392
0.0,0,0.1314803808927536
1.0,1,0.9714250564575195
0.0,0,0.03818035498261452
1.0,1,0.9904260039329529
0.0,0,0.47490575909614563
1.0,0,0.49938350915908813
0.0,0,0.017762169241905212
0.0,0,0.051770590245723724
1.0,1,0.9939059615135193
0.0,0,0.324115127325058
1.0,1,0.7499788999557495
1.0,0,0.31323346495628357
1.0,1,0.7511626482009888
0.0,1,0.7772226929664612
1.0,1,0.9327349662780762
0.0,0,0.2451053261756897
1.0,0,0.053410887718200684
0.0,0,0.05329182371497154
1.0,1,0.731204092502594
0.0,0,0.2245127409696579
0.0,0,0.41865479946136475
1.0,1,0.9811526536941528
0.0,1,0.7217395305633545
1.0,1,0.7143946886062622
0.0,0,0.05374586954712868
1.0,1,0.9864837527275085
0.0,0,0.045435499399900436
0.0,1,0.7748438715934753
1.0,1,0.9784480333328247
0.0,0,0.03372443839907646
1.0,1,0.9125327467918396
1.0,1,0.9004507064819336
0.0,0,0.43998879194259644
1.0,1,0.9113583564758301
0.0,0,0.27224472165107727
0.0,0,0.06229206919670105
1.0,0,0.20261837542057037
1.0,1,0.7555840015411377
0.0,0,0.11470524966716766
0.0,0,0.0274030938744545
1.0,0,0.2537597119808197
1.0,1,0.9268149733543396
0.0,0,0.04923409968614578
0.0,0,0.035172078758478165
0.0,1,0.9926894307136536
1.0,1,0.8431353569030762
1.0,0,0.3776470720767975
0.0,0,0.2531481683254242
0.0,1,0.6146031618118286
0.0,0,0.12207777053117752
0.0,0,0.13770318031311035
0.0,0,0.013630974106490612
1.0,1,0.9974800944328308
1.0,0,0.48177817463874817
0.0,0,0.0030853429343551397
1.0,1,0.989800751209259
1.0,1,0.9875406622886658
0.0,0,0.060009829699993134
0.0,1,0.9695596694946289
0.0,0,0.2942611873149872
1.0,1,0.9945949912071228
1.0,0,0.39317750930786133
1.0,1,0.9799692034721375
0.0,0,0.41403740644454956
1.0,1,0.9980954527854919
1.0,1,0.9961446523666382
0.0,1,0.6814139485359192
1.0,0,0.18219083547592163
0.0,0,0.3313117027282715
1.0,1,0.9605420827865601
0.0,0,0.23243673145771027
1.0,0,0.15339337289333344
1.0,1,0.9948416352272034
1.0,1,0.986984372138977
1.0,1,0.9830173254013062
0.0,0,0.535461962223053
0.0,1,0.8227616548538208
0.0,1,0.591493546962738
0.0,0,0.11010570079088211
0.0,0,0.14005373418331146
1.0,0,0.3785446882247925
1.0,1,0.7072213888168335
0.0,0,0.3526645302772522
1.0,1,0.7264546751976013
0.0,0,0.038689661771059036
1.0,1,0.9589384198188782
1.0,1,0.7734867334365845
0.0,0,0.03058491088449955
1.0,1,0.9937793612480164
1.0,1,0.814207911491394
0.0,0,0.4138336777687073
0.0,0,0.029517147690057755
0.0,0,0.37666773796081543
0.0,0,0.05551759898662567
1.0,1,0.9068518280982971
0.0,1,0.9062939882278442
0.0,0,0.019432904198765755
1.0,1,0.8252606987953186
0.0,0,0.06209960952401161
1.0,1,0.5536895394325256
0.0,0,0.026575615629553795
1.0,1,0.9907930493354797
0.0,1,0.6420108675956726
1.0,1,0.828193724155426
0.0,1,0.5595542192459106
1.0,0,0.32884344458580017
1.0,1,0.7968210577964783
1.0,1,0.996224045753479
0.0,1,0.9299647808074951
0.0,0,0.13833242654800415
0.0,0,0.098763607442379
1.0,1,0.9964659214019775
0.0,0,0.014683026820421219
0.0,0,0.527849555015564
1.0,0,0.4417072832584381
1.0,0,0.18420761823654175
0.0,0,0.02446484938263893
1.0,1,0.9962652325630188
1.0,1,0.9984972476959229
1.0,1,0.97483891248703
1.0,1,0.9533774256706238
0.0,0,0.1603245884180069
1.0,1,0.9993588328361511
0.0,0,0.01956213265657425
0.0,0,0.0057049901224672794
1.0,1,0.9912523627281189
1.0,1,0.9471850395202637
1.0,1,0.9766281843185425
0.0,0,0.07807284593582153
0.0,0,0.17535538971424103
1.0,1,0.9604283571243286
1.0,1,0.6306608319282532
1.0,1,0.9430524110794067
1.0,1,0.9984996318817139
1.0,1,0.9953206181526184
0.0,0,0.05769114941358566
0.0,1,0.6607205271720886
0.0,1,0.9039584398269653
1.0,1,0.9993591904640198
0.0,0,0.0764014720916748
0.0,0,0.26720908284187317
0.0,1,0.5784685015678406
1.0,0,0.4935848116874695
0.0,1,0.9816080927848816
1.0,1,0.9950405955314636
0.0,0,0.013937486335635185
0.0,1,0.8767635226249695
1.0,1,0.5452010035514832
0.0,0,0.19139942526817322
0.0,0,0.39346280694007874
0.0,0,0.1078442707657814
0.0,0,0.24489635229110718
0.0,1,0.616662859916687
1.0,0,0.49410882592201233
1.0,0,0.1080394834280014
1.0,0,0.48945221304893494
1.0,1,0.9539793729782104
0.0,1,0.9973418116569519
0.0,1,0.7037361860275269
1.0,1,0.9900513291358948
0.0,0,0.1787695586681366
0.0,0,0.22649259865283966
0.0,0,0.10694832354784012
1.0,1,0.9926021695137024
0.0,1,0.7430052757263184
0.0,0,0.4289628863334656
0.0,0,0.004065148066729307
1.0,1,0.944034993648529
1.0,1,0.8177567720413208
0.0,1,0.8059409260749817
1.0,1,0.9679700136184692
1.0,1,0.9596614241600037
1.0,0,0.495267778635025
1.0,1,0.9904904365539551
1.0,1,0.9626716375350952
1.0,1,0.8958948850631714
0.0,1,0.7274414896965027
0.0,1,0.8028561472892761
0.0,0,0.2248626947402954
1.0,1,0.9577828645706177
0.0,0,0.4228792190551758
1.0,1,0.9241100549697876
0.0,1,0.7152000665664673
0.0,1,0.933923602104187
1.0,1,0.9157019257545471
1.0,1,0.9361036419868469
0.0,0,0.008274109102785587
1.0,1,0.8632853627204895
0.0,0,0.5117387175559998
1.0,1,0.9845516085624695
1.0,1,0.9797841310501099
1.0,0,0.31593453884124756
0.0,1,0.5806363821029663
0.0,0,0.05849839374423027
1.0,1,0.9950226545333862
1.0,1,0.5452600717544556
1.0,1,0.9878501296043396
1.0,0,0.2272757589817047
1.0,1,0.9690951704978943
0.0,0,0.09200891852378845
0.0,0,0.14259551465511322
1.0,1,0.8468011617660522
0.0,1,0.9161038398742676
0.0,0,0.10920237749814987
0.0,0,0.49555158615112305
1.0,1,0.9975155591964722
0.0,0,0.04970176890492439
1.0,1,0.6749037504196167
0.0,0,0.016622094437479973
1.0,1,0.9891924262046814
1.0,1,0.9982736110687256
1.0,1,0.8961291909217834
1.0,0,0.04897841811180115
0.0,0,0.1503233015537262
0.0,0,0.3848799467086792
0.0,1,0.9103053212165833
1.0,0,0.49013879895210266
1.0,0,0.302517831325531
0.0,0,0.026975270360708237
0.0,0,0.09181853383779526
0.0,0,0.008904307149350643
0.0,0,0.013163045980036259
1.0,1,0.9499732851982117
1.0,1,0.9648984670639038
1.0,0,0.010864178650081158
1.0,1,0.7506565451622009
0.0,0,0.12032220512628555
1.0,1,0.9834066033363342
0.0,0,0.030774837359786034
1.0,1,0.9079253077507019
1.0,1,0.540706992149353
1.0,1,0.8681430816650391
0.0,0,0.028189487755298615
0.0,0,0.04125184193253517
1.0,1,0.7086949348449707
0.0,0,0.016583649441599846
1.0,1,0.9937892556190491
0.0,0,0.06760962307453156
0.0,0,0.005837010685354471
0.0,0,0.20244397222995758
1.0,1,0.9444687366485596
0.0,0,0.16867581009864807
1.0,1,0.8085372447967529
1.0,1,0.7765982151031494
1.0,1,0.9949339032173157
1.0,1,0.9449126720428467
0.0,0,0.005172295030206442
1.0,1,0.7948448657989502
0.0,0,0.04152381047606468
1.0,0,0.4825759530067444
1.0,1,0.9758622050285339
0.0,0,0.005078612361103296
1.0,1,0.9851664900779724
1.0,1,0.9516823887825012
1.0,1,0.585338830947876
0.0,0,0.29057466983795166
0.0,0,0.3832380175590515
1.0,1,0.9950042366981506
1.0,1,0.9786287546157837
1.0,1,0.9927294850349426
1.0,1,0.9903842210769653
0.0,0,0.08042770624160767
0.0,0,0.03385269641876221
1.0,1,0.9986078143119812
1.0,1,0.9875828623771667
1.0,0,0.4965933561325073
1.0,0,0.10568299144506454
0.0,0,0.037912607192993164
1.0,1,0.9851446151733398
1.0,1,0.6381533145904541
0.0,0,0.013736278750002384
0.0,0,0.00047291777445934713
1.0,0,0.28974226117134094
1.0,0,0.2102295458316803
1.0,1,0.7685377597808838
1.0,1,0.9009560346603394
1.0,1,0.9513137936592102
0.0,0,0.05834122747182846
0.0,1,0.5942606925964355
0.0,0,0.07305549085140228
0.0,0,0.1445494145154953
0.0,0,0.027228662744164467
1.0,0,0.23129890859127045
1.0,1,0.9962882995605469
0.0,0,0.2659841775894165
1.0,1,0.9887935519218445
0.0,1,0.8052362203598022
1.0,1,0.9785133600234985
0.0,1,0.8319199085235596
1.0,1,0.9576526284217834
0.0,0,0.4992843270301819
1.0,0,0.5282937288284302
0.0,0,0.1374032348394394
1.0,1,0.758427083492279
0.0,0,0.06248575076460838
1.0,1,0.9586927890777588
1.0,1,0.9791762828826904
1.0,1,0.9984948635101318
1.0,0,0.5294135212898254
1.0,1,0.9858989715576172
1.0,1,0.577700674533844
0.0,1,0.9177574515342712
0.0,0,0.21269290149211884
1.0,1,0.9841381907463074
0.0,0,0.13379468023777008
1.0,1,0.8118698596954346
1.0,1,0.9514483213424683
0.0,0,0.03813258931040764
1.0,1,0.9872384071350098
0.0,0,0.14667388796806335
1.0,1,0.9960651993751526
0.0,0,0.0003418447158765048
0.0,0,0.09904132038354874
0.0,0,0.16628672182559967
0.0,1,0.7539660930633545
1.0,1,0.9839432239532471
0.0,0,0.22060251235961914
0.0,0,0.03627501055598259
1.0,1,0.5623927116394043
1.0,1,0.9833200573921204
1.0,1,0.9847735166549683
1.0,1,0.993749737739563
1.0,1,0.8210976719856262
0.0,0,0.11856289952993393
1.0,1,0.9970703125
0.0,0,0.026963919401168823
0.0,1,0.9421866536140442
1.0,1,0.9911442399024963
0.0,0,0.12623487412929535
1.0,1,0.9807095527648926
0.0,0,0.04505559056997299
1.0,1,0.9086312055587769
0.0,0,0.0989055261015892
1.0,1,0.7187294960021973
1.0,1,0.9750699996948242
0.0,0,0.025138093158602715
1.0,1,0.975123941898346
0.0,0,0.5071201324462891
0.0,0,0.13550029695034027
1.0,1,0.9981505274772644
0.0,0,0.47488296031951904
1.0,1,0.8410271406173706
1.0,0,0.5136572122573853
0.0,0,0.10818147659301758
1.0,0,0.10228325426578522
1.0,1,0.8946071863174438
1.0,1,0.9833342432975769
0.0,0,0.11604677140712738
1.0,1,0.9479315876960754
1.0,1,0.8097632527351379
1.0,1,0.9529204368591309
0.0,0,0.006659145932644606
0.0,0,0.14410758018493652
1.0,1,0.6688560843467712
1.0,1,0.9863235950469971
0.0,0,0.031117962673306465
1.0,1,0.9990813732147217
1.0,1,0.9989435076713562
1.0,1,0.9948933124542236
1.0,1,0.9852553606033325
0.0,0,0.17325375974178314
0.0,1,0.9223644733428955
1.0,1,0.9664104580879211
1.0,1,0.6139574646949768
0.0,0,0.5161532759666443
0.0,0,0.03381238877773285
1.0,1,0.9964788556098938
1.0,1,0.9567888379096985
1.0,1,0.6397196054458618
0.0,1,0.5785534977912903
1.0,1,0.687711775302887
0.0,1,0.9908863306045532
1.0,1,0.5994664430618286
1.0,1,0.9730543494224548
1.0,1,0.9296181201934814
1.0,1,0.5858893394470215
0.0,1,0.7256680727005005
0.0,0,0.1363545060157776
1.0,1,0.8481735587120056
0.0,0,0.14579840004444122
0.0,0,0.28147852420806885
0.0,1,0.7806508541107178
1.0,0,0.30253762006759644
1.0,1,0.9897009134292603
1.0,1,0.8972923755645752
1.0,1,0.6231756210327148
1.0,1,0.9878435134887695
0.0,0,0.14164802432060242
0.0,0,0.0032481413800269365
1.0,1,0.9756647944450378
1.0,1,0.9646110534667969
0.0,0,0.09450098127126694
0.0,0,0.02485828660428524
0.0,0,0.026178797706961632
1.0,1,0.9978125095367432
0.0,0,0.18762175738811493
0.0,0,0.08226744830608368
1.0,0,0.35600772500038147
1.0,1,0.9767439365386963
0.0,0,0.010698682628571987
1.0,1,0.9830158352851868
0.0,0,0.18585343658924103
1.0,1,0.9955629110336304
1.0,1,0.9968656897544861
1.0,1,0.983574390411377
1.0,1,0.9193639159202576
1.0,1,0.9928345680236816
1.0,1,0.8576955199241638
1.0,1,0.9550666213035583
1.0,1,0.9817504286766052
0.0,1,0.5663203597068787
0.0,0,0.04619348794221878
1.0,1,0.8777327537536621
0.0,0,0.0213024765253067
1.0,1,0.98746258020401
1.0,1,0.9487811923027039
0.0,0,0.0201698150485754
0.0,1,0.72151118516922
0.0,1,0.5521220564842224
1.0,1,0.9688575267791748
1.0,1,0.564087986946106
0.0,0,0.044979408383369446
0.0,0,0.26599404215812683
0.0,0,0.5024150013923645
0.0,0,0.013446517288684845
1.0,1,0.9950639605522156
0.0,1,0.5655164122581482
0.0,0,0.08894570916891098
0.0,0,0.013523398898541927
1.0,1,0.9335041046142578
0.0,0,0.4591931402683258
0.0,0,0.47816765308380127
1.0,0,0.27018502354621887
1.0,0,0.5021679997444153
1.0,1,0.8564173579216003
0.0,0,0.06789466738700867
0.0,0,0.011546644382178783
1.0,1,0.728787899017334
1.0,1,0.8929210901260376
0.0,0,0.10213546454906464
0.0,0,0.013121048919856548
0.0,0,0.04714632406830788
0.0,0,0.01782347820699215
0.0,0,0.523481547832489
1.0,1,0.9877618551254272
1.0,1,0.7030285596847534
0.0,0,0.01173743512481451
1.0,1,0.9849445223808289
1.0,1,0.9812086820602417
0.0,0,0.043937526643276215
0.0,0,0.08979812264442444
1.0,1,0.9797856211662292
1.0,1,0.9755145907402039
1.0,0,0.1730639636516571
1.0,1,0.9831532835960388
0.0,0,0.05397609621286392
0.0,0,0.25567200779914856
0.0,0,0.3759012520313263
0.0,0,0.44237759709358215
0.0,1,0.8554667830467224
0.0,0,0.12007837742567062
0.0,0,0.26921314001083374
0.0,0,0.03378558158874512
0.0,0,0.002882060594856739
0.0,0,0.002605433575809002
0.0,0,0.32900071144104004
1.0,1,0.9237325191497803
0.0,0,0.4213668406009674
1.0,1,0.9190083742141724
1.0,1,0.9976619482040405
1.0,0,0.36098232865333557
1.0,0,0.21929998695850372
1.0,0,0.3600473701953888
1.0,1,0.9342041015625
1.0,0,0.44024741649627686
0.0,0,0.23957353830337524
1.0,1,0.9443931579589844
0.0,1,0.5918338298797607
0.0,0,0.5006399750709534
1.0,1,0.9587169885635376
0.0,0,0.032356854528188705
0.0,0,0.41846132278442383
1.0,1,0.8793219923973083
1.0,1,0.9972807168960571
0.0,1,0.8232593536376953
1.0,1,0.9408795237541199
1.0,0,0.05894846469163895
1.0,1,0.9182586073875427
1.0,1,0.8262307643890381
1.0,1,0.9951135516166687
0.0,0,0.14844132959842682
0.0,1,0.6192018985748291
0.0,0,0.04754210263490677
0.0,0,0.05266375467181206
0.0,1,0.6472725868225098
1.0,1,0.9573383927345276
1.0,1,0.9783349633216858
1.0,1,0.9881839752197266
0.0,0,0.030615687370300293
0.0,0,0.03104802407324314
1.0,1,0.6958184838294983
0.0,0,0.20389485359191895
1.0,1,0.5870259404182434
1.0,1,0.9732773303985596
0.0,0,0.05756356194615364
0.0,0,0.012974422425031662
0.0,0,0.015162118710577488
0.0,0,0.005338283721357584
1.0,1,0.9891029596328735
1.0,1,0.8898926973342896
0.0,0,0.530329704284668
1.0,1,0.9990750551223755
0.0,0,0.5108319520950317
0.0,0,0.022219635546207428
0.0,0,0.09869364649057388
0.0,1,0.9979642629623413
0.0,0,0.2980901598930359
0.0,1,0.9005753397941589
0.0,0,0.04822247847914696
1.0,1,0.9867629408836365
0.0,1,0.5471525192260742
1.0,1,0.8235365748405457
1.0,0,0.09686291962862015
1.0,1,0.9908267855644226
0.0,0,0.025403454899787903
0.0,1,0.6754723787307739
0.0,0,0.5105701088905334
1.0,1,0.9804579615592957
0.0,0,0.05073949322104454
1.0,1,0.9854317307472229
1.0,1,0.9995170831680298
1.0,1,0.7994644641876221
1.0,1,0.8990128636360168
1.0,1,0.988979697227478
0.0,0,0.10782995074987411
0.0,0,0.060818567872047424
0.0,0,0.1192643791437149
1.0,1,0.9163987636566162
1.0,0,0.5343451499938965
0.0,0,0.024557266384363174
1.0,1,0.9993184804916382
1.0,1,0.8675349950790405
0.0,0,0.0049839504063129425
1.0,0,0.4567755460739136
0.0,0,0.02402845397591591
0.0,0,0.46811288595199585
1.0,1,0.9876634478569031
0.0,0,0.27286678552627563
0.0,1,0.8923940658569336
1.0,1,0.9172348380088806
0.0,1,0.9166980981826782
0.0,0,0.30230140686035156
0.0,0,0.010240121744573116
1.0,1,0.9702353477478027
1.0,1,0.9947804808616638
1.0,1,0.707697331905365
0.0,0,0.23940053582191467
0.0,1,0.6764719486236572
1.0,1,0.7231383919715881
1.0,1,0.9351028800010681
1.0,1,0.9169132113456726
1.0,1,0.9855093359947205
1.0,1,0.9682327508926392
1.0,1,0.996993899345398
1.0,1,0.8251365423202515
0.0,0,0.3777155876159668
1.0,1,0.9879969954490662
0.0,0,0.2545072138309479
0.0,0,0.25137782096862793
1.0,0,0.3608947694301605
1.0,1,0.9870343804359436
0.0,1,0.6509922742843628
1.0,0,0.3414020240306854
1.0,0,0.33605167269706726
0.0,0,0.13861864805221558
0.0,0,0.08831021189689636
0.0,0,0.17650103569030762
1.0,1,0.5898911356925964
0.0,0,0.15476642549037933
0.0,1,0.7332783937454224
1.0,1,0.9573610424995422
0.0,0,0.43242281675338745
1.0,1,0.9961094260215759
1.0,0,0.2886383831501007
1.0,1,0.9252603054046631
0.0,0,0.002187497913837433
1.0,1,0.9637240767478943
0.0,0,0.10972172766923904
0.0,1,0.9329957962036133
1.0,1,0.7363159656524658
0.0,0,0.0079340860247612
1.0,1,0.9645496010780334
0.0,0,0.08852870017290115
1.0,1,0.9675537943840027
1.0,0,0.49945229291915894
1.0,1,0.8024672865867615
0.0,0,0.19877788424491882
0.0,1,0.6530594229698181
1.0,1,0.8034998774528503
1.0,1,0.9990394711494446
0.0,0,0.07521312683820724
1.0,1,0.7591516971588135
0.0,0,0.21501488983631134
1.0,1,0.9342884421348572
1.0,1,0.9835214614868164
1.0,1,0.9987975358963013
1.0,0,0.19555892050266266
0.0,0,0.2953963279724121
1.0,1,0.9293034076690674
0.0,0,0.16558225452899933
1.0,1,0.9520049691200256
0.0,0,0.11990939825773239
1.0,1,0.9799553751945496
0.0,0,0.014998436905443668
0.0,0,0.0024007437750697136
0.0,1,0.9188326597213745
1.0,1,0.9238345623016357
1.0,1,0.8677129745483398
0.0,0,0.026013242080807686
0.0,0,0.0027620987966656685
1.0,1,0.9674665927886963
1.0,1,0.8458971977233887
1.0,1,0.911124050617218
0.0,0,0.2546561658382416
1.0,1,0.9949209094047546
0.0,1,0.7344124913215637
0.0,0,0.03863496705889702
1.0,1,0.9839351773262024
0.0,0,0.07800421118736267
0.0,0,0.3877101242542267
1.0,1,0.6533262729644775
1.0,0,0.24354998767375946
1.0,0,0.2374221831560135
1.0,1,0.863932192325592
0.0,0,0.20274978876113892
1.0,1,0.9924281239509583
0.0,0,0.06943987309932709
1.0,1,0.8680532574653625
1.0,0,0.023383988067507744
0.0,0,0.08306602388620377
1.0,1,0.9267088174819946
0.0,0,0.2581431269645691
0.0,0,0.2724110186100006
0.0,1,0.6052806973457336
0.0,0,0.44484370946884155
0.0,0,0.30235785245895386
1.0,1,0.9988023042678833
1.0,1,0.9656668901443481
0.0,1,0.9408850073814392
1.0,1,0.99480140209198
0.0,1,0.9098973274230957
0.0,0,0.40450114011764526
1.0,1,0.7364374995231628
0.0,1,0.9490001201629639
1.0,1,0.9965797066688538
0.0,1,0.9081100225448608
1.0,1,0.9968200922012329
1.0,1,0.7964087128639221
0.0,0,0.01410589274019003
1.0,0,0.2710290253162384
0.0,0,0.04995846748352051
1.0,1,0.981445848941803
1.0,1,0.9607606530189514
0.0,0,0.1361539214849472
1.0,0,0.18194390833377838
0.0,1,0.8576724529266357
0.0,0,0.04543031007051468
1.0,1,0.9196176528930664
0.0,0,0.09927186369895935
1.0,0,0.1693544238805771
0.0,0,0.3711085021495819
0.0,0,0.018961943686008453
0.0,0,0.15753903985023499
0.0,1,0.7409257292747498
1.0,1,0.9785424470901489
1.0,0,0.17720644176006317
1.0,1,0.9581325650215149
0.0,1,0.9155620336532593
1.0,1,0.9295316934585571
0.0,0,0.4650628864765167
1.0,1,0.9832428097724915
1.0,0,0.4412654638290405
1.0,1,0.9618840217590332
1.0,1,0.9120221138000488
1.0,1,0.8803656101226807
0.0,1,0.6272315382957458
0.0,0,0.023798948153853416
1.0,1,0.9299822449684143
0.0,0,0.09590746462345123
1.0,1,0.6887263059616089
1.0,1,0.9026094675064087
0.0,1,0.9437083005905151
1.0,1,0.9767591953277588
1.0,0,0.39100852608680725
0.0,0,0.27112776041030884
0.0,0,0.08419793844223022
1.0,1,0.9956809282302856
0.0,1,0.9912300109863281
1.0,1,0.8652197122573853
0.0,0,0.10841738432645798
1.0,1,0.680104672908783
1.0,1,0.9885879755020142
1.0,0,0.49649178981781006
1.0,1,0.9971675276756287
0.0,0,0.30514398217201233
1.0,0,0.28482386469841003
0.0,0,0.010915961116552353
0.0,0,0.004065564833581448
0.0,0,0.08305667340755463
0.0,1,0.7809733152389526
1.0,1,0.7217161655426025
0.0,0,0.08760272711515427
0.0,0,0.04024611786007881
1.0,1,0.9035529494285583
1.0,1,0.9861517548561096
1.0,0,0.45954078435897827
0.0,0,0.23681598901748657
1.0,1,0.9374637007713318
1.0,1,0.9991680383682251
1.0,1,0.7364249229431152
0.0,0,0.0018195959273725748
1.0,1,0.9186472296714783
1.0,1,0.9916911125183105
1.0,1,0.9932308197021484
0.0,0,0.16518284380435944
1.0,1,0.9912243485450745
0.0,0,0.4505893886089325
1.0,1,0.6477718353271484
0.0,0,0.20326751470565796
0.0,0,0.25384506583213806
0.0,1,0.9828819036483765
1.0,1,0.9793878793716431
0.0,0,0.23274126648902893
1.0,1,0.9934725761413574
0.0,0,0.07468084245920181
1.0,0,0.43181610107421875
1.0,1,0.7785959243774414
0.0,0,0.3971950113773346
1.0,1,0.752291738986969
0.0,0,0.5002400279045105
0.0,0,0.12601922452449799
0.0,1,0.9336036443710327
0.0,0,0.32164958119392395
0.0,1,0.6904072761535645
1.0,1,0.9967793822288513
1.0,1,0.9709962010383606
0.0,0,0.47116222977638245
1.0,1,0.9911212921142578
1.0,1,0.6678495407104492
1.0,0,0.43528541922569275
1.0,1,0.997300922870636
0.0,0,0.2624739110469818
1.0,1,0.9451910257339478
0.0,1,0.7010928392410278
1.0,1,0.8900814056396484
1.0,1,0.9743948578834534
0.0,0,0.044100601226091385
0.0,0,0.08300218731164932
0.0,0,0.09046006947755814
0.0,0,0.016076764091849327
0.0,0,0.02032395452260971
0.0,0,0.11472716182470322
0.0,1,0.8130490779876709
0.0,0,0.0029547682497650385
0.0,0,0.29838863015174866
0.0,0,0.1468786895275116
0.0,0,0.04465557634830475
1.0,1,0.9920186400413513
1.0,1,0.7012907266616821
0.0,0,0.05961329862475395
0.0,0,0.03204542398452759
1.0,1,0.9000760316848755
1.0,1,0.9196512699127197
0.0,0,0.00035920957452617586
0.0,0,0.009052530862390995
0.0,0,0.00894828699529171
1.0,1,0.9941027760505676
1.0,1,0.9814995527267456
1.0,1,0.7986506819725037
1.0,1,0.5993654727935791
0.0,0,0.09304480999708176
1.0,0,0.30705878138542175
0.0,0,0.14581434428691864
1.0,1,0.9649233222007751
0.0,0,0.25356268882751465
0.0,0,0.08143924176692963
0.0,0,0.09129752218723297
0.0,0,0.11583087593317032
0.0,0,0.4371892809867859
0.0,0,0.07730884104967117
0.0,0,0.2235824018716812
1.0,1,0.9934267997741699
0.0,0,0.08937704563140869
1.0,0,0.19310599565505981
0.0,0,0.023852935060858727
1.0,1,0.995098888874054
1.0,1,0.9798332452774048
0.0,0,0.010664105415344238
1.0,1,0.9291045665740967
0.0,1,0.9821341633796692
0.0,1,0.6071410775184631
1.0,1,0.9986735582351685
1.0,1,0.9881664514541626
0.0,0,0.17866581678390503
1.0,1,0.9987408518791199
1.0,1,0.8763139247894287
1.0,1,0.9992458820343018
1.0,0,0.4743315875530243
0.0,0,0.03619515523314476
1.0,1,0.9994338154792786
0.0,0,0.374386727809906
0.0,0,0.4092719554901123
0.0,0,0.13216181099414825
0.0,1,0.9411777257919312
0.0,0,0.13878196477890015
1.0,1,0.9545090198516846
0.0,0,0.09400549530982971
0.0,1,0.7145439982414246
1.0,1,0.9984344840049744
1.0,1,0.9107036590576172
1.0,0,0.285874605178833
0.0,0,0.5230876803398132
1.0,1,0.9868547916412354
0.0,0,0.026495689526200294
1.0,1,0.744140625
0.0,0,0.07841107994318008
1.0,1,0.9684803485870361
0.0,0,0.138517364859581
0.0,0,0.08256705850362778
0.0,0,0.05318696051836014
0.0,0,0.008835358545184135
1.0,1,0.788364052772522
1.0,0,0.28938034176826477
0.0,0,0.1171543300151825
1.0,1,0.8672595620155334
1.0,1,0.8956899046897888
1.0,1,0.9985464215278625
1.0,0,0.15299221873283386
0.0,0,0.0816970020532608
1.0,1,0.9460384249687195
0.0,0,0.030842818319797516
1.0,0,0.5305465459823608
0.0,0,0.12223406136035919
1.0,0,0.23987269401550293
1.0,1,0.8995481133460999
1.0,1,0.9520508646965027
0.0,0,0.3227854073047638
1.0,1,0.9981840252876282
1.0,0,0.13440808653831482
0.0,0,0.10530903935432434
0.0,0,0.05615343526005745
0.0,1,0.62553870677948
1.0,1,0.8384854793548584
0.0,0,0.38238129019737244
1.0,1,0.987168550491333
1.0,1,0.9868088960647583
0.0,0,0.05032665655016899
0.0,0,0.060271136462688446
0.0,0,0.06680066883563995
1.0,1,0.9913833141326904
1.0,1,0.5917829871177673
0.0,0,0.10739219188690186
0.0,0,0.008501067757606506
1.0,1,0.7030711770057678
0.0,0,0.003470080439001322
0.0,0,0.5377750992774963
0.0,0,0.07644418627023697
1.0,1,0.9677485227584839
1.0,1,0.9615601897239685
0.0,0,0.007003656588494778
1.0,1,0.5466912984848022
0.0,0,0.18220463395118713
1.0,1,0.9849911332130432
1.0,1,0.9512448906898499
0.0,1,0.7287099361419678
0.0,0,0.05841020494699478
0.0,1,0.9161672592163086
0.0,1,0.8611423373222351
1.0,1,0.9983839988708496
1.0,0,0.3792497217655182
0.0,0,0.1915210336446762
1.0,1,0.8155970573425293
1.0,1,0.9996612071990967
1.0,0,0.27718204259872437
1.0,1,0.9910094738006592
0.0,0,0.09247330576181412
0.0,0,0.131795272231102
0.0,0,0.4592224955558777
0.0,0,0.0903526321053505
1.0,0,0.3058468699455261
0.0,1,0.9805675148963928
1.0,1,0.988447368144989
0.0,0,0.0035409904085099697
0.0,0,0.4380018413066864
1.0,1,0.9944867491722107
0.0,0,0.019132236018776894
1.0,0,0.05684734508395195
1.0,1,0.9950738549232483
1.0,1,0.8567812442779541
1.0,1,0.73709636926651
1.0,1,0.9567840695381165
1.0,0,0.31054797768592834
1.0,1,0.6908295750617981
1.0,1,0.7033435106277466
1.0,1,0.9435124397277832
0.0,0,0.10122419893741608
1.0,1,0.7777867317199707
1.0,1,0.9878702759742737
1.0,1,0.8021342754364014
0.0,0,0.13820643723011017
0.0,0,0.07926563918590546
0.0,1,0.6175212860107422
0.0,0,0.04087085649371147
0.0,0,0.3227969706058502
1.0,1,0.9701398015022278
1.0,1,0.9598388671875
0.0,0,0.022286128252744675
1.0,1,0.9899193048477173
0.0,1,0.8339448571205139
0.0,0,0.22175255417823792
0.0,1,0.5881924629211426
0.0,0,0.09585682302713394
0.0,0,0.05666821077466011
0.0,1,0.976727306842804
1.0,1,0.9878143072128296
1.0,1,0.9260072708129883
0.0,0,0.007023388985544443
1.0,1,0.9840684533119202
1.0,1,0.8867049217224121
0.0,0,0.3092552423477173
1.0,1,0.6036388278007507
1.0,1,0.6589529514312744
0.0,0,0.05877828225493431
0.0,0,0.3674463629722595
0.0,0,0.14525994658470154
0.0,0,0.005143818445503712
1.0,1,0.9750345349311829
0.0,0,0.04417441412806511
0.0,0,0.4319617748260498
1.0,0,0.473340779542923
1.0,1,0.8349536061286926
0.0,1,0.6492795944213867
0.0,0,0.18753467500209808
1.0,1,0.7141863703727722
1.0,1,0.9895082712173462
1.0,1,0.9950366616249084
0.0,0,0.03615346550941467
0.0,0,0.02471788227558136
0.0,0,0.07137292623519897
0.0,0,0.009867646731436253
0.0,0,0.05214223265647888
1.0,1,0.9716877937316895
0.0,1,0.6028438210487366
1.0,0,0.03614644706249237
0.0,0,0.30964434146881104
0.0,0,0.31686633825302124
0.0,1,0.9180150032043457
1.0,0,0.5089653730392456
0.0,1,0.8418799638748169
0.0,0,0.0770077109336853
0.0,0,0.36172541975975037
0.0,0,0.5126008987426758
1.0,1,0.9426596164703369
1.0,1,0.9993502497673035
0.0,0,0.06913883984088898
0.0,0,0.014584539458155632
1.0,0,0.40452486276626587
0.0,0,0.02736135758459568
1.0,1,0.9779905080795288
1.0,1,0.972118616104126
1.0,1,0.9890058040618896
0.0,1,0.6431707143783569
1.0,1,0.92503821849823
0.0,0,0.017777234315872192
0.0,1,0.554922342300415
1.0,1,0.969154417514801
1.0,1,0.9939454197883606
0.0,0,0.47347480058670044
1.0,1,0.8984749913215637
0.0,0,0.03626696765422821
1.0,1,0.9964499473571777
0.0,0,0.37986496090888977
0.0,1,0.6803401708602905
0.0,1,0.6482403874397278
1.0,1,0.9904944896697998
0.0,0,0.4992130398750305
0.0,0,0.13325291872024536
1.0,1,0.9736651182174683
0.0,0,0.02009805291891098
0.0,1,0.8558081388473511
1.0,1,0.9890719652175903
0.0,0,0.14316315948963165
1.0,1,0.9823477268218994
1.0,1,0.9705669283866882
1.0,1,0.8057940602302551
1.0,1,0.7984049916267395
1.0,1,0.9417380690574646
1.0,1,0.8696385025978088
1.0,1,0.9174041748046875
0.0,0,0.006497999187558889
0.0,0,0.3763483166694641
0.0,0,0.04088720679283142
0.0,1,0.8922625184059143
1.0,1,0.7495047450065613
1.0,0,0.07149186730384827
0.0,0,0.06692096590995789
1.0,1,0.9966552257537842
0.0,0,0.04090835154056549
0.0,0,0.1706870049238205
1.0,1,0.8253101110458374
0.0,0,0.017766747623682022
0.0,0,0.191514253616333
0.0,0,0.032943300902843475
1.0,1,0.967687726020813
1.0,1,0.9969483017921448
0.0,0,0.061263326555490494
0.0,0,0.013645618222653866
0.0,1,0.7699621915817261
1.0,1,0.9995681643486023
0.0,1,0.9280504584312439
1.0,1,0.8585205674171448
1.0,1,0.9980974793434143
0.0,0,0.028432011604309082
1.0,0,0.029148191213607788
1.0,1,0.9822497367858887
1.0,1,0.8453159928321838
1.0,1,0.9850509166717529
1.0,1,0.9891647696495056
1.0,1,0.9934501647949219
0.0,0,0.10510129481554031
1.0,0,0.25232863426208496
0.0,1,0.68031245470047
0.0,1,0.9303831458091736
0.0,0,0.017007911577820778
0.0,0,0.030789129436016083
0.0,0,0.03530929237604141
1.0,1,0.9651978611946106
1.0,1,0.9027112126350403
1.0,1,0.7915646433830261
1.0,1,0.9972075819969177
0.0,1,0.568655252456665
1.0,1,0.9424541592597961
1.0,1,0.6835876107215881
1.0,1,0.5479322075843811
0.0,0,0.31597182154655457
1.0,1,0.9184473156929016
1.0,1,0.930049479007721
0.0,0,0.18919602036476135
0.0,0,0.42796361446380615
1.0,1,0.949785590171814
1.0,1,0.7308637499809265
1.0,1,0.9235835075378418
1.0,0,0.1273706704378128
1.0,1,0.9239454865455627
1.0,1,0.8558009266853333
0.0,1,0.8821499347686768
1.0,1,0.9726861715316772
0.0,0,0.012293755076825619
0.0,0,0.19572845101356506
1.0,1,0.5677669048309326
0.0,0,0.36790087819099426
0.0,0,0.13627058267593384
1.0,0,0.281076043844223
1.0,1,0.7877624034881592
0.0,0,0.05983656644821167
0.0,0,0.009530759416520596
1.0,1,0.9802650213241577
1.0,1,0.9975639581680298
1.0,1,0.9885984659194946
0.0,1,0.60584956407547
0.0,0,0.424707293510437
0.0,0,0.4212571084499359
0.0,1,0.7224363684654236
1.0,1,0.9905782341957092
1.0,1,0.6821464896202087
0.0,0,0.25480568408966064
1.0,1,0.9946474432945251
1.0,0,0.41547083854675293
0.0,0,0.023949671536684036
0.0,0,0.006147367414087057
0.0,1,0.9249976873397827
0.0,0,0.0762149766087532
0.0,0,0.05119245499372482
1.0,1,0.6694644689559937
1.0,1,0.6955237984657288
1.0,1,0.9972151517868042
0.0,0,0.10429689288139343
1.0,0,0.39080268144607544
1.0,1,0.9939338564872742
0.0,0,0.14115537703037262
0.0,1,0.9786245226860046
1.0,1,0.7432184219360352
1.0,1,0.9731776118278503
1.0,1,0.975180983543396
1.0,1,0.996759831905365
0.0,0,0.5327020883560181
1.0,1,0.9520484209060669
1.0,1,0.9377040863037109
0.0,0,0.22765453159809113
0.0,0,0.011859348975121975
1.0,1,0.9806042909622192
1.0,1,0.9958617687225342
1.0,1,0.9709157347679138
1.0,1,0.9783677458763123
0.0,0,0.08745288848876953
0.0,1,0.727969765663147
1.0,1,0.9363656640052795
1.0,1,0.825628399848938
0.0,0,0.490722119808197
1.0,1,0.9801878333091736
1.0,0,0.23414954543113708
0.0,0,0.03433293476700783
0.0,0,0.13644033670425415
0.0,0,0.03427007794380188
1.0,1,0.9265834093093872
0.0,0,0.4795704483985901
1.0,1,0.7145573496818542
0.0,0,0.04704366996884346
1.0,1,0.9964638352394104
1.0,1,0.9446921348571777
0.0,1,0.8742396235466003
0.0,0,0.13478797674179077
1.0,1,0.9940040707588196
0.0,0,0.01672803796827793
1.0,1,0.5413673520088196
1.0,0,0.5161813497543335
1.0,0,0.48375624418258667
0.0,0,0.2170007824897766
0.0,0,0.08949626237154007
0.0,0,0.03706952556967735
1.0,1,0.7794190049171448
0.0,0,0.012148910202085972
1.0,1,0.6142320036888123
0.0,1,0.7340117692947388
1.0,1,0.9993718266487122
1.0,1,0.9959369897842407
1.0,1,0.9877168536186218
0.0,0,0.026047224178910255
1.0,1,0.8084249496459961
0.0,0,0.0019182064570486546
0.0,0,0.1078801304101944
1.0,1,0.9991859793663025
1.0,1,0.5874159932136536
1.0,1,0.9651358723640442
0.0,0,0.06120102480053902
0.0,0,0.12947705388069153
1.0,1,0.9963852167129517
0.0,0,0.055636484175920486
1.0,1,0.9679892063140869
0.0,0,0.05306131765246391
1.0,1,0.8081610202789307
1.0,1,0.9976367950439453
1.0,0,0.08103327453136444
1.0,1,0.8061615228652954
0.0,0,0.005379778798669577
1.0,1,0.9716492891311646
0.0,0,0.21320059895515442
0.0,1,0.9689183235168457
1.0,1,0.9560352563858032
1.0,1,0.8803837299346924
0.0,0,0.3060334622859955
1.0,1,0.9962747097015381
0.0,0,0.06545555591583252
0.0,0,0.03313830867409706
0.0,0,0.08502581715583801
1.0,1,0.966363251209259
0.0,0,0.006221148185431957
1.0,1,0.9708242416381836
1.0,1,0.9857893586158752
1.0,1,0.9768182039260864
0.0,1,0.699824333190918
0.0,0,0.05844827741384506
0.0,0,0.15288333594799042
1.0,1,0.7882934808731079
1.0,1,0.9553987979888916
1.0,1,0.8623169660568237
0.0,0,0.1418275386095047
1.0,1,0.9679602980613708
0.0,1,0.8757961988449097
1.0,0,0.27406156063079834
0.0,0,0.04740973189473152
0.0,0,0.15442296862602234
0.0,1,0.8818047046661377
1.0,1,0.9873269200325012
1.0,1,0.5841177701950073
0.0,0,0.16237302124500275
1.0,1,0.9931271076202393
0.0,0,0.18022644519805908
0.0,0,0.0014278859598562121
0.0,0,0.004566532094031572
0.0,0,0.20201584696769714
0.0,0,0.040285758674144745
1.0,1,0.8030138611793518
1.0,1,0.7737670540809631
1.0,1,0.9937878251075745
1.0,1,0.9960649609565735
0.0,0,0.00934527162462473
0.0,0,0.33467337489128113
1.0,1,0.9799254536628723
0.0,0,0.04861539974808693
1.0,0,0.2625678479671478
1.0,1,0.9966320395469666
0.0,1,0.8132033944129944
1.0,1,0.5958483219146729
0.0,0,0.15862774848937988
0.0,0,0.06183125823736191
1.0,0,0.41222670674324036
1.0,1,0.9405955076217651
0.0,0,0.1307375282049179
1.0,1,0.7786276340484619
1.0,1,0.993489146232605
1.0,1,0.9908539056777954
1.0,1,0.9927089214324951
0.0,1,0.8640077710151672
0.0,0,0.5294332504272461
1.0,1,0.9395977258682251
0.0,0,0.013424571603536606
1.0,0,0.3770483136177063
0.0,0,0.3825680911540985
1.0,1,0.9335544109344482
1.0,1,0.9264932870864868
1.0,1,0.9465727210044861
0.0,0,0.06107453629374504
0.0,0,0.1494484692811966
0.0,0,0.2757285535335541
0.0,1,0.5651010274887085
1.0,0,0.1318775862455368
1.0,1,0.9938323497772217
0.0,0,0.4419263005256653
1.0,1,0.6881005764007568
0.0,0,0.02954254113137722
0.0,0,0.35364052653312683
1.0,1,0.9840116500854492
1.0,1,0.8386900424957275
1.0,0,0.20644669234752655
0.0,0,0.5305235981941223
0.0,0,0.3170017898082733
1.0,0,0.422300785779953
1.0,1,0.9946527481079102
0.0,0,0.06763937324285507
0.0,1,0.7160401940345764
0.0,0,0.170550137758255
0.0,0,0.5083432793617249
0.0,1,0.6065070629119873
0.0,0,0.30062729120254517
0.0,0,0.05189705640077591
1.0,1,0.9566199779510498
1.0,1,0.6255684494972229
0.0,1,0.7361389994621277
0.0,0,0.5304021835327148
1.0,1,0.9986838698387146
1.0,1,0.9950361847877502
1.0,0,0.06613075733184814
0.0,0,0.12069603055715561
1.0,1,0.8327789306640625
1.0,1,0.9978074431419373
0.0,0,0.1828613579273224
1.0,1,0.9934537410736084
1.0,1,0.9869189858436584
1.0,1,0.9762548208236694
1.0,1,0.9954663515090942
0.0,0,0.024581603705883026
1.0,1,0.9792289733886719
1.0,1,0.9001742601394653
0.0,0,0.011447926051914692
1.0,1,0.9796488881111145
0.0,1,0.702936589717865
0.0,1,0.6834033727645874
1.0,1,0.9324650168418884
0.0,0,0.531704306602478
0.0,0,0.06002666428685188
0.0,0,0.3837413787841797
1.0,1,0.916206419467926
1.0,1,0.9988846182823181
1.0,1,0.8631738424301147
0.0,0,0.28381308913230896
1.0,1,0.7780773043632507
0.0,1,0.5737397074699402
0.0,1,0.9145584106445312
0.0,0,0.3972640931606293
0.0,0,0.16518183052539825
0.0,0,0.009919681586325169
1.0,0,0.4097764790058136
1.0,1,0.9889312386512756
0.0,0,0.1736060231924057
0.0,1,0.929140031337738
0.0,0,0.07739422470331192
0.0,0,0.050000544637441635
1.0,1,0.9964144229888916
0.0,0,0.3222823143005371
1.0,1,0.8459109663963318
1.0,1,0.9989668130874634
1.0,1,0.9669777154922485
1.0,1,0.9859602451324463
1.0,1,0.9540407061576843
1.0,1,0.9468774795532227
1.0,0,0.4398099184036255
0.0,0,0.44912880659103394
0.0,0,0.2943986654281616
0.0,0,0.40239816904067993
0.0,1,0.5459727048873901
0.0,0,0.00914556160569191
1.0,1,0.9610216617584229
1.0,1,0.6616838574409485
1.0,1,0.9473823308944702
0.0,0,0.1973515748977661
1.0,1,0.9951022863388062
1.0,1,0.9944983124732971
1.0,1,0.9960278272628784
1.0,1,0.9972835779190063
1.0,1,0.9853394031524658
1.0,1,0.8738508224487305
0.0,0,0.03395504876971245
0.0,0,0.3316594064235687
1.0,0,0.06204245984554291
0.0,1,0.6086283922195435
0.0,0,0.20217278599739075
0.0,0,0.0009371511405333877
1.0,1,0.854499340057373
0.0,0,0.25928935408592224
0.0,0,0.16713006794452667
1.0,1,0.9194291830062866
0.0,0,0.04971389099955559
0.0,0,0.42716795206069946
0.0,0,0.02924950420856476
1.0,1,0.998138427734375
1.0,1,0.9004039764404297
1.0,1,0.9769529104232788
0.0,0,0.5247161388397217
1.0,1,0.7682040333747864
1.0,0,0.10433921217918396
1.0,1,0.9992856383323669
0.0,0,0.3546920120716095
0.0,0,0.102850042283535
0.0,0,0.06907647848129272
1.0,1,0.9198984503746033
0.0,0,0.529987096786499
1.0,0,0.22365589439868927
1.0,1,0.7349651455879211
0.0,0,0.006653760559856892
0.0,0,0.08329878002405167
1.0,1,0.7119285464286804
1.0,1,0.974388599395752
1.0,0,0.14645658433437347
0.0,0,0.1310233324766159
1.0,0,0.4549206793308258
0.0,0,0.24384017288684845
0.0,0,0.0024607900995761156
0.0,0,0.017729422077536583
0.0,0,0.02423417940735817
1.0,1,0.9815964102745056
1.0,1,0.992602527141571
1.0,1,0.9366645812988281
0.0,0,0.2757522463798523
0.0,0,0.3137420415878296
0.0,0,0.23668760061264038
1.0,1,0.9994089603424072
1.0,1,0.9796523451805115
1.0,1,0.9766722917556763
1.0,1,0.9947764873504639
0.0,0,0.044099535793066025
0.0,1,0.6222314238548279
1.0,0,0.2999671697616577
1.0,1,0.8668152689933777
0.0,0,0.09088075906038284
1.0,1,0.9680191278457642
0.0,0,0.07691212743520737
1.0,1,0.9854642748832703
1.0,1,0.925152063369751
1.0,1,0.9858954548835754
0.0,0,0.09660501778125763
1.0,0,0.39738988876342773
1.0,1,0.6281955242156982
0.0,0,0.41885673999786377
0.0,0,0.09378945827484131
1.0,0,0.04054638743400574
1.0,1,0.9694311618804932
0.0,0,0.021659117192029953
1.0,1,0.8697637915611267
0.0,0,0.02640833705663681
1.0,1,0.7808424830436707
0.0,0,0.45804446935653687
1.0,1,0.9970536231994629
1.0,1,0.9125876426696777
1.0,1,0.7945553660392761
0.0,0,0.1029813215136528
0.0,0,0.19609783589839935
1.0,1,0.9146702289581299
1.0,1,0.9285770058631897
1.0,1,0.9945043921470642
1.0,1,0.9994460940361023
1.0,1,0.9275050759315491
1.0,0,0.18205145001411438
0.0,0,0.06736157834529877
1.0,1,0.9851809740066528
0.0,1,0.8218263983726501
1.0,1,0.9685475826263428
0.0,0,0.021094724535942078
0.0,1,0.7679181694984436
1.0,1,0.9957643747329712
1.0,1,0.9738446474075317
0.0,0,0.393656462430954
0.0,0,0.09487982094287872
0.0,0,0.3073646128177643
0.0,0,0.08892463147640228
0.0,0,0.04145633429288864
1.0,1,0.9535723924636841
0.0,1,0.6170987486839294
0.0,0,0.2218085378408432
0.0,0,0.29396164417266846
0.0,0,0.07301382720470428
1.0,1,0.9381872415542603
1.0,1,0.6754885315895081
1.0,1,0.5470953583717346
1.0,1,0.7475641965866089
0.0,1,0.615896999835968
0.0,0,0.03544935956597328
0.0,0,0.0017249484080821276
1.0,1,0.9876993894577026
1.0,1,0.9172675609588623
1.0,1,0.9794108867645264
0.0,0,0.08548957854509354
0.0,1,0.687892496585846
0.0,0,0.4590615928173065
1.0,1,0.9957039952278137
0.0,0,0.19928030669689178
0.0,0,0.022273486480116844
1.0,1,0.9916640520095825
1.0,1,0.9908092021942139
0.0,0,0.1779688149690628
1.0,1,0.9975056052207947
1.0,1,0.9790288209915161
0.0,1,0.8205446004867554
0.0,1,0.9494720101356506
1.0,1,0.999675989151001
0.0,0,0.03861379995942116
1.0,1,0.6130449175834656
1.0,1,0.9860904216766357
0.0,0,0.4158053398132324
1.0,1,0.9652804732322693
1.0,1,0.9993358254432678
0.0,0,0.31969764828681946
0.0,0,0.2529923915863037
0.0,0,0.09642212837934494
0.0,0,0.08522578328847885
1.0,1,0.9913693070411682
0.0,0,0.0025361243169754744
1.0,0,0.3951476216316223
1.0,0,0.2601928412914276
1.0,1,0.8547516465187073
1.0,1,0.9317151308059692
1.0,1,0.9579914212226868
0.0,0,0.06824642419815063
0.0,0,0.0018447284819558263
0.0,0,0.5400611758232117
1.0,1,0.9794718027114868
1.0,1,0.9951818585395813
0.0,0,0.1613209992647171
1.0,1,0.695099949836731
1.0,1,0.8892661929130554
1.0,0,0.39673081040382385
1.0,1,0.7441578507423401
0.0,0,0.2490074634552002
1.0,1,0.9956690073013306
1.0,1,0.6499280333518982
1.0,1,0.9497029185295105
0.0,1,0.9802802205085754
0.0,0,0.014433614909648895
0.0,0,0.005457069259136915
0.0,0,0.1318683624267578
0.0,0,0.05993001163005829
0.0,0,0.2251444309949875
1.0,1,0.9803973436355591
1.0,1,0.943918764591217
1.0,1,0.9875049591064453
1.0,1,0.8058727383613586
0.0,0,0.10934198647737503
1.0,1,0.9967002272605896
0.0,0,0.03220367059111595
1.0,1,0.5660196542739868
0.0,0,0.027006275951862335
1.0,1,0.9990930557250977
1.0,1,0.9918158650398254
1.0,1,0.9926775693893433
0.0,0,0.002449751365929842
1.0,1,0.9733496904373169
0.0,0,0.04468230530619621
0.0,0,0.18984946608543396
0.0,0,0.026199735701084137
1.0,0,0.34780722856521606
1.0,1,0.9949854612350464
1.0,1,0.9733423590660095
0.0,1,0.7215186357498169
1.0,0,0.3979775011539459
1.0,1,0.9989926218986511
1.0,1,0.8986832499504089
0.0,0,0.07115224003791809
0.0,0,0.01660977490246296
0.0,1,0.7739640474319458
1.0,1,0.9487169981002808
1.0,1,0.9115127325057983
1.0,1,0.9962717294692993
1.0,1,0.9976227879524231
1.0,1,0.9821640253067017
0.0,1,0.7923160195350647
1.0,1,0.9708309769630432
1.0,1,0.8512731194496155
0.0,0,0.038644157350063324
1.0,1,0.8005733489990234
0.0,0,0.018767761066555977
0.0,0,0.007363454904407263
0.0,0,0.003952919039875269
0.0,1,0.7476010918617249
1.0,1,0.9077940583229065
0.0,1,0.8426871299743652
1.0,1,0.9627910852432251
1.0,1,0.99470055103302
1.0,1,0.9916132688522339
1.0,1,0.9878768920898438
1.0,0,0.24383926391601562
0.0,0,0.3571121096611023
1.0,0,0.2052600383758545
0.0,0,0.01765468902885914
0.0,0,0.022713279351592064
0.0,0,0.21034324169158936
1.0,1,0.8131103515625
0.0,1,0.9838347434997559
0.0,1,0.5972297787666321
1.0,1,0.8987963199615479
0.0,0,0.5225608348846436
1.0,1,0.9891451001167297
0.0,0,0.2308151125907898
1.0,1,0.9782414436340332
0.0,1,0.6088609099388123
0.0,0,0.017771147191524506
1.0,1,0.9356430768966675
0.0,0,0.09151104837656021
0.0,0,0.05614640563726425
0.0,0,0.014697762206196785
1.0,1,0.9713601469993591
0.0,1,0.9254363775253296
1.0,1,0.8235377073287964
0.0,0,0.04818318784236908
0.0,0,0.025941262021660805
0.0,0,0.12738193571567535
0.0,0,0.22558251023292542
1.0,1,0.9921875
0.0,1,0.8613067865371704
0.0,0,0.08341085910797119
1.0,1,0.9795715808868408
0.0,0,0.19777196645736694
0.0,0,0.3763839900493622
1.0,1,0.895369827747345
1.0,1,0.9829801321029663
0.0,0,0.31489822268486023
1.0,1,0.975955605506897
0.0,1,0.8370052576065063
0.0,0,0.037076566368341446
0.0,0,0.11666601896286011
0.0,0,0.013428045436739922
0.0,1,0.858766496181488
1.0,1,0.7237683534622192
0.0,0,0.0585956797003746
0.0,0,0.14384709298610687
1.0,1,0.9967948794364929
1.0,1,0.9682379364967346
0.0,0,0.0337478332221508
0.0,0,0.01413209829479456
0.0,1,0.6654850840568542
0.0,1,0.827970564365387
0.0,0,0.04451117292046547
1.0,1,0.9839380383491516
1.0,1,0.9638702273368835
0.0,0,0.022593839094042778
0.0,0,0.2601090371608734
1.0,1,0.938052237033844
0.0,0,0.01067785918712616
1.0,1,0.9949548840522766
1.0,1,0.6883710622787476
1.0,1,0.985887348651886
0.0,0,0.06131187826395035
1.0,1,0.7653100490570068
0.0,0,0.02714235708117485
0.0,0,0.004178151022642851
1.0,1,0.5841315984725952
0.0,0,0.02720451168715954
1.0,1,0.9740866422653198
0.0,0,0.24376624822616577
0.0,1,0.6984189748764038
0.0,0,0.24645689129829407
1.0,0,0.003889573970809579
0.0,0,0.013618524186313152
1.0,1,0.9569908976554871
0.0,1,0.7810029983520508
1.0,1,0.9919403195381165
0.0,0,0.10143640637397766
1.0,1,0.7947321534156799
1.0,1,0.9924526810646057
0.0,0,0.26850464940071106
1.0,1,0.9842596650123596
0.0,1,0.5792686343193054
1.0,1,0.972935140132904
1.0,1,0.9651512503623962
0.0,0,0.0008377414778806269
0.0,0,0.015402358025312424
0.0,1,0.686310887336731
1.0,0,0.014860381372272968
0.0,1,0.8196263909339905
0.0,0,0.020134756341576576
0.0,1,0.5439069867134094
1.0,1,0.8793990612030029
1.0,1,0.9923073649406433
1.0,1,0.9976442456245422
1.0,1,0.9930018782615662
1.0,1,0.7464485764503479
1.0,0,0.17961522936820984
0.0,1,0.5471381545066833
1.0,1,0.6684466004371643
1.0,0,0.4935595393180847
1.0,0,0.05935977026820183
0.0,0,0.0057469867169857025
1.0,1,0.7010990381240845
1.0,1,0.9720802307128906
0.0,0,0.44681039452552795
0.0,0,0.14257927238941193
0.0,1,0.7035009860992432
1.0,1,0.9256748557090759
0.0,0,0.5047809481620789
0.0,0,0.04442506656050682
1.0,1,0.9304581880569458
1.0,1,0.995872437953949
0.0,0,0.19745495915412903
0.0,0,0.04128222540020943
1.0,1,0.9982197880744934
1.0,1,0.9631713628768921
0.0,0,0.11959878355264664
1.0,1,0.9973658919334412
1.0,1,0.6640704274177551
0.0,0,0.13735206425189972
1.0,1,0.7436721920967102
0.0,0,0.025054119527339935
0.0,0,0.009617606177926064
0.0,0,0.06694722920656204
0.0,0,0.1175566017627716
1.0,1,0.749155580997467
1.0,1,0.9965987801551819
1.0,0,0.04256818816065788
1.0,1,0.9506114721298218
0.0,0,0.0021622180938720703
0.0,0,0.04113282635807991
1.0,1,0.8697868585586548
0.0,1,0.6789686679840088
0.0,0,0.4039308428764343
0.0,0,0.007651049643754959
0.0,0,0.011954760178923607
0.0,1,0.9106813073158264
1.0,1,0.8477407097816467
1.0,1,0.9969052672386169
1.0,0,0.18200816214084625
0.0,0,0.025861218571662903
0.0,0,0.044004227966070175
1.0,0,0.018238363787531853
1.0,1,0.9952736496925354
1.0,1,0.9910225868225098
1.0,0,0.20872841775417328
1.0,1,0.9951720833778381
0.0,1,0.7296232581138611
1.0,1,0.9808221459388733
1.0,0,0.33043012022972107
1.0,1,0.9969922304153442
1.0,1,0.9971514344215393
0.0,1,0.557490885257721
1.0,1,0.8762322664260864
0.0,0,0.03000734932720661
0.0,0,0.4587249755859375
0.0,0,0.1131615862250328
1.0,1,0.8527731895446777
0.0,0,0.19844600558280945
0.0,0,0.07389716058969498
1.0,1,0.9043151140213013
1.0,0,0.4831133484840393
0.0,0,0.43375349044799805
1.0,1,0.976418673992157
1.0,1,0.9923096895217896
1.0,1,0.9708134531974792
1.0,1,0.9958586096763611
0.0,0,0.10725400596857071
0.0,0,0.11676553636789322
0.0,1,0.6673232316970825
0.0,1,0.6925446391105652
1.0,1,0.9971796274185181
1.0,0,0.5120989084243774
0.0,1,0.7332253456115723
1.0,0,0.43457841873168945
1.0,1,0.9762092232704163
0.0,0,0.3990500271320343
0.0,1,0.8296000361442566
0.0,0,0.3056206703186035
0.0,0,0.0018407353200018406
1.0,1,0.9917721152305603
1.0,0,0.3718271553516388
1.0,1,0.9525839686393738
1.0,1,0.7184973955154419
1.0,1,0.9421495199203491
0.0,0,0.15809887647628784
1.0,1,0.9848425388336182
0.0,0,0.06070849299430847
0.0,0,0.26235735416412354
1.0,1,0.9205330610275269
1.0,1,0.9184173941612244
1.0,0,0.33403247594833374
0.0,0,0.0430782288312912
0.0,0,0.007418746128678322
0.0,0,0.013959076255559921
1.0,1,0.9229817986488342
1.0,1,0.8944736123085022
1.0,1,0.9904080033302307
0.0,0,0.25341716408729553
0.0,0,0.3418941795825958
1.0,1,0.9129170179367065
0.0,0,0.09155070781707764
1.0,1,0.9045509099960327
1.0,1,0.9014525413513184
0.0,0,0.018170665949583054
0.0,0,0.4447329342365265
1.0,1,0.8907665610313416
0.0,0,0.009842130355536938
0.0,0,0.01860542967915535
1.0,1,0.9792730808258057
1.0,0,0.37096190452575684
0.0,1,0.7749403119087219
0.0,0,0.5359839797019958
1.0,1,0.9990746974945068
1.0,1,0.9979187846183777
1.0,0,0.5090609788894653
0.0,1,0.9349304437637329
1.0,1,0.9807881116867065
1.0,1,0.9971305727958679
0.0,0,0.07500334829092026
0.0,0,0.09478931874036789
0.0,0,0.24028684198856354
1.0,1,0.9621608257293701
1.0,1,0.9408503174781799
1.0,1,0.8868265151977539
0.0,0,0.42586901783943176
0.0,0,0.3330165147781372
1.0,1,0.9956462979316711
0.0,0,0.13088712096214294
0.0,0,0.1192760020494461
0.0,1,0.8510378003120422
0.0,0,0.1576145887374878
0.0,1,0.7535852193832397
1.0,1,0.9430921077728271
0.0,0,0.357014924287796
1.0,1,0.8512322902679443
1.0,1,0.9984620809555054
1.0,1,0.9785910844802856
1.0,1,0.5444140434265137
0.0,0,0.29031726717948914
1.0,1,0.9296063780784607
1.0,1,0.9804125428199768
0.0,0,0.2286108434200287
0.0,0,0.07594244182109833
0.0,0,0.11967632919549942
1.0,0,0.37281328439712524
0.0,0,0.003755963174626231
0.0,0,0.1270146369934082
0.0,0,0.22748085856437683
0.0,0,0.10420899093151093
0.0,0,0.23811693489551544
0.0,0,0.07422615587711334
0.0,0,0.016858693212270737
1.0,1,0.9986153841018677
0.0,0,0.11186471581459045
0.0,0,0.051108479499816895
1.0,1,0.9962844848632812
1.0,0,0.31839054822921753
1.0,1,0.9066980481147766
0.0,0,0.2910858988761902
0.0,0,0.4345938265323639
0.0,0,0.07910677790641785
1.0,0,0.2022528350353241
0.0,1,0.8456141352653503
1.0,1,0.9855351448059082
0.0,0,0.2784234285354614
1.0,1,0.9639689326286316
0.0,0,0.00980846956372261
0.0,0,0.026512986049056053
0.0,0,0.01700139231979847
0.0,1,0.9954843521118164
0.0,0,0.28103718161582947
0.0,0,0.47848883271217346
0.0,0,0.08090381324291229
1.0,0,0.21137870848178864
1.0,1,0.9356850385665894
0.0,0,0.04834406450390816
1.0,1,0.7473526000976562
1.0,0,0.4991225004196167
1.0,1,0.9952783584594727
1.0,1,0.9795308113098145
0.0,1,0.8049392700195312
1.0,1,0.729055643081665
1.0,1,0.9416984915733337
1.0,0,0.13851788640022278
0.0,0,0.29209014773368835
0.0,0,0.37069517374038696
1.0,1,0.6351795792579651
1.0,1,0.9918262958526611
0.0,0,0.05473757162690163
1.0,1,0.996868908405304
0.0,0,0.04250950366258621
0.0,1,0.8352426290512085
0.0,0,0.1049414724111557
0.0,0,0.08392906188964844
0.0,0,0.057296693325042725
1.0,1,0.8488085865974426
0.0,0,0.1215209811925888
0.0,1,0.6667790412902832
1.0,1,0.9946560859680176
0.0,0,0.028269805014133453
1.0,1,0.9818089604377747
0.0,1,0.6653978228569031
0.0,0,0.12100711464881897
0.0,0,0.4650202989578247
1.0,1,0.9977890253067017
0.0,0,0.05749506503343582
0.0,0,0.5127065777778625
0.0,0,0.05416438356041908
0.0,0,0.008366246707737446
0.0,0,0.10434611886739731
0.0,0,0.5189372301101685
1.0,1,0.8546142578125
0.0,0,0.04597915709018707
1.0,1,0.7839586138725281
1.0,1,0.8568204641342163
0.0,0,0.24011093378067017
1.0,1,0.9257545471191406
1.0,1,0.9455037713050842
1.0,0,0.23381435871124268
0.0,1,0.7501521706581116
1.0,1,0.6096644401550293
0.0,1,0.8104487657546997
0.0,0,0.41908594965934753
0.0,1,0.7265584468841553
0.0,0,0.09918983280658722
0.0,0,0.027432749047875404
0.0,0,0.0044584572315216064
1.0,1,0.9989327788352966
0.0,0,0.026310930028557777
1.0,1,0.7407015562057495
0.0,0,0.43655815720558167
0.0,0,0.09658720344305038
1.0,1,0.960273027420044
0.0,0,0.3157039284706116
1.0,1,0.8571280241012573
0.0,1,0.6497988700866699
1.0,0,0.05230960249900818
0.0,0,0.320726215839386
0.0,0,0.05534011125564575
0.0,0,0.17308346927165985
1.0,1,0.9930028319358826
0.0,1,0.8887770771980286
0.0,0,0.08927454799413681
0.0,0,0.0992804691195488
0.0,0,0.06611615419387817
0.0,0,0.04990582540631294
1.0,1,0.9776405096054077
1.0,1,0.990959644317627
1.0,1,0.9942160248756409
0.0,1,0.7380831241607666
0.0,1,0.5579264163970947
1.0,0,0.040077753365039825
0.0,1,0.9029115438461304
0.0,0,0.023600762709975243
1.0,1,0.718237578868866
1.0,1,0.9796252250671387
0.0,1,0.7128435969352722
1.0,1,0.9945008754730225
0.0,0,0.11183596402406693
1.0,1,0.9945480227470398
1.0,1,0.5773897171020508
1.0,1,0.9986143112182617
1.0,1,0.5830631852149963
1.0,1,0.9582623839378357
1.0,1,0.9984180927276611
0.0,0,0.0007831552065908909
0.0,1,0.6549643278121948
0.0,1,0.6026819348335266
1.0,1,0.7598650455474854
0.0,0,0.06612138450145721
0.0,0,0.16916093230247498
0.0,0,0.11292687058448792
1.0,0,0.18965581059455872
1.0,1,0.6886323690414429
1.0,1,0.9798098802566528
0.0,0,0.03038047067821026
1.0,0,0.19789187610149384
1.0,1,0.9367949366569519
0.0,0,0.43041256070137024
0.0,0,0.12519879639148712
1.0,1,0.6012236475944519
1.0,1,0.9861515164375305
1.0,1,0.7866467237472534
1.0,1,0.9801135063171387
1.0,1,0.8991810083389282
0.0,0,0.0233180932700634
0.0,0,0.014214525930583477
0.0,0,0.052974238991737366
1.0,0,0.09645494073629379
0.0,0,0.1852230280637741
1.0,0,0.5125645995140076
1.0,1,0.9564746618270874
0.0,1,0.6392928957939148
1.0,0,0.05711054056882858
0.0,1,0.5641224384307861
0.0,0,0.024066317826509476
0.0,0,0.038868773728609085
0.0,0,0.02281198836863041
0.0,0,0.04863835126161575
1.0,1,0.9844633340835571
1.0,1,0.9965697526931763
1.0,1,0.9844079613685608
1.0,1,0.9941564798355103
0.0,0,0.24645261466503143
0.0,0,0.16766461730003357
1.0,1,0.8949292898178101
0.0,1,0.8371840119361877
0.0,1,0.6877670884132385
1.0,1,0.985900342464447
1.0,1,0.8233544230461121
1.0,1,0.961162805557251
0.0,1,0.6028649210929871
1.0,1,0.9887790679931641
0.0,0,0.06380293518304825
0.0,0,0.02942056767642498
0.0,0,0.08934560418128967
0.0,1,0.987546980381012
1.0,1,0.9833869338035583
1.0,1,0.9925134778022766
1.0,1,0.996100902557373
0.0,0,0.19534441828727722
0.0,0,0.37815937399864197
1.0,1,0.9560403823852539
1.0,0,0.10943520069122314
1.0,1,0.9984311461448669
1.0,1,0.758226215839386
0.0,1,0.7958285808563232
1.0,1,0.9770654439926147
1.0,1,0.9303398132324219
1.0,0,0.2575995922088623
1.0,1,0.8169597387313843
1.0,1,0.9002119302749634
0.0,1,0.6066277623176575
0.0,0,0.11443818360567093
1.0,1,0.9961898326873779
1.0,1,0.991876482963562
0.0,0,0.07489306479692459
1.0,1,0.99587482213974
1.0,1,0.9942120909690857
1.0,1,0.9224262833595276
0.0,0,0.18599238991737366
0.0,0,0.076646588742733
0.0,1,0.9112322330474854
1.0,1,0.9888597726821899
0.0,0,0.4740629196166992
1.0,1,0.9958662986755371
0.0,0,0.013097082264721394
1.0,1,0.8260222673416138
0.0,0,0.17931267619132996
1.0,1,0.9987475872039795
1.0,1,0.9743088483810425
0.0,0,0.16302578151226044
1.0,1,0.9974640607833862
1.0,1,0.8984990119934082
0.0,0,0.07883918285369873
0.0,1,0.8748201131820679
1.0,1,0.8805561065673828
0.0,0,0.05538705736398697
1.0,1,0.8608021140098572
1.0,1,0.9621877670288086
0.0,0,0.06400565803050995
1.0,1,0.9956120252609253
0.0,0,0.20238445699214935
1.0,1,0.9920222759246826
0.0,1,0.9091862440109253
0.0,0,0.16165366768836975
0.0,0,0.3838191330432892
0.0,1,0.8513864874839783
0.0,0,0.07838460057973862
0.0,0,0.028550274670124054
1.0,1,0.8540042638778687
0.0,0,0.39388710260391235
0.0,0,0.5296926498413086
0.0,1,0.6333534121513367
1.0,1,0.8475615978240967
0.0,0,0.05491245165467262
0.0,0,0.11132407933473587
0.0,0,0.1678902506828308
0.0,0,0.034779105335474014
1.0,1,0.9783291816711426
0.0,0,0.07141042500734329
1.0,1,0.9929001331329346
0.0,0,0.005703892093151808
0.0,0,0.5394511222839355
1.0,1,0.9581647515296936
1.0,1,0.7253110408782959
1.0,1,0.9975997805595398
1.0,1,0.8749434947967529
0.0,0,0.28639790415763855
1.0,1,0.9452099800109863
0.0,0,0.29215261340141296
0.0,1,0.7774425148963928
0.0,0,0.08159267157316208
0.0,0,0.007454575505107641
1.0,1,0.9610617160797119
1.0,1,0.9911248087882996
0.0,0,0.16014663875102997
0.0,0,0.4471575617790222
1.0,1,0.9985098242759705
0.0,1,0.6500512957572937
0.0,0,0.08467911183834076
1.0,0,0.4257444441318512
0.0,1,0.6984880566596985
0.0,0,0.1380261480808258
0.0,0,0.2933451235294342
0.0,0,0.14377142488956451
1.0,1,0.5861823558807373
1.0,1,0.9928880333900452
0.0,0,0.29374587535858154
0.0,1,0.659720242023468
1.0,1,0.995310366153717
1.0,1,0.8470913171768188
1.0,1,0.9961410164833069
1.0,0,0.015124106779694557
0.0,1,0.7835328578948975
1.0,1,0.9600414633750916
1.0,0,0.057960838079452515
0.0,0,0.07231566309928894
1.0,1,0.9957417249679565
1.0,1,0.9972566962242126
1.0,1,0.9954575300216675
1.0,1,0.9304047226905823
1.0,1,0.9834241271018982
0.0,0,0.014310827478766441
1.0,1,0.8929871916770935
1.0,0,0.09902834892272949
0.0,0,0.0021771122701466084
0.0,0,0.25980836153030396
1.0,0,0.44943273067474365
1.0,0,0.1365853250026703
0.0,0,0.066783107817173
0.0,0,0.01069702673703432
0.0,0,0.4958578646183014
1.0,1,0.960863471031189
1.0,1,0.9972972273826599
0.0,0,0.33284422755241394
0.0,0,0.40630650520324707
0.0,0,0.2947928309440613
0.0,1,0.8904427886009216
1.0,1,0.9744779467582703
0.0,0,0.2336510717868805
1.0,1,0.7537901401519775
1.0,1,0.9959797859191895
1.0,1,0.9353430271148682
0.0,0,0.0970081016421318
1.0,1,0.9263885617256165
0.0,0,0.04523501545190811
0.0,0,0.006493919063359499
0.0,0,0.03382449597120285
0.0,0,0.05040117725729942
0.0,1,0.9727678298950195
0.0,0,0.10389798879623413
0.0,0,0.11692670732736588
1.0,1,0.9980888962745667
1.0,1,0.7553510069847107
0.0,0,0.2671632766723633
1.0,1,0.9754648804664612
0.0,0,0.04805799201130867
0.0,0,0.060359179973602295
1.0,1,0.9902717471122742
0.0,0,0.32008254528045654
0.0,0,0.01809312216937542
0.0,0,0.312844842672348
1.0,1,0.9434044361114502
0.0,0,0.2443331480026245
0.0,0,0.02488580346107483
1.0,1,0.9996393918991089
1.0,0,0.24864462018013
0.0,0,0.028152236714959145
0.0,0,0.047708943486213684
0.0,0,0.025897398591041565
1.0,1,0.9949369430541992
1.0,1,0.8979690670967102
0.0,0,0.1790667027235031
0.0,0,0.1440877765417099
0.0,0,0.44190940260887146
0.0,0,0.2841613292694092
1.0,0,0.02580043114721775
1.0,1,0.8200368285179138
1.0,1,0.8482282161712646
0.0,0,0.11608141660690308
0.0,1,0.693901777267456
1.0,0,0.4796035885810852
0.0,0,0.07723229378461838
1.0,1,0.9117136597633362
0.0,0,0.0809161514043808
1.0,0,0.1801663637161255
0.0,1,0.9529827833175659
1.0,1,0.9900363683700562
0.0,0,0.014106450602412224
0.0,0,0.02285454049706459
1.0,0,0.4152228534221649
0.0,1,0.805912435054779
1.0,1,0.9430660009384155
1.0,1,0.854200005531311
1.0,0,0.3450094759464264
1.0,1,0.607422411441803
0.0,0,0.3690512180328369
0.0,0,0.21619509160518646
1.0,1,0.8594745993614197
0.0,1,0.684174656867981
1.0,1,0.9657745957374573
0.0,0,0.02442680113017559
0.0,0,0.08280184864997864
1.0,1,0.6444205641746521
1.0,1,0.9716750979423523
1.0,0,0.04092390462756157
0.0,1,0.7937063574790955
1.0,1,0.9386008381843567
0.0,0,0.03846253082156181
0.0,0,0.2717664837837219
1.0,1,0.9354345202445984
0.0,0,0.08460552245378494
1.0,1,0.9892144799232483
0.0,0,0.025290517136454582
1.0,1,0.9004611968994141
1.0,1,0.9918082356452942
0.0,0,0.2545410096645355
1.0,1,0.8212775588035583
1.0,0,0.44674521684646606
1.0,1,0.9862929582595825
0.0,1,0.8140192627906799
1.0,1,0.9876264929771423
0.0,0,0.10022860020399094
1.0,1,0.9896628260612488
0.0,1,0.6630830764770508
0.0,1,0.6742516756057739
1.0,1,0.9835584759712219
1.0,1,0.9882106781005859
0.0,1,0.623593270778656
0.0,0,0.4502768814563751
1.0,0,0.3121485114097595
0.0,0,0.04490993916988373
1.0,1,0.9958336353302002
0.0,0,0.13792818784713745
1.0,1,0.9846643805503845
1.0,1,0.6666619777679443
1.0,1,0.9236878752708435
0.0,1,0.9782062768936157
1.0,1,0.9189713001251221
1.0,1,0.9971562623977661
0.0,0,0.008097367361187935
1.0,1,0.9917834997177124
0.0,0,0.2029280811548233
0.0,0,0.003132446436211467
0.0,0,0.06923885643482208
1.0,1,0.9975374937057495
0.0,0,0.07582355290651321
0.0,0,0.10983286052942276
0.0,1,0.7809516787528992
0.0,0,0.21548376977443695
0.0,0,0.003569928929209709
1.0,1,0.981436550617218
1.0,1,0.9673036336898804
0.0,0,0.006604393944144249
0.0,0,0.024274390190839767
1.0,1,0.7557193040847778
1.0,0,0.04395424574613571
0.0,1,0.5671492218971252
1.0,1,0.649516761302948
0.0,0,0.15768857300281525
0.0,0,0.12163642048835754
1.0,1,0.9114598631858826
0.0,0,0.2131723165512085
1.0,1,0.9394147992134094
0.0,0,0.02745574526488781
1.0,1,0.9683598279953003
0.0,0,0.014398222789168358
0.0,0,0.3824878931045532
1.0,1,0.8372393846511841
0.0,0,0.008456654846668243
0.0,0,0.1007210984826088
0.0,0,0.0026246269699186087
0.0,0,0.15452395379543304
1.0,1,0.983773946762085
1.0,1,0.9752599596977234
0.0,0,0.004374350421130657
1.0,1,0.8462944030761719
1.0,1,0.568805456161499
0.0,0,0.019546298310160637
1.0,0,0.044255319982767105
1.0,1,0.5864206552505493
0.0,0,0.21831943094730377
1.0,1,0.9899587035179138
0.0,0,0.07532530277967453
0.0,0,0.009734826162457466
1.0,1,0.990583062171936
0.0,1,0.7608413100242615
0.0,1,0.90215665102005
1.0,1,0.9848899245262146
1.0,1,0.9831559658050537
0.0,0,0.3500683009624481
1.0,1,0.997150719165802
0.0,0,0.013041973114013672
0.0,0,0.20059655606746674
0.0,0,0.0613267756998539
1.0,1,0.9978808164596558
1.0,1,0.9715681672096252
1.0,1,0.9623064398765564
0.0,0,0.018376067280769348
0.0,0,0.032018087804317474
1.0,1,0.9252108931541443
0.0,1,0.8452829122543335
1.0,1,0.9955183267593384
1.0,1,0.9967780709266663
1.0,1,0.9459666609764099
1.0,1,0.9274219870567322
0.0,0,0.1647501438856125
1.0,1,0.9867033958435059
1.0,1,0.901495635509491
1.0,1,0.9902565479278564
1.0,1,0.9873000979423523
0.0,0,0.046582337468862534
0.0,0,0.026403294876217842
1.0,1,0.99198979139328
1.0,1,0.5984540581703186
0.0,0,0.000602155807428062
0.0,0,0.15461698174476624
1.0,0,0.22077004611492157
0.0,0,0.022212645038962364
1.0,1,0.9962913990020752
1.0,1,0.9784247875213623
1.0,1,0.9917858242988586
1.0,1,0.9921969175338745
1.0,1,0.9906965494155884
1.0,1,0.9974079728126526
1.0,1,0.9931158423423767
1.0,1,0.9473820924758911
0.0,0,0.453143447637558
0.0,0,0.4845545291900635
1.0,1,0.9804508686065674
1.0,1,0.9995664954185486
1.0,1,0.8212095499038696
0.0,0,0.04070495069026947
0.0,1,0.8968005776405334
0.0,0,0.04512474313378334
0.0,0,0.06989294290542603
0.0,1,0.6393510699272156
1.0,1,0.5670099854469299
0.0,0,0.04880601540207863
0.0,0,0.06933166086673737
0.0,1,0.654293417930603
0.0,0,0.1762448102235794
1.0,1,0.9979797005653381
1.0,1,0.9135509133338928
1.0,1,0.7963887453079224
0.0,1,0.6325407028198242
0.0,1,0.8932850956916809
0.0,1,0.5875242948532104
1.0,1,0.6176323890686035
0.0,0,0.4902898371219635
0.0,0,0.09930354356765747
0.0,0,0.04277785122394562
1.0,1,0.995762050151825
1.0,1,0.7681257128715515
1.0,1,0.9659102559089661
1.0,1,0.8424320220947266
1.0,1,0.9882595539093018
0.0,0,0.017368527129292488
1.0,0,0.4794520437717438
1.0,1,0.9539729952812195
1.0,1,0.983314037322998
0.0,1,0.9985237717628479
1.0,1,0.9813437461853027
0.0,1,0.6011864542961121
1.0,1,0.994367778301239
1.0,1,0.6091712713241577
0.0,0,0.013527827337384224
0.0,0,0.013675326481461525
0.0,0,0.26158586144447327
0.0,0,0.4240367114543915
0.0,0,0.24772703647613525
1.0,1,0.924647867679596
1.0,0,0.1569695919752121
0.0,1,0.756171703338623
0.0,0,0.05230355262756348
0.0,0,0.4445701837539673
0.0,0,0.05641663819551468
1.0,1,0.9637414813041687
1.0,1,0.9810265302658081
0.0,0,0.19155672192573547
1.0,1,0.9209603667259216
1.0,1,0.6408997178077698
0.0,0,0.39617741107940674
1.0,1,0.9554298520088196
0.0,0,0.0491936020553112
1.0,1,0.8993549346923828
1.0,1,0.8465356826782227
0.0,1,0.5587249994277954
1.0,1,0.698675274848938
0.0,0,0.264103502035141
0.0,0,0.3471548855304718
0.0,1,0.7388840913772583
1.0,1,0.9847054481506348
0.0,1,0.998458981513977
0.0,0,0.43354183435440063
0.0,0,0.010753351263701916
1.0,1,0.7645503878593445
1.0,1,0.9684756994247437
0.0,0,0.07306891679763794
0.0,0,0.14026598632335663
0.0,0,0.16967801749706268
1.0,1,0.719693124294281
1.0,1,0.995668888092041
1.0,1,0.9868879914283752
1.0,1,0.965552568435669
1.0,1,0.9702566266059875
1.0,1,0.997948944568634
0.0,0,0.11259778589010239
1.0,1,0.5878902077674866
0.0,1,0.7986535429954529
0.0,0,0.13429482281208038
0.0,0,0.02809183858335018
0.0,1,0.974002480506897
0.0,0,0.04354214668273926
1.0,0,0.13293753564357758
1.0,1,0.9496960043907166
1.0,1,0.5803372859954834
1.0,1,0.9976608753204346
1.0,1,0.9681693911552429
1.0,1,0.5926945805549622
0.0,0,0.003446384100243449
0.0,0,0.013341708108782768
0.0,0,0.07478069514036179
0.0,0,0.3710017502307892
0.0,0,0.006387186236679554
1.0,1,0.9637811183929443
0.0,0,0.007912017405033112
0.0,0,0.06599893420934677
1.0,1,0.9918228983879089
1.0,1,0.9451686143875122
1.0,1,0.9857771992683411
1.0,1,0.8556138873100281
1.0,1,0.9688244462013245
0.0,0,0.015038637444376945
0.0,0,0.48958820104599
1.0,1,0.780850350856781
1.0,1,0.9967419505119324
1.0,0,0.16239327192306519
1.0,1,0.9798358678817749
1.0,0,0.2738541066646576
1.0,1,0.5970489382743835
1.0,1,0.9843201041221619
1.0,1,0.9926095604896545
1.0,1,0.7175557613372803
0.0,0,0.015811994671821594
1.0,1,0.9119636416435242
1.0,1,0.9892255663871765
1.0,1,0.9465160965919495
1.0,1,0.9780405759811401
1.0,1,0.9789221286773682
0.0,1,0.6809427738189697
1.0,0,0.014382417313754559
1.0,0,0.03375186026096344
0.0,0,0.010659478604793549
0.0,1,0.779997706413269
0.0,1,0.7096233367919922
0.0,0,0.036841943860054016
1.0,1,0.7150724530220032
1.0,1,0.9952163696289062
0.0,0,0.33438947796821594
1.0,1,0.995743453502655
1.0,1,0.951008141040802
1.0,1,0.9996559619903564
0.0,0,0.23332254588603973
0.0,0,0.39573773741722107
0.0,0,0.01569044031202793
0.0,0,0.021746497601270676
1.0,1,0.933966338634491
0.0,0,0.1899181306362152
0.0,1,0.6206957101821899
1.0,1,0.9100565314292908
1.0,1,0.950211226940155
1.0,1,0.993444561958313
0.0,1,0.8151516914367676
1.0,1,0.9354153275489807
1.0,1,0.9911015033721924
1.0,1,0.9811558723449707
0.0,0,0.20095610618591309
0.0,0,0.17958572506904602
1.0,1,0.982704222202301
1.0,1,0.9989569187164307
0.0,0,0.003910835366696119
0.0,1,0.7121084928512573
0.0,0,0.13758239150047302
0.0,0,0.030738094821572304
0.0,0,0.1400635540485382
1.0,1,0.9805907607078552
1.0,1,0.7940953373908997
0.0,1,0.7791554927825928
1.0,1,0.8798448443412781
1.0,1,0.7092154622077942
0.0,1,0.8122517466545105
1.0,0,0.4663933217525482
0.0,0,0.1306658685207367
0.0,1,0.9359873533248901
0.0,0,0.22687266767024994
1.0,1,0.9980494976043701
0.0,0,0.29188671708106995
0.0,0,0.505783200263977
1.0,1,0.9640853404998779
0.0,1,0.958218514919281
0.0,0,0.06460905075073242
1.0,1,0.9137961268424988
1.0,0,0.5107811689376831
1.0,1,0.9796661734580994
0.0,0,0.04137767106294632
0.0,0,0.0010379529558122158
1.0,1,0.9588689804077148
0.0,1,0.6797781586647034
0.0,0,0.10395440459251404
0.0,0,0.03961756080389023
1.0,1,0.9854931235313416
1.0,1,0.9928060173988342
1.0,1,0.8710511326789856
1.0,1,0.9498910903930664
0.0,1,0.812714695930481
1.0,1,0.988423764705658
0.0,0,0.03468699008226395
0.0,1,0.7744093537330627
1.0,1,0.9970455765724182
0.0,0,0.014506278559565544
1.0,1,0.6645339727401733
0.0,0,0.019122270867228508
0.0,0,0.04139519855380058
0.0,0,0.0956527590751648
0.0,1,0.6476687788963318
0.0,0,0.11449548602104187
1.0,1,0.9991944432258606
1.0,1,0.9298073053359985
1.0,1,0.941412627696991
1.0,1,0.9893264770507812
1.0,1,0.9959906935691833
1.0,1,0.8574131727218628
1.0,0,0.4268691837787628
0.0,1,0.7337241172790527
0.0,0,0.27082911133766174
1.0,1,0.9763496518135071
1.0,1,0.7034186124801636
1.0,0,0.206828311085701
1.0,1,0.5637894868850708
1.0,1,0.9881051778793335
1.0,1,0.9958297610282898
1.0,0,0.4596481919288635
0.0,0,0.3835402727127075
0.0,0,0.4541490972042084
0.0,0,0.003381073009222746
0.0,0,0.07008367776870728
1.0,0,0.05952497571706772
0.0,1,0.6061056852340698
0.0,1,0.9039786458015442
0.0,0,0.08879879862070084
0.0,1,0.9532778859138489
0.0,0,0.03776918724179268
1.0,1,0.9823801517486572
1.0,0,0.3188265264034271
0.0,0,0.20659804344177246
1.0,1,0.9882508516311646
0.0,0,0.4224236011505127
1.0,1,0.9876744151115417
1.0,1,0.9802895188331604
0.0,0,0.01966908760368824
0.0,1,0.834477961063385
1.0,1,0.9703401327133179
1.0,1,0.9946553707122803
0.0,0,0.058887578547000885
0.0,0,0.10054322332143784
0.0,0,0.009819590486586094
1.0,1,0.9830496907234192
1.0,0,0.05966503545641899
1.0,0,0.15590737760066986
0.0,0,0.07794158160686493
0.0,1,0.9766146540641785
1.0,1,0.9980344176292419
1.0,1,0.983653724193573
1.0,1,0.9734294414520264
0.0,0,0.35111525654792786
0.0,0,0.21760687232017517
0.0,0,0.060922738164663315
1.0,1,0.862466037273407
1.0,1,0.999321460723877
1.0,1,0.9614149332046509
0.0,0,0.21830134093761444
0.0,0,0.06652681529521942
1.0,1,0.8443682789802551
1.0,0,0.28161880373954773
1.0,1,0.9536752700805664
1.0,0,0.4708608388900757
0.0,0,0.07176852226257324
0.0,0,0.08952584117650986
1.0,1,0.9742059707641602
0.0,1,0.6575793027877808
0.0,1,0.6668931841850281
1.0,1,0.9993929862976074
0.0,0,0.2851971387863159
1.0,1,0.921713650226593
1.0,1,0.8149638772010803
1.0,0,0.081709124147892
1.0,0,0.5161693096160889
1.0,1,0.9700739979743958
1.0,1,0.9853491187095642
0.0,1,0.9804008603096008
0.0,0,0.0021188072860240936
0.0,1,0.6884155869483948
0.0,0,0.07896511256694794
0.0,0,0.2919309437274933
0.0,0,0.055909596383571625
1.0,1,0.9058786034584045
1.0,1,0.9909342527389526
1.0,1,0.9397615790367126
0.0,1,0.5918167233467102
0.0,1,0.640243649482727
1.0,1,0.9943696856498718
0.0,0,0.05298377200961113
1.0,1,0.999592125415802
1.0,0,0.10413298010826111
0.0,0,0.11227324604988098
1.0,1,0.7423886656761169
1.0,1,0.993583619594574
0.0,0,0.35509753227233887
0.0,1,0.6137712597846985
0.0,0,0.19090260565280914
1.0,1,0.8913029432296753
1.0,1,0.911332905292511
0.0,0,0.04414522647857666
0.0,0,0.005809104535728693
0.0,0,0.001474023680202663
1.0,1,0.9751376509666443
0.0,0,0.33008724451065063
0.0,0,0.0949932262301445
0.0,1,0.6172657608985901
0.0,1,0.8528510332107544
1.0,1,0.7380403280258179
0.0,1,0.9825582504272461
0.0,0,0.0567050576210022
0.0,0,0.24857722222805023
1.0,1,0.9072368741035461
0.0,0,0.08698071539402008
1.0,1,0.9744917154312134
1.0,1,0.9960034489631653
1.0,1,0.7801265716552734
1.0,1,0.9969826340675354
1.0,1,0.9962277412414551
0.0,0,0.3186422884464264
0.0,0,0.0044740233570337296
0.0,0,0.3960929214954376
1.0,0,0.5304686427116394
0.0,0,0.05975516512989998
1.0,1,0.9933400750160217
1.0,1,0.8745179772377014
0.0,1,0.5767310857772827
1.0,1,0.9334138631820679
1.0,0,0.11339568346738815
0.0,0,0.09470633417367935
0.0,0,0.02324882708489895
0.0,0,0.3782407343387604
1.0,1,0.8497181534767151
0.0,0,0.043117791414260864
1.0,1,0.9953750967979431
1.0,1,0.9850531220436096
0.0,0,0.027508851140737534
1.0,1,0.9284051060676575
0.0,0,0.046577438712120056
0.0,0,0.0037399763241410255
0.0,0,0.14682815968990326
0.0,1,0.9588771462440491
0.0,0,0.09671864658594131
0.0,0,0.005522946361452341
0.0,0,0.0005291404668241739
0.0,1,0.6924628019332886
0.0,0,0.02447502873837948
0.0,0,0.03290529176592827
0.0,1,0.930748462677002
0.0,1,0.8423577547073364
0.0,0,0.21477748453617096
0.0,1,0.8136487007141113
1.0,0,0.30642107129096985
1.0,0,0.07846314460039139
0.0,0,0.035991016775369644
0.0,0,0.013157317414879799
0.0,1,0.6369813680648804
1.0,1,0.9675888419151306
0.0,0,0.28391367197036743
1.0,1,0.7265504002571106
1.0,1,0.884848415851593
1.0,1,0.9991315007209778
1.0,1,0.9181836843490601
0.0,1,0.9607143402099609
1.0,1,0.9188856482505798
1.0,1,0.9718314409255981
0.0,0,0.27089759707450867
0.0,0,0.47321850061416626
1.0,1,0.9311874508857727
1.0,1,0.9623357057571411
0.0,0,0.028277233242988586
1.0,1,0.9990594983100891
0.0,0,0.16810671985149384
0.0,0,0.006293348502367735
1.0,1,0.9969413876533508
0.0,0,0.3514868915081024
0.0,1,0.6062103509902954
1.0,1,0.9411143064498901
1.0,1,0.9967644214630127
1.0,1,0.9644255042076111
1.0,1,0.998065173625946
1.0,1,0.9905827045440674
0.0,1,0.8709999918937683
1.0,1,0.9888597726821899
1.0,1,0.9898366332054138
1.0,1,0.992452085018158
0.0,0,0.27730321884155273
1.0,1,0.9989290833473206
0.0,0,0.024051189422607422
0.0,1,0.7082821726799011
0.0,1,0.8244354128837585
1.0,0,0.4402705729007721
0.0,1,0.696195662021637
1.0,1,0.9981402158737183
1.0,1,0.9967420697212219
0.0,1,0.7473879456520081
0.0,1,0.9094318151473999
0.0,0,0.3156052231788635
1.0,1,0.9294365048408508
1.0,0,0.35803356766700745
1.0,1,0.984583854675293
1.0,1,0.9057440161705017
1.0,1,0.9575811624526978
1.0,1,0.6821615695953369
1.0,0,0.020688053220510483
0.0,1,0.6758112907409668
0.0,1,0.9478000998497009
1.0,1,0.9466186761856079
0.0,0,0.022042958065867424
0.0,0,0.07516773790121078
0.0,0,0.126845583319664
1.0,1,0.9704629778862
1.0,1,0.7802466154098511
0.0,0,0.041716594249010086
1.0,1,0.6404420137405396
0.0,0,0.11440018564462662
1.0,1,0.9336041808128357
0.0,0,0.00261188973672688
1.0,1,0.983803391456604
1.0,1,0.9925214648246765
1.0,1,0.8174374103546143
0.0,0,0.007078391965478659
0.0,0,0.3397354185581207
0.0,0,0.2354295700788498
0.0,0,0.33970195055007935
0.0,0,0.1092587485909462
0.0,0,0.08071741461753845
1.0,0,0.10485564917325974
1.0,1,0.65903639793396
1.0,1,0.9979504942893982
0.0,0,0.0026581843849271536
0.0,0,0.048576246947050095
0.0,0,0.09127219766378403
1.0,1,0.9868139028549194
1.0,1,0.7553635239601135
1.0,1,0.9783485531806946
1.0,1,0.8813351392745972
1.0,1,0.9952541589736938
0.0,0,0.28639546036720276
1.0,1,0.9899033308029175
0.0,0,0.06145903095602989
1.0,0,0.44703251123428345
1.0,1,0.9944103360176086
1.0,0,0.3977225422859192
1.0,1,0.8681015968322754
1.0,1,0.9541947841644287
0.0,0,0.28464287519454956
1.0,0,0.06056928634643555
1.0,1,0.9950318336486816
1.0,1,0.9949806332588196
1.0,1,0.9936938881874084
0.0,0,0.2274945080280304
0.0,0,0.01868257112801075
0.0,0,0.0846201479434967
0.0,0,0.2817211151123047
0.0,0,0.23572812974452972
0.0,1,0.9702566266059875
1.0,1,0.9611098170280457
1.0,1,0.9587297439575195
0.0,0,0.10112982988357544
1.0,1,0.7919498682022095
1.0,0,0.46811339259147644
0.0,0,0.06023444980382919
0.0,0,0.013342504389584064
1.0,1,0.9827935695648193
1.0,1,0.9661893844604492
1.0,1,0.8537128567695618
0.0,0,0.20575791597366333
0.0,0,0.19144974648952484
0.0,0,0.09553424268960953
0.0,1,0.6644949316978455
0.0,0,0.0028558061458170414
0.0,0,0.09764575958251953
1.0,1,0.8684722185134888
1.0,0,0.2220662385225296
0.0,0,0.12080427259206772
1.0,1,0.9900410771369934
0.0,1,0.9480817914009094
0.0,1,0.855414628982544
0.0,0,0.00232227286323905
1.0,1,0.9489654898643494
1.0,0,0.5225639939308167
1.0,1,0.9690513014793396
0.0,0,0.22509132325649261
0.0,0,0.023865334689617157
0.0,0,0.09252840280532837
0.0,0,0.01974431239068508
0.0,1,0.8935572504997253
1.0,1,0.9804531335830688
1.0,1,0.9890612363815308
1.0,1,0.9808783531188965
1.0,0,0.03736955672502518
0.0,0,0.24847207963466644
1.0,1,0.7678536772727966
1.0,1,0.9777112603187561
1.0,1,0.9923213124275208
0.0,0,0.13128694891929626
0.0,0,0.04584156349301338
1.0,1,0.928325355052948
1.0,1,0.9959851503372192
0.0,0,0.44427940249443054
0.0,1,0.6795357465744019
1.0,1,0.9860405921936035
1.0,1,0.9996591806411743
1.0,1,0.7534846663475037
0.0,0,0.4134296774864197
0.0,1,0.9111478328704834
1.0,1,0.9330631494522095
1.0,1,0.9824884533882141
1.0,1,0.9952186942100525
1.0,1,0.9398959279060364
1.0,1,0.9959214925765991
1.0,1,0.956939697265625
0.0,1,0.580123245716095
0.0,0,0.04062925651669502
1.0,1,0.9922670722007751
1.0,1,0.9988282322883606
0.0,0,0.06861279159784317
1.0,1,0.9389384984970093
0.0,0,0.02711603231728077
0.0,0,0.5097235441207886
0.0,0,0.017630310729146004
1.0,1,0.9836260676383972
0.0,0,0.2789139747619629
0.0,0,0.4964330792427063
0.0,0,0.26315298676490784
0.0,0,0.1544768512248993
0.0,0,0.12843316793441772
0.0,0,0.010557277128100395
0.0,0,0.08779936283826828
0.0,0,0.0038568470627069473
1.0,1,0.9598622918128967
0.0,0,0.010513166896998882
1.0,0,0.37669333815574646
0.0,1,0.6830793023109436
1.0,1,0.906316876411438
1.0,0,0.019929131492972374
0.0,0,0.0003465219051577151
1.0,0,0.07608109712600708
1.0,1,0.8774914741516113
1.0,1,0.8116667866706848
0.0,1,0.6492844820022583
0.0,1,0.5678423643112183
1.0,1,0.9736068248748779
1.0,1,0.9631448984146118
0.0,0,0.40855872631073
0.0,0,0.06372527778148651
0.0,1,0.910262405872345
1.0,1,0.9459469318389893
1.0,0,0.15615439414978027
0.0,0,0.24804270267486572
0.0,0,0.04495814070105553
1.0,0,0.3690599799156189
0.0,0,0.2073027342557907
0.0,1,0.6305217146873474
0.0,0,0.0400579497218132
0.0,0,0.18604707717895508
1.0,1,0.9970648884773254
1.0,1,0.577647864818573
1.0,1,0.9967811107635498
0.0,0,0.35279586911201477
1.0,1,0.996823787689209
0.0,0,0.023821402341127396
0.0,0,0.43540722131729126
0.0,0,0.14321927726268768
1.0,1,0.8600755333900452
0.0,1,0.6115639805793762
1.0,0,0.449763685464859
1.0,0,0.23849420249462128
0.0,0,0.023648666217923164
0.0,0,0.3732949495315552
1.0,0,0.3880276679992676
0.0,0,0.34051501750946045
0.0,0,0.5096340179443359
1.0,0,0.18782033026218414
0.0,1,0.9858593344688416
1.0,1,0.980838418006897
0.0,0,0.34981322288513184
0.0,0,0.011476859450340271
1.0,0,0.18703988194465637
1.0,1,0.9448771476745605
1.0,1,0.9999603033065796
0.0,0,0.0018630276899784803
1.0,1,0.9161818623542786
0.0,0,0.011084944009780884
1.0,1,0.9761022329330444
1.0,1,0.924132227897644
0.0,1,0.7609028816223145
1.0,1,0.9611799716949463
1.0,1,0.9898597598075867
0.0,0,0.16363991796970367
1.0,1,0.8669583201408386
1.0,1,0.8166255354881287
1.0,1,0.991186797618866
0.0,0,0.015348986722528934
0.0,0,0.005343147087842226
1.0,1,0.9365656971931458
0.0,0,0.08065168559551239
0.0,1,0.8458478450775146
0.0,0,0.10601440817117691
0.0,0,0.3109595477581024
0.0,0,0.027642488479614258
1.0,0,0.3671899735927582
0.0,0,0.35688352584838867
1.0,1,0.6892251968383789
0.0,1,0.5549657344818115
0.0,1,0.6310325860977173
0.0,0,0.4030931293964386
0.0,0,0.26022520661354065
1.0,1,0.867625892162323
0.0,1,0.9171646237373352
0.0,0,0.025932153686881065
1.0,1,0.9776648879051208
1.0,0,0.5148435235023499
0.0,0,0.014649014919996262
0.0,1,0.6192075610160828
0.0,0,0.003309398191049695
0.0,1,0.59384685754776
0.0,1,0.8849704265594482
1.0,1,0.8638991117477417
1.0,1,0.8862130045890808
1.0,1,0.9737675189971924
1.0,0,0.3212827444076538
0.0,0,0.018711311742663383
1.0,1,0.9181537628173828
1.0,0,0.4288990795612335
1.0,0,0.4658093750476837
0.0,0,0.5378561615943909
0.0,0,0.29534977674484253
0.0,1,0.7897879481315613
1.0,1,0.7904316782951355
0.0,0,0.5334106087684631
0.0,0,0.07535906136035919
1.0,1,0.9160634279251099
0.0,1,0.8440825343132019
1.0,1,0.8016939759254456
1.0,0,0.16947035491466522
0.0,1,0.8797288537025452
0.0,0,0.007689077407121658
1.0,1,0.9883893728256226
0.0,0,0.5325116515159607
0.0,0,0.0028933188877999783
0.0,1,0.9559402465820312
0.0,0,0.26113227009773254
1.0,1,0.9970019459724426
0.0,0,0.020461197942495346
1.0,0,0.20247189700603485
0.0,0,0.023748187348246574
0.0,0,0.0425310917198658
1.0,1,0.6902548670768738
0.0,0,0.022843075916171074
0.0,1,0.98748779296875
1.0,1,0.9738600850105286
0.0,1,0.7147225141525269
0.0,1,0.8190248608589172
0.0,0,0.5399959683418274
1.0,1,0.9969942569732666
0.0,0,0.13244400918483734
1.0,1,0.6589993834495544
0.0,0,0.12292623519897461
1.0,1,0.9696497917175293
0.0,0,0.056122053414583206
1.0,0,0.3025917112827301
1.0,1,0.9837659597396851
1.0,1,0.9586683511734009
1.0,1,0.9642224311828613
1.0,1,0.9989388585090637
1.0,1,0.9873162508010864
0.0,0,0.3683907985687256
1.0,1,0.985149621963501
1.0,1,0.8479444980621338
1.0,1,0.9875373244285583
1.0,1,0.9947149157524109
1.0,1,0.9961127638816833
0.0,1,0.820489227771759
1.0,1,0.939269483089447
1.0,1,0.949496865272522
1.0,1,0.9451485276222229
0.0,0,0.17265021800994873
1.0,1,0.948528528213501
1.0,0,0.40559282898902893
1.0,0,0.28293460607528687
1.0,1,0.9906128644943237
0.0,1,0.9981300234794617
0.0,0,0.28736957907676697
0.0,0,0.030687063932418823
0.0,0,0.35659059882164
1.0,1,0.9946048855781555
1.0,1,0.9912658333778381
0.0,0,0.016086677089333534
1.0,1,0.9293730854988098
0.0,1,0.8412423729896545
0.0,0,0.06370473653078079
0.0,0,0.03325674310326576
1.0,1,0.7313565015792847
0.0,0,0.11342158913612366
0.0,0,0.4315042197704315
1.0,1,0.7741442918777466
1.0,1,0.9983002543449402
1.0,0,0.13033175468444824
0.0,1,0.6178798675537109
0.0,0,0.40556469559669495
1.0,1,0.9609858393669128
0.0,0,0.014234933070838451
0.0,0,0.06650085002183914
0.0,1,0.8845369815826416
0.0,0,0.06646230071783066
0.0,0,0.14936864376068115
1.0,0,0.4330885410308838
0.0,0,0.0358394980430603
1.0,1,0.6338658332824707
1.0,1,0.9702278971672058
1.0,1,0.9207776188850403
1.0,1,0.9929925203323364
1.0,1,0.9978452920913696
1.0,1,0.6717432141304016
0.0,1,0.634089469909668
0.0,0,0.4135415256023407
1.0,1,0.9465429186820984
0.0,0,0.0010834891581907868
1.0,0,0.2735998332500458
1.0,0,0.26817378401756287
1.0,0,0.5062395334243774
0.0,0,0.5292940139770508
0.0,0,0.015597479417920113
1.0,1,0.9983845949172974
1.0,1,0.9655032753944397
0.0,0,0.03369633108377457
1.0,1,0.9282715320587158
1.0,1,0.8057850003242493
1.0,1,0.9056888818740845
0.0,0,0.002142096171155572
0.0,0,0.15443217754364014
1.0,1,0.9697526693344116
0.0,0,0.013756047934293747
0.0,0,0.3568436801433563
1.0,1,0.8934201002120972
0.0,0,0.12635312974452972
0.0,0,0.008440584875643253
0.0,1,0.5894209146499634
1.0,1,0.9707433581352234
0.0,0,0.1507583111524582
0.0,0,0.060715675354003906
0.0,0,0.18025575578212738
0.0,0,0.1024397760629654
1.0,1,0.9610779881477356
0.0,0,0.03443744406104088
1.0,1,0.9859557151794434
1.0,1,0.9886765480041504
0.0,0,0.1612878143787384
1.0,1,0.7906522154808044
1.0,0,0.035823557525873184
1.0,1,0.7402481436729431
0.0,0,0.5026749968528748
1.0,0,0.07013537734746933
1.0,1,0.6686962842941284
1.0,1,0.9945794343948364
1.0,0,0.07946330308914185
1.0,1,0.9541990160942078
1.0,1,0.9849219918251038
0.0,0,0.02054600790143013
1.0,1,0.7589283585548401
0.0,0,0.0038279478903859854
0.0,0,0.05186888203024864
0.0,0,0.013393099419772625
1.0,1,0.9361000657081604
0.0,0,0.25642308592796326
1.0,1,0.9922518134117126
0.0,0,0.3701542913913727
1.0,1,0.9088335037231445
0.0,0,0.014707607217133045
0.0,0,0.1493687480688095
1.0,1,0.9967051148414612
0.0,0,0.2096332609653473
1.0,1,0.9927105903625488
0.0,0,0.2763839066028595
1.0,1,0.9849333167076111
1.0,1,0.9175353050231934
0.0,0,0.0002958211407531053
1.0,0,0.11009421199560165
0.0,0,0.022427348420023918
1.0,1,0.9050456285476685
0.0,0,0.14181888103485107
0.0,1,0.9956724643707275
0.0,0,0.03579271584749222
1.0,1,0.9305003881454468
0.0,0,0.05082559958100319
1.0,1,0.8249494433403015
0.0,0,0.1124550998210907
1.0,1,0.9934234619140625
1.0,1,0.9522326588630676
1.0,1,0.9944753050804138
0.0,0,0.01287615392357111
1.0,1,0.9963967204093933
1.0,1,0.9828548431396484
0.0,0,0.5098657011985779
1.0,1,0.9775627851486206
0.0,0,0.43229392170906067
0.0,0,0.08726181834936142
0.0,0,0.4814658761024475
1.0,1,0.9965793490409851
0.0,0,0.047493916004896164
1.0,1,0.9852486252784729
1.0,1,0.9781460762023926
0.0,1,0.631212592124939
1.0,1,0.8319350481033325
1.0,1,0.9657225608825684
0.0,0,0.04537464305758476
1.0,0,0.3008829355239868
0.0,0,0.19421154260635376
1.0,1,0.828784704208374
1.0,1,0.9765581488609314
1.0,0,0.31418389081954956
0.0,0,0.07212933897972107
0.0,0,0.19353844225406647
1.0,1,0.9682633876800537
0.0,0,0.4846443831920624
0.0,1,0.8991851806640625
1.0,1,0.6393455862998962
1.0,1,0.9555283188819885
1.0,1,0.9499057531356812
1.0,1,0.9943240880966187
0.0,0,0.1751360148191452
1.0,1,0.986367404460907
1.0,1,0.9967216849327087
1.0,1,0.9678362011909485
1.0,1,0.9813539981842041
0.0,0,0.14404946565628052
1.0,1,0.996659517288208
0.0,0,0.42930927872657776
1.0,1,0.9676765203475952
0.0,0,0.09365659207105637
0.0,0,0.24476712942123413
1.0,0,0.5381686091423035
1.0,1,0.9884191751480103
0.0,0,0.3942221403121948
0.0,0,0.34080713987350464
1.0,1,0.8386348485946655
0.0,0,0.06944233179092407
1.0,0,0.19246216118335724
0.0,0,0.12571418285369873
0.0,0,0.5362867116928101
0.0,0,0.25648438930511475
0.0,1,0.5863850116729736
0.0,0,0.0035330497194081545
0.0,0,0.44780465960502625
1.0,1,0.7640641331672668
0.0,0,0.42854592204093933
1.0,0,0.44134169816970825
0.0,0,0.021701037883758545
1.0,0,0.5022494196891785
1.0,1,0.9262688159942627
0.0,0,0.015685860067605972
0.0,0,0.02884337306022644
0.0,0,0.08588595688343048
1.0,0,0.2290259152650833
0.0,0,0.2152985781431198
0.0,1,0.9427201747894287
0.0,0,0.05189131945371628
1.0,1,0.9790292978286743
0.0,0,0.13934564590454102
0.0,0,0.29355719685554504
0.0,0,0.17574922740459442
0.0,0,0.5240688920021057
1.0,1,0.99943608045578
1.0,1,0.9831414222717285
0.0,0,0.36703503131866455
0.0,0,0.012885229662060738
1.0,0,0.06255068629980087
1.0,1,0.9930791258811951
0.0,0,0.007672787178307772
1.0,1,0.8850235342979431
0.0,0,0.4641571342945099
1.0,1,0.9286655187606812
0.0,1,0.9165247082710266
1.0,1,0.8718745112419128
1.0,1,0.9990423321723938
1.0,1,0.998795747756958
0.0,0,0.05412585288286209
1.0,0,0.35115039348602295
1.0,1,0.9602910280227661
1.0,1,0.9987138509750366
0.0,1,0.9915611147880554
1.0,0,0.09289046376943588
0.0,1,0.8908326625823975
0.0,0,0.4241478443145752
0.0,1,0.8087535500526428
1.0,1,0.9703328609466553
0.0,1,0.6023420691490173
1.0,1,0.9572027325630188
0.0,1,0.9075490832328796
1.0,1,0.9713571071624756
1.0,1,0.9961508512496948
0.0,1,0.9619432687759399
0.0,0,0.2562769651412964
1.0,1,0.8426424860954285
0.0,0,0.1534990817308426
1.0,1,0.9850168228149414
0.0,1,0.9550655484199524
1.0,0,0.2995486259460449
0.0,1,0.6360753178596497
1.0,0,0.03901094198226929
0.0,1,0.6851564645767212
0.0,1,0.5840760469436646
1.0,1,0.9959243535995483
1.0,0,0.062397707253694534
0.0,0,0.2618233263492584
0.0,0,0.06498218327760696
1.0,0,0.03194057568907738
0.0,1,0.6351749300956726
0.0,0,0.014380862936377525
0.0,0,0.03623657301068306
0.0,0,0.05215093120932579
1.0,1,0.8530303835868835
1.0,1,0.9974803328514099
1.0,1,0.7028524279594421
1.0,0,0.11964743584394455
0.0,0,0.3407129645347595
0.0,0,0.2549551725387573
0.0,0,0.04418440908193588
1.0,1,0.9817652702331543
0.0,0,0.021663643419742584
1.0,1,0.7765926718711853
1.0,1,0.9766046404838562
0.0,0,0.050432559102773666
1.0,0,0.42585527896881104
1.0,1,0.9968352913856506
1.0,1,0.9599541425704956
1.0,0,0.19805511832237244
1.0,1,0.9912419319152832
1.0,1,0.9650216698646545
1.0,1,0.9991772770881653
1.0,1,0.9849239587783813
0.0,0,0.11507903784513474
1.0,1,0.9882001876831055
0.0,0,0.015844684094190598
1.0,1,0.9933874607086182
0.0,0,0.02298116311430931
0.0,0,0.014384646899998188
0.0,0,0.012013218365609646
1.0,1,0.9753864407539368
0.0,1,0.6872249841690063
1.0,1,0.9985209107398987
0.0,0,0.16641992330551147
0.0,1,0.9793798923492432
1.0,0,0.2197050154209137
0.0,0,0.008370952680706978
0.0,0,0.06700259447097778
1.0,0,0.2665592133998871
1.0,1,0.8142247796058655
0.0,1,0.8307778239250183
1.0,1,0.8213589787483215
0.0,0,0.09457575529813766
0.0,0,0.43955856561660767
0.0,0,0.039368826895952225
0.0,0,0.4297913908958435
0.0,0,0.5250853300094604
1.0,1,0.7198827862739563
1.0,1,0.9706507325172424
0.0,1,0.9451456665992737
0.0,0,0.01820085197687149
1.0,1,0.9879356622695923
1.0,1,0.9451684355735779
0.0,0,0.027183201164007187
1.0,1,0.9921849370002747
0.0,0,0.32750794291496277
0.0,0,0.35137131810188293
1.0,1,0.9940471649169922
1.0,1,0.9934812784194946
0.0,0,0.017993947491049767
0.0,1,0.8266969323158264
1.0,1,0.9442912936210632
1.0,0,0.305467426776886
0.0,0,0.03287113830447197
1.0,1,0.9972729086875916
1.0,1,0.9886821508407593
0.0,0,0.1083851009607315
1.0,1,0.8769006729125977
0.0,0,0.017355982214212418
0.0,0,0.165475994348526
1.0,1,0.7936549782752991
0.0,0,0.0024746516719460487
1.0,1,0.9580852389335632
1.0,1,0.8324371576309204
0.0,0,0.07552452385425568
0.0,1,0.6923903822898865
0.0,0,0.050662096589803696
1.0,1,0.9882166981697083
0.0,0,0.02269621565937996
1.0,0,0.5255312919616699
0.0,1,0.7465381622314453
0.0,0,0.0017335370648652315
0.0,0,0.18792231380939484
1.0,0,0.03282812237739563
1.0,0,0.13030901551246643
0.0,0,0.03083113394677639
0.0,0,0.3265000283718109
0.0,0,0.033352080732584
1.0,1,0.9154400825500488
1.0,1,0.9938306212425232
1.0,1,0.9972683191299438
0.0,1,0.8806493878364563
1.0,0,0.33353230357170105
1.0,1,0.9887223243713379
0.0,0,0.009979946538805962
1.0,1,0.9739693403244019
0.0,0,0.2923782467842102
1.0,1,0.9960641264915466
1.0,0,0.352699875831604
0.0,0,0.014378185383975506
1.0,1,0.8249981999397278
0.0,0,0.1619415432214737
0.0,0,0.16909170150756836
0.0,0,0.2580071687698364
1.0,0,0.5340059995651245
1.0,1,0.9630618691444397
0.0,0,0.24647288024425507
0.0,0,0.1641320288181305
0.0,0,0.019574588164687157
1.0,1,0.9990760087966919
0.0,1,0.967917263507843
0.0,0,0.020431116223335266
0.0,0,0.3899707496166229
0.0,0,0.4600122570991516
1.0,0,0.026914021000266075
0.0,0,0.010720562189817429
1.0,1,0.862252414226532
1.0,1,0.9938774704933167
1.0,0,0.11881004273891449
0.0,0,0.4986809194087982
0.0,1,0.9811739921569824
1.0,1,0.9855970740318298
1.0,1,0.99763023853302
0.0,0,0.03737879544496536
0.0,1,0.8995395302772522
0.0,0,0.3076074719429016
1.0,1,0.9993194341659546
1.0,1,0.991727352142334
0.0,0,0.11254719644784927
0.0,0,0.13072508573532104
0.0,0,0.053842078894376755
1.0,1,0.7987497448921204
1.0,1,0.9915357828140259
1.0,1,0.9948542714118958
0.0,0,0.05560189485549927
0.0,0,0.23799508810043335
1.0,1,0.8151188492774963
0.0,0,0.3728705644607544
0.0,0,0.06439487636089325
1.0,1,0.9885193705558777
1.0,1,0.9928225874900818
0.0,0,0.4002058804035187
0.0,0,0.1758921891450882
1.0,1,0.9971717000007629
0.0,0,0.05537136271595955
0.0,0,0.025381188839673996
1.0,1,0.9861378073692322
0.0,0,0.29655343294143677
1.0,1,0.9967076778411865
0.0,0,0.006033150479197502
1.0,1,0.9767923951148987
0.0,0,0.08477165549993515
1.0,0,0.29000112414360046
1.0,1,0.8550986051559448
0.0,1,0.7542309761047363
1.0,0,0.19758643209934235
0.0,0,0.16929399967193604
1.0,0,0.14948362112045288
1.0,1,0.8867997527122498
0.0,0,0.4544818699359894
1.0,0,0.053816262632608414
0.0,0,0.009729964658617973
0.0,0,0.012340744026005268
1.0,1,0.9967701435089111
1.0,1,0.9765601754188538
0.0,1,0.6909453272819519
0.0,0,0.030552493408322334
0.0,1,0.5918961763381958
1.0,0,0.4685325026512146
1.0,1,0.9964709281921387
0.0,1,0.895747184753418
1.0,1,0.9476242661476135
1.0,1,0.9927412271499634
1.0,0,0.13599538803100586
0.0,0,0.09014368802309036
0.0,0,0.03359745442867279
0.0,1,0.6725942492485046
0.0,1,0.7905831336975098
0.0,0,0.45016369223594666
0.0,0,0.002743385499343276
1.0,1,0.9973561763763428
0.0,0,0.254327654838562
1.0,1,0.9898641705513
1.0,1,0.9968687891960144
1.0,1,0.9869791269302368
0.0,0,0.2138063609600067
0.0,0,0.07033252716064453
0.0,0,0.3499836325645447
1.0,1,0.9783033728599548
0.0,0,0.05320623517036438
1.0,1,0.9937964677810669
0.0,0,0.32561013102531433
1.0,1,0.9804547429084778
1.0,1,0.9966673254966736
1.0,0,0.3070344924926758
1.0,1,0.9965018033981323
1.0,0,0.14648784697055817
0.0,0,0.2392900139093399
1.0,0,0.07349205762147903
0.0,0,0.023354053497314453
0.0,1,0.9881446361541748
1.0,1,0.9669430255889893
0.0,0,0.09932845085859299
1.0,1,0.9268473386764526
0.0,1,0.859515905380249
0.0,0,0.4238189458847046
1.0,1,0.6843275427818298
1.0,1,0.9433486461639404
1.0,1,0.6098808646202087
1.0,0,0.33134615421295166
0.0,0,0.47998204827308655
1.0,1,0.942254364490509
1.0,1,0.9401929378509521
1.0,1,0.9798029065132141
1.0,1,0.7376084327697754
0.0,0,0.3252294659614563
1.0,1,0.9911909699440002
0.0,0,0.08975327759981155
0.0,0,0.03347235172986984
0.0,0,0.2143024355173111
0.0,0,0.1134871393442154
1.0,0,0.09260372072458267
1.0,1,0.6698815822601318
0.0,1,0.9483077526092529
0.0,0,0.005958165042102337
0.0,1,0.7373583912849426
0.0,0,0.24948744475841522
1.0,1,0.9984003901481628
0.0,0,0.14306963980197906
0.0,0,0.10928463190793991
1.0,1,0.7673397064208984
0.0,0,0.09365198016166687
1.0,1,0.800429105758667
0.0,1,0.8267790675163269
0.0,0,0.26231300830841064
1.0,1,0.9060930609703064
0.0,0,0.05363501235842705
0.0,1,0.7290592789649963
0.0,0,0.11354704946279526
0.0,0,0.3128092586994171
1.0,1,0.8493553400039673
1.0,1,0.8076387047767639
1.0,1,0.9885121583938599
0.0,0,0.00440078554674983
0.0,0,0.12658154964447021
0.0,0,0.10122156888246536
0.0,0,0.18723851442337036
1.0,1,0.9938978552818298
0.0,1,0.7864587306976318
1.0,1,0.9968679547309875
0.0,0,0.021813111379742622
0.0,0,0.2912929654121399
0.0,1,0.8481693863868713
0.0,1,0.8933538794517517
1.0,1,0.9861477017402649
1.0,1,0.9928881525993347
0.0,0,0.4085443317890167
1.0,0,0.5341150760650635
0.0,0,0.09797659516334534
0.0,0,0.20705033838748932
1.0,1,0.9977977275848389
0.0,0,0.0168874841183424
1.0,1,0.9907751679420471
0.0,0,0.025841642171144485
0.0,1,0.8971402645111084
0.0,0,0.4682468771934509
1.0,1,0.7238772511482239
0.0,0,0.4536994993686676
1.0,1,0.9628322720527649
1.0,1,0.959393322467804
0.0,0,0.3182271718978882
1.0,0,0.11110447347164154
1.0,1,0.9905059933662415
1.0,1,0.9885720014572144
0.0,0,0.014935259707272053
1.0,1,0.9527446627616882
0.0,0,0.02911985293030739
1.0,0,0.08092330396175385
0.0,0,0.04901493340730667
1.0,1,0.9945130348205566
0.0,1,0.8672252297401428
0.0,1,0.6339797377586365
0.0,0,0.4063481092453003
0.0,0,0.1834350824356079
0.0,0,0.03523425757884979
1.0,1,0.6162493228912354
1.0,1,0.542847752571106
0.0,0,0.15422599017620087
1.0,1,0.9900708794593811
0.0,0,0.07647371292114258
0.0,1,0.8769523501396179
1.0,1,0.7535485625267029
0.0,0,0.30513349175453186
1.0,0,0.5196868181228638
1.0,1,0.9988111257553101
1.0,0,0.32977232336997986
1.0,1,0.9327853918075562
0.0,0,0.05237331613898277
0.0,0,0.23012962937355042
0.0,1,0.6806545257568359
0.0,0,0.04150586202740669
1.0,0,0.36293232440948486
1.0,1,0.9653142690658569
1.0,1,0.9262972474098206
1.0,1,0.8379780054092407
0.0,1,0.6308614611625671
1.0,0,0.5030751824378967
1.0,1,0.9873194694519043
1.0,0,0.3675292432308197
1.0,1,0.9676937460899353
0.0,1,0.5585576891899109
1.0,1,0.6080647706985474
1.0,0,0.469490110874176
0.0,0,0.039208460599184036
1.0,1,0.6842439770698547
0.0,0,0.004657153971493244
1.0,1,0.8765705823898315
0.0,0,0.12701846659183502
0.0,0,0.006465621758252382
1.0,1,0.650801420211792
0.0,0,0.46083465218544006
0.0,0,0.32990795373916626
1.0,1,0.9472724199295044
0.0,0,0.10359477996826172
0.0,0,0.20191025733947754
1.0,1,0.8041675686836243
0.0,0,0.06492737680673599
0.0,0,0.02436308190226555
0.0,1,0.6456005573272705
0.0,0,0.35942232608795166
0.0,0,0.431206077337265
1.0,0,0.06705949455499649
0.0,0,0.5167893171310425
0.0,1,0.5490190982818604
0.0,1,0.7423837184906006
0.0,0,0.2522580325603485
1.0,1,0.9973961114883423
0.0,0,0.021696345880627632
0.0,1,0.6354420185089111
1.0,1,0.9998472929000854
1.0,1,0.9773170351982117
1.0,1,0.9515848755836487
1.0,1,0.891130805015564
0.0,0,0.07732360810041428
1.0,1,0.8857230544090271
1.0,1,0.7847528457641602
1.0,0,0.4365745186805725
0.0,0,0.038712553679943085
0.0,1,0.6837239861488342
0.0,1,0.751067042350769
1.0,0,0.15880493819713593
0.0,0,0.051910847425460815
1.0,1,0.9728666543960571
1.0,1,0.9051170945167542
1.0,1,0.9862593412399292
0.0,0,0.08180352300405502
1.0,1,0.9931362867355347
1.0,1,0.999648928642273
1.0,1,0.940552294254303
1.0,1,0.9902048110961914
0.0,1,0.9475343823432922
0.0,0,0.0011264188215136528
0.0,0,0.04377149045467377
1.0,0,0.44441208243370056
0.0,0,0.12596926093101501
1.0,0,0.458538293838501
1.0,1,0.9983639121055603
0.0,0,0.03827032446861267
0.0,0,0.016419174149632454
0.0,1,0.7066378593444824
1.0,0,0.24342407286167145
0.0,0,0.002075747586786747
1.0,1,0.999007523059845
0.0,0,0.004788647405803204
1.0,0,0.23517926037311554
1.0,1,0.7270212769508362
1.0,0,0.48093992471694946
1.0,1,0.9913225173950195
0.0,1,0.7063777446746826
0.0,0,0.12343055009841919
1.0,1,0.9993715882301331
1.0,1,0.9714019894599915
1.0,1,0.9934592247009277
1.0,1,0.9910963773727417
1.0,1,0.999645471572876
1.0,1,0.9693557620048523
1.0,1,0.981481671333313
1.0,1,0.9792880415916443
1.0,1,0.543861985206604
0.0,0,0.019622251391410828
0.0,0,0.11079781502485275
0.0,0,0.000673724221996963
0.0,0,0.08811049163341522
0.0,0,0.0178208090364933
1.0,1,0.9988901019096375
0.0,0,0.4536803662776947
0.0,0,0.05758001655340195
1.0,1,0.9859461188316345
1.0,1,0.9932851791381836
1.0,1,0.9996521472930908
0.0,0,0.14378196001052856
0.0,0,0.004927036818116903
0.0,0,0.03102063201367855
0.0,0,0.06736663728952408
1.0,1,0.9450194835662842
1.0,1,0.9953741431236267
1.0,1,0.5795868635177612
0.0,1,0.6725343465805054
1.0,1,0.9863152503967285
1.0,1,0.8143054246902466
1.0,1,0.6186361908912659
1.0,1,0.9842234253883362
1.0,0,0.5292624235153198
0.0,0,0.09084556251764297
0.0,1,0.683434784412384
1.0,1,0.9978461265563965
1.0,1,0.6681676506996155
0.0,0,0.002476344583556056
0.0,1,0.9361774921417236
0.0,0,0.039829790592193604
1.0,1,0.9772284030914307
0.0,0,0.012270135805010796
0.0,1,0.5741204619407654
0.0,1,0.9162972569465637
1.0,1,0.9694986939430237
0.0,0,0.26355254650115967
0.0,1,0.686403214931488
1.0,1,0.9913240671157837
1.0,1,0.5675803422927856
0.0,0,0.0665484070777893
1.0,0,0.0677143931388855
1.0,1,0.9905091524124146
1.0,1,0.7052411437034607
1.0,1,0.5595266222953796
1.0,1,0.964717447757721
0.0,0,0.04640244320034981
0.0,1,0.88480144739151
0.0,0,0.3347146511077881
0.0,0,0.16380095481872559
0.0,0,0.0074967993423342705
0.0,0,0.0033564697951078415
0.0,0,0.13391365110874176
1.0,1,0.8981869220733643
0.0,0,0.0051120673306286335
0.0,1,0.8332179188728333
0.0,1,0.7639477849006653
0.0,0,0.45729199051856995
0.0,0,0.13868100941181183
1.0,1,0.8421804904937744
1.0,1,0.9857813715934753
1.0,1,0.9957773685455322
0.0,0,0.1014389619231224
1.0,1,0.7907254099845886
0.0,0,0.10708964616060257
1.0,1,0.9961672425270081
0.0,0,0.2651890814304352
0.0,0,0.19497010111808777
1.0,0,0.5367496013641357
1.0,1,0.6218445897102356
1.0,1,0.7816265821456909
0.0,1,0.8644455075263977
1.0,1,0.9977733492851257
1.0,1,0.9241793751716614
0.0,0,0.2430950105190277
1.0,1,0.9708375334739685
1.0,1,0.9643826484680176
0.0,0,0.01968328282237053
1.0,1,0.9923589825630188
1.0,1,0.6548967361450195
0.0,0,0.018071340397000313
0.0,0,0.3823193609714508
0.0,0,0.41856515407562256
0.0,0,0.4134482145309448
0.0,0,0.13682803511619568
0.0,1,0.6553559303283691
1.0,1,0.5916170477867126
0.0,0,0.10662578791379929
1.0,1,0.9865790009498596
1.0,1,0.9516854882240295
1.0,1,0.9799314141273499
1.0,0,0.24978578090667725
1.0,1,0.9715712070465088
0.0,0,0.4488471746444702
0.0,0,0.41168108582496643
0.0,1,0.6173654198646545
0.0,0,0.14479795098304749
0.0,0,0.004299124702811241
0.0,0,0.006732732988893986
0.0,0,0.22506941854953766
0.0,0,0.038572266697883606
0.0,0,0.2997000813484192
1.0,1,0.9981537461280823
0.0,0,0.4781436622142792
0.0,0,0.0048489561304450035
0.0,0,0.058834630995988846
1.0,1,0.9810660481452942
0.0,0,0.12483270466327667
1.0,1,0.9957253932952881
0.0,0,0.22125904262065887
0.0,1,0.6598230600357056
0.0,0,0.09302455186843872
1.0,1,0.999548614025116
0.0,0,0.19849616289138794
1.0,0,0.12856577336788177
0.0,0,0.04803476110100746
1.0,0,0.4553106129169464
1.0,1,0.9908307790756226
1.0,0,0.28753623366355896
0.0,0,0.37136098742485046
0.0,0,0.17447547614574432
1.0,0,0.49857082962989807
1.0,1,0.9980292916297913
0.0,0,0.01840687170624733
0.0,0,0.016674449667334557
0.0,0,0.2355043590068817
1.0,1,0.9534922242164612
1.0,1,0.9947229623794556
0.0,0,0.09016026556491852
0.0,0,0.4154391884803772
0.0,0,0.03928221017122269
1.0,1,0.9924715757369995
0.0,0,0.11308205872774124
0.0,0,0.06393841654062271
0.0,0,0.2762276828289032
1.0,1,0.9784668684005737
0.0,0,0.023562174290418625
0.0,0,0.2035435140132904
1.0,0,0.050087738782167435
1.0,1,0.9969229102134705
0.0,1,0.6309796571731567
0.0,0,0.1399100124835968
0.0,0,0.18313950300216675
1.0,1,0.9957590699195862
1.0,1,0.9991293549537659
0.0,0,0.25318753719329834
1.0,1,0.7525603175163269
1.0,1,0.966060996055603
0.0,0,0.0087894843891263
0.0,0,0.3220440149307251
1.0,0,0.5142902135848999
1.0,1,0.9872724413871765
0.0,0,0.025730255991220474
0.0,0,0.0030140895396471024
1.0,0,0.22925494611263275
1.0,1,0.9430029392242432
0.0,0,0.1104317307472229
0.0,0,0.18818683922290802
0.0,0,0.19182036817073822
0.0,0,0.01829168014228344
0.0,0,0.03793611004948616
0.0,0,0.44223111867904663
1.0,1,0.9958576560020447
1.0,1,0.9343850612640381
0.0,0,0.16657419502735138
1.0,1,0.56721031665802
0.0,0,0.03653373569250107
0.0,1,0.725070059299469
1.0,1,0.9716303944587708
0.0,0,0.005139896646142006
1.0,1,0.9955160021781921
0.0,0,0.022929200902581215
0.0,0,0.17803464829921722
1.0,1,0.8776102662086487
1.0,1,0.8785401582717896
1.0,0,0.24441750347614288
0.0,0,0.006852754391729832
1.0,1,0.9866160154342651
1.0,1,0.8002932071685791
1.0,1,0.7953686118125916
1.0,1,0.9915225505828857
0.0,0,0.08937332034111023
1.0,1,0.6430253982543945
0.0,0,0.21176034212112427
0.0,0,0.06962651759386063
1.0,0,0.4413302540779114
0.0,0,0.014885632321238518
1.0,1,0.9947838187217712
1.0,1,0.9962448477745056
1.0,0,0.2756952941417694
0.0,0,0.32955625653266907
0.0,0,0.06930778920650482
1.0,1,0.9967505931854248
0.0,0,0.09747231006622314
1.0,1,0.995745837688446
1.0,1,0.6989418864250183
1.0,0,0.18650631606578827
0.0,0,0.0395984873175621
1.0,1,0.8544800281524658
0.0,1,0.5862273573875427
0.0,0,0.29377374053001404
1.0,1,0.8544468283653259
1.0,0,0.1627834588289261
0.0,0,0.014007926918566227
1.0,1,0.9592393040657043
1.0,0,0.1804637908935547
1.0,1,0.9867460131645203
1.0,1,0.951775848865509
1.0,1,0.7625831365585327
1.0,1,0.961201012134552
0.0,0,0.098626047372818
1.0,1,0.9968397617340088
0.0,0,0.008234434761106968
0.0,0,0.013256842270493507
1.0,1,0.8627581000328064
1.0,1,0.9300975203514099
0.0,0,0.0035292322281748056
0.0,0,0.0007368290098384023
0.0,0,0.02602391317486763
1.0,1,0.9822587966918945
1.0,1,0.9188058376312256
0.0,1,0.8999149799346924
0.0,0,0.005596552509814501
1.0,1,0.9991589784622192
0.0,0,0.4997033476829529
1.0,1,0.9915770292282104
0.0,0,0.25741955637931824
1.0,1,0.9556100964546204
0.0,0,0.2059972733259201
0.0,0,0.10155144333839417
0.0,0,0.28170809149742126
1.0,1,0.9786429405212402
1.0,1,0.5915980935096741
1.0,1,0.7618541121482849
0.0,0,0.0319024994969368
0.0,0,0.14779378473758698
1.0,0,0.47080934047698975
1.0,1,0.6288263201713562
0.0,0,0.16132833063602448
1.0,1,0.6047577261924744
0.0,0,0.06540736556053162
0.0,0,0.34322914481163025
0.0,0,0.11853528022766113
0.0,0,0.04227162525057793
0.0,0,0.0004531630256678909
0.0,0,0.4365873336791992
1.0,1,0.6197606325149536
1.0,1,0.9966314435005188
0.0,0,0.0014037636574357748
1.0,1,0.922110378742218
1.0,1,0.9821394085884094
1.0,1,0.8755102753639221
0.0,0,0.10953071713447571
1.0,1,0.5760738849639893
0.0,0,0.44148197770118713
0.0,0,0.13724742829799652
1.0,1,0.98124760389328
0.0,0,0.02764918841421604
0.0,1,0.6132241487503052
0.0,0,0.366182416677475
1.0,1,0.9814978837966919
1.0,0,0.21866942942142487
1.0,1,0.9517335295677185
1.0,1,0.9971646666526794
1.0,0,0.09052839130163193
0.0,0,0.14586566388607025
0.0,1,0.7717567086219788
1.0,1,0.9808601140975952
1.0,1,0.8875216841697693
1.0,1,0.8123407959938049
1.0,0,0.4490393400192261
1.0,1,0.8332964777946472
0.0,1,0.780518651008606
1.0,1,0.9276658892631531
0.0,0,0.219003826379776
1.0,0,0.3499287962913513
1.0,1,0.997035026550293
1.0,1,0.9969047904014587
1.0,1,0.9983041286468506
1.0,1,0.9727997779846191
0.0,0,0.11578797549009323
1.0,1,0.9063025712966919
1.0,1,0.9724442958831787
1.0,1,0.868302047252655
1.0,1,0.9953396320343018
1.0,1,0.996347963809967
0.0,1,0.7674412131309509
1.0,0,0.34113046526908875
0.0,1,0.987808346748352
1.0,1,0.6892207860946655
1.0,0,0.1592559963464737
0.0,1,0.8945884704589844
0.0,0,0.006164614111185074
0.0,0,0.004572633653879166
0.0,0,0.31028708815574646
0.0,0,0.12054643034934998
1.0,1,0.8326312303543091
0.0,1,0.8546740412712097
1.0,1,0.9801795482635498
0.0,0,0.41995131969451904
1.0,1,0.9688335061073303
0.0,0,0.23665186762809753
0.0,1,0.8656553626060486
0.0,0,0.03749540075659752
1.0,0,0.4199677109718323
0.0,1,0.8593800663948059
0.0,0,0.004200424533337355
0.0,0,0.09913581609725952
0.0,0,0.13936832547187805
0.0,0,0.052296340465545654
0.0,1,0.8816232085227966
0.0,0,0.06221896782517433
0.0,0,0.17519128322601318
0.0,0,0.12332671135663986
1.0,1,0.6698701977729797
0.0,0,0.078725665807724
0.0,0,0.0624673031270504
0.0,0,0.14121539890766144
0.0,0,0.10518719255924225
0.0,0,0.1219513937830925
0.0,0,0.009668596088886261
1.0,1,0.9900497198104858
0.0,0,0.3105204701423645
1.0,1,0.7367294430732727
1.0,1,0.9877386093139648
0.0,1,0.6545283198356628
1.0,0,0.529177188873291
0.0,0,0.049768637865781784
0.0,1,0.8392246961593628
0.0,0,0.15059809386730194
0.0,0,0.1741204559803009
1.0,0,0.13661527633666992
1.0,1,0.995998740196228
0.0,0,0.3460467457771301
0.0,0,0.007036709692329168
1.0,1,0.9647236466407776
0.0,0,0.2263956218957901
0.0,0,0.2686105966567993
1.0,1,0.9951393604278564
0.0,0,0.03448207303881645
0.0,0,0.059635162353515625
1.0,1,0.9951056241989136
1.0,1,0.9770380258560181
1.0,1,0.9976351261138916
0.0,1,0.8483483791351318
1.0,1,0.9732129573822021
0.0,1,0.8807142972946167
0.0,0,0.0515054352581501
1.0,0,0.11584708839654922
0.0,1,0.7291832566261292
0.0,0,0.011649019084870815
1.0,0,0.4578084349632263
0.0,0,0.0053259218111634254
1.0,1,0.9572298526763916
0.0,0,0.09242419898509979
0.0,0,0.036836132407188416
0.0,0,0.49245521426200867
1.0,1,0.8329441547393799
1.0,1,0.8506508469581604
1.0,1,0.9971206784248352
1.0,1,0.9678568840026855
1.0,0,0.13023866713047028
0.0,0,0.05278468132019043
1.0,1,0.9840206503868103
1.0,0,0.04467755928635597
0.0,0,0.06613803654909134
1.0,0,0.2035636454820633
0.0,0,0.0361991710960865
1.0,0,0.25310274958610535
1.0,1,0.9588984847068787
0.0,1,0.711188793182373
0.0,0,0.12987710535526276
0.0,0,0.009266510605812073
0.0,0,0.02872811257839203
1.0,1,0.9668574333190918
1.0,1,0.9894408583641052
0.0,0,0.5047247409820557
1.0,0,0.18322765827178955
0.0,1,0.9528683423995972
0.0,1,0.7543686032295227
0.0,0,0.16342419385910034
0.0,0,0.22349298000335693
0.0,0,0.193323016166687
1.0,0,0.22928379476070404
0.0,0,0.006873685400933027
0.0,0,0.04190920665860176
0.0,1,0.829707145690918
0.0,0,0.0622720867395401
1.0,1,0.9996336698532104
0.0,0,0.18539276719093323
0.0,0,0.0436466746032238
0.0,0,0.03925739601254463
0.0,0,0.02821754291653633
0.0,0,0.003567651379853487
1.0,1,0.9941955208778381
1.0,1,0.6989933848381042
1.0,1,0.949770450592041
1.0,1,0.9964777827262878
0.0,1,0.9822695851325989
1.0,1,0.9373767375946045
1.0,1,0.9529315829277039
0.0,1,0.9048542380332947
0.0,1,0.6863364577293396
1.0,0,0.5171319246292114
0.0,0,0.0052221291698515415
0.0,0,0.4097285270690918
1.0,1,0.999264657497406
0.0,1,0.6763901114463806
1.0,1,0.6880560517311096
1.0,1,0.9420501589775085
1.0,1,0.7820103764533997
0.0,0,0.14008788764476776
1.0,1,0.9981667995452881
0.0,0,0.08548647165298462
1.0,1,0.9409933090209961
1.0,1,0.9918862581253052
1.0,1,0.9453327655792236
0.0,0,0.05988512188196182
1.0,1,0.95742267370224
0.0,1,0.5646944642066956
1.0,1,0.9885784387588501
0.0,0,0.0024409345351159573
1.0,1,0.8821595907211304
0.0,1,0.7271251082420349
1.0,1,0.9585641622543335
0.0,0,0.3106556534767151
1.0,1,0.9951670169830322
0.0,1,0.8894319534301758
1.0,1,0.9625311493873596
0.0,0,0.15254977345466614
1.0,1,0.9726927280426025
1.0,1,0.9940646290779114
0.0,1,0.9286907315254211
0.0,0,0.006086960434913635
0.0,0,0.11666771024465561
0.0,0,0.34914878010749817
0.0,0,0.009169826284050941
0.0,0,0.003123311325907707
0.0,0,0.4964247941970825
0.0,0,0.45085859298706055
1.0,0,0.3576042354106903
0.0,0,0.14673151075839996
0.0,0,0.23771724104881287
1.0,1,0.9972678422927856
1.0,1,0.9966006875038147
1.0,0,0.10514786094427109
0.0,1,0.6359965205192566
1.0,1,0.9936654567718506
1.0,1,0.9812895655632019
0.0,0,0.009293402545154095
0.0,0,0.2413758635520935
0.0,0,0.05132049694657326
1.0,1,0.9895306825637817
0.0,0,0.06646043062210083
0.0,0,0.05528777465224266
1.0,1,0.9218480587005615
0.0,0,0.07334106415510178
0.0,0,0.04994221776723862
1.0,1,0.7985251545906067
1.0,0,0.18974822759628296
1.0,0,0.22989380359649658
0.0,1,0.7665560841560364
1.0,1,0.9889020919799805
1.0,1,0.9988173842430115
1.0,1,0.6052271723747253
1.0,1,0.8338436484336853
1.0,1,0.6048895716667175
0.0,0,0.02932938002049923
0.0,0,0.06803838163614273
1.0,1,0.786431074142456
0.0,1,0.5731383562088013
0.0,0,0.0014112768694758415
1.0,0,0.3710561692714691
1.0,1,0.9117134809494019
0.0,1,0.9345166087150574
1.0,1,0.912395715713501
1.0,1,0.8990402817726135
1.0,1,0.9105909466743469
1.0,1,0.6248131990432739
1.0,1,0.986470639705658
0.0,0,0.5318236947059631
1.0,1,0.9923805594444275
1.0,1,0.9972336888313293
1.0,1,0.9918292164802551
0.0,0,0.12084734439849854
0.0,0,0.2537906765937805
1.0,1,0.5905211567878723
1.0,1,0.9674575924873352
0.0,1,0.999984622001648
0.0,0,0.04194888472557068
1.0,1,0.9541214108467102
1.0,1,0.9488706588745117
0.0,0,0.10934976488351822
1.0,1,0.7117664813995361
1.0,0,0.3873049318790436
1.0,1,0.7062824964523315
0.0,0,0.04493601620197296
0.0,0,0.10296856611967087
1.0,1,0.9605630040168762
1.0,1,0.9833164811134338
1.0,1,0.7931053042411804
0.0,0,0.27790597081184387
0.0,0,0.08948364108800888
0.0,1,0.6205757856369019
0.0,0,0.1503094583749771
1.0,1,0.9922876358032227
0.0,0,0.03877640515565872
1.0,1,0.6073812246322632
0.0,0,0.36736860871315
1.0,0,0.20425856113433838
1.0,1,0.9545928835868835
1.0,1,0.9941080808639526
1.0,1,0.9979445338249207
0.0,1,0.9835851192474365
0.0,0,0.12643049657344818
1.0,0,0.3305654227733612
1.0,1,0.8807973861694336
1.0,1,0.9994219541549683
0.0,0,0.12197402119636536
0.0,0,0.1298801749944687
1.0,1,0.9199927449226379
0.0,1,0.9963042736053467
0.0,0,0.011544179171323776
1.0,1,0.9641671180725098
1.0,1,0.9556741714477539
0.0,0,0.34748297929763794
1.0,1,0.8871503472328186
0.0,0,0.34501388669013977
1.0,1,0.7951200008392334
1.0,1,0.9669000506401062
1.0,1,0.9959762692451477
0.0,1,0.5859017968177795
1.0,1,0.825748085975647
1.0,1,0.9214423894882202
1.0,1,0.9641501903533936
1.0,1,0.9985384941101074
0.0,0,0.12624605000019073
1.0,1,0.8561752438545227
0.0,0,0.002767249708995223
0.0,0,0.025022605434060097
1.0,1,0.9921312928199768
1.0,1,0.9721846580505371
0.0,0,0.02138812653720379
1.0,1,0.93110191822052
0.0,0,0.0362376943230629
1.0,1,0.9680256247520447
0.0,0,0.019342901185154915
1.0,0,0.30950403213500977
0.0,0,0.42621996998786926
0.0,0,0.039696939289569855
0.0,0,0.007579339202493429
0.0,0,0.4692087173461914
0.0,0,0.5279162526130676
0.0,1,0.7899217009544373
1.0,1,0.9936578869819641
1.0,0,0.12614834308624268
0.0,0,0.11366002261638641
1.0,1,0.9613199830055237
0.0,0,0.31907039880752563
1.0,0,0.49562564492225647
1.0,1,0.9802419543266296
1.0,1,0.9674361348152161
1.0,0,0.40931838750839233
0.0,0,0.03392428904771805
0.0,1,0.958069920539856
1.0,1,0.9233242869377136
1.0,1,0.9990801811218262
1.0,0,0.1170114129781723
0.0,1,0.8619701266288757
0.0,0,0.04976823925971985
1.0,1,0.8376139402389526
0.0,0,0.18708674609661102
0.0,0,0.3580104112625122
1.0,1,0.9796500205993652
1.0,1,0.8365539908409119
0.0,0,0.5097577571868896
1.0,1,0.9927230477333069
0.0,0,0.5295495986938477
1.0,1,0.9808681607246399
1.0,1,0.9771056175231934
1.0,1,0.8732059001922607
0.0,1,0.7854113578796387
0.0,0,0.19272463023662567
1.0,1,0.8934119939804077
1.0,1,0.8055684566497803
1.0,0,0.04216933250427246
1.0,0,0.28865665197372437
1.0,1,0.8960343599319458
0.0,0,0.01771204173564911
1.0,0,0.3779498040676117
0.0,0,0.007489639334380627
0.0,0,0.10847434401512146
0.0,1,0.6110671162605286
1.0,1,0.9960297346115112
0.0,1,0.5658652186393738
0.0,0,0.20455186069011688
0.0,0,0.022247428074479103
0.0,1,0.6737415194511414
1.0,1,0.9959526062011719
0.0,0,0.4317462146282196
0.0,0,0.4191572070121765
0.0,0,0.45612064003944397
1.0,1,0.9106804132461548
1.0,1,0.9077461957931519
1.0,1,0.9596363306045532
1.0,1,0.8456314206123352
1.0,1,0.9639167785644531
1.0,0,0.1631108522415161
1.0,1,0.9193267822265625
0.0,0,0.06923849135637283
0.0,1,0.8919875621795654
1.0,0,0.31920599937438965
0.0,0,0.5205543637275696
1.0,1,0.992645263671875
1.0,1,0.9988850951194763
0.0,0,0.09055832773447037
0.0,0,0.051730167120695114
0.0,0,0.14379726350307465
1.0,1,0.9860271215438843
1.0,1,0.886540949344635
0.0,0,0.030779866501688957
1.0,1,0.9979290962219238
0.0,0,0.32203981280326843
1.0,1,0.8870875835418701
0.0,0,0.515129029750824
0.0,0,0.5220102667808533
1.0,1,0.968989372253418
1.0,0,0.3357826769351959
1.0,1,0.7619648575782776
1.0,1,0.9953005313873291
1.0,0,0.0845479667186737
0.0,0,0.02135772816836834
0.0,1,0.8886342644691467
1.0,1,0.7434428930282593
1.0,1,0.9005868434906006
1.0,1,0.9982452392578125
0.0,0,0.16344253718852997
0.0,0,0.18029196560382843
0.0,0,0.009997375309467316
0.0,1,0.7500112056732178
1.0,1,0.9907563328742981
1.0,1,0.9934750199317932
0.0,0,0.06760276854038239
1.0,1,0.7685180306434631
0.0,0,0.09066388756036758
0.0,0,0.10590138286352158
1.0,1,0.7593128085136414
0.0,0,0.1410263478755951
1.0,1,0.9977693557739258
1.0,1,0.8802788257598877
1.0,1,0.9805877804756165
0.0,1,0.574479877948761
1.0,1,0.7894459366798401
0.0,0,0.050185974687337875
1.0,1,0.9860040545463562
1.0,1,0.9944032430648804
1.0,1,0.9984366297721863
0.0,0,0.17967185378074646
1.0,1,0.8125652074813843
1.0,0,0.12114641070365906
0.0,0,0.4867827296257019
0.0,1,0.9008514285087585
0.0,0,0.029098717495799065
0.0,0,0.2335161417722702
1.0,0,0.12429298460483551
1.0,1,0.9576187133789062
1.0,1,0.9992297887802124
0.0,0,0.028264744207262993
1.0,1,0.9952303171157837
0.0,1,0.9114533066749573
0.0,0,0.4322015345096588
0.0,1,0.8474562764167786
1.0,1,0.9839071035385132
1.0,0,0.46065181493759155
1.0,1,0.9870814681053162
1.0,1,0.9640583395957947
1.0,1,0.9829147458076477
0.0,0,0.008402700535953045
0.0,1,0.6706337332725525
0.0,0,0.36699438095092773
0.0,0,0.5097274780273438
0.0,0,0.08159056305885315
0.0,1,0.8158659338951111
0.0,0,0.02440968155860901
0.0,0,0.38372620940208435
1.0,1,0.9979617595672607
0.0,0,0.13016729056835175
0.0,0,0.001925767632201314
0.0,0,0.42589735984802246
1.0,1,0.9673706889152527
1.0,1,0.987381637096405
1.0,0,0.2700502276420593
1.0,1,0.6165808439254761
1.0,1,0.9981277585029602
1.0,1,0.7913087010383606
1.0,1,0.797568142414093
1.0,1,0.7531588077545166
0.0,0,0.0017288151429966092
0.0,1,0.5626650452613831
1.0,1,0.913228452205658
1.0,1,0.9880256056785583
1.0,1,0.9007341861724854
0.0,0,0.01149490475654602
1.0,0,0.4238807260990143
1.0,1,0.7685509920120239
0.0,1,0.8449026942253113
0.0,0,0.004833433777093887
1.0,1,0.9842198491096497
1.0,1,0.7791745662689209
0.0,0,0.0026698464062064886
0.0,1,0.8870277404785156
0.0,0,0.30323678255081177
1.0,1,0.9680925607681274
1.0,1,0.9976735711097717
0.0,0,0.1578996181488037
1.0,1,0.9737510085105896
1.0,1,0.9782164096832275
1.0,1,0.989769697189331
1.0,1,0.970907986164093
0.0,0,0.0067687248811125755
0.0,0,0.015805132687091827
1.0,1,0.8213706016540527
1.0,1,0.9604721069335938
1.0,0,0.39985203742980957
1.0,1,0.9457917213439941
0.0,0,0.0031315411906689405
1.0,1,0.9852677583694458
0.0,0,0.07143668830394745
1.0,1,0.9839653968811035
1.0,1,0.8676120042800903
1.0,1,0.8152005672454834
0.0,0,0.49392959475517273
0.0,0,0.018578702583909035
0.0,0,0.04702528193593025
1.0,1,0.9964818954467773
0.0,0,0.027415385469794273
0.0,0,0.025693917647004128
1.0,1,0.9850694537162781
0.0,0,0.008439319208264351
1.0,1,0.9892353415489197
0.0,0,0.09132634848356247
0.0,0,0.0062487320974469185
1.0,1,0.9824016690254211
1.0,1,0.8877305388450623
1.0,1,0.9911198019981384
1.0,0,0.34791430830955505
0.0,1,0.921941339969635
0.0,1,0.8040732145309448
0.0,0,0.038468845188617706
1.0,1,0.9933546781539917
0.0,0,0.07834348827600479
0.0,0,0.49066323041915894
0.0,0,0.4450909495353699
0.0,0,0.1620345115661621
1.0,1,0.9360227584838867
0.0,0,0.04505253583192825
1.0,1,0.9777370095252991
0.0,0,0.2989964187145233
0.0,0,0.23585675656795502
1.0,1,0.9982265830039978
1.0,1,0.9537615180015564
0.0,0,0.22133347392082214
1.0,0,0.3205471634864807
1.0,1,0.943547248840332
1.0,1,0.9983770847320557
1.0,1,0.9974483251571655
1.0,1,0.9570119380950928
1.0,1,0.9939526915550232
0.0,0,0.04753589257597923
0.0,0,0.0017678913427516818
1.0,0,0.28616514801979065
1.0,0,0.37169620394706726
1.0,1,0.9919469952583313
0.0,1,0.7841383218765259
1.0,1,0.9673244953155518
0.0,0,0.13491904735565186
0.0,1,0.5564319491386414
1.0,1,0.9969568252563477
1.0,0,0.15088292956352234
1.0,1,0.9106383323669434
1.0,1,0.8034651279449463
1.0,1,0.9985774755477905
1.0,1,0.9975389242172241
0.0,0,0.019202472642064095
0.0,0,0.16742339730262756
0.0,0,0.18248257040977478
1.0,1,0.7792946100234985
0.0,0,0.13096950948238373
0.0,0,0.01568744331598282
1.0,1,0.9227251410484314
1.0,1,0.9516875743865967
0.0,1,0.923076868057251
1.0,1,0.6085938215255737
0.0,0,0.10754092782735825
0.0,0,0.017434420064091682
0.0,0,0.21719756722450256
0.0,1,0.8229806423187256
1.0,1,0.6523920297622681
0.0,0,0.011957790702581406
0.0,0,0.0520927757024765
0.0,1,0.8632537722587585
1.0,1,0.9956230521202087
1.0,1,0.7916662693023682
0.0,1,0.8159345984458923
0.0,1,0.5771108269691467
0.0,0,0.013847353868186474
1.0,1,0.9560555219650269
1.0,1,0.6129785776138306
0.0,1,0.6773421764373779
0.0,0,0.04668673500418663
0.0,0,0.0034592768643051386
1.0,1,0.9545679688453674
0.0,1,0.8738315105438232
0.0,1,0.5972884297370911
0.0,1,0.6076590418815613
1.0,1,0.9882568717002869
1.0,1,0.9311828017234802
0.0,0,0.10827884078025818
1.0,1,0.9673481583595276
1.0,0,0.17155350744724274
1.0,0,0.17352524399757385
1.0,1,0.9975546002388
0.0,1,0.7895610332489014
1.0,1,0.9865943193435669
1.0,1,0.9976032376289368
1.0,1,0.7176771759986877
0.0,1,0.8840693831443787
1.0,0,0.5083706378936768
0.0,1,0.7799384593963623
1.0,1,0.981583297252655
0.0,0,0.4619424045085907
0.0,0,0.49148863554000854
0.0,0,0.10780198127031326
1.0,0,0.1936110556125641
0.0,0,0.018842775374650955
1.0,0,0.5326530933380127
0.0,0,0.0005001606768928468
1.0,1,0.7988424897193909
0.0,0,0.0385710746049881
0.0,0,0.026630515232682228
0.0,0,0.22602848708629608
1.0,0,0.22071701288223267
0.0,0,0.05781000852584839
1.0,1,0.8718279004096985
0.0,1,0.8716971278190613
1.0,1,0.9933382272720337
0.0,0,0.1901828497648239
0.0,0,0.3267754316329956
1.0,1,0.9469159245491028
0.0,1,0.8010435104370117
0.0,0,0.06042094528675079
1.0,0,0.4092428684234619
0.0,0,0.027234183624386787
1.0,1,0.8884269595146179
0.0,0,0.0730338990688324
1.0,1,0.9948638081550598
1.0,1,0.9889201521873474
1.0,1,0.9890279769897461
0.0,0,0.18959470093250275
0.0,0,0.028650585561990738
1.0,1,0.9871446490287781
0.0,1,0.9748592376708984
0.0,0,0.3122645616531372
0.0,1,0.7663189172744751
1.0,1,0.9933710098266602
0.0,0,0.16560225188732147
0.0,0,0.17081207036972046
1.0,1,0.9683887958526611
0.0,0,0.020523784682154655
1.0,1,0.9752368330955505
0.0,0,0.22027264535427094
0.0,0,0.10760465264320374
0.0,0,0.029086479917168617
1.0,1,0.6747639775276184
1.0,1,0.9652146100997925
1.0,0,0.20112162828445435
0.0,0,0.026601966470479965
0.0,0,0.21935203671455383
0.0,0,0.21098002791404724
0.0,0,0.11966843903064728
1.0,1,0.998299777507782
0.0,0,0.21448875963687897
1.0,1,0.9839771389961243
1.0,1,0.8313884735107422
1.0,1,0.9630107879638672
0.0,0,0.1021546721458435
1.0,0,0.17678692936897278
0.0,1,0.853825569152832
0.0,0,0.4581957161426544
1.0,1,0.9612162113189697
1.0,0,0.3256051242351532
1.0,1,0.9972323775291443
1.0,1,0.9294315576553345
0.0,0,0.011127101257443428
0.0,0,0.05890261009335518
0.0,0,0.023258667439222336
0.0,1,0.9591568112373352
1.0,1,0.9927984476089478
0.0,0,0.0625683069229126
0.0,1,0.5956894159317017
0.0,1,0.9069551825523376
1.0,1,0.9878005981445312
1.0,1,0.9219410419464111
1.0,1,0.9909175038337708
1.0,1,0.996993899345398
0.0,0,0.07148558646440506
0.0,0,0.08491457998752594
1.0,0,0.10132034122943878
0.0,1,0.8360674381256104
0.0,0,0.035074908286333084
1.0,1,0.9519052505493164
1.0,0,0.21017012000083923
0.0,1,0.9053853750228882
0.0,0,0.004070174414664507
1.0,1,0.9980791807174683
1.0,1,0.7833098769187927
1.0,1,0.9752875566482544
1.0,0,0.450980544090271
1.0,1,0.9950249791145325
0.0,0,0.3937387764453888
1.0,1,0.9615769386291504
0.0,0,0.13530446588993073
1.0,1,0.9986867308616638
1.0,0,0.25132253766059875
0.0,0,0.033151980489492416
0.0,1,0.9850871562957764
1.0,1,0.8776014447212219
0.0,0,0.09932898730039597
1.0,1,0.9483152627944946
0.0,0,0.14844462275505066
0.0,0,0.0014247952494770288
0.0,1,0.9849826693534851
1.0,0,0.4170123040676117
1.0,1,0.8995410799980164
0.0,0,0.45860499143600464
1.0,1,0.9855515956878662
1.0,1,0.9965613484382629
0.0,0,0.35581961274147034
0.0,0,0.21915188431739807
1.0,1,0.6621106266975403
0.0,0,0.32682666182518005
0.0,0,0.469397634267807
1.0,1,0.9926102757453918
0.0,0,0.3126257359981537
0.0,1,0.9299454092979431
0.0,0,0.026830166578292847
1.0,1,0.9857854247093201
0.0,0,0.2302839756011963
1.0,1,0.8029664158821106
1.0,1,0.9404754042625427
1.0,1,0.9532480835914612
1.0,1,0.9972742199897766
1.0,1,0.9772327542304993
0.0,0,0.35730308294296265
0.0,0,0.13837726414203644
0.0,0,0.07303024083375931
1.0,1,0.9641423225402832
1.0,1,0.9955797791481018
1.0,1,0.9666174650192261
1.0,1,0.9975730776786804
1.0,1,0.9792852997779846
1.0,1,0.9199464321136475
0.0,0,0.04061989113688469
1.0,1,0.970156192779541
0.0,0,0.2750397324562073
1.0,1,0.8822457790374756
1.0,0,0.2558768689632416
0.0,0,0.4712531268596649
1.0,1,0.9372459650039673
0.0,0,0.295928955078125
1.0,1,0.9688467979431152
0.0,0,0.24788451194763184
0.0,0,0.008351721800863743
0.0,0,0.0228082574903965
1.0,0,0.06570307165384293
0.0,0,0.3511772155761719
1.0,1,0.9984472393989563
1.0,0,0.23457291722297668
1.0,1,0.9859171509742737
0.0,1,0.6459519863128662
0.0,0,0.0757712870836258
0.0,0,0.041826069355010986
1.0,1,0.9579386115074158
0.0,0,0.222001850605011
1.0,1,0.9924464821815491
0.0,0,0.02427123486995697
1.0,1,0.9677189588546753
1.0,1,0.8701934814453125
1.0,1,0.9977376461029053
1.0,0,0.3704332709312439
1.0,0,0.3129819631576538
1.0,0,0.45874083042144775
1.0,1,0.9864497780799866
0.0,0,0.26951757073402405
1.0,0,0.5109289288520813
1.0,1,0.9955363273620605
1.0,1,0.9020507335662842
1.0,1,0.9877775311470032
0.0,0,0.10684855282306671
0.0,0,0.002819199115037918
1.0,1,0.9403185248374939
0.0,0,0.0342237651348114
0.0,0,0.1291111558675766
1.0,0,0.31848767399787903
0.0,1,0.9927428960800171
1.0,1,0.9655478000640869
0.0,0,0.3530598282814026
0.0,0,0.0030645313672721386
1.0,1,0.9910075068473816
1.0,1,0.5494999289512634
0.0,1,0.8938778042793274
0.0,0,0.015807371586561203
0.0,0,0.011317429132759571
0.0,0,0.07178907841444016
1.0,0,0.4793599247932434
0.0,0,0.15898627042770386
1.0,0,0.09059856832027435
0.0,0,0.059756383299827576
0.0,0,0.024693161249160767
1.0,0,0.15751460194587708
1.0,1,0.9686552882194519
1.0,1,0.9818094968795776
1.0,1,0.9859727621078491
1.0,1,0.7362373471260071
1.0,1,0.7938705682754517
0.0,1,0.9802857637405396
1.0,1,0.8424678444862366
0.0,1,0.925217866897583
0.0,1,0.658564031124115
0.0,0,0.09325561672449112
1.0,1,0.8362723588943481
0.0,0,0.465570330619812
1.0,1,0.9993696808815002
1.0,1,0.9710986018180847
1.0,1,0.9865917563438416
1.0,1,0.9556893110275269
0.0,0,0.021593937650322914
1.0,0,0.40744128823280334
1.0,1,0.9982540011405945
0.0,1,0.9760540723800659
